endpoint,profile,row_id,W_lambda1,profile_value,FO_NLO,matched_lambda1
exactbaseline_matched_reference_distance_b0p1_2p0_lam1e00_s303,early_0p18_0p28,CDF_RUN_1:30,1.4564282894134521,0.0892391852052237,2.72209,1.5693749092116454
exactbaseline_matched_reference_distance_b0p1_2p0_lam1e00_s303,early_0p18_0p28,CDF_RUN_1:31,1.1134041547775269,0.2263136792031131,2.51472,1.430541099435445
exactbaseline_matched_reference_distance_b0p1_2p0_lam1e00_s303,early_0p18_0p28,CDF_RUN_1:32,0.8480679988861084,0.5139631863662977,2.180565,1.5329224034021403
exactbaseline_matched_reference_distance_b0p1_2p0_lam1e00_s303,early_0p18_0p28,CDF_RUN_1:33,0.786982536315918,0.8606209544870957,1.75218,1.6176516987802367
exactbaseline_matched_reference_distance_b0p1_2p0_lam1e00_s303,early_0p18_0p28,CDF_RUN_1:34,0.6513453722000122,0.9935104948187734,1.478605,1.4732364943591723
exactbaseline_matched_reference_distance_b0p1_2p0_lam1e00_s303,early_0p18_0p28,CDF_RUN_1:35,0.3900024890899658,1.0,1.20233,1.20233
exactbaseline_matched_reference_distance_b0p1_2p0_lam1e00_s303,early_0p18_0p28,CDF_RUN_2:36,1.877979040145874,0.0629515791727313,3.27554,1.9659577095588494
exactbaseline_matched_reference_distance_b0p1_2p0_lam1e00_s303,early_0p18_0p28,CDF_RUN_2:37,1.6833970546722412,0.1155267912377162,2.91722,1.8259366605014251
exactbaseline_matched_reference_distance_b0p1_2p0_lam1e00_s303,early_0p18_0p28,CDF_RUN_2:38,1.4986684322357178,0.1846215696118183,2.90854,1.7589611340274345
exactbaseline_matched_reference_distance_b0p1_2p0_lam1e00_s303,early_0p18_0p28,CDF_RUN_2:39,1.3389631509780884,0.2680057887944079,2.8682,1.7488074789536807
exactbaseline_matched_reference_distance_b0p1_2p0_lam1e00_s303,early_0p18_0p28,CDF_RUN_2:40,1.2136931419372559,0.3622378472320013,2.4889,1.6756213289773885
exactbaseline_matched_reference_distance_b0p1_2p0_lam1e00_s303,early_0p18_0p28,CDF_RUN_2:41,1.12519371509552,0.4630252256673241,2.31978,1.6783172992425073
exactbaseline_matched_reference_distance_b0p1_2p0_lam1e00_s303,early_0p18_0p28,CDF_RUN_2:42,1.069413185119629,0.5655850454883751,2.33764,1.7867033059033206
exactbaseline_matched_reference_distance_b0p1_2p0_lam1e00_s303,early_0p18_0p28,CDF_RUN_2:43,1.037904143333435,0.6650046270774903,2.08436,1.7338021300490398
exactbaseline_matched_reference_distance_b0p1_2p0_lam1e00_s303,early_0p18_0p28,CDF_RUN_2:44,1.0202502012252808,0.7566020481604062,2.07474,1.8180793427424877
exactbaseline_matched_reference_distance_b0p1_2p0_lam1e00_s303,early_0p18_0p28,CDF_RUN_2:45,1.0062899589538574,0.8362867021553243,1.95146,1.7967230955563485
exactbaseline_matched_reference_distance_b0p1_2p0_lam1e00_s303,early_0p18_0p28,CDF_RUN_2:46,0.9876643419265747,0.9009198565219744,1.909664,1.8183121415913945
exactbaseline_matched_reference_distance_b0p1_2p0_lam1e00_s303,early_0p18_0p28,CDF_RUN_2:47,0.9586704969406128,0.9486752111106782,1.854624,1.8086393756008288
exactbaseline_matched_reference_distance_b0p1_2p0_lam1e00_s303,early_0p18_0p28,CDF_RUN_2:48,0.9165092706680298,0.979399456511414,1.824972,1.8062571740366373
exactbaseline_matched_reference_distance_b0p1_2p0_lam1e00_s303,early_0p18_0p28,CDF_RUN_2:49,0.8610918521881104,0.99497283240288,1.69753,1.693325085246325
exactbaseline_matched_reference_distance_b0p1_2p0_lam1e00_s303,early_0p18_0p28,CDF_RUN_2:50,0.75771164894104,0.9998348419300568,1.6449,1.644753473684263
exactbaseline_matched_reference_distance_b0p1_2p0_lam1e00_s303,early_0p18_0p28,CDF_RUN_2:51,0.6079258918762207,1.0,1.42279,1.42279
exactbaseline_matched_reference_distance_b0p1_2p0_lam1e00_s303,early_0p18_0p28,D0_RUN_1:14,1.2656569480895996,0.1879104824806516,2.589585,1.514436907093752
exactbaseline_matched_reference_distance_b0p1_2p0_lam1e00_s303,early_0p18_0p28,D0_RUN_1:15,0.7790508270263672,0.7792496753543665,1.790634,1.5673266861600106
exactbaseline_matched_reference_distance_b0p1_2p0_lam1e00_s303,central_0p20_0p30,CDF_RUN_1:30,1.4564282894134521,0.0012197116639461,2.72209,1.4579720317644644
exactbaseline_matched_reference_distance_b0p1_2p0_lam1e00_s303,central_0p20_0p30,CDF_RUN_1:31,1.1134041547775269,0.0258850748744865,2.51472,1.1496773203539148
exactbaseline_matched_reference_distance_b0p1_2p0_lam1e00_s303,central_0p20_0p30,CDF_RUN_1:32,0.8480679988861084,0.1831302917603498,2.180565,1.0920885634698867
exactbaseline_matched_reference_distance_b0p1_2p0_lam1e00_s303,central_0p20_0p30,CDF_RUN_1:33,0.786982536315918,0.549777686123881,1.75218,1.3176265645527914
exactbaseline_matched_reference_distance_b0p1_2p0_lam1e00_s303,central_0p20_0p30,CDF_RUN_1:34,0.6513453722000122,0.8825037510074896,1.478605,1.3814050967905611
exactbaseline_matched_reference_distance_b0p1_2p0_lam1e00_s303,central_0p20_0p30,CDF_RUN_1:35,0.3900024890899658,0.9960358801988642,1.20233,1.1991098364289943
exactbaseline_matched_reference_distance_b0p1_2p0_lam1e00_s303,central_0p20_0p30,CDF_RUN_2:36,1.877979040145874,5.164127530589625e-05,3.27554,1.8780512119761588
exactbaseline_matched_reference_distance_b0p1_2p0_lam1e00_s303,central_0p20_0p30,CDF_RUN_2:37,1.6833970546722412,0.0023877817219835,2.91722,1.6863431545492586
exactbaseline_matched_reference_distance_b0p1_2p0_lam1e00_s303,central_0p20_0p30,CDF_RUN_2:38,1.4986684322357178,0.0134170653158552,2.90854,1.5175847711473784
exactbaseline_matched_reference_distance_b0p1_2p0_lam1e00_s303,central_0p20_0p30,CDF_RUN_2:39,1.3389631509780884,0.0383530844331178,2.8682,1.3976141009668608
exactbaseline_matched_reference_distance_b0p1_2p0_lam1e00_s303,central_0p20_0p30,CDF_RUN_2:40,1.2136931419372559,0.0798964211082592,2.4889,1.3155776060691768
exactbaseline_matched_reference_distance_b0p1_2p0_lam1e00_s303,central_0p20_0p30,CDF_RUN_2:41,1.12519371509552,0.1385843072813845,2.31978,1.2907446278768502
exactbaseline_matched_reference_distance_b0p1_2p0_lam1e00_s303,central_0p20_0p30,CDF_RUN_2:42,1.069413185119629,0.2131511831472797,2.33764,1.339737231210486
exactbaseline_matched_reference_distance_b0p1_2p0_lam1e00_s303,central_0p20_0p30,CDF_RUN_2:43,1.037904143333435,0.3008892555044757,2.08436,1.3527714669641362
exactbaseline_matched_reference_distance_b0p1_2p0_lam1e00_s303,central_0p20_0p30,CDF_RUN_2:44,1.0202502012252808,0.3980090561043118,2.07474,1.4399466907072325
exactbaseline_matched_reference_distance_b0p1_2p0_lam1e00_s303,central_0p20_0p30,CDF_RUN_2:45,1.0062899589538574,0.4999999999999999,1.95146,1.4788749794769287
exactbaseline_matched_reference_distance_b0p1_2p0_lam1e00_s303,central_0p20_0p30,CDF_RUN_2:46,0.9876643419265747,0.6019909438956881,1.909664,1.5426997863616976
exactbaseline_matched_reference_distance_b0p1_2p0_lam1e00_s303,central_0p20_0p30,CDF_RUN_2:47,0.9586704969406128,0.6991107444955241,1.854624,1.5850412174978339
exactbaseline_matched_reference_distance_b0p1_2p0_lam1e00_s303,central_0p20_0p30,CDF_RUN_2:48,0.9165092706680298,0.7868488168527201,1.824972,1.6313320943976835
exactbaseline_matched_reference_distance_b0p1_2p0_lam1e00_s303,central_0p20_0p30,CDF_RUN_2:49,0.8610918521881104,0.8614156927186152,1.69753,1.5816127987017647
exactbaseline_matched_reference_distance_b0p1_2p0_lam1e00_s303,central_0p20_0p30,CDF_RUN_2:50,0.75771164894104,0.9408752472293116,1.6449,1.5924452080826044
exactbaseline_matched_reference_distance_b0p1_2p0_lam1e00_s303,central_0p20_0p30,CDF_RUN_2:51,0.6079258918762207,0.9920975764810804,1.42279,1.4163505987072391
exactbaseline_matched_reference_distance_b0p1_2p0_lam1e00_s303,central_0p20_0p30,D0_RUN_1:14,1.2656569480895996,0.0206608071262849,2.589585,1.2930103702191986
exactbaseline_matched_reference_distance_b0p1_2p0_lam1e00_s303,central_0p20_0p30,D0_RUN_1:15,0.7790508270263672,0.4999999999999999,1.790634,1.2848424135131835
exactbaseline_matched_reference_distance_b0p1_2p0_lam1e00_s303,late_0p22_0p32,CDF_RUN_1:30,1.4564282894134521,0.0,2.72209,1.4564282894134521
exactbaseline_matched_reference_distance_b0p1_2p0_lam1e00_s303,late_0p22_0p32,CDF_RUN_1:31,1.1134041547775269,0.0,2.51472,1.1134041547775269
exactbaseline_matched_reference_distance_b0p1_2p0_lam1e00_s303,late_0p22_0p32,CDF_RUN_1:32,0.8480679988861084,0.0193207037777613,2.180565,0.8738127787293852
exactbaseline_matched_reference_distance_b0p1_2p0_lam1e00_s303,late_0p22_0p32,CDF_RUN_1:33,0.786982536315918,0.2102966915212009,1.75218,0.989960369593335
exactbaseline_matched_reference_distance_b0p1_2p0_lam1e00_s303,late_0p22_0p32,CDF_RUN_1:34,0.6513453722000122,0.5852865232044726,1.478605,1.135529283542493
exactbaseline_matched_reference_distance_b0p1_2p0_lam1e00_s303,late_0p22_0p32,CDF_RUN_1:35,0.3900024890899658,0.9023365088655396,1.20233,1.1229952593399597
exactbaseline_matched_reference_distance_b0p1_2p0_lam1e00_s303,late_0p22_0p32,CDF_RUN_2:36,1.877979040145874,0.0,3.27554,1.877979040145874
exactbaseline_matched_reference_distance_b0p1_2p0_lam1e00_s303,late_0p22_0p32,CDF_RUN_2:37,1.6833970546722412,0.0,2.91722,1.6833970546722412
exactbaseline_matched_reference_distance_b0p1_2p0_lam1e00_s303,late_0p22_0p32,CDF_RUN_2:38,1.4986684322357178,0.0,2.90854,1.4986684322357178
exactbaseline_matched_reference_distance_b0p1_2p0_lam1e00_s303,late_0p22_0p32,CDF_RUN_2:39,1.3389631509780884,0.0,2.8682,1.3389631509780884
exactbaseline_matched_reference_distance_b0p1_2p0_lam1e00_s303,late_0p22_0p32,CDF_RUN_2:40,1.2136931419372559,0.0003303151612864,2.4889,1.2141143620962505
exactbaseline_matched_reference_distance_b0p1_2p0_lam1e00_s303,late_0p22_0p32,CDF_RUN_2:41,1.12519371509552,0.0050271675971199,2.31978,1.131199100558956
exactbaseline_matched_reference_distance_b0p1_2p0_lam1e00_s303,late_0p22_0p32,CDF_RUN_2:42,1.069413185119629,0.0206005434885857,2.33764,1.0955393467729626
exactbaseline_matched_reference_distance_b0p1_2p0_lam1e00_s303,late_0p22_0p32,CDF_RUN_2:43,1.037904143333435,0.0513247888893216,2.08436,1.0916132692588407
exactbaseline_matched_reference_distance_b0p1_2p0_lam1e00_s303,late_0p22_0p32,CDF_RUN_2:44,1.0202502012252808,0.0990801434780254,2.07474,1.124729201783994
exactbaseline_matched_reference_distance_b0p1_2p0_lam1e00_s303,late_0p22_0p32,CDF_RUN_2:45,1.0062899589538574,0.1637132978446752,1.95146,1.1610268633975085
exactbaseline_matched_reference_distance_b0p1_2p0_lam1e00_s303,late_0p22_0p32,CDF_RUN_2:46,0.9876643419265747,0.2433979518395934,1.909664,1.2120771702984519
exactbaseline_matched_reference_distance_b0p1_2p0_lam1e00_s303,late_0p22_0p32,CDF_RUN_2:47,0.9586704969406128,0.3349953729225092,1.854624,1.2588107748192208
exactbaseline_matched_reference_distance_b0p1_2p0_lam1e00_s303,late_0p22_0p32,CDF_RUN_2:48,0.9165092706680298,0.4344149545116246,1.824972,1.311159065906284
exactbaseline_matched_reference_distance_b0p1_2p0_lam1e00_s303,late_0p22_0p32,CDF_RUN_2:49,0.8610918521881104,0.5369747743326755,1.69753,1.3102380378526408
exactbaseline_matched_reference_distance_b0p1_2p0_lam1e00_s303,late_0p22_0p32,CDF_RUN_2:50,0.75771164894104,0.6848781819867951,1.6449,1.3653275938941631
exactbaseline_matched_reference_distance_b0p1_2p0_lam1e00_s303,late_0p22_0p32,CDF_RUN_2:51,0.6079258918762207,0.8499258195752324,1.42279,1.3004999368157646
exactbaseline_matched_reference_distance_b0p1_2p0_lam1e00_s303,late_0p22_0p32,D0_RUN_1:14,1.2656569480895996,2.671437209028174e-06,2.589585,1.2656604848802597
exactbaseline_matched_reference_distance_b0p1_2p0_lam1e00_s303,late_0p22_0p32,D0_RUN_1:15,0.7790508270263672,0.2207503246456333,1.790634,1.0023581408663564
exactbaseline_matched_reference_distance_b0p1_2p0_lam1e00_s304,early_0p18_0p28,CDF_RUN_1:30,1.4871058464050293,0.0892391852052237,2.72209,1.5973148260132073
exactbaseline_matched_reference_distance_b0p1_2p0_lam1e00_s304,early_0p18_0p28,CDF_RUN_1:31,1.1401658058166504,0.2263136792031131,2.51472,1.4512462227663547
exactbaseline_matched_reference_distance_b0p1_2p0_lam1e00_s304,early_0p18_0p28,CDF_RUN_1:32,0.8755327463150024,0.5139631863662977,2.180565,1.5462712817297344
exactbaseline_matched_reference_distance_b0p1_2p0_lam1e00_s304,early_0p18_0p28,CDF_RUN_1:33,0.8015295267105103,0.8606209544870957,1.75218,1.6196792444165202
exactbaseline_matched_reference_distance_b0p1_2p0_lam1e00_s304,early_0p18_0p28,CDF_RUN_1:34,0.6535961627960205,0.9935104948187734,1.478605,1.4732511008764069
exactbaseline_matched_reference_distance_b0p1_2p0_lam1e00_s304,early_0p18_0p28,CDF_RUN_1:35,0.39906561374664307,1.0,1.20233,1.20233
exactbaseline_matched_reference_distance_b0p1_2p0_lam1e00_s304,early_0p18_0p28,CDF_RUN_2:36,1.8927528858184814,0.0629515791727313,3.27554,1.979801518315912
exactbaseline_matched_reference_distance_b0p1_2p0_lam1e00_s304,early_0p18_0p28,CDF_RUN_2:37,1.6845779418945312,0.1155267912377162,2.91722,1.8269811236121105
exactbaseline_matched_reference_distance_b0p1_2p0_lam1e00_s304,early_0p18_0p28,CDF_RUN_2:38,1.4874944686889648,0.1846215696118183,2.90854,1.7498501251694685
exactbaseline_matched_reference_distance_b0p1_2p0_lam1e00_s304,early_0p18_0p28,CDF_RUN_2:39,1.3203730583190918,0.2680057887944079,2.8682,1.7351996387415198
exactbaseline_matched_reference_distance_b0p1_2p0_lam1e00_s304,early_0p18_0p28,CDF_RUN_2:40,1.1940064430236816,0.3622378472320013,2.4889,1.663065897497372
exactbaseline_matched_reference_distance_b0p1_2p0_lam1e00_s304,early_0p18_0p28,CDF_RUN_2:41,1.1098251342773438,0.4630252256673241,2.31978,1.6700647590258537
exactbaseline_matched_reference_distance_b0p1_2p0_lam1e00_s304,early_0p18_0p28,CDF_RUN_2:42,1.0614277124404907,0.5655850454883751,2.33764,1.7832342971526591
exactbaseline_matched_reference_distance_b0p1_2p0_lam1e00_s304,early_0p18_0p28,CDF_RUN_2:43,1.0376899242401123,0.6650046270774903,2.08436,1.733730367643985
exactbaseline_matched_reference_distance_b0p1_2p0_lam1e00_s304,early_0p18_0p28,CDF_RUN_2:44,1.0261313915252686,0.7566020481604062,2.07474,1.8195108124158836
exactbaseline_matched_reference_distance_b0p1_2p0_lam1e00_s304,early_0p18_0p28,CDF_RUN_2:45,1.01559317111969,0.8362867021553243,1.95146,1.7982461551005655
exactbaseline_matched_reference_distance_b0p1_2p0_lam1e00_s304,early_0p18_0p28,CDF_RUN_2:46,0.9977591037750244,0.9009198565219744,1.909664,1.8193123320437155
exactbaseline_matched_reference_distance_b0p1_2p0_lam1e00_s304,early_0p18_0p28,CDF_RUN_2:47,0.9676346778869629,0.9486752111106782,1.854624,1.8090994602954658
exactbaseline_matched_reference_distance_b0p1_2p0_lam1e00_s304,early_0p18_0p28,CDF_RUN_2:48,0.9233231544494629,0.979399456511414,1.824972,1.8063975437458029
exactbaseline_matched_reference_distance_b0p1_2p0_lam1e00_s304,early_0p18_0p28,CDF_RUN_2:49,0.8654706478118896,0.99497283240288,1.69753,1.6933470981857994
exactbaseline_matched_reference_distance_b0p1_2p0_lam1e00_s304,early_0p18_0p28,CDF_RUN_2:50,0.758825421333313,0.9998348419300568,1.6449,1.6447536576327617
exactbaseline_matched_reference_distance_b0p1_2p0_lam1e00_s304,early_0p18_0p28,CDF_RUN_2:51,0.6057116985321045,1.0,1.42279,1.42279
exactbaseline_matched_reference_distance_b0p1_2p0_lam1e00_s304,early_0p18_0p28,D0_RUN_1:14,1.2896225452423096,0.1879104824806516,2.589585,1.5338991173225596
exactbaseline_matched_reference_distance_b0p1_2p0_lam1e00_s304,early_0p18_0p28,D0_RUN_1:15,0.7928814888000488,0.7792496753543665,1.790634,1.5703798092366148
exactbaseline_matched_reference_distance_b0p1_2p0_lam1e00_s304,central_0p20_0p30,CDF_RUN_1:30,1.4871058464050293,0.0012197116639461,2.72209,1.4886121709819577
exactbaseline_matched_reference_distance_b0p1_2p0_lam1e00_s304,central_0p20_0p30,CDF_RUN_1:31,1.1401658058166504,0.0258850748744865,2.51472,1.1757462440521258
exactbaseline_matched_reference_distance_b0p1_2p0_lam1e00_s304,central_0p20_0p30,CDF_RUN_1:32,0.8755327463150024,0.1831302917603498,2.180565,1.114523683689003
exactbaseline_matched_reference_distance_b0p1_2p0_lam1e00_s304,central_0p20_0p30,CDF_RUN_1:33,0.8015295267105103,0.549777686123881,1.75218,1.3241759442281782
exactbaseline_matched_reference_distance_b0p1_2p0_lam1e00_s304,central_0p20_0p30,CDF_RUN_1:34,0.6535961627960205,0.8825037510074896,1.478605,1.3816695562428598
exactbaseline_matched_reference_distance_b0p1_2p0_lam1e00_s304,central_0p20_0p30,CDF_RUN_1:35,0.39906561374664307,0.9960358801988642,1.20233,1.199145763740906
exactbaseline_matched_reference_distance_b0p1_2p0_lam1e00_s304,central_0p20_0p30,CDF_RUN_2:36,1.8927528858184814,5.164127530589625e-05,3.27554,1.8928242947085345
exactbaseline_matched_reference_distance_b0p1_2p0_lam1e00_s304,central_0p20_0p30,CDF_RUN_2:37,1.6845779418945312,0.0023877817219835,2.91722,1.6875212220706237
exactbaseline_matched_reference_distance_b0p1_2p0_lam1e00_s304,central_0p20_0p30,CDF_RUN_2:38,1.4874944686889648,0.0134170653158552,2.90854,1.5065607293993692
exactbaseline_matched_reference_distance_b0p1_2p0_lam1e00_s304,central_0p20_0p30,CDF_RUN_2:39,1.3203730583190918,0.0383530844331178,2.8682,1.3797369957012342
exactbaseline_matched_reference_distance_b0p1_2p0_lam1e00_s304,central_0p20_0p30,CDF_RUN_2:40,1.1940064430236816,0.0798964211082592,2.4889,1.2974638039422333
exactbaseline_matched_reference_distance_b0p1_2p0_lam1e00_s304,central_0p20_0p30,CDF_RUN_2:41,1.1098251342773438,0.1385843072813845,2.31978,1.2775058911852586
exactbaseline_matched_reference_distance_b0p1_2p0_lam1e00_s304,central_0p20_0p30,CDF_RUN_2:42,1.0614277124404907,0.2131511831472797,2.33764,1.3334538714808966
exactbaseline_matched_reference_distance_b0p1_2p0_lam1e00_s304,central_0p20_0p30,CDF_RUN_2:43,1.0376899242401123,0.3008892555044757,2.08436,1.352621704094318
exactbaseline_matched_reference_distance_b0p1_2p0_lam1e00_s304,central_0p20_0p30,CDF_RUN_2:44,1.0261313915252686,0.3980090561043118,2.07474,1.4434871140071523
exactbaseline_matched_reference_distance_b0p1_2p0_lam1e00_s304,central_0p20_0p30,CDF_RUN_2:45,1.01559317111969,0.4999999999999999,1.95146,1.483526585559845
exactbaseline_matched_reference_distance_b0p1_2p0_lam1e00_s304,central_0p20_0p30,CDF_RUN_2:46,0.9977591037750244,0.6019909438956881,1.909664,1.5467175929965968
exactbaseline_matched_reference_distance_b0p1_2p0_lam1e00_s304,central_0p20_0p30,CDF_RUN_2:47,0.9676346778869629,0.6991107444955241,1.854624,1.5877384432289885
exactbaseline_matched_reference_distance_b0p1_2p0_lam1e00_s304,central_0p20_0p30,CDF_RUN_2:48,0.9233231544494629,0.7868488168527201,1.824972,1.6327844817875241
exactbaseline_matched_reference_distance_b0p1_2p0_lam1e00_s304,central_0p20_0p30,CDF_RUN_2:49,0.8654706478118896,0.8614156927186152,1.69753,1.582219631060013
exactbaseline_matched_reference_distance_b0p1_2p0_lam1e00_s304,central_0p20_0p30,CDF_RUN_2:50,0.758825421333313,0.9408752472293116,1.6449,1.5925110595999403
exactbaseline_matched_reference_distance_b0p1_2p0_lam1e00_s304,central_0p20_0p30,CDF_RUN_2:51,0.6057116985321045,0.9920975764810804,1.42279,1.4163331012136813
exactbaseline_matched_reference_distance_b0p1_2p0_lam1e00_s304,central_0p20_0p30,D0_RUN_1:14,1.2896225452423096,0.0206608071262849,2.589585,1.31648081879147
exactbaseline_matched_reference_distance_b0p1_2p0_lam1e00_s304,central_0p20_0p30,D0_RUN_1:15,0.7928814888000488,0.4999999999999999,1.790634,1.2917577444000243
exactbaseline_matched_reference_distance_b0p1_2p0_lam1e00_s304,late_0p22_0p32,CDF_RUN_1:30,1.4871058464050293,0.0,2.72209,1.4871058464050293
exactbaseline_matched_reference_distance_b0p1_2p0_lam1e00_s304,late_0p22_0p32,CDF_RUN_1:31,1.1401658058166504,0.0,2.51472,1.1401658058166504
exactbaseline_matched_reference_distance_b0p1_2p0_lam1e00_s304,late_0p22_0p32,CDF_RUN_1:32,0.8755327463150024,0.0193207037777613,2.180565,0.9007468879088746
exactbaseline_matched_reference_distance_b0p1_2p0_lam1e00_s304,late_0p22_0p32,CDF_RUN_1:33,0.8015295267105103,0.2102966915212009,1.75218,1.0014481760363538
exactbaseline_matched_reference_distance_b0p1_2p0_lam1e00_s304,late_0p22_0p32,CDF_RUN_1:34,0.6535961627960205,0.5852865232044726,1.478605,1.1364627167361023
exactbaseline_matched_reference_distance_b0p1_2p0_lam1e00_s304,late_0p22_0p32,CDF_RUN_1:35,0.39906561374664307,0.9023365088655396,1.20233,1.1238803957345176
exactbaseline_matched_reference_distance_b0p1_2p0_lam1e00_s304,late_0p22_0p32,CDF_RUN_2:36,1.8927528858184814,0.0,3.27554,1.8927528858184814
exactbaseline_matched_reference_distance_b0p1_2p0_lam1e00_s304,late_0p22_0p32,CDF_RUN_2:37,1.6845779418945312,0.0,2.91722,1.6845779418945312
exactbaseline_matched_reference_distance_b0p1_2p0_lam1e00_s304,late_0p22_0p32,CDF_RUN_2:38,1.4874944686889648,0.0,2.90854,1.4874944686889648
exactbaseline_matched_reference_distance_b0p1_2p0_lam1e00_s304,late_0p22_0p32,CDF_RUN_2:39,1.3203730583190918,0.0,2.8682,1.3203730583190918
exactbaseline_matched_reference_distance_b0p1_2p0_lam1e00_s304,late_0p22_0p32,CDF_RUN_2:40,1.1940064430236816,0.0003303151612864,2.4889,1.194434165997803
exactbaseline_matched_reference_distance_b0p1_2p0_lam1e00_s304,late_0p22_0p32,CDF_RUN_2:41,1.1098251342773438,0.0050271675971199,2.31978,1.1159077801722823
exactbaseline_matched_reference_distance_b0p1_2p0_lam1e00_s304,late_0p22_0p32,CDF_RUN_2:42,1.0614277124404907,0.0206005434885857,2.33764,1.0877183791710279
exactbaseline_matched_reference_distance_b0p1_2p0_lam1e00_s304,late_0p22_0p32,CDF_RUN_2:43,1.0376899242401123,0.0513247888893216,2.08436,1.0914100449152588
exactbaseline_matched_reference_distance_b0p1_2p0_lam1e00_s304,late_0p22_0p32,CDF_RUN_2:44,1.0261313915252686,0.0990801434780254,2.07474,1.1300276829052374
exactbaseline_matched_reference_distance_b0p1_2p0_lam1e00_s304,late_0p22_0p32,CDF_RUN_2:45,1.01559317111969,0.1637132978446752,1.95146,1.168807016019124
exactbaseline_matched_reference_distance_b0p1_2p0_lam1e00_s304,late_0p22_0p32,CDF_RUN_2:46,0.9977591037750244,0.2433979518395934,1.909664,1.2197148877886803
exactbaseline_matched_reference_distance_b0p1_2p0_lam1e00_s304,late_0p22_0p32,CDF_RUN_2:47,0.9676346778869629,0.3349953729225092,1.854624,1.2647719966265032
exactbaseline_matched_reference_distance_b0p1_2p0_lam1e00_s304,late_0p22_0p32,CDF_RUN_2:48,0.9233231544494629,0.4344149545116246,1.824972,1.3150128966747583
exactbaseline_matched_reference_distance_b0p1_2p0_lam1e00_s304,late_0p22_0p32,CDF_RUN_2:49,0.8654706478118896,0.5369747743326755,1.69753,1.3122655306844924
exactbaseline_matched_reference_distance_b0p1_2p0_lam1e00_s304,late_0p22_0p32,CDF_RUN_2:50,0.758825421333313,0.6848781819867951,1.6449,1.365678567875269
exactbaseline_matched_reference_distance_b0p1_2p0_lam1e00_s304,late_0p22_0p32,CDF_RUN_2:51,0.6057116985321045,0.8499258195752324,1.42279,1.3001676435643446
exactbaseline_matched_reference_distance_b0p1_2p0_lam1e00_s304,late_0p22_0p32,D0_RUN_1:14,1.2896225452423096,2.671437209028174e-06,2.589585,1.2896260180103816
exactbaseline_matched_reference_distance_b0p1_2p0_lam1e00_s304,late_0p22_0p32,D0_RUN_1:15,0.7928814888000488,0.2207503246456333,1.790634,1.0131356795634339
exactbaseline_matched_reference_distance_b0p1_2p0_lam1e00_s305,early_0p18_0p28,CDF_RUN_1:30,1.4459965229034424,0.0892391852052237,2.72209,1.55987406504524
exactbaseline_matched_reference_distance_b0p1_2p0_lam1e00_s305,early_0p18_0p28,CDF_RUN_1:31,1.095914363861084,0.2263136792031131,2.51472,1.4170094874497954
exactbaseline_matched_reference_distance_b0p1_2p0_lam1e00_s305,early_0p18_0p28,CDF_RUN_1:32,0.8399603366851807,0.5139631863662977,2.180565,1.5289817810999828
exactbaseline_matched_reference_distance_b0p1_2p0_lam1e00_s305,early_0p18_0p28,CDF_RUN_1:33,0.7875866889953613,0.8606209544870957,1.75218,1.6177359050040416
exactbaseline_matched_reference_distance_b0p1_2p0_lam1e00_s305,early_0p18_0p28,CDF_RUN_1:34,0.6516849994659424,0.9935104948187734,1.478605,1.4732386983720742
exactbaseline_matched_reference_distance_b0p1_2p0_lam1e00_s305,early_0p18_0p28,CDF_RUN_1:35,0.3864504098892212,1.0,1.20233,1.20233
exactbaseline_matched_reference_distance_b0p1_2p0_lam1e00_s305,early_0p18_0p28,CDF_RUN_2:36,1.8665964603424072,0.0629515791727313,3.27554,1.9552916811290704
exactbaseline_matched_reference_distance_b0p1_2p0_lam1e00_s305,early_0p18_0p28,CDF_RUN_2:37,1.6603044271469116,0.1155267912377162,2.91722,1.8055118501353447
exactbaseline_matched_reference_distance_b0p1_2p0_lam1e00_s305,early_0p18_0p28,CDF_RUN_2:38,1.4679657220840454,0.1846215696118183,2.90854,1.7339268064153006
exactbaseline_matched_reference_distance_b0p1_2p0_lam1e00_s305,early_0p18_0p28,CDF_RUN_2:39,1.3059608936309814,0.2680057887944079,2.8682,1.7246500176188813
exactbaseline_matched_reference_distance_b0p1_2p0_lam1e00_s305,early_0p18_0p28,CDF_RUN_2:40,1.1831238269805908,0.3622378472320013,2.4889,1.6561253768619828
exactbaseline_matched_reference_distance_b0p1_2p0_lam1e00_s305,early_0p18_0p28,CDF_RUN_2:41,1.1001793146133423,0.4630252256673241,2.31978,1.6648851971885228
exactbaseline_matched_reference_distance_b0p1_2p0_lam1e00_s305,early_0p18_0p28,CDF_RUN_2:42,1.0512425899505615,0.5655850454883751,2.33764,1.7788097276295012
exactbaseline_matched_reference_distance_b0p1_2p0_lam1e00_s305,early_0p18_0p28,CDF_RUN_2:43,1.0263981819152832,0.6650046270774903,2.08436,1.729947686212934
exactbaseline_matched_reference_distance_b0p1_2p0_lam1e00_s305,early_0p18_0p28,CDF_RUN_2:44,1.0143647193908691,0.7566020481604062,2.07474,1.816646828518403
exactbaseline_matched_reference_distance_b0p1_2p0_lam1e00_s305,early_0p18_0p28,CDF_RUN_2:45,1.0046489238739014,0.8362867021553243,1.95146,1.79645443629153
exactbaseline_matched_reference_distance_b0p1_2p0_lam1e00_s305,early_0p18_0p28,CDF_RUN_2:46,0.9888694286346436,0.9009198565219744,1.909664,1.8184315417553334
exactbaseline_matched_reference_distance_b0p1_2p0_lam1e00_s305,early_0p18_0p28,CDF_RUN_2:47,0.9614185094833374,0.9486752111106782,1.854624,1.8087804167644492
exactbaseline_matched_reference_distance_b0p1_2p0_lam1e00_s305,early_0p18_0p28,CDF_RUN_2:48,0.9195761680603027,0.979399456511414,1.824972,1.8063203537897419
exactbaseline_matched_reference_distance_b0p1_2p0_lam1e00_s305,early_0p18_0p28,CDF_RUN_2:49,0.8633420467376709,0.99497283240288,1.69753,1.693336397351452
exactbaseline_matched_reference_distance_b0p1_2p0_lam1e00_s305,early_0p18_0p28,CDF_RUN_2:50,0.7569520473480225,0.9998348419300568,1.6449,1.64475334822993
exactbaseline_matched_reference_distance_b0p1_2p0_lam1e00_s305,early_0p18_0p28,CDF_RUN_2:51,0.601926326751709,1.0,1.42279,1.42279
exactbaseline_matched_reference_distance_b0p1_2p0_lam1e00_s305,early_0p18_0p28,D0_RUN_1:14,1.2503823041915894,0.1879104824806516,2.589585,1.5020325289003371
exactbaseline_matched_reference_distance_b0p1_2p0_lam1e00_s305,early_0p18_0p28,D0_RUN_1:15,0.7752088308334351,0.7792496753543665,1.790634,1.5664785642531336
exactbaseline_matched_reference_distance_b0p1_2p0_lam1e00_s305,central_0p20_0p30,CDF_RUN_1:30,1.4459965229034424,0.0012197116639461,2.72209,1.4475529890017427
exactbaseline_matched_reference_distance_b0p1_2p0_lam1e00_s305,central_0p20_0p30,CDF_RUN_1:31,1.095914363861084,0.0258850748744865,2.51472,1.1326402539848832
exactbaseline_matched_reference_distance_b0p1_2p0_lam1e00_s305,central_0p20_0p30,CDF_RUN_1:32,0.8399603366851807,0.1831302917603498,2.180565,1.085465659813309
exactbaseline_matched_reference_distance_b0p1_2p0_lam1e00_s305,central_0p20_0p30,CDF_RUN_1:33,0.7875866889953613,0.549777686123881,1.75218,1.3178985675700647
exactbaseline_matched_reference_distance_b0p1_2p0_lam1e00_s305,central_0p20_0p30,CDF_RUN_1:34,0.6516849994659424,0.8825037510074896,1.478605,1.3814450017203634
exactbaseline_matched_reference_distance_b0p1_2p0_lam1e00_s305,central_0p20_0p30,CDF_RUN_1:35,0.3864504098892212,0.9960358801988642,1.20233,1.1990957555614994
exactbaseline_matched_reference_distance_b0p1_2p0_lam1e00_s305,central_0p20_0p30,CDF_RUN_2:36,1.8665964603424072,5.164127530589625e-05,3.27554,1.8666692199836292
exactbaseline_matched_reference_distance_b0p1_2p0_lam1e00_s305,central_0p20_0p30,CDF_RUN_2:37,1.6603044271469116,0.0023877817219835,2.91722,1.6633056671778468
exactbaseline_matched_reference_distance_b0p1_2p0_lam1e00_s305,central_0p20_0p30,CDF_RUN_2:38,1.4679657220840454,0.0134170653158552,2.90854,1.4872940012631848
exactbaseline_matched_reference_distance_b0p1_2p0_lam1e00_s305,central_0p20_0p30,CDF_RUN_2:39,1.3059608936309814,0.0383530844331178,2.8682,1.3658775819822708
exactbaseline_matched_reference_distance_b0p1_2p0_lam1e00_s305,central_0p20_0p30,CDF_RUN_2:40,1.1831238269805908,0.0798964211082592,2.4889,1.2874506699732806
exactbaseline_matched_reference_distance_b0p1_2p0_lam1e00_s305,central_0p20_0p30,CDF_RUN_2:41,1.1001793146133423,0.1385843072813845,2.31978,1.269196830757554
exactbaseline_matched_reference_distance_b0p1_2p0_lam1e00_s305,central_0p20_0p30,CDF_RUN_2:42,1.0512425899505615,0.2131511831472797,2.33764,1.3254397199001957
exactbaseline_matched_reference_distance_b0p1_2p0_lam1e00_s305,central_0p20_0p30,CDF_RUN_2:43,1.0263981819152832,0.3008892555044757,2.08436,1.3447275257109552
exactbaseline_matched_reference_distance_b0p1_2p0_lam1e00_s305,central_0p20_0p30,CDF_RUN_2:44,1.0143647193908691,0.3980090561043118,2.07474,1.436403683942454
exactbaseline_matched_reference_distance_b0p1_2p0_lam1e00_s305,central_0p20_0p30,CDF_RUN_2:45,1.0046489238739014,0.4999999999999999,1.95146,1.4780544619369507
exactbaseline_matched_reference_distance_b0p1_2p0_lam1e00_s305,central_0p20_0p30,CDF_RUN_2:46,0.9888694286346436,0.6019909438956881,1.909664,1.5431794217849
exactbaseline_matched_reference_distance_b0p1_2p0_lam1e00_s305,central_0p20_0p30,CDF_RUN_2:47,0.9614185094833374,0.6991107444955241,1.854624,1.5858680649459311
exactbaseline_matched_reference_distance_b0p1_2p0_lam1e00_s305,central_0p20_0p30,CDF_RUN_2:48,0.9195761680603027,0.7868488168527201,1.824972,1.6319858072054378
exactbaseline_matched_reference_distance_b0p1_2p0_lam1e00_s305,central_0p20_0p30,CDF_RUN_2:49,0.8633420467376709,0.8614156927186152,1.69753,1.581924640354664
exactbaseline_matched_reference_distance_b0p1_2p0_lam1e00_s305,central_0p20_0p30,CDF_RUN_2:50,0.7569520473480225,0.9408752472293116,1.6449,1.592400296826213
exactbaseline_matched_reference_distance_b0p1_2p0_lam1e00_s305,central_0p20_0p30,CDF_RUN_2:51,0.601926326751709,0.9920975764810804,1.42279,1.416303187602696
exactbaseline_matched_reference_distance_b0p1_2p0_lam1e00_s305,central_0p20_0p30,D0_RUN_1:14,1.2503823041915894,0.0206608071262849,2.589585,1.2780513127926878
exactbaseline_matched_reference_distance_b0p1_2p0_lam1e00_s305,central_0p20_0p30,D0_RUN_1:15,0.7752088308334351,0.4999999999999999,1.790634,1.2829214154167174
exactbaseline_matched_reference_distance_b0p1_2p0_lam1e00_s305,late_0p22_0p32,CDF_RUN_1:30,1.4459965229034424,0.0,2.72209,1.4459965229034424
exactbaseline_matched_reference_distance_b0p1_2p0_lam1e00_s305,late_0p22_0p32,CDF_RUN_1:31,1.095914363861084,0.0,2.51472,1.095914363861084
exactbaseline_matched_reference_distance_b0p1_2p0_lam1e00_s305,late_0p22_0p32,CDF_RUN_1:32,0.8399603366851807,0.0193207037777613,2.180565,0.8658617622681718
exactbaseline_matched_reference_distance_b0p1_2p0_lam1e00_s305,late_0p22_0p32,CDF_RUN_1:33,0.7875866889953613,0.2102966915212009,1.75218,0.9904374709631176
exactbaseline_matched_reference_distance_b0p1_2p0_lam1e00_s305,late_0p22_0p32,CDF_RUN_1:34,0.6516849994659424,0.5852865232044726,1.478605,1.1356701315467617
exactbaseline_matched_reference_distance_b0p1_2p0_lam1e00_s305,late_0p22_0p32,CDF_RUN_1:35,0.3864504098892212,0.9023365088655396,1.20233,1.1226483508844287
exactbaseline_matched_reference_distance_b0p1_2p0_lam1e00_s305,late_0p22_0p32,CDF_RUN_2:36,1.8665964603424072,0.0,3.27554,1.8665964603424072
exactbaseline_matched_reference_distance_b0p1_2p0_lam1e00_s305,late_0p22_0p32,CDF_RUN_2:37,1.6603044271469116,0.0,2.91722,1.6603044271469116
exactbaseline_matched_reference_distance_b0p1_2p0_lam1e00_s305,late_0p22_0p32,CDF_RUN_2:38,1.4679657220840454,0.0,2.90854,1.4679657220840454
exactbaseline_matched_reference_distance_b0p1_2p0_lam1e00_s305,late_0p22_0p32,CDF_RUN_2:39,1.3059608936309814,0.0,2.8682,1.3059608936309814
exactbaseline_matched_reference_distance_b0p1_2p0_lam1e00_s305,late_0p22_0p32,CDF_RUN_2:40,1.1831238269805908,0.0003303151612864,2.4889,1.1835551446477857
exactbaseline_matched_reference_distance_b0p1_2p0_lam1e00_s305,late_0p22_0p32,CDF_RUN_2:41,1.1001793146133423,0.0050271675971199,2.31978,1.1063104516603435
exactbaseline_matched_reference_distance_b0p1_2p0_lam1e00_s305,late_0p22_0p32,CDF_RUN_2:42,1.0512425899505615,0.0206005434885857,2.33764,1.0777430757398891
exactbaseline_matched_reference_distance_b0p1_2p0_lam1e00_s305,late_0p22_0p32,CDF_RUN_2:43,1.0263981819152832,0.0513247888893216,2.08436,1.0806978488814443
exactbaseline_matched_reference_distance_b0p1_2p0_lam1e00_s305,late_0p22_0p32,CDF_RUN_2:44,1.0143647193908691,0.0990801434780254,2.07474,1.1194268543341732
exactbaseline_matched_reference_distance_b0p1_2p0_lam1e00_s305,late_0p22_0p32,CDF_RUN_2:45,1.0046489238739014,0.1637132978446752,1.95146,1.1596544875823709
exactbaseline_matched_reference_distance_b0p1_2p0_lam1e00_s305,late_0p22_0p32,CDF_RUN_2:46,0.9888694286346436,0.2433979518395934,1.909664,1.2129889413699877
exactbaseline_matched_reference_distance_b0p1_2p0_lam1e00_s305,late_0p22_0p32,CDF_RUN_2:47,0.9614185094833374,0.3349953729225092,1.854624,1.2606382158753995
exactbaseline_matched_reference_distance_b0p1_2p0_lam1e00_s305,late_0p22_0p32,CDF_RUN_2:48,0.9195761680603027,0.4344149545116246,1.824972,1.3128936572074008
exactbaseline_matched_reference_distance_b0p1_2p0_lam1e00_s305,late_0p22_0p32,CDF_RUN_2:49,0.8633420467376709,0.5369747743326755,1.69753,1.3112799346917465
exactbaseline_matched_reference_distance_b0p1_2p0_lam1e00_s305,late_0p22_0p32,CDF_RUN_2:50,0.7569520473480225,0.6848781819867951,1.6449,1.3650882268592057
exactbaseline_matched_reference_distance_b0p1_2p0_lam1e00_s305,late_0p22_0p32,CDF_RUN_2:51,0.601926326751709,0.8499258195752324,1.42279,1.2995995569967986
exactbaseline_matched_reference_distance_b0p1_2p0_lam1e00_s305,late_0p22_0p32,D0_RUN_1:14,1.2503823041915894,2.671437209028174e-06,2.589585,1.2503858817875015
exactbaseline_matched_reference_distance_b0p1_2p0_lam1e00_s305,late_0p22_0p32,D0_RUN_1:15,0.7752088308334351,0.2207503246456333,1.790634,0.9993642665803013
exactbaseline_matched_reference_distance_b0p1_2p0_lam1e00_s306,early_0p18_0p28,CDF_RUN_1:30,1.4393612146377563,0.0892391852052237,2.72209,1.5538308862827692
exactbaseline_matched_reference_distance_b0p1_2p0_lam1e00_s306,early_0p18_0p28,CDF_RUN_1:31,1.096306562423706,0.2263136792031131,2.51472,1.4173129261127324
exactbaseline_matched_reference_distance_b0p1_2p0_lam1e00_s306,early_0p18_0p28,CDF_RUN_1:32,0.8334534168243408,0.5139631863662977,2.180565,1.5258191785042505
exactbaseline_matched_reference_distance_b0p1_2p0_lam1e00_s306,early_0p18_0p28,CDF_RUN_1:33,0.7804609537124634,0.8606209544870957,1.75218,1.6167427268217336
exactbaseline_matched_reference_distance_b0p1_2p0_lam1e00_s306,early_0p18_0p28,CDF_RUN_1:34,0.6507880687713623,0.9935104948187734,1.478605,1.4732328777356847
exactbaseline_matched_reference_distance_b0p1_2p0_lam1e00_s306,early_0p18_0p28,CDF_RUN_1:35,0.3850431442260742,1.0,1.20233,1.20233
exactbaseline_matched_reference_distance_b0p1_2p0_lam1e00_s306,early_0p18_0p28,CDF_RUN_2:36,1.859897255897522,0.0629515791727313,3.27554,1.9490142021831918
exactbaseline_matched_reference_distance_b0p1_2p0_lam1e00_s306,early_0p18_0p28,CDF_RUN_2:37,1.66270911693573,0.1155267912377162,2.91722,1.8076387338289388
exactbaseline_matched_reference_distance_b0p1_2p0_lam1e00_s306,early_0p18_0p28,CDF_RUN_2:38,1.4770210981369019,0.1846215696118183,2.90854,1.7413103647278534
exactbaseline_matched_reference_distance_b0p1_2p0_lam1e00_s306,early_0p18_0p28,CDF_RUN_2:39,1.3176630735397339,0.2680057887944079,2.8682,1.7332159455705745
exactbaseline_matched_reference_distance_b0p1_2p0_lam1e00_s306,early_0p18_0p28,CDF_RUN_2:40,1.1935515403747559,0.3622378472320013,2.4889,1.6627757778046934
exactbaseline_matched_reference_distance_b0p1_2p0_lam1e00_s306,early_0p18_0p28,CDF_RUN_2:41,1.1066944599151611,0.4630252256673241,2.31978,1.6683836658667115
exactbaseline_matched_reference_distance_b0p1_2p0_lam1e00_s306,early_0p18_0p28,CDF_RUN_2:42,1.0529297590255737,0.5655850454883751,2.33764,1.779542659106476
exactbaseline_matched_reference_distance_b0p1_2p0_lam1e00_s306,early_0p18_0p28,CDF_RUN_2:43,1.0238479375839233,0.6650046270774903,2.08436,1.7290933661621066
exactbaseline_matched_reference_distance_b0p1_2p0_lam1e00_s306,early_0p18_0p28,CDF_RUN_2:44,1.0090402364730835,0.7566020481604062,2.07474,1.815350860281609
exactbaseline_matched_reference_distance_b0p1_2p0_lam1e00_s306,early_0p18_0p28,CDF_RUN_2:45,0.9981943368911743,0.8362867021553243,1.95146,1.7953977345703624
exactbaseline_matched_reference_distance_b0p1_2p0_lam1e00_s306,early_0p18_0p28,CDF_RUN_2:46,0.982612133026123,0.9009198565219744,1.909664,1.8178115680086568
exactbaseline_matched_reference_distance_b0p1_2p0_lam1e00_s306,early_0p18_0p28,CDF_RUN_2:47,0.9561730623245239,0.9486752111106782,1.854624,1.808511195296393
exactbaseline_matched_reference_distance_b0p1_2p0_lam1e00_s306,early_0p18_0p28,CDF_RUN_2:48,0.9156825542449951,0.979399456511414,1.824972,1.8062401432290118
exactbaseline_matched_reference_distance_b0p1_2p0_lam1e00_s306,early_0p18_0p28,CDF_RUN_2:49,0.8608407974243164,0.99497283240288,1.69753,1.6933238231519514
exactbaseline_matched_reference_distance_b0p1_2p0_lam1e00_s306,early_0p18_0p28,CDF_RUN_2:50,0.7563149929046631,0.9998348419300568,1.6449,1.6447532430152476
exactbaseline_matched_reference_distance_b0p1_2p0_lam1e00_s306,early_0p18_0p28,CDF_RUN_2:51,0.6032533645629883,1.0,1.42279,1.42279
exactbaseline_matched_reference_distance_b0p1_2p0_lam1e00_s306,early_0p18_0p28,D0_RUN_1:14,1.2482975721359253,0.1879104824806516,2.589585,1.5003395398510957
exactbaseline_matched_reference_distance_b0p1_2p0_lam1e00_s306,early_0p18_0p28,D0_RUN_1:15,0.7707637548446655,0.7792496753543665,1.790634,1.5654973122855382
exactbaseline_matched_reference_distance_b0p1_2p0_lam1e00_s306,central_0p20_0p30,CDF_RUN_1:30,1.4393612146377563,0.0012197116639461,2.72209,1.440925773898942
exactbaseline_matched_reference_distance_b0p1_2p0_lam1e00_s306,central_0p20_0p30,CDF_RUN_1:31,1.096306562423706,0.0258850748744865,2.51472,1.1330223004583462
exactbaseline_matched_reference_distance_b0p1_2p0_lam1e00_s306,central_0p20_0p30,CDF_RUN_1:32,0.8334534168243408,0.1831302917603498,2.180565,1.080150354085046
exactbaseline_matched_reference_distance_b0p1_2p0_lam1e00_s306,central_0p20_0p30,CDF_RUN_1:33,0.7804609537124634,0.549777686123881,1.75218,1.3146904025429298
exactbaseline_matched_reference_distance_b0p1_2p0_lam1e00_s306,central_0p20_0p30,CDF_RUN_1:34,0.6507880687713623,0.8825037510074896,1.478605,1.3813396157281441
exactbaseline_matched_reference_distance_b0p1_2p0_lam1e00_s306,central_0p20_0p30,CDF_RUN_1:35,0.3850431442260742,0.9960358801988642,1.20233,1.1990901769918185
exactbaseline_matched_reference_distance_b0p1_2p0_lam1e00_s306,central_0p20_0p30,CDF_RUN_2:36,1.859897255897522,5.164127530589625e-05,3.27554,1.8599703614942051
exactbaseline_matched_reference_distance_b0p1_2p0_lam1e00_s306,central_0p20_0p30,CDF_RUN_2:37,1.66270911693573,0.0023877817219835,2.91722,1.6657046150923402
exactbaseline_matched_reference_distance_b0p1_2p0_lam1e00_s306,central_0p20_0p30,CDF_RUN_2:38,1.4770210981369019,0.0134170653158552,2.90854,1.4962278807440803
exactbaseline_matched_reference_distance_b0p1_2p0_lam1e00_s306,central_0p20_0p30,CDF_RUN_2:39,1.3176630735397339,0.0383530844331178,2.8682,1.3771309471969315
exactbaseline_matched_reference_distance_b0p1_2p0_lam1e00_s306,central_0p20_0p30,CDF_RUN_2:40,1.1935515403747559,0.0798964211082592,2.4889,1.2970452463869093
exactbaseline_matched_reference_distance_b0p1_2p0_lam1e00_s306,central_0p20_0p30,CDF_RUN_2:41,1.1066944599151611,0.1385843072813845,2.31978,1.2748090791608826
exactbaseline_matched_reference_distance_b0p1_2p0_lam1e00_s306,central_0p20_0p30,CDF_RUN_2:42,1.0529297590255737,0.2131511831472797,2.33764,1.3267672668906996
exactbaseline_matched_reference_distance_b0p1_2p0_lam1e00_s306,central_0p20_0p30,CDF_RUN_2:43,1.0238479375839233,0.3008892555044757,2.08436,1.3429446224978128
exactbaseline_matched_reference_distance_b0p1_2p0_lam1e00_s306,central_0p20_0p30,CDF_RUN_2:44,1.0090402364730835,0.3980090561043118,2.07474,1.4331983934450196
exactbaseline_matched_reference_distance_b0p1_2p0_lam1e00_s306,central_0p20_0p30,CDF_RUN_2:45,0.9981943368911743,0.4999999999999999,1.95146,1.4748271684455871
exactbaseline_matched_reference_distance_b0p1_2p0_lam1e00_s306,central_0p20_0p30,CDF_RUN_2:46,0.982612133026123,0.6019909438956881,1.909664,1.540688961465987
exactbaseline_matched_reference_distance_b0p1_2p0_lam1e00_s306,central_0p20_0p30,CDF_RUN_2:47,0.9561730623245239,0.6991107444955241,1.854624,1.5842897662555278
exactbaseline_matched_reference_distance_b0p1_2p0_lam1e00_s306,central_0p20_0p30,CDF_RUN_2:48,0.9156825542449951,0.7868488168527201,1.824972,1.6311558788139864
exactbaseline_matched_reference_distance_b0p1_2p0_lam1e00_s306,central_0p20_0p30,CDF_RUN_2:49,0.8608407974243164,0.8614156927186152,1.69753,1.5815780064512348
exactbaseline_matched_reference_distance_b0p1_2p0_lam1e00_s306,central_0p20_0p30,CDF_RUN_2:50,0.7563149929046631,0.9408752472293116,1.6449,1.5923626311397479
exactbaseline_matched_reference_distance_b0p1_2p0_lam1e00_s306,central_0p20_0p30,CDF_RUN_2:51,0.6032533645629883,0.9920975764810804,1.42279,1.4163136744175062
exactbaseline_matched_reference_distance_b0p1_2p0_lam1e00_s306,central_0p20_0p30,D0_RUN_1:14,1.2482975721359253,0.0206608071262849,2.589585,1.2760096529839358
exactbaseline_matched_reference_distance_b0p1_2p0_lam1e00_s306,central_0p20_0p30,D0_RUN_1:15,0.7707637548446655,0.4999999999999999,1.790634,1.2806988774223327
exactbaseline_matched_reference_distance_b0p1_2p0_lam1e00_s306,late_0p22_0p32,CDF_RUN_1:30,1.4393612146377563,0.0,2.72209,1.4393612146377563
exactbaseline_matched_reference_distance_b0p1_2p0_lam1e00_s306,late_0p22_0p32,CDF_RUN_1:31,1.096306562423706,0.0,2.51472,1.096306562423706
exactbaseline_matched_reference_distance_b0p1_2p0_lam1e00_s306,late_0p22_0p32,CDF_RUN_1:32,0.8334534168243408,0.0193207037777613,2.180565,0.8594805606784688
exactbaseline_matched_reference_distance_b0p1_2p0_lam1e00_s306,late_0p22_0p32,CDF_RUN_1:33,0.7804609537124634,0.2102966915212009,1.75218,0.9848102542348691
exactbaseline_matched_reference_distance_b0p1_2p0_lam1e00_s306,late_0p22_0p32,CDF_RUN_1:34,0.6507880687713623,0.5852865232044726,1.478605,1.1352981622999676
exactbaseline_matched_reference_distance_b0p1_2p0_lam1e00_s306,late_0p22_0p32,CDF_RUN_1:35,0.3850431442260742,0.9023365088655396,1.20233,1.1225109124068122
exactbaseline_matched_reference_distance_b0p1_2p0_lam1e00_s306,late_0p22_0p32,CDF_RUN_2:36,1.859897255897522,0.0,3.27554,1.859897255897522
exactbaseline_matched_reference_distance_b0p1_2p0_lam1e00_s306,late_0p22_0p32,CDF_RUN_2:37,1.66270911693573,0.0,2.91722,1.66270911693573
exactbaseline_matched_reference_distance_b0p1_2p0_lam1e00_s306,late_0p22_0p32,CDF_RUN_2:38,1.4770210981369019,0.0,2.90854,1.4770210981369019
exactbaseline_matched_reference_distance_b0p1_2p0_lam1e00_s306,late_0p22_0p32,CDF_RUN_2:39,1.3176630735397339,0.0,2.8682,1.3176630735397339
exactbaseline_matched_reference_distance_b0p1_2p0_lam1e00_s306,late_0p22_0p32,CDF_RUN_2:40,1.1935515403747559,0.0003303151612864,2.4889,1.193979413610119
exactbaseline_matched_reference_distance_b0p1_2p0_lam1e00_s306,late_0p22_0p32,CDF_RUN_2:41,1.1066944599151611,0.0050271675971199,2.31978,1.1127928442348103
exactbaseline_matched_reference_distance_b0p1_2p0_lam1e00_s306,late_0p22_0p32,CDF_RUN_2:42,1.0529297590255737,0.0206005434885857,2.33764,1.079395488214999
exactbaseline_matched_reference_distance_b0p1_2p0_lam1e00_s306,late_0p22_0p32,CDF_RUN_2:43,1.0238479375839233,0.0513247888893216,2.08436,1.0782784953020077
exactbaseline_matched_reference_distance_b0p1_2p0_lam1e00_s306,late_0p22_0p32,CDF_RUN_2:44,1.0090402364730835,0.0990801434780254,2.07474,1.1146299219478282
exactbaseline_matched_reference_distance_b0p1_2p0_lam1e00_s306,late_0p22_0p32,CDF_RUN_2:45,0.9981943368911743,0.1637132978446752,1.95146,1.1542566023208114
exactbaseline_matched_reference_distance_b0p1_2p0_lam1e00_s306,late_0p22_0p32,CDF_RUN_2:46,0.982612133026123,0.2433979518395934,1.909664,1.2082546586966358
exactbaseline_matched_reference_distance_b0p1_2p0_lam1e00_s306,late_0p22_0p32,CDF_RUN_2:47,0.9561730623245239,0.3349953729225092,1.854624,1.257149969243698
exactbaseline_matched_reference_distance_b0p1_2p0_lam1e00_s306,late_0p22_0p32,CDF_RUN_2:48,0.9156825542449951,0.4344149545116246,1.824972,1.3106914874605557
exactbaseline_matched_reference_distance_b0p1_2p0_lam1e00_s306,late_0p22_0p32,CDF_RUN_2:49,0.8608407974243164,0.5369747743326755,1.69753,1.3101217931639804
exactbaseline_matched_reference_distance_b0p1_2p0_lam1e00_s306,late_0p22_0p32,CDF_RUN_2:50,0.7563149929046631,0.6848781819867951,1.6449,1.364887477104841
exactbaseline_matched_reference_distance_b0p1_2p0_lam1e00_s306,late_0p22_0p32,CDF_RUN_2:51,0.6032533645629883,0.8499258195752324,1.42279,1.299798711108719
exactbaseline_matched_reference_distance_b0p1_2p0_lam1e00_s306,late_0p22_0p32,D0_RUN_1:14,1.2482975721359253,2.671437209028174e-06,2.589585,1.248301155301068
exactbaseline_matched_reference_distance_b0p1_2p0_lam1e00_s306,late_0p22_0p32,D0_RUN_1:15,0.7707637548446655,0.2207503246456333,1.790634,0.9959004425591274
exactbaseline_matched_reference_distance_b0p1_2p0_lam1e00_s307,early_0p18_0p28,CDF_RUN_1:30,1.482771635055542,0.0892391852052237,2.72209,1.5933673961530554
exactbaseline_matched_reference_distance_b0p1_2p0_lam1e00_s307,early_0p18_0p28,CDF_RUN_1:31,1.1303036212921143,0.2263136792031131,2.51472,1.4436159855065465
exactbaseline_matched_reference_distance_b0p1_2p0_lam1e00_s307,early_0p18_0p28,CDF_RUN_1:32,0.8597838878631592,0.5139631863662977,2.180565,1.5386167567494322
exactbaseline_matched_reference_distance_b0p1_2p0_lam1e00_s307,early_0p18_0p28,CDF_RUN_1:33,0.7981139421463013,0.8606209544870957,1.75218,1.6192031835000922
exactbaseline_matched_reference_distance_b0p1_2p0_lam1e00_s307,early_0p18_0p28,CDF_RUN_1:34,0.6535276174545288,0.9935104948187734,1.478605,1.4732506560510583
exactbaseline_matched_reference_distance_b0p1_2p0_lam1e00_s307,early_0p18_0p28,CDF_RUN_1:35,0.39466166496276855,1.0,1.20233,1.20233
exactbaseline_matched_reference_distance_b0p1_2p0_lam1e00_s307,early_0p18_0p28,CDF_RUN_2:36,1.8964762687683105,0.0629515791727313,3.27554,1.9832905084291845
exactbaseline_matched_reference_distance_b0p1_2p0_lam1e00_s307,early_0p18_0p28,CDF_RUN_2:37,1.691124439239502,0.1155267912377162,2.91722,1.8327713251249704
exactbaseline_matched_reference_distance_b0p1_2p0_lam1e00_s307,early_0p18_0p28,CDF_RUN_2:38,1.4943032264709473,0.1846215696118183,2.90854,1.7554018394026345
exactbaseline_matched_reference_distance_b0p1_2p0_lam1e00_s307,early_0p18_0p28,CDF_RUN_2:39,1.3254709243774414,0.2680057887944079,2.8682,1.7389312471857332
exactbaseline_matched_reference_distance_b0p1_2p0_lam1e00_s307,early_0p18_0p28,CDF_RUN_2:40,1.1965522766113281,0.3622378472320013,2.4889,1.6646895338068184
exactbaseline_matched_reference_distance_b0p1_2p0_lam1e00_s307,early_0p18_0p28,CDF_RUN_2:41,1.1101014614105225,0.4630252256673241,2.31978,1.6702131397258342
exactbaseline_matched_reference_distance_b0p1_2p0_lam1e00_s307,early_0p18_0p28,CDF_RUN_2:42,1.0604008436203003,0.5655850454883751,2.33764,1.7827882099808465
exactbaseline_matched_reference_distance_b0p1_2p0_lam1e00_s307,early_0p18_0p28,CDF_RUN_2:43,1.0364327430725098,0.6650046270774903,2.08436,1.7333092177699128
exactbaseline_matched_reference_distance_b0p1_2p0_lam1e00_s307,early_0p18_0p28,CDF_RUN_2:44,1.0253727436065674,0.7566020481604062,2.07474,1.8193261590663046
exactbaseline_matched_reference_distance_b0p1_2p0_lam1e00_s307,early_0p18_0p28,CDF_RUN_2:45,1.015552043914795,0.8362867021553243,1.95146,1.7982394220302211
exactbaseline_matched_reference_distance_b0p1_2p0_lam1e00_s307,early_0p18_0p28,CDF_RUN_2:46,0.9982308149337769,0.9009198565219744,1.909664,1.8193590692530048
exactbaseline_matched_reference_distance_b0p1_2p0_lam1e00_s307,early_0p18_0p28,CDF_RUN_2:47,0.9682363271713257,0.9486752111106782,1.854624,1.8091303398179712
exactbaseline_matched_reference_distance_b0p1_2p0_lam1e00_s307,early_0p18_0p28,CDF_RUN_2:48,0.9237270355224609,0.979399456511414,1.824972,1.8064058639154115
exactbaseline_matched_reference_distance_b0p1_2p0_lam1e00_s307,early_0p18_0p28,CDF_RUN_2:49,0.8655643463134766,0.99497283240288,1.69753,1.6933475692238704
exactbaseline_matched_reference_distance_b0p1_2p0_lam1e00_s307,early_0p18_0p28,CDF_RUN_2:50,0.7587065696716309,0.9998348419300568,1.6449,1.6447536380034506
exactbaseline_matched_reference_distance_b0p1_2p0_lam1e00_s307,early_0p18_0p28,CDF_RUN_2:51,0.6059911251068115,1.0,1.42279,1.42279
exactbaseline_matched_reference_distance_b0p1_2p0_lam1e00_s307,early_0p18_0p28,D0_RUN_1:14,1.284428358078003,0.1879104824806516,2.589585,1.5296809723743925
exactbaseline_matched_reference_distance_b0p1_2p0_lam1e00_s307,early_0p18_0p28,D0_RUN_1:15,0.7861285209655762,0.7792496753543665,1.790634,1.5688890893948335
exactbaseline_matched_reference_distance_b0p1_2p0_lam1e00_s307,central_0p20_0p30,CDF_RUN_1:30,1.482771635055542,0.0012197116639461,2.72209,1.4842832461206072
exactbaseline_matched_reference_distance_b0p1_2p0_lam1e00_s307,central_0p20_0p30,CDF_RUN_1:31,1.1303036212921143,0.0258850748744865,2.51472,1.1661393429124332
exactbaseline_matched_reference_distance_b0p1_2p0_lam1e00_s307,central_0p20_0p30,CDF_RUN_1:32,0.8597838878631592,0.1831302917603498,2.180565,1.101658918280338
exactbaseline_matched_reference_distance_b0p1_2p0_lam1e00_s307,central_0p20_0p30,CDF_RUN_1:33,0.7981139421463013,0.549777686123881,1.75218,1.3226381718424407
exactbaseline_matched_reference_distance_b0p1_2p0_lam1e00_s307,central_0p20_0p30,CDF_RUN_1:34,0.6535276174545288,0.8825037510074896,1.478605,1.3816615024223484
exactbaseline_matched_reference_distance_b0p1_2p0_lam1e00_s307,central_0p20_0p30,CDF_RUN_1:35,0.39466166496276855,0.9960358801988642,1.20233,1.1991283059603286
exactbaseline_matched_reference_distance_b0p1_2p0_lam1e00_s307,central_0p20_0p30,CDF_RUN_2:36,1.8964762687683105,5.164127530589625e-05,3.27554,1.8965474853781195
exactbaseline_matched_reference_distance_b0p1_2p0_lam1e00_s307,central_0p20_0p30,CDF_RUN_2:37,1.691124439239502,0.0023877817219835,2.91722,1.6940520878088912
exactbaseline_matched_reference_distance_b0p1_2p0_lam1e00_s307,central_0p20_0p30,CDF_RUN_2:38,1.4943032264709473,0.0134170653158552,2.90854,1.5132781336334709
exactbaseline_matched_reference_distance_b0p1_2p0_lam1e00_s307,central_0p20_0p30,CDF_RUN_2:39,1.3254709243774414,0.0383530844331178,2.8682,1.3846393428722192
exactbaseline_matched_reference_distance_b0p1_2p0_lam1e00_s307,central_0p20_0p30,CDF_RUN_2:40,1.1965522766113281,0.0798964211082592,2.4889,1.2998062345374897
exactbaseline_matched_reference_distance_b0p1_2p0_lam1e00_s307,central_0p20_0p30,CDF_RUN_2:41,1.1101014614105225,0.1385843072813845,2.31978,1.2777439237141028
exactbaseline_matched_reference_distance_b0p1_2p0_lam1e00_s307,central_0p20_0p30,CDF_RUN_2:42,1.0604008436203003,0.2131511831472797,2.33764,1.3326458809646669
exactbaseline_matched_reference_distance_b0p1_2p0_lam1e00_s307,central_0p20_0p30,CDF_RUN_2:43,1.0364327430725098,0.3008892555044757,2.08436,1.3517427952322698
exactbaseline_matched_reference_distance_b0p1_2p0_lam1e00_s307,central_0p20_0p30,CDF_RUN_2:44,1.0253727436065674,0.3980090561043118,2.07474,1.4430304148304889
exactbaseline_matched_reference_distance_b0p1_2p0_lam1e00_s307,central_0p20_0p30,CDF_RUN_2:45,1.015552043914795,0.4999999999999999,1.95146,1.4835060219573974
exactbaseline_matched_reference_distance_b0p1_2p0_lam1e00_s307,central_0p20_0p30,CDF_RUN_2:46,0.9982308149337769,0.6019909438956881,1.909664,1.5469053383096458
exactbaseline_matched_reference_distance_b0p1_2p0_lam1e00_s307,central_0p20_0p30,CDF_RUN_2:47,0.9682363271713257,0.6991107444955241,1.854624,1.5879194730342352
exactbaseline_matched_reference_distance_b0p1_2p0_lam1e00_s307,central_0p20_0p30,CDF_RUN_2:48,0.9237270355224609,0.7868488168527201,1.824972,1.6328705695160843
exactbaseline_matched_reference_distance_b0p1_2p0_lam1e00_s307,central_0p20_0p30,CDF_RUN_2:49,0.8655643463134766,0.8614156927186152,1.69753,1.5822326162019487
exactbaseline_matched_reference_distance_b0p1_2p0_lam1e00_s307,central_0p20_0p30,CDF_RUN_2:50,0.7587065696716309,0.9408752472293116,1.6449,1.592504032524827
exactbaseline_matched_reference_distance_b0p1_2p0_lam1e00_s307,central_0p20_0p30,CDF_RUN_2:51,0.6059911251068115,0.9920975764810804,1.42279,1.416335309360817
exactbaseline_matched_reference_distance_b0p1_2p0_lam1e00_s307,central_0p20_0p30,D0_RUN_1:14,1.284428358078003,0.0206608071262849,2.589585,1.311393947726343
exactbaseline_matched_reference_distance_b0p1_2p0_lam1e00_s307,central_0p20_0p30,D0_RUN_1:15,0.7861285209655762,0.4999999999999999,1.790634,1.288381260482788
exactbaseline_matched_reference_distance_b0p1_2p0_lam1e00_s307,late_0p22_0p32,CDF_RUN_1:30,1.482771635055542,0.0,2.72209,1.482771635055542
exactbaseline_matched_reference_distance_b0p1_2p0_lam1e00_s307,late_0p22_0p32,CDF_RUN_1:31,1.1303036212921143,0.0,2.51472,1.1303036212921143
exactbaseline_matched_reference_distance_b0p1_2p0_lam1e00_s307,late_0p22_0p32,CDF_RUN_1:32,0.8597838878631592,0.0193207037777613,2.180565,0.8853023084860172
exactbaseline_matched_reference_distance_b0p1_2p0_lam1e00_s307,late_0p22_0p32,CDF_RUN_1:33,0.7981139421463013,0.2102966915212009,1.75218,0.9987508776056089
exactbaseline_matched_reference_distance_b0p1_2p0_lam1e00_s307,late_0p22_0p32,CDF_RUN_1:34,0.6535276174545288,0.5852865232044726,1.478605,1.1364342900592141
exactbaseline_matched_reference_distance_b0p1_2p0_lam1e00_s307,late_0p22_0p32,CDF_RUN_1:35,0.39466166496276855,0.9023365088655396,1.20233,1.123450290721507
exactbaseline_matched_reference_distance_b0p1_2p0_lam1e00_s307,late_0p22_0p32,CDF_RUN_2:36,1.8964762687683105,0.0,3.27554,1.8964762687683105
exactbaseline_matched_reference_distance_b0p1_2p0_lam1e00_s307,late_0p22_0p32,CDF_RUN_2:37,1.691124439239502,0.0,2.91722,1.691124439239502
exactbaseline_matched_reference_distance_b0p1_2p0_lam1e00_s307,late_0p22_0p32,CDF_RUN_2:38,1.4943032264709473,0.0,2.90854,1.4943032264709473
exactbaseline_matched_reference_distance_b0p1_2p0_lam1e00_s307,late_0p22_0p32,CDF_RUN_2:39,1.3254709243774414,0.0,2.8682,1.3254709243774414
exactbaseline_matched_reference_distance_b0p1_2p0_lam1e00_s307,late_0p22_0p32,CDF_RUN_2:40,1.1965522766113281,0.0003303151612864,2.4889,1.1969791586580174
exactbaseline_matched_reference_distance_b0p1_2p0_lam1e00_s307,late_0p22_0p32,CDF_RUN_2:41,1.1101014614105225,0.0050271675971199,2.31978,1.116182718162651
exactbaseline_matched_reference_distance_b0p1_2p0_lam1e00_s307,late_0p22_0p32,CDF_RUN_2:42,1.0604008436203003,0.0206005434885857,2.33764,1.086712664406625
exactbaseline_matched_reference_distance_b0p1_2p0_lam1e00_s307,late_0p22_0p32,CDF_RUN_2:43,1.0364327430725098,0.0513247888893216,2.08436,1.0902173883056792
exactbaseline_matched_reference_distance_b0p1_2p0_lam1e00_s307,late_0p22_0p32,CDF_RUN_2:44,1.0253727436065674,0.0990801434780254,2.07474,1.1293442019311706
exactbaseline_matched_reference_distance_b0p1_2p0_lam1e00_s307,late_0p22_0p32,CDF_RUN_2:45,1.015552043914795,0.1637132978446752,1.95146,1.1687726218845733
exactbaseline_matched_reference_distance_b0p1_2p0_lam1e00_s307,late_0p22_0p32,CDF_RUN_2:46,0.9982308149337769,0.2433979518395934,1.909664,1.2200717854175327
exactbaseline_matched_reference_distance_b0p1_2p0_lam1e00_s307,late_0p22_0p32,CDF_RUN_2:47,0.9682363271713257,0.3349953729225092,1.854624,1.2651720961844823
exactbaseline_matched_reference_distance_b0p1_2p0_lam1e00_s307,late_0p22_0p32,CDF_RUN_2:48,0.9237270355224609,0.4344149545116246,1.824972,1.3152413257698017
exactbaseline_matched_reference_distance_b0p1_2p0_lam1e00_s307,late_0p22_0p32,CDF_RUN_2:49,0.8655643463134766,0.5369747743326755,1.69753,1.3123089154543344
exactbaseline_matched_reference_distance_b0p1_2p0_lam1e00_s307,late_0p22_0p32,CDF_RUN_2:50,0.7587065696716309,0.6848781819867951,1.6449,1.365641115123566
exactbaseline_matched_reference_distance_b0p1_2p0_lam1e00_s307,late_0p22_0p32,CDF_RUN_2:51,0.6059911251068115,0.8499258195752324,1.42279,1.3002095782785326
exactbaseline_matched_reference_distance_b0p1_2p0_lam1e00_s307,late_0p22_0p32,D0_RUN_1:14,1.284428358078003,2.671437209028174e-06,2.589585,1.2844318447220198
exactbaseline_matched_reference_distance_b0p1_2p0_lam1e00_s307,late_0p22_0p32,D0_RUN_1:15,0.7861285209655762,0.2207503246456333,1.790634,1.0078734315707427
exactbaseline_matched_reference_distance_b0p1_2p0_lam1e00_s308,early_0p18_0p28,CDF_RUN_1:30,1.4444456100463867,0.0892391852052237,2.72209,1.5584615543878724
exactbaseline_matched_reference_distance_b0p1_2p0_lam1e00_s308,early_0p18_0p28,CDF_RUN_1:31,1.09412682056427,0.2263136792031131,2.51472,1.4156264896532185
exactbaseline_matched_reference_distance_b0p1_2p0_lam1e00_s308,early_0p18_0p28,CDF_RUN_1:32,0.830828070640564,0.5139631863662977,2.180565,1.524543163610402
exactbaseline_matched_reference_distance_b0p1_2p0_lam1e00_s308,early_0p18_0p28,CDF_RUN_1:33,0.783517599105835,0.8606209544870957,1.75218,1.617168759139133
exactbaseline_matched_reference_distance_b0p1_2p0_lam1e00_s308,early_0p18_0p28,CDF_RUN_1:34,0.6516451835632324,0.9935104948187734,1.478605,1.4732384399865672
exactbaseline_matched_reference_distance_b0p1_2p0_lam1e00_s308,early_0p18_0p28,CDF_RUN_1:35,0.3843768835067749,1.0,1.20233,1.20233
exactbaseline_matched_reference_distance_b0p1_2p0_lam1e00_s308,early_0p18_0p28,CDF_RUN_2:36,1.865769624710083,0.0629515791727313,3.27554,1.9545168961055173
exactbaseline_matched_reference_distance_b0p1_2p0_lam1e00_s308,early_0p18_0p28,CDF_RUN_2:37,1.664395809173584,0.1155267912377162,2.91722,1.809130567924748
exactbaseline_matched_reference_distance_b0p1_2p0_lam1e00_s308,early_0p18_0p28,CDF_RUN_2:38,1.473598599433899,0.1846215696118183,2.90854,1.7385197331073934
exactbaseline_matched_reference_distance_b0p1_2p0_lam1e00_s308,early_0p18_0p28,CDF_RUN_2:39,1.3101017475128174,0.2680057887944079,2.8682,1.7276810986898332
exactbaseline_matched_reference_distance_b0p1_2p0_lam1e00_s308,early_0p18_0p28,CDF_RUN_2:40,1.1840667724609375,0.3622378472320013,2.4889,1.6567267518014717
exactbaseline_matched_reference_distance_b0p1_2p0_lam1e00_s308,early_0p18_0p28,CDF_RUN_2:41,1.0977725982666016,0.4630252256673241,2.31978,1.663592851221349
exactbaseline_matched_reference_distance_b0p1_2p0_lam1e00_s308,early_0p18_0p28,CDF_RUN_2:42,1.0465011596679688,0.5655850454883751,2.33764,1.7767499794089685
exactbaseline_matched_reference_distance_b0p1_2p0_lam1e00_s308,early_0p18_0p28,CDF_RUN_2:43,1.0208156108856201,0.6650046270774903,2.08436,1.7280775507489856
exactbaseline_matched_reference_distance_b0p1_2p0_lam1e00_s308,early_0p18_0p28,CDF_RUN_2:44,1.0092610120773315,0.7566020481604062,2.07474,1.815404596611499
exactbaseline_matched_reference_distance_b0p1_2p0_lam1e00_s308,early_0p18_0p28,CDF_RUN_2:45,1.0007872581481934,0.8362867021553243,1.95146,1.7958222302604006
exactbaseline_matched_reference_distance_b0p1_2p0_lam1e00_s308,early_0p18_0p28,CDF_RUN_2:46,0.9864132404327393,0.9009198565219744,1.909664,1.8181881822758796
exactbaseline_matched_reference_distance_b0p1_2p0_lam1e00_s308,early_0p18_0p28,CDF_RUN_2:47,0.9600992202758789,0.9486752111106782,1.854624,1.8087127045243925
exactbaseline_matched_reference_distance_b0p1_2p0_lam1e00_s308,early_0p18_0p28,CDF_RUN_2:48,0.9189631938934326,0.979399456511414,1.824972,1.80630772618876
exactbaseline_matched_reference_distance_b0p1_2p0_lam1e00_s308,early_0p18_0p28,CDF_RUN_2:49,0.8630589246749878,0.99497283240288,1.69753,1.6933349740493924
exactbaseline_matched_reference_distance_b0p1_2p0_lam1e00_s308,early_0p18_0p28,CDF_RUN_2:50,0.756791353225708,0.9998348419300568,1.6449,1.6447533216899988
exactbaseline_matched_reference_distance_b0p1_2p0_lam1e00_s308,early_0p18_0p28,CDF_RUN_2:51,0.6018118858337402,1.0,1.42279,1.42279
exactbaseline_matched_reference_distance_b0p1_2p0_lam1e00_s308,early_0p18_0p28,D0_RUN_1:14,1.2494215965270996,0.1879104824806516,2.589585,1.5012523482766045
exactbaseline_matched_reference_distance_b0p1_2p0_lam1e00_s308,early_0p18_0p28,D0_RUN_1:15,0.77033531665802,0.7792496753543665,1.790634,1.5654027344167456
exactbaseline_matched_reference_distance_b0p1_2p0_lam1e00_s308,central_0p20_0p30,CDF_RUN_1:30,1.4444456100463867,0.0012197116639461,2.72209,1.4460039678111885
exactbaseline_matched_reference_distance_b0p1_2p0_lam1e00_s308,central_0p20_0p30,CDF_RUN_1:31,1.09412682056427,0.0258850748744865,2.51472,1.1308989813801487
exactbaseline_matched_reference_distance_b0p1_2p0_lam1e00_s308,central_0p20_0p30,CDF_RUN_1:32,0.830828070640564,0.1831302917603498,2.180565,1.078005788313876
exactbaseline_matched_reference_distance_b0p1_2p0_lam1e00_s308,central_0p20_0p30,CDF_RUN_1:33,0.783517599105835,0.549777686123881,1.75218,1.3160665725046323
exactbaseline_matched_reference_distance_b0p1_2p0_lam1e00_s308,central_0p20_0p30,CDF_RUN_1:34,0.6516451835632324,0.8825037510074896,1.478605,1.3814403235011448
exactbaseline_matched_reference_distance_b0p1_2p0_lam1e00_s308,central_0p20_0p30,CDF_RUN_1:35,0.3843768835067749,0.9960358801988642,1.20233,1.1990875358545086
exactbaseline_matched_reference_distance_b0p1_2p0_lam1e00_s308,central_0p20_0p30,CDF_RUN_2:36,1.865769624710083,5.164127530589625e-05,3.27554,1.8658424270501515
exactbaseline_matched_reference_distance_b0p1_2p0_lam1e00_s308,central_0p20_0p30,CDF_RUN_2:37,1.664395809173584,0.0023877817219835,2.91722,1.6673872798772982
exactbaseline_matched_reference_distance_b0p1_2p0_lam1e00_s308,central_0p20_0p30,CDF_RUN_2:38,1.473598599433899,0.0134170653158552,2.90854,1.4928513019297192
exactbaseline_matched_reference_distance_b0p1_2p0_lam1e00_s308,central_0p20_0p30,CDF_RUN_2:39,1.3101017475128174,0.0383530844331178,2.8682,1.3698596213455516
exactbaseline_matched_reference_distance_b0p1_2p0_lam1e00_s308,central_0p20_0p30,CDF_RUN_2:40,1.1840667724609375,0.0798964211082592,2.4889,1.2883182774844473
exactbaseline_matched_reference_distance_b0p1_2p0_lam1e00_s308,central_0p20_0p30,CDF_RUN_2:41,1.0977725982666016,0.1385843072813845,2.31978,1.2671236475285492
exactbaseline_matched_reference_distance_b0p1_2p0_lam1e00_s308,central_0p20_0p30,CDF_RUN_2:42,1.0465011596679688,0.2131511831472797,2.33764,1.321708931092148
exactbaseline_matched_reference_distance_b0p1_2p0_lam1e00_s308,central_0p20_0p30,CDF_RUN_2:43,1.0208156108856201,0.3008892555044757,2.08436,1.3408246903222083
exactbaseline_matched_reference_distance_b0p1_2p0_lam1e00_s308,central_0p20_0p30,CDF_RUN_2:44,1.0092610120773315,0.3980090561043118,2.07474,1.4333312983594102
exactbaseline_matched_reference_distance_b0p1_2p0_lam1e00_s308,central_0p20_0p30,CDF_RUN_2:45,1.0007872581481934,0.4999999999999999,1.95146,1.4761236290740967
exactbaseline_matched_reference_distance_b0p1_2p0_lam1e00_s308,central_0p20_0p30,CDF_RUN_2:46,0.9864132404327393,0.6019909438956881,1.909664,1.5422018366370454
exactbaseline_matched_reference_distance_b0p1_2p0_lam1e00_s308,central_0p20_0p30,CDF_RUN_2:47,0.9600992202758789,0.6991107444955241,1.854624,1.585471104998504
exactbaseline_matched_reference_distance_b0p1_2p0_lam1e00_s308,central_0p20_0p30,CDF_RUN_2:48,0.9189631938934326,0.7868488168527201,1.824972,1.6318551510365307
exactbaseline_matched_reference_distance_b0p1_2p0_lam1e00_s308,central_0p20_0p30,CDF_RUN_2:49,0.8630589246749878,0.8614156927186152,1.69753,1.581885404079731
exactbaseline_matched_reference_distance_b0p1_2p0_lam1e00_s308,central_0p20_0p30,CDF_RUN_2:50,0.756791353225708,0.9408752472293116,1.6449,1.5923907958259595
exactbaseline_matched_reference_distance_b0p1_2p0_lam1e00_s308,central_0p20_0p30,CDF_RUN_2:51,0.6018118858337402,0.9920975764810804,1.42279,1.4163022832420942
exactbaseline_matched_reference_distance_b0p1_2p0_lam1e00_s308,central_0p20_0p30,D0_RUN_1:14,1.2494215965270996,0.0206608071262849,2.589585,1.2771104541239588
exactbaseline_matched_reference_distance_b0p1_2p0_lam1e00_s308,central_0p20_0p30,D0_RUN_1:15,0.77033531665802,0.4999999999999999,1.790634,1.28048465832901
exactbaseline_matched_reference_distance_b0p1_2p0_lam1e00_s308,late_0p22_0p32,CDF_RUN_1:30,1.4444456100463867,0.0,2.72209,1.4444456100463867
exactbaseline_matched_reference_distance_b0p1_2p0_lam1e00_s308,late_0p22_0p32,CDF_RUN_1:31,1.09412682056427,0.0,2.51472,1.09412682056427
exactbaseline_matched_reference_distance_b0p1_2p0_lam1e00_s308,late_0p22_0p32,CDF_RUN_1:32,0.830828070640564,0.0193207037777613,2.180565,0.8569059380306228
exactbaseline_matched_reference_distance_b0p1_2p0_lam1e00_s308,late_0p22_0p32,CDF_RUN_1:33,0.783517599105835,0.2102966915212009,1.75218,0.9872240972148612
exactbaseline_matched_reference_distance_b0p1_2p0_lam1e00_s308,late_0p22_0p32,CDF_RUN_1:34,0.6516451835632324,0.5852865232044726,1.478605,1.1356536193553168
exactbaseline_matched_reference_distance_b0p1_2p0_lam1e00_s308,late_0p22_0p32,CDF_RUN_1:35,0.3843768835067749,0.9023365088655396,1.20233,1.1224458430589597
exactbaseline_matched_reference_distance_b0p1_2p0_lam1e00_s308,late_0p22_0p32,CDF_RUN_2:36,1.865769624710083,0.0,3.27554,1.865769624710083
exactbaseline_matched_reference_distance_b0p1_2p0_lam1e00_s308,late_0p22_0p32,CDF_RUN_2:37,1.664395809173584,0.0,2.91722,1.664395809173584
exactbaseline_matched_reference_distance_b0p1_2p0_lam1e00_s308,late_0p22_0p32,CDF_RUN_2:38,1.473598599433899,0.0,2.90854,1.473598599433899
exactbaseline_matched_reference_distance_b0p1_2p0_lam1e00_s308,late_0p22_0p32,CDF_RUN_2:39,1.3101017475128174,0.0,2.8682,1.3101017475128174
exactbaseline_matched_reference_distance_b0p1_2p0_lam1e00_s308,late_0p22_0p32,CDF_RUN_2:40,1.1840667724609375,0.0003303151612864,2.4889,1.184497778658944
exactbaseline_matched_reference_distance_b0p1_2p0_lam1e00_s308,late_0p22_0p32,CDF_RUN_2:41,1.0977725982666016,0.0050271675971199,2.31978,1.1039158342800364
exactbaseline_matched_reference_distance_b0p1_2p0_lam1e00_s308,late_0p22_0p32,CDF_RUN_2:42,1.0465011596679688,0.0206005434885857,2.33764,1.073099321498031
exactbaseline_matched_reference_distance_b0p1_2p0_lam1e00_s308,late_0p22_0p32,CDF_RUN_2:43,1.0208156108856201,0.0513247888893216,2.08436,1.0754018021313383
exactbaseline_matched_reference_distance_b0p1_2p0_lam1e00_s308,late_0p22_0p32,CDF_RUN_2:44,1.0092610120773315,0.0990801434780254,2.07474,1.1148288230735308
exactbaseline_matched_reference_distance_b0p1_2p0_lam1e00_s308,late_0p22_0p32,CDF_RUN_2:45,1.0007872581481934,0.1637132978446752,1.95146,1.1564250278877923
exactbaseline_matched_reference_distance_b0p1_2p0_lam1e00_s308,late_0p22_0p32,CDF_RUN_2:46,0.9864132404327393,0.2433979518395934,1.909664,1.2111305843457594
exactbaseline_matched_reference_distance_b0p1_2p0_lam1e00_s308,late_0p22_0p32,CDF_RUN_2:47,0.9600992202758789,0.3349953729225092,1.854624,1.2597608824479862
exactbaseline_matched_reference_distance_b0p1_2p0_lam1e00_s308,late_0p22_0p32,CDF_RUN_2:48,0.9189631938934326,0.4344149545116246,1.824972,1.3125469681853486
exactbaseline_matched_reference_distance_b0p1_2p0_lam1e00_s308,late_0p22_0p32,CDF_RUN_2:49,0.8630589246749878,0.5369747743326755,1.69753,1.3111488420347812
exactbaseline_matched_reference_distance_b0p1_2p0_lam1e00_s308,late_0p22_0p32,CDF_RUN_2:50,0.756791353225708,0.6848781819867951,1.6449,1.365037588635238
exactbaseline_matched_reference_distance_b0p1_2p0_lam1e00_s308,late_0p22_0p32,CDF_RUN_2:51,0.6018118858337402,0.8499258195752324,1.42279,1.2995823823698274
exactbaseline_matched_reference_distance_b0p1_2p0_lam1e00_s308,late_0p22_0p32,D0_RUN_1:14,1.2494215965270996,2.671437209028174e-06,2.589585,1.249425176689482
exactbaseline_matched_reference_distance_b0p1_2p0_lam1e00_s308,late_0p22_0p32,D0_RUN_1:15,0.77033531665802,0.2207503246456333,1.790634,0.9955665822412743
exactbaseline_matched_reference_distance_b0p1_2p0_lam1e00_s309,early_0p18_0p28,CDF_RUN_1:30,1.4536641836166382,0.0892391852052237,2.72209,1.5668574699639601
exactbaseline_matched_reference_distance_b0p1_2p0_lam1e00_s309,early_0p18_0p28,CDF_RUN_1:31,1.1191322803497314,0.2263136792031131,2.51472,1.4349728718344665
exactbaseline_matched_reference_distance_b0p1_2p0_lam1e00_s309,early_0p18_0p28,CDF_RUN_1:32,0.855995774269104,0.5139631863662977,2.180565,1.5367755940884953
exactbaseline_matched_reference_distance_b0p1_2p0_lam1e00_s309,early_0p18_0p28,CDF_RUN_1:33,0.785760760307312,0.8606209544870957,1.75218,1.6174814088063265
exactbaseline_matched_reference_distance_b0p1_2p0_lam1e00_s309,early_0p18_0p28,CDF_RUN_1:34,0.6504077911376953,0.9935104948187734,1.478605,1.4732304099220106
exactbaseline_matched_reference_distance_b0p1_2p0_lam1e00_s309,early_0p18_0p28,CDF_RUN_1:35,0.3920631408691406,1.0,1.20233,1.20233
exactbaseline_matched_reference_distance_b0p1_2p0_lam1e00_s309,early_0p18_0p28,CDF_RUN_2:36,1.878133773803711,0.0629515791727313,3.27554,1.9661027024885742
exactbaseline_matched_reference_distance_b0p1_2p0_lam1e00_s309,early_0p18_0p28,CDF_RUN_2:37,1.6850814819335938,0.1155267912377162,2.91722,1.8274264912862004
exactbaseline_matched_reference_distance_b0p1_2p0_lam1e00_s309,early_0p18_0p28,CDF_RUN_2:38,1.5038292407989502,0.1846215696118183,2.90854,1.763169146013257
exactbaseline_matched_reference_distance_b0p1_2p0_lam1e00_s309,early_0p18_0p28,CDF_RUN_2:39,1.3478155136108398,0.2680057887944079,2.8682,1.7552873571563476
exactbaseline_matched_reference_distance_b0p1_2p0_lam1e00_s309,early_0p18_0p28,CDF_RUN_2:40,1.2249704599380493,0.3622378472320013,2.4889,1.6828135755830238
exactbaseline_matched_reference_distance_b0p1_2p0_lam1e00_s309,early_0p18_0p28,CDF_RUN_2:41,1.1368896961212158,0.4630252256673241,2.31978,1.6845977460143795
exactbaseline_matched_reference_distance_b0p1_2p0_lam1e00_s309,early_0p18_0p28,CDF_RUN_2:42,1.0796196460723877,0.5655850454883751,2.33764,1.791137145173838
exactbaseline_matched_reference_distance_b0p1_2p0_lam1e00_s309,early_0p18_0p28,CDF_RUN_2:43,1.0453989505767822,0.6650046270774903,2.08436,1.7363128557965073
exactbaseline_matched_reference_distance_b0p1_2p0_lam1e00_s309,early_0p18_0p28,CDF_RUN_2:44,1.0247149467468262,0.7566020481604062,2.07474,1.819166052657917
exactbaseline_matched_reference_distance_b0p1_2p0_lam1e00_s309,early_0p18_0p28,CDF_RUN_2:45,1.0081675052642822,0.8362867021553243,1.95146,1.7970304748546841
exactbaseline_matched_reference_distance_b0p1_2p0_lam1e00_s309,early_0p18_0p28,CDF_RUN_2:46,0.9878243207931519,0.9009198565219744,1.909664,1.8183279923204485
exactbaseline_matched_reference_distance_b0p1_2p0_lam1e00_s309,early_0p18_0p28,CDF_RUN_2:47,0.9580576419830322,0.9486752111106782,1.854624,1.8086079209495112
exactbaseline_matched_reference_distance_b0p1_2p0_lam1e00_s309,early_0p18_0p28,CDF_RUN_2:48,0.9158776998519897,0.979399456511414,1.824972,1.8062441633345754
exactbaseline_matched_reference_distance_b0p1_2p0_lam1e00_s309,early_0p18_0p28,CDF_RUN_2:49,0.8609186410903931,0.99497283240288,1.69753,1.693324214485107
exactbaseline_matched_reference_distance_b0p1_2p0_lam1e00_s309,early_0p18_0p28,CDF_RUN_2:50,0.7585984468460083,0.9998348419300568,1.6449,1.6447536201460935
exactbaseline_matched_reference_distance_b0p1_2p0_lam1e00_s309,early_0p18_0p28,CDF_RUN_2:51,0.6101858615875244,1.0,1.42279,1.42279
exactbaseline_matched_reference_distance_b0p1_2p0_lam1e00_s309,early_0p18_0p28,D0_RUN_1:14,1.2680150270462036,0.1879104824806516,2.589585,1.5163518782958931
exactbaseline_matched_reference_distance_b0p1_2p0_lam1e00_s309,early_0p18_0p28,D0_RUN_1:15,0.7826038599014282,0.7792496753543665,1.790634,1.5681110193206569
exactbaseline_matched_reference_distance_b0p1_2p0_lam1e00_s309,central_0p20_0p30,CDF_RUN_1:30,1.4536641836166382,0.0012197116639461,2.72209,1.4552112973797313
exactbaseline_matched_reference_distance_b0p1_2p0_lam1e00_s309,central_0p20_0p30,CDF_RUN_1:31,1.1191322803497314,0.0258850748744865,2.51472,1.1552571729667924
exactbaseline_matched_reference_distance_b0p1_2p0_lam1e00_s309,central_0p20_0p30,CDF_RUN_1:32,0.855995774269104,0.1831302917603498,2.180565,1.0985645230339838
exactbaseline_matched_reference_distance_b0p1_2p0_lam1e00_s309,central_0p20_0p30,CDF_RUN_1:33,0.785760760307312,0.549777686123881,1.75218,1.3170764937311583
exactbaseline_matched_reference_distance_b0p1_2p0_lam1e00_s309,central_0p20_0p30,CDF_RUN_1:34,0.6504077911376953,0.8825037510074896,1.478605,1.3812949345326124
exactbaseline_matched_reference_distance_b0p1_2p0_lam1e00_s309,central_0p20_0p30,CDF_RUN_1:35,0.3920631408691406,0.9960358801988642,1.20233,1.1991180050995154
exactbaseline_matched_reference_distance_b0p1_2p0_lam1e00_s309,central_0p20_0p30,CDF_RUN_2:36,1.878133773803711,5.164127530589625e-05,3.27554,1.8782059376433522
exactbaseline_matched_reference_distance_b0p1_2p0_lam1e00_s309,central_0p20_0p30,CDF_RUN_2:37,1.6850814819335938,0.0023877817219835,2.91722,1.6880235597659847
exactbaseline_matched_reference_distance_b0p1_2p0_lam1e00_s309,central_0p20_0p30,CDF_RUN_2:38,1.5038292407989502,0.0134170653158552,2.90854,1.5226763368050353
exactbaseline_matched_reference_distance_b0p1_2p0_lam1e00_s309,central_0p20_0p30,CDF_RUN_2:39,1.3478155136108398,0.0383530844331178,2.8682,1.4061269481881258
exactbaseline_matched_reference_distance_b0p1_2p0_lam1e00_s309,central_0p20_0p30,CDF_RUN_2:40,1.2249704599380493,0.0798964211082592,2.4889,1.3259539067220074
exactbaseline_matched_reference_distance_b0p1_2p0_lam1e00_s309,central_0p20_0p30,CDF_RUN_2:41,1.1368896961212158,0.1385843072813845,2.31978,1.3008197294741235
exactbaseline_matched_reference_distance_b0p1_2p0_lam1e00_s309,central_0p20_0p30,CDF_RUN_2:42,1.0796196460723877,0.2131511831472797,2.33764,1.3477681729354178
exactbaseline_matched_reference_distance_b0p1_2p0_lam1e00_s309,central_0p20_0p30,CDF_RUN_2:43,1.0453989505767822,0.3008892555044757,2.08436,1.3580111672358832
exactbaseline_matched_reference_distance_b0p1_2p0_lam1e00_s309,central_0p20_0p30,CDF_RUN_2:44,1.0247149467468262,0.3980090561043118,2.07474,1.4426344270780016
exactbaseline_matched_reference_distance_b0p1_2p0_lam1e00_s309,central_0p20_0p30,CDF_RUN_2:45,1.0081675052642822,0.4999999999999999,1.95146,1.479813752632141
exactbaseline_matched_reference_distance_b0p1_2p0_lam1e00_s309,central_0p20_0p30,CDF_RUN_2:46,0.9878243207931519,0.6019909438956881,1.909664,1.5427634593993806
exactbaseline_matched_reference_distance_b0p1_2p0_lam1e00_s309,central_0p20_0p30,CDF_RUN_2:47,0.9580576419830322,0.6991107444955241,1.854624,1.584856816025915
exactbaseline_matched_reference_distance_b0p1_2p0_lam1e00_s309,central_0p20_0p30,CDF_RUN_2:48,0.9158776998519897,0.7868488168527201,1.824972,1.6311974743310031
exactbaseline_matched_reference_distance_b0p1_2p0_lam1e00_s309,central_0p20_0p30,CDF_RUN_2:49,0.8609186410903931,0.8614156927186152,1.69753,1.5815887943617741
exactbaseline_matched_reference_distance_b0p1_2p0_lam1e00_s309,central_0p20_0p30,CDF_RUN_2:50,0.7585984468460083,0.9408752472293116,1.6449,1.5924976397894932
exactbaseline_matched_reference_distance_b0p1_2p0_lam1e00_s309,central_0p20_0p30,CDF_RUN_2:51,0.6101858615875244,0.9920975764810804,1.42279,1.4163684579450377
exactbaseline_matched_reference_distance_b0p1_2p0_lam1e00_s309,central_0p20_0p30,D0_RUN_1:14,1.2680150270462036,0.0206608071262849,2.589585,1.2953197293612917
exactbaseline_matched_reference_distance_b0p1_2p0_lam1e00_s309,central_0p20_0p30,D0_RUN_1:15,0.7826038599014282,0.4999999999999999,1.790634,1.286618929950714
exactbaseline_matched_reference_distance_b0p1_2p0_lam1e00_s309,late_0p22_0p32,CDF_RUN_1:30,1.4536641836166382,0.0,2.72209,1.4536641836166382
exactbaseline_matched_reference_distance_b0p1_2p0_lam1e00_s309,late_0p22_0p32,CDF_RUN_1:31,1.1191322803497314,0.0,2.51472,1.1191322803497314
exactbaseline_matched_reference_distance_b0p1_2p0_lam1e00_s309,late_0p22_0p32,CDF_RUN_1:32,0.855995774269104,0.0193207037777613,2.180565,0.8815873839125893
exactbaseline_matched_reference_distance_b0p1_2p0_lam1e00_s309,late_0p22_0p32,CDF_RUN_1:33,0.785760760307312,0.2102966915212009,1.75218,0.9889955290371188
exactbaseline_matched_reference_distance_b0p1_2p0_lam1e00_s309,late_0p22_0p32,CDF_RUN_1:34,0.6504077911376953,0.5852865232044726,1.478605,1.135140456040362
exactbaseline_matched_reference_distance_b0p1_2p0_lam1e00_s309,late_0p22_0p32,CDF_RUN_1:35,0.3920631408691406,0.9023365088655396,1.20233,1.1231965097867262
exactbaseline_matched_reference_distance_b0p1_2p0_lam1e00_s309,late_0p22_0p32,CDF_RUN_2:36,1.878133773803711,0.0,3.27554,1.878133773803711
exactbaseline_matched_reference_distance_b0p1_2p0_lam1e00_s309,late_0p22_0p32,CDF_RUN_2:37,1.6850814819335938,0.0,2.91722,1.6850814819335938
exactbaseline_matched_reference_distance_b0p1_2p0_lam1e00_s309,late_0p22_0p32,CDF_RUN_2:38,1.5038292407989502,0.0,2.90854,1.5038292407989502
exactbaseline_matched_reference_distance_b0p1_2p0_lam1e00_s309,late_0p22_0p32,CDF_RUN_2:39,1.3478155136108398,0.0,2.8682,1.3478155136108398
exactbaseline_matched_reference_distance_b0p1_2p0_lam1e00_s309,late_0p22_0p32,CDF_RUN_2:40,1.2249704599380493,0.0003303151612864,2.4889,1.2253879550279294
exactbaseline_matched_reference_distance_b0p1_2p0_lam1e00_s309,late_0p22_0p32,CDF_RUN_2:41,1.1368896961212158,0.0050271675971199,2.31978,1.1428362839278225
exactbaseline_matched_reference_distance_b0p1_2p0_lam1e00_s309,late_0p22_0p32,CDF_RUN_2:42,1.0796196460723877,0.0206005434885857,2.33764,1.1055355490829997
exactbaseline_matched_reference_distance_b0p1_2p0_lam1e00_s309,late_0p22_0p32,CDF_RUN_2:43,1.0453989505767822,0.0513247888893216,2.08436,1.098723407102657
exactbaseline_matched_reference_distance_b0p1_2p0_lam1e00_s309,late_0p22_0p32,CDF_RUN_2:44,1.0247149467468262,0.0990801434780254,2.07474,1.1287515796786718
exactbaseline_matched_reference_distance_b0p1_2p0_lam1e00_s309,late_0p22_0p32,CDF_RUN_2:45,1.0081675052642822,0.1637132978446752,1.95146,1.1625970304095976
exactbaseline_matched_reference_distance_b0p1_2p0_lam1e00_s309,late_0p22_0p32,CDF_RUN_2:46,0.9878243207931519,0.2433979518395934,1.909664,1.2121982106365665
exactbaseline_matched_reference_distance_b0p1_2p0_lam1e00_s309,late_0p22_0p32,CDF_RUN_2:47,0.9580576419830322,0.3349953729225092,1.854624,1.2584032234367022
exactbaseline_matched_reference_distance_b0p1_2p0_lam1e00_s309,late_0p22_0p32,CDF_RUN_2:48,0.9158776998519897,0.4344149545116246,1.824972,1.3108018588975647
exactbaseline_matched_reference_distance_b0p1_2p0_lam1e00_s309,late_0p22_0p32,CDF_RUN_2:49,0.8609186410903931,0.5369747743326755,1.69753,1.3101578367450322
exactbaseline_matched_reference_distance_b0p1_2p0_lam1e00_s309,late_0p22_0p32,CDF_RUN_2:50,0.7585984468460083,0.6848781819867951,1.6449,1.365607043262187
exactbaseline_matched_reference_distance_b0p1_2p0_lam1e00_s309,late_0p22_0p32,CDF_RUN_2:51,0.6101858615875244,0.8499258195752324,1.42279,1.3008390999179733
exactbaseline_matched_reference_distance_b0p1_2p0_lam1e00_s309,late_0p22_0p32,D0_RUN_1:14,1.2680150270462036,2.671437209028174e-06,2.589585,1.2680185575374037
exactbaseline_matched_reference_distance_b0p1_2p0_lam1e00_s309,late_0p22_0p32,D0_RUN_1:15,0.7826038599014282,0.2207503246456333,1.790634,1.0051268405807712
exactbaseline_matched_reference_distance_b0p1_2p0_lam1e00_s310,early_0p18_0p28,CDF_RUN_1:30,1.4620203971862793,0.0892391852052237,2.72209,1.5744679818432457
exactbaseline_matched_reference_distance_b0p1_2p0_lam1e00_s310,early_0p18_0p28,CDF_RUN_1:31,1.118070363998413,0.2263136792031131,2.51472,1.434151281679621
exactbaseline_matched_reference_distance_b0p1_2p0_lam1e00_s310,early_0p18_0p28,CDF_RUN_1:32,0.8556095361709595,0.5139631863662977,2.180565,1.536587868153969
exactbaseline_matched_reference_distance_b0p1_2p0_lam1e00_s310,early_0p18_0p28,CDF_RUN_1:33,0.7911707162857056,0.8606209544870957,1.75218,1.618235443306862
exactbaseline_matched_reference_distance_b0p1_2p0_lam1e00_s310,early_0p18_0p28,CDF_RUN_1:34,0.6520137786865234,0.9935104948187734,1.478605,1.4732408319865298
exactbaseline_matched_reference_distance_b0p1_2p0_lam1e00_s310,early_0p18_0p28,CDF_RUN_1:35,0.3920743465423584,1.0,1.20233,1.20233
exactbaseline_matched_reference_distance_b0p1_2p0_lam1e00_s310,early_0p18_0p28,CDF_RUN_2:36,1.8920977115631104,0.0629515791727313,3.27554,1.9791875883145498
exactbaseline_matched_reference_distance_b0p1_2p0_lam1e00_s310,early_0p18_0p28,CDF_RUN_2:37,1.694258451461792,0.1155267912377162,2.91722,1.8355432749715195
exactbaseline_matched_reference_distance_b0p1_2p0_lam1e00_s310,early_0p18_0p28,CDF_RUN_2:38,1.5079278945922852,0.1846215696118183,2.90854,1.766511099909971
exactbaseline_matched_reference_distance_b0p1_2p0_lam1e00_s310,early_0p18_0p28,CDF_RUN_2:39,1.3482856750488281,0.2680057887944079,2.8682,1.755631512607287
exactbaseline_matched_reference_distance_b0p1_2p0_lam1e00_s310,early_0p18_0p28,CDF_RUN_2:40,1.2241374254226685,0.3622378472320013,2.4889,1.6822822976971645
exactbaseline_matched_reference_distance_b0p1_2p0_lam1e00_s310,early_0p18_0p28,CDF_RUN_2:41,1.1369545459747314,0.4630252256673241,2.31978,1.6846325687498367
exactbaseline_matched_reference_distance_b0p1_2p0_lam1e00_s310,early_0p18_0p28,CDF_RUN_2:42,1.0819250345230103,0.5655850454883751,2.33764,1.7921386403927468
exactbaseline_matched_reference_distance_b0p1_2p0_lam1e00_s310,early_0p18_0p28,CDF_RUN_2:43,1.0501775741577148,0.6650046270774903,2.08436,1.7379136725850581
exactbaseline_matched_reference_distance_b0p1_2p0_lam1e00_s310,early_0p18_0p28,CDF_RUN_2:44,1.0312988758087158,0.7566020481604062,2.07474,1.820768567506638
exactbaseline_matched_reference_distance_b0p1_2p0_lam1e00_s310,early_0p18_0p28,CDF_RUN_2:45,1.0154396295547485,0.8362867021553243,1.95146,1.7982210183046128
exactbaseline_matched_reference_distance_b0p1_2p0_lam1e00_s310,early_0p18_0p28,CDF_RUN_2:46,0.9946951866149902,0.9009198565219744,1.909664,1.8190087586918944
exactbaseline_matched_reference_distance_b0p1_2p0_lam1e00_s310,early_0p18_0p28,CDF_RUN_2:47,0.9637918472290039,0.9486752111106782,1.854624,1.8089022278232088
exactbaseline_matched_reference_distance_b0p1_2p0_lam1e00_s310,early_0p18_0p28,CDF_RUN_2:48,0.9202035665512085,0.979399456511414,1.824972,1.8063332785396384
exactbaseline_matched_reference_distance_b0p1_2p0_lam1e00_s310,early_0p18_0p28,CDF_RUN_2:49,0.8639347553253174,0.99497283240288,1.69753,1.693339376996858
exactbaseline_matched_reference_distance_b0p1_2p0_lam1e00_s310,early_0p18_0p28,CDF_RUN_2:50,0.7602823972702026,0.9998348419300568,1.6449,1.6447538982640952
exactbaseline_matched_reference_distance_b0p1_2p0_lam1e00_s310,early_0p18_0p28,CDF_RUN_2:51,0.6110641956329346,1.0,1.42279,1.42279
exactbaseline_matched_reference_distance_b0p1_2p0_lam1e00_s310,early_0p18_0p28,D0_RUN_1:14,1.2713921070098877,0.1879104824806516,2.589585,1.5190943695342258
exactbaseline_matched_reference_distance_b0p1_2p0_lam1e00_s310,early_0p18_0p28,D0_RUN_1:15,0.7841060161590576,0.7792496753543665,1.790634,1.568442620802197
exactbaseline_matched_reference_distance_b0p1_2p0_lam1e00_s310,central_0p20_0p30,CDF_RUN_1:30,1.4620203971862793,0.0012197116639461,2.72209,1.4635573187782152
exactbaseline_matched_reference_distance_b0p1_2p0_lam1e00_s310,central_0p20_0p30,CDF_RUN_1:31,1.118070363998413,0.0258850748744865,2.51472,1.1542227443997384
exactbaseline_matched_reference_distance_b0p1_2p0_lam1e00_s310,central_0p20_0p30,CDF_RUN_1:32,0.8556095361709595,0.1831302917603498,2.180565,1.0982490168314412
exactbaseline_matched_reference_distance_b0p1_2p0_lam1e00_s310,central_0p20_0p30,CDF_RUN_1:33,0.7911707162857056,0.549777686123881,1.75218,1.3195121766297186
exactbaseline_matched_reference_distance_b0p1_2p0_lam1e00_s310,central_0p20_0p30,CDF_RUN_1:34,0.6520137786865234,0.8825037510074896,1.478605,1.3814836320455284
exactbaseline_matched_reference_distance_b0p1_2p0_lam1e00_s310,central_0p20_0p30,CDF_RUN_1:35,0.3920743465423584,0.9960358801988642,1.20233,1.1991180495201463
exactbaseline_matched_reference_distance_b0p1_2p0_lam1e00_s310,central_0p20_0p30,CDF_RUN_2:36,1.8920977115631104,5.164127530589625e-05,3.27554,1.8921691542871975
exactbaseline_matched_reference_distance_b0p1_2p0_lam1e00_s310,central_0p20_0p30,CDF_RUN_2:37,1.694258451461792,0.0023877817219835,2.91722,1.6971786166940803
exactbaseline_matched_reference_distance_b0p1_2p0_lam1e00_s310,central_0p20_0p30,CDF_RUN_2:38,1.5079278945922852,0.0134170653158552,2.90854,1.526719998692718
exactbaseline_matched_reference_distance_b0p1_2p0_lam1e00_s310,central_0p20_0p30,CDF_RUN_2:39,1.3482856750488281,0.0383530844331178,2.8682,1.4065790774847857
exactbaseline_matched_reference_distance_b0p1_2p0_lam1e00_s310,central_0p20_0p30,CDF_RUN_2:40,1.2241374254226685,0.0798964211082592,2.4889,1.3251874286830652
exactbaseline_matched_reference_distance_b0p1_2p0_lam1e00_s310,central_0p20_0p30,CDF_RUN_2:41,1.1369545459747314,0.1385843072813845,2.31978,1.3008755921556125
exactbaseline_matched_reference_distance_b0p1_2p0_lam1e00_s310,central_0p20_0p30,CDF_RUN_2:42,1.0819250345230103,0.2131511831472797,2.33764,1.3495821651101763
exactbaseline_matched_reference_distance_b0p1_2p0_lam1e00_s310,central_0p20_0p30,CDF_RUN_2:43,1.0501775741577148,0.3008892555044757,2.08436,1.3613519543252126
exactbaseline_matched_reference_distance_b0p1_2p0_lam1e00_s310,central_0p20_0p30,CDF_RUN_2:44,1.0312988758087158,0.3980090561043118,2.07474,1.4465978927485108
exactbaseline_matched_reference_distance_b0p1_2p0_lam1e00_s310,central_0p20_0p30,CDF_RUN_2:45,1.0154396295547485,0.4999999999999999,1.95146,1.4834498147773743
exactbaseline_matched_reference_distance_b0p1_2p0_lam1e00_s310,central_0p20_0p30,CDF_RUN_2:46,0.9946951866149902,0.6019909438956881,1.909664,1.5454981262197498
exactbaseline_matched_reference_distance_b0p1_2p0_lam1e00_s310,central_0p20_0p30,CDF_RUN_2:47,0.9637918472290039,0.6991107444955241,1.854624,1.5865821767732855
exactbaseline_matched_reference_distance_b0p1_2p0_lam1e00_s310,central_0p20_0p30,CDF_RUN_2:48,0.9202035665512085,0.7868488168527201,1.824972,1.6321195379360791
exactbaseline_matched_reference_distance_b0p1_2p0_lam1e00_s310,central_0p20_0p30,CDF_RUN_2:49,0.8639347553253174,0.8614156927186152,1.69753,1.5820067804637028
exactbaseline_matched_reference_distance_b0p1_2p0_lam1e00_s310,central_0p20_0p30,CDF_RUN_2:50,0.7602823972702026,0.9408752472293116,1.6449,1.5925972029420017
exactbaseline_matched_reference_distance_b0p1_2p0_lam1e00_s310,central_0p20_0p30,CDF_RUN_2:51,0.6110641956329346,0.9920975764810804,1.42279,1.4163753989126557
exactbaseline_matched_reference_distance_b0p1_2p0_lam1e00_s310,central_0p20_0p30,D0_RUN_1:14,1.2713921070098877,0.0206608071262849,2.589585,1.2986270361271959
exactbaseline_matched_reference_distance_b0p1_2p0_lam1e00_s310,central_0p20_0p30,D0_RUN_1:15,0.7841060161590576,0.4999999999999999,1.790634,1.2873700080795287
exactbaseline_matched_reference_distance_b0p1_2p0_lam1e00_s310,late_0p22_0p32,CDF_RUN_1:30,1.4620203971862793,0.0,2.72209,1.4620203971862793
exactbaseline_matched_reference_distance_b0p1_2p0_lam1e00_s310,late_0p22_0p32,CDF_RUN_1:31,1.118070363998413,0.0,2.51472,1.118070363998413
exactbaseline_matched_reference_distance_b0p1_2p0_lam1e00_s310,late_0p22_0p32,CDF_RUN_1:32,0.8556095361709595,0.0193207037777613,2.180565,0.8812086082063267
exactbaseline_matched_reference_distance_b0p1_2p0_lam1e00_s310,late_0p22_0p32,CDF_RUN_1:33,0.7911707162857056,0.2102966915212009,1.75218,0.9932677891719808
exactbaseline_matched_reference_distance_b0p1_2p0_lam1e00_s310,late_0p22_0p32,CDF_RUN_1:34,0.6520137786865234,0.5852865232044726,1.478605,1.135806480720427
exactbaseline_matched_reference_distance_b0p1_2p0_lam1e00_s310,late_0p22_0p32,CDF_RUN_1:35,0.3920743465423584,0.9023365088655396,1.20233,1.1231976041718932
exactbaseline_matched_reference_distance_b0p1_2p0_lam1e00_s310,late_0p22_0p32,CDF_RUN_2:36,1.8920977115631104,0.0,3.27554,1.8920977115631104
exactbaseline_matched_reference_distance_b0p1_2p0_lam1e00_s310,late_0p22_0p32,CDF_RUN_2:37,1.694258451461792,0.0,2.91722,1.694258451461792
exactbaseline_matched_reference_distance_b0p1_2p0_lam1e00_s310,late_0p22_0p32,CDF_RUN_2:38,1.5079278945922852,0.0,2.90854,1.5079278945922852
exactbaseline_matched_reference_distance_b0p1_2p0_lam1e00_s310,late_0p22_0p32,CDF_RUN_2:39,1.3482856750488281,0.0,2.8682,1.3482856750488281
exactbaseline_matched_reference_distance_b0p1_2p0_lam1e00_s310,late_0p22_0p32,CDF_RUN_2:40,1.2241374254226685,0.0003303151612864,2.4889,1.2245551956764789
exactbaseline_matched_reference_distance_b0p1_2p0_lam1e00_s310,late_0p22_0p32,CDF_RUN_2:41,1.1369545459747314,0.0050271675971199,2.31978,1.142900807770256
exactbaseline_matched_reference_distance_b0p1_2p0_lam1e00_s310,late_0p22_0p32,CDF_RUN_2:42,1.0819250345230103,0.0206005434885857,2.33764,1.107793445278587
exactbaseline_matched_reference_distance_b0p1_2p0_lam1e00_s310,late_0p22_0p32,CDF_RUN_2:43,1.0501775741577148,0.0513247888893216,2.08436,1.1032567688371167
exactbaseline_matched_reference_distance_b0p1_2p0_lam1e00_s310,late_0p22_0p32,CDF_RUN_2:44,1.0312988758087158,0.0990801434780254,2.07474,1.1346831721044603
exactbaseline_matched_reference_distance_b0p1_2p0_lam1e00_s310,late_0p22_0p32,CDF_RUN_2:45,1.0154396295547485,0.1637132978446752,1.95146,1.1686786112501353
exactbaseline_matched_reference_distance_b0p1_2p0_lam1e00_s310,late_0p22_0p32,CDF_RUN_2:46,0.9946951866149902,0.2433979518395934,1.909664,1.2173967217900048
exactbaseline_matched_reference_distance_b0p1_2p0_lam1e00_s310,late_0p22_0p32,CDF_RUN_2:47,0.9637918472290039,0.3349953729225092,1.854624,1.2622164964578855
exactbaseline_matched_reference_distance_b0p1_2p0_lam1e00_s310,late_0p22_0p32,CDF_RUN_2:48,0.9202035665512085,0.4344149545116246,1.824972,1.313248504411419
exactbaseline_matched_reference_distance_b0p1_2p0_lam1e00_s310,late_0p22_0p32,CDF_RUN_2:49,0.8639347553253174,0.5369747743326755,1.69753,1.3115543737192965
exactbaseline_matched_reference_distance_b0p1_2p0_lam1e00_s310,late_0p22_0p32,CDF_RUN_2:50,0.7602823972702026,0.6848781819867951,1.6449,1.3661376927813031
exactbaseline_matched_reference_distance_b0p1_2p0_lam1e00_s310,late_0p22_0p32,CDF_RUN_2:51,0.6110641956329346,0.8499258195752324,1.42279,1.3009709151799775
exactbaseline_matched_reference_distance_b0p1_2p0_lam1e00_s310,late_0p22_0p32,D0_RUN_1:14,1.2713921070098877,2.671437209028174e-06,2.589585,1.2713956284794308
exactbaseline_matched_reference_distance_b0p1_2p0_lam1e00_s310,late_0p22_0p32,D0_RUN_1:15,0.7841060161590576,0.2207503246456333,1.790634,1.0062973953568604
exactbaseline_matched_reference_distance_b0p1_2p0_lam1e00_s311,early_0p18_0p28,CDF_RUN_1:30,1.441011905670166,0.0892391852052237,2.72209,1.5553342709924212
exactbaseline_matched_reference_distance_b0p1_2p0_lam1e00_s311,early_0p18_0p28,CDF_RUN_1:31,1.0986891984939575,0.2263136792031131,2.51472,1.4191563390477233
exactbaseline_matched_reference_distance_b0p1_2p0_lam1e00_s311,early_0p18_0p28,CDF_RUN_1:32,0.8362641334533691,0.5139631863662977,2.180565,1.5271852902586507
exactbaseline_matched_reference_distance_b0p1_2p0_lam1e00_s311,early_0p18_0p28,CDF_RUN_1:33,0.7813401222229004,0.8606209544870957,1.75218,1.6168652644895634
exactbaseline_matched_reference_distance_b0p1_2p0_lam1e00_s311,early_0p18_0p28,CDF_RUN_1:34,0.650755763053894,0.9935104948187734,1.478605,1.4732326680875636
exactbaseline_matched_reference_distance_b0p1_2p0_lam1e00_s311,early_0p18_0p28,CDF_RUN_1:35,0.3858630657196045,1.0,1.20233,1.20233
exactbaseline_matched_reference_distance_b0p1_2p0_lam1e00_s311,early_0p18_0p28,CDF_RUN_2:36,1.8641223907470703,0.0629515791727313,3.27554,1.9529733581217432
exactbaseline_matched_reference_distance_b0p1_2p0_lam1e00_s311,early_0p18_0p28,CDF_RUN_2:37,1.6667990684509277,0.1155267912377162,2.91722,1.811256186369268
exactbaseline_matched_reference_distance_b0p1_2p0_lam1e00_s311,early_0p18_0p28,CDF_RUN_2:38,1.4810874462127686,0.1846215696118183,2.90854,1.7446259772393657
exactbaseline_matched_reference_distance_b0p1_2p0_lam1e00_s311,early_0p18_0p28,CDF_RUN_2:39,1.3217525482177734,0.2680057887944079,2.8682,1.7362094173617713
exactbaseline_matched_reference_distance_b0p1_2p0_lam1e00_s311,early_0p18_0p28,CDF_RUN_2:40,1.1976429224014282,0.3622378472320013,2.4889,1.66538510641382
exactbaseline_matched_reference_distance_b0p1_2p0_lam1e00_s311,early_0p18_0p28,CDF_RUN_2:41,1.1106915473937988,0.4630252256673241,2.31978,1.6705300010135409
exactbaseline_matched_reference_distance_b0p1_2p0_lam1e00_s311,early_0p18_0p28,CDF_RUN_2:42,1.0567020177841187,0.5655850454883751,2.33764,1.7811813847234754
exactbaseline_matched_reference_distance_b0p1_2p0_lam1e00_s311,early_0p18_0p28,CDF_RUN_2:43,1.0272539854049683,0.6650046270774903,2.08436,1.7302343764221093
exactbaseline_matched_reference_distance_b0p1_2p0_lam1e00_s311,early_0p18_0p28,CDF_RUN_2:44,1.0119678974151611,0.7566020481604062,2.07474,1.8160634469585915
exactbaseline_matched_reference_distance_b0p1_2p0_lam1e00_s311,early_0p18_0p28,CDF_RUN_2:45,1.000584602355957,0.8362867021553243,1.95146,1.7957890528123261
exactbaseline_matched_reference_distance_b0p1_2p0_lam1e00_s311,early_0p18_0p28,CDF_RUN_2:46,0.9844800233840942,0.9009198565219744,1.909664,1.8179966388533257
exactbaseline_matched_reference_distance_b0p1_2p0_lam1e00_s311,early_0p18_0p28,CDF_RUN_2:47,0.9575904607772827,0.9486752111106782,1.854624,1.808583942972753
exactbaseline_matched_reference_distance_b0p1_2p0_lam1e00_s311,early_0p18_0p28,CDF_RUN_2:48,0.9167684316635132,0.979399456511414,1.824972,1.8062625128939953
exactbaseline_matched_reference_distance_b0p1_2p0_lam1e00_s311,early_0p18_0p28,CDF_RUN_2:49,0.8617328405380249,0.99497283240288,1.69753,1.6933283076021879
exactbaseline_matched_reference_distance_b0p1_2p0_lam1e00_s311,early_0p18_0p28,CDF_RUN_2:50,0.7571794986724854,0.9998348419300568,1.6449,1.6447533857953518
exactbaseline_matched_reference_distance_b0p1_2p0_lam1e00_s311,early_0p18_0p28,CDF_RUN_2:51,0.6043484210968018,1.0,1.42279,1.42279
exactbaseline_matched_reference_distance_b0p1_2p0_lam1e00_s311,early_0p18_0p28,D0_RUN_1:14,1.2508004903793335,0.1879104824806516,2.589585,1.5023721335197755
exactbaseline_matched_reference_distance_b0p1_2p0_lam1e00_s311,early_0p18_0p28,D0_RUN_1:15,0.7724568843841553,0.7792496753543665,1.790634,1.5658710711810477
exactbaseline_matched_reference_distance_b0p1_2p0_lam1e00_s311,central_0p20_0p30,CDF_RUN_1:30,1.441011905670166,0.0012197116639461,2.72209,1.442574451564246
exactbaseline_matched_reference_distance_b0p1_2p0_lam1e00_s311,central_0p20_0p30,CDF_RUN_1:31,1.0986891984939575,0.0258850748744865,2.51472,1.1353432618155204
exactbaseline_matched_reference_distance_b0p1_2p0_lam1e00_s311,central_0p20_0p30,CDF_RUN_1:32,0.8362641334533691,0.1831302917603498,2.180565,1.0824463433577447
exactbaseline_matched_reference_distance_b0p1_2p0_lam1e00_s311,central_0p20_0p30,CDF_RUN_1:33,0.7813401222229004,0.549777686123881,1.75218,1.3150862238239858
exactbaseline_matched_reference_distance_b0p1_2p0_lam1e00_s311,central_0p20_0p30,CDF_RUN_1:34,0.650755763053894,0.8825037510074896,1.478605,1.3813358199275205
exactbaseline_matched_reference_distance_b0p1_2p0_lam1e00_s311,central_0p20_0p30,CDF_RUN_1:35,0.3858630657196045,0.9960358801988642,1.20233,1.1990934272588465
exactbaseline_matched_reference_distance_b0p1_2p0_lam1e00_s311,central_0p20_0p30,CDF_RUN_2:36,1.8641223907470703,5.164127530589625e-05,3.27554,1.8641952781524014
exactbaseline_matched_reference_distance_b0p1_2p0_lam1e00_s311,central_0p20_0p30,CDF_RUN_2:37,1.6667990684509277,0.0023877817219835,2.91722,1.6697848006960663
exactbaseline_matched_reference_distance_b0p1_2p0_lam1e00_s311,central_0p20_0p30,CDF_RUN_2:38,1.4810874462127686,0.0134170653158552,2.90854,1.5002396703622163
exactbaseline_matched_reference_distance_b0p1_2p0_lam1e00_s311,central_0p20_0p30,CDF_RUN_2:39,1.3217525482177734,0.0383530844331178,2.8682,1.381063577907357
exactbaseline_matched_reference_distance_b0p1_2p0_lam1e00_s311,central_0p20_0p30,CDF_RUN_2:40,1.1976429224014282,0.0798964211082592,2.4889,1.3008097416322637
exactbaseline_matched_reference_distance_b0p1_2p0_lam1e00_s311,central_0p20_0p30,CDF_RUN_2:41,1.1106915473937988,0.1385843072813845,2.31978,1.2782522330401505
exactbaseline_matched_reference_distance_b0p1_2p0_lam1e00_s311,central_0p20_0p30,CDF_RUN_2:42,1.0567020177841187,0.2131511831472797,2.33764,1.329735464231723
exactbaseline_matched_reference_distance_b0p1_2p0_lam1e00_s311,central_0p20_0p30,CDF_RUN_2:43,1.0272539854049683,0.3008892555044757,2.08436,1.3453258271257709
exactbaseline_matched_reference_distance_b0p1_2p0_lam1e00_s311,central_0p20_0p30,CDF_RUN_2:44,1.0119678974151611,0.3980090561043118,2.07474,1.4349608188189475
exactbaseline_matched_reference_distance_b0p1_2p0_lam1e00_s311,central_0p20_0p30,CDF_RUN_2:45,1.000584602355957,0.4999999999999999,1.95146,1.4760223011779785
exactbaseline_matched_reference_distance_b0p1_2p0_lam1e00_s311,central_0p20_0p30,CDF_RUN_2:46,0.9844800233840942,0.6019909438956881,1.909664,1.5414323987442695
exactbaseline_matched_reference_distance_b0p1_2p0_lam1e00_s311,central_0p20_0p30,CDF_RUN_2:47,0.9575904607772827,0.6991107444955241,1.854624,1.5847162462207316
exactbaseline_matched_reference_distance_b0p1_2p0_lam1e00_s311,central_0p20_0p30,CDF_RUN_2:48,0.9167684316635132,0.7868488168527201,1.824972,1.6313873348704964
exactbaseline_matched_reference_distance_b0p1_2p0_lam1e00_s311,central_0p20_0p30,CDF_RUN_2:49,0.8617328405380249,0.8614156927186152,1.69753,1.5817016296282131
exactbaseline_matched_reference_distance_b0p1_2p0_lam1e00_s311,central_0p20_0p30,CDF_RUN_2:50,0.7571794986724854,0.9408752472293116,1.6449,1.5924137448295392
exactbaseline_matched_reference_distance_b0p1_2p0_lam1e00_s311,central_0p20_0p30,CDF_RUN_2:51,0.6043484210968018,0.9920975764810804,1.42279,1.4163223280180137
exactbaseline_matched_reference_distance_b0p1_2p0_lam1e00_s311,central_0p20_0p30,D0_RUN_1:14,1.2508004903793335,0.0206608071262849,2.589585,1.278460858916264
exactbaseline_matched_reference_distance_b0p1_2p0_lam1e00_s311,central_0p20_0p30,D0_RUN_1:15,0.7724568843841553,0.4999999999999999,1.790634,1.2815454421920776
exactbaseline_matched_reference_distance_b0p1_2p0_lam1e00_s311,late_0p22_0p32,CDF_RUN_1:30,1.441011905670166,0.0,2.72209,1.441011905670166
exactbaseline_matched_reference_distance_b0p1_2p0_lam1e00_s311,late_0p22_0p32,CDF_RUN_1:31,1.0986891984939575,0.0,2.51472,1.0986891984939575
exactbaseline_matched_reference_distance_b0p1_2p0_lam1e00_s311,late_0p22_0p32,CDF_RUN_1:32,0.8362641334533691,0.0193207037777613,2.180565,0.8622369722841045
exactbaseline_matched_reference_distance_b0p1_2p0_lam1e00_s311,late_0p22_0p32,CDF_RUN_1:33,0.7813401222229004,0.2102966915212009,1.75218,0.9855045365162716
exactbaseline_matched_reference_distance_b0p1_2p0_lam1e00_s311,late_0p22_0p32,CDF_RUN_1:34,0.650755763053894,0.5852865232044726,1.478605,1.135284764683556
exactbaseline_matched_reference_distance_b0p1_2p0_lam1e00_s311,late_0p22_0p32,CDF_RUN_1:35,0.3858630657196045,0.9023365088655396,1.20233,1.1225909888023264
exactbaseline_matched_reference_distance_b0p1_2p0_lam1e00_s311,late_0p22_0p32,CDF_RUN_2:36,1.8641223907470703,0.0,3.27554,1.8641223907470703
exactbaseline_matched_reference_distance_b0p1_2p0_lam1e00_s311,late_0p22_0p32,CDF_RUN_2:37,1.6667990684509277,0.0,2.91722,1.6667990684509277
exactbaseline_matched_reference_distance_b0p1_2p0_lam1e00_s311,late_0p22_0p32,CDF_RUN_2:38,1.4810874462127686,0.0,2.90854,1.4810874462127686
exactbaseline_matched_reference_distance_b0p1_2p0_lam1e00_s311,late_0p22_0p32,CDF_RUN_2:39,1.3217525482177734,0.0,2.8682,1.3217525482177734
exactbaseline_matched_reference_distance_b0p1_2p0_lam1e00_s311,late_0p22_0p32,CDF_RUN_2:40,1.1976429224014282,0.0003303151612864,2.4889,1.1980694441912774
exactbaseline_matched_reference_distance_b0p1_2p0_lam1e00_s311,late_0p22_0p32,CDF_RUN_2:41,1.1106915473937988,0.0050271675971199,2.31978,1.1167698376847928
exactbaseline_matched_reference_distance_b0p1_2p0_lam1e00_s311,late_0p22_0p32,CDF_RUN_2:42,1.0567020177841187,0.0206005434885857,2.33764,1.0830900363929383
exactbaseline_matched_reference_distance_b0p1_2p0_lam1e00_s311,late_0p22_0p32,CDF_RUN_2:43,1.0272539854049683,0.0513247888893216,2.08436,1.0815097284376904
exactbaseline_matched_reference_distance_b0p1_2p0_lam1e00_s311,late_0p22_0p32,CDF_RUN_2:44,1.0119678974151611,0.0990801434780254,2.07474,1.1172675098237097
exactbaseline_matched_reference_distance_b0p1_2p0_lam1e00_s311,late_0p22_0p32,CDF_RUN_2:45,1.000584602355957,0.1637132978446752,1.95146,1.1562555495436302
exactbaseline_matched_reference_distance_b0p1_2p0_lam1e00_s311,late_0p22_0p32,CDF_RUN_2:46,0.9844800233840942,0.2433979518395934,1.909664,1.209667908367216
exactbaseline_matched_reference_distance_b0p1_2p0_lam1e00_s311,late_0p22_0p32,CDF_RUN_2:47,0.9575904607772827,0.3349953729225092,1.854624,1.258092545773195
exactbaseline_matched_reference_distance_b0p1_2p0_lam1e00_s311,late_0p22_0p32,CDF_RUN_2:48,0.9167684316635132,0.4344149545116246,1.824972,1.3113056434897032
exactbaseline_matched_reference_distance_b0p1_2p0_lam1e00_s311,late_0p22_0p32,CDF_RUN_2:49,0.8617328405380249,0.5369747743326755,1.69753,1.31053483162801
exactbaseline_matched_reference_distance_b0p1_2p0_lam1e00_s311,late_0p22_0p32,CDF_RUN_2:50,0.7571794986724854,0.6848781819867951,1.6449,1.3651599017340799
exactbaseline_matched_reference_distance_b0p1_2p0_lam1e00_s311,late_0p22_0p32,CDF_RUN_2:51,0.6043484210968018,0.8499258195752324,1.42279,1.2999630508205497
exactbaseline_matched_reference_distance_b0p1_2p0_lam1e00_s311,late_0p22_0p32,D0_RUN_1:14,1.2508004903793335,2.671437209028174e-06,2.589585,1.2508040668580875
exactbaseline_matched_reference_distance_b0p1_2p0_lam1e00_s311,late_0p22_0p32,D0_RUN_1:15,0.7724568843841553,0.2207503246456333,1.790634,0.9972198132031076
exactbaseline_matched_reference_distance_b0p1_2p0_lam1e00_s312,early_0p18_0p28,CDF_RUN_1:30,1.442387580871582,0.0892391852052237,2.72209,1.5565871820597557
exactbaseline_matched_reference_distance_b0p1_2p0_lam1e00_s312,early_0p18_0p28,CDF_RUN_1:31,1.0864006280899048,0.2263136792031131,2.51472,1.4096488402239582
exactbaseline_matched_reference_distance_b0p1_2p0_lam1e00_s312,early_0p18_0p28,CDF_RUN_1:32,0.817139744758606,0.5139631863662977,2.180565,1.5178901333147556
exactbaseline_matched_reference_distance_b0p1_2p0_lam1e00_s312,early_0p18_0p28,CDF_RUN_1:33,0.7811511754989624,0.8606209544870957,1.75218,1.616838929275528
exactbaseline_matched_reference_distance_b0p1_2p0_lam1e00_s312,early_0p18_0p28,CDF_RUN_1:34,0.6525208950042725,0.9935104948187734,1.478605,1.473244122920501
exactbaseline_matched_reference_distance_b0p1_2p0_lam1e00_s312,early_0p18_0p28,CDF_RUN_1:35,0.38062047958374023,1.0,1.20233,1.20233
exactbaseline_matched_reference_distance_b0p1_2p0_lam1e00_s312,early_0p18_0p28,CDF_RUN_2:36,1.8638312816619873,0.0629515791727313,3.27554,1.9527005748132777
exactbaseline_matched_reference_distance_b0p1_2p0_lam1e00_s312,early_0p18_0p28,CDF_RUN_2:37,1.6632421016693115,0.1155267912377162,2.91722,1.808110144546471
exactbaseline_matched_reference_distance_b0p1_2p0_lam1e00_s312,early_0p18_0p28,CDF_RUN_2:38,1.4708387851715088,0.1846215696118183,2.90854,1.7362694400859628
exactbaseline_matched_reference_distance_b0p1_2p0_lam1e00_s312,early_0p18_0p28,CDF_RUN_2:39,1.3044310808181763,0.2680057887944079,2.8682,1.7235302034956796
exactbaseline_matched_reference_distance_b0p1_2p0_lam1e00_s312,early_0p18_0p28,CDF_RUN_2:40,1.1755778789520264,0.3622378472320013,2.4889,1.65131285680261
exactbaseline_matched_reference_distance_b0p1_2p0_lam1e00_s312,early_0p18_0p28,CDF_RUN_2:41,1.0876961946487427,0.4630252256673241,2.31978,1.6581820766625641
exactbaseline_matched_reference_distance_b0p1_2p0_lam1e00_s312,early_0p18_0p28,CDF_RUN_2:42,1.0365588665008545,0.5655850454883751,2.33764,1.7724308985750352
exactbaseline_matched_reference_distance_b0p1_2p0_lam1e00_s312,early_0p18_0p28,CDF_RUN_2:43,1.0125502347946167,0.6650046270774903,2.08436,1.725308688003035
exactbaseline_matched_reference_distance_b0p1_2p0_lam1e00_s312,early_0p18_0p28,CDF_RUN_2:44,1.0035732984542847,0.7566020481604062,2.07474,1.8140202187649994
exactbaseline_matched_reference_distance_b0p1_2p0_lam1e00_s312,early_0p18_0p28,CDF_RUN_2:45,0.9977951049804688,0.8362867021553243,1.95146,1.795332374997656
exactbaseline_matched_reference_distance_b0p1_2p0_lam1e00_s312,early_0p18_0p28,CDF_RUN_2:46,0.9855968952178955,0.9009198565219744,1.909664,1.8181072986748654
exactbaseline_matched_reference_distance_b0p1_2p0_lam1e00_s312,early_0p18_0p28,CDF_RUN_2:47,0.9605965614318848,0.9486752111106782,1.854624,1.8087382304542305
exactbaseline_matched_reference_distance_b0p1_2p0_lam1e00_s312,early_0p18_0p28,CDF_RUN_2:48,0.9198925495147705,0.979399456511414,1.824972,1.8063268714196536
exactbaseline_matched_reference_distance_b0p1_2p0_lam1e00_s312,early_0p18_0p28,CDF_RUN_2:49,0.8637300729751587,0.99497283240288,1.69753,1.6933383480243798
exactbaseline_matched_reference_distance_b0p1_2p0_lam1e00_s312,early_0p18_0p28,CDF_RUN_2:50,0.7563743591308594,0.9998348419300568,1.6449,1.644753252820059
exactbaseline_matched_reference_distance_b0p1_2p0_lam1e00_s312,early_0p18_0p28,CDF_RUN_2:51,0.5998375415802002,1.0,1.42279,1.42279
exactbaseline_matched_reference_distance_b0p1_2p0_lam1e00_s312,early_0p18_0p28,D0_RUN_1:14,1.2443758249282837,0.1879104824806516,2.589585,1.4971547300534094
exactbaseline_matched_reference_distance_b0p1_2p0_lam1e00_s312,early_0p18_0p28,D0_RUN_1:15,0.7638802528381348,0.7792496753543665,1.790634,1.5639777769828977
exactbaseline_matched_reference_distance_b0p1_2p0_lam1e00_s312,central_0p20_0p30,CDF_RUN_1:30,1.442387580871582,0.0012197116639461,2.72209,1.443948448838573
exactbaseline_matched_reference_distance_b0p1_2p0_lam1e00_s312,central_0p20_0p30,CDF_RUN_1:31,1.0864006280899048,0.0258850748744865,2.51472,1.123372781976477
exactbaseline_matched_reference_distance_b0p1_2p0_lam1e00_s312,central_0p20_0p30,CDF_RUN_1:32,0.817139744758606,0.1831302917603498,2.180565,1.0668242095443918
exactbaseline_matched_reference_distance_b0p1_2p0_lam1e00_s312,central_0p20_0p30,CDF_RUN_1:33,0.7811511754989624,0.549777686123881,1.75218,1.315001155792735
exactbaseline_matched_reference_distance_b0p1_2p0_lam1e00_s312,central_0p20_0p30,CDF_RUN_1:34,0.6525208950042725,0.8825037510074896,1.478605,1.381543216310667
exactbaseline_matched_reference_distance_b0p1_2p0_lam1e00_s312,central_0p20_0p30,CDF_RUN_1:35,0.38062047958374023,0.9960358801988642,1.20233,1.199072645019336
exactbaseline_matched_reference_distance_b0p1_2p0_lam1e00_s312,central_0p20_0p30,CDF_RUN_2:36,1.8638312816619873,5.164127530589625e-05,3.27554,1.8639041841005628
exactbaseline_matched_reference_distance_b0p1_2p0_lam1e00_s312,central_0p20_0p30,CDF_RUN_2:37,1.6632421016693115,0.0023877817219835,2.91722,1.666236327174717
exactbaseline_matched_reference_distance_b0p1_2p0_lam1e00_s312,central_0p20_0p30,CDF_RUN_2:38,1.4708387851715088,0.0134170653158552,2.90854,1.490128516275547
exactbaseline_matched_reference_distance_b0p1_2p0_lam1e00_s312,central_0p20_0p30,CDF_RUN_2:39,1.3044310808181763,0.0383530844331178,2.8682,1.3644064422094422
exactbaseline_matched_reference_distance_b0p1_2p0_lam1e00_s312,central_0p20_0p30,CDF_RUN_2:40,1.1755778789520264,0.0798964211082592,2.4889,1.2805076161860676
exactbaseline_matched_reference_distance_b0p1_2p0_lam1e00_s312,central_0p20_0p30,CDF_RUN_2:41,1.0876961946487427,0.1385843072813845,2.31978,1.258443675325959
exactbaseline_matched_reference_distance_b0p1_2p0_lam1e00_s312,central_0p20_0p30,CDF_RUN_2:42,1.0365588665008545,0.2131511831472797,2.33764,1.313885849476801
exactbaseline_matched_reference_distance_b0p1_2p0_lam1e00_s312,central_0p20_0p30,CDF_RUN_2:43,1.0125502347946167,0.3008892555044757,2.08436,1.3350462770896914
exactbaseline_matched_reference_distance_b0p1_2p0_lam1e00_s312,central_0p20_0p30,CDF_RUN_2:44,1.0035732984542847,0.3980090561043118,2.07474,1.4299073462668639
exactbaseline_matched_reference_distance_b0p1_2p0_lam1e00_s312,central_0p20_0p30,CDF_RUN_2:45,0.9977951049804688,0.4999999999999999,1.95146,1.4746275524902344
exactbaseline_matched_reference_distance_b0p1_2p0_lam1e00_s312,central_0p20_0p30,CDF_RUN_2:46,0.9855968952178955,0.6019909438956881,1.909664,1.5418769238486303
exactbaseline_matched_reference_distance_b0p1_2p0_lam1e00_s312,central_0p20_0p30,CDF_RUN_2:47,0.9605965614318848,0.6991107444955241,1.854624,1.5856207496086663
exactbaseline_matched_reference_distance_b0p1_2p0_lam1e00_s312,central_0p20_0p30,CDF_RUN_2:48,0.9198925495147705,0.7868488168527201,1.824972,1.6320532442867834
exactbaseline_matched_reference_distance_b0p1_2p0_lam1e00_s312,central_0p20_0p30,CDF_RUN_2:49,0.8637300729751587,0.8614156927186152,1.69753,1.5819784147019933
exactbaseline_matched_reference_distance_b0p1_2p0_lam1e00_s312,central_0p20_0p30,CDF_RUN_2:50,0.7563743591308594,0.9408752472293116,1.6449,1.5923661411531946
exactbaseline_matched_reference_distance_b0p1_2p0_lam1e00_s312,central_0p20_0p30,CDF_RUN_2:51,0.5998375415802002,0.9920975764810804,1.42279,1.4162866811376307
exactbaseline_matched_reference_distance_b0p1_2p0_lam1e00_s312,central_0p20_0p30,D0_RUN_1:14,1.2443758249282837,0.0206608071262849,2.589585,1.2721689322389493
exactbaseline_matched_reference_distance_b0p1_2p0_lam1e00_s312,central_0p20_0p30,D0_RUN_1:15,0.7638802528381348,0.4999999999999999,1.790634,1.2772571264190673
exactbaseline_matched_reference_distance_b0p1_2p0_lam1e00_s312,late_0p22_0p32,CDF_RUN_1:30,1.442387580871582,0.0,2.72209,1.442387580871582
exactbaseline_matched_reference_distance_b0p1_2p0_lam1e00_s312,late_0p22_0p32,CDF_RUN_1:31,1.0864006280899048,0.0,2.51472,1.0864006280899048
exactbaseline_matched_reference_distance_b0p1_2p0_lam1e00_s312,late_0p22_0p32,CDF_RUN_1:32,0.817139744758606,0.0193207037777613,2.180565,0.8434820802382436
exactbaseline_matched_reference_distance_b0p1_2p0_lam1e00_s312,late_0p22_0p32,CDF_RUN_1:33,0.7811511754989624,0.2102966915212009,1.75218,0.9853553246632514
exactbaseline_matched_reference_distance_b0p1_2p0_lam1e00_s312,late_0p22_0p32,CDF_RUN_1:34,0.6525208950042725,0.5852865232044726,1.478605,1.1360167886917003
exactbaseline_matched_reference_distance_b0p1_2p0_lam1e00_s312,late_0p22_0p32,CDF_RUN_1:35,0.38062047958374023,0.9023365088655396,1.20233,1.1220789795377248
exactbaseline_matched_reference_distance_b0p1_2p0_lam1e00_s312,late_0p22_0p32,CDF_RUN_2:36,1.8638312816619873,0.0,3.27554,1.8638312816619873
exactbaseline_matched_reference_distance_b0p1_2p0_lam1e00_s312,late_0p22_0p32,CDF_RUN_2:37,1.6632421016693115,0.0,2.91722,1.6632421016693115
exactbaseline_matched_reference_distance_b0p1_2p0_lam1e00_s312,late_0p22_0p32,CDF_RUN_2:38,1.4708387851715088,0.0,2.90854,1.4708387851715088
exactbaseline_matched_reference_distance_b0p1_2p0_lam1e00_s312,late_0p22_0p32,CDF_RUN_2:39,1.3044310808181763,0.0,2.8682,1.3044310808181763
exactbaseline_matched_reference_distance_b0p1_2p0_lam1e00_s312,late_0p22_0p32,CDF_RUN_2:40,1.1755778789520264,0.0003303151612864,2.4889,1.1760116891602612
exactbaseline_matched_reference_distance_b0p1_2p0_lam1e00_s312,late_0p22_0p32,CDF_RUN_2:41,1.0876961946487427,0.0050271675971199,2.31978,1.0938900864319407
exactbaseline_matched_reference_distance_b0p1_2p0_lam1e00_s312,late_0p22_0p32,CDF_RUN_2:42,1.0365588665008545,0.0206005434885857,2.33764,1.0633618449736821
exactbaseline_matched_reference_distance_b0p1_2p0_lam1e00_s312,late_0p22_0p32,CDF_RUN_2:43,1.0125502347946167,0.0513247888893216,2.08436,1.0675606447232964
exactbaseline_matched_reference_distance_b0p1_2p0_lam1e00_s312,late_0p22_0p32,CDF_RUN_2:44,1.0035732984542847,0.0990801434780254,2.07474,1.1097046489323172
exactbaseline_matched_reference_distance_b0p1_2p0_lam1e00_s312,late_0p22_0p32,CDF_RUN_2:45,0.9977951049804688,0.1637132978446752,1.95146,1.1539227299828123
exactbaseline_matched_reference_distance_b0p1_2p0_lam1e00_s312,late_0p22_0p32,CDF_RUN_2:46,0.9855968952178955,0.2433979518395934,1.909664,1.2105129358842026
exactbaseline_matched_reference_distance_b0p1_2p0_lam1e00_s312,late_0p22_0p32,CDF_RUN_2:47,0.9605965614318848,0.3349953729225092,1.854624,1.260091616617966
exactbaseline_matched_reference_distance_b0p1_2p0_lam1e00_s312,late_0p22_0p32,CDF_RUN_2:48,0.9198925495147705,0.4344149545116246,1.824972,1.3130725978267177
exactbaseline_matched_reference_distance_b0p1_2p0_lam1e00_s312,late_0p22_0p32,CDF_RUN_2:49,0.8637300729751587,0.5369747743326755,1.69753,1.311459600627924
exactbaseline_matched_reference_distance_b0p1_2p0_lam1e00_s312,late_0p22_0p32,CDF_RUN_2:50,0.7563743591308594,0.6848781819867951,1.6449,1.3649061846979684
exactbaseline_matched_reference_distance_b0p1_2p0_lam1e00_s312,late_0p22_0p32,CDF_RUN_2:51,0.5998375415802002,0.8499258195752324,1.42279,1.299286084274101
exactbaseline_matched_reference_distance_b0p1_2p0_lam1e00_s312,late_0p22_0p32,D0_RUN_1:14,1.2443758249282837,2.671437209028174e-06,2.589585,1.244379418570128
exactbaseline_matched_reference_distance_b0p1_2p0_lam1e00_s312,late_0p22_0p32,D0_RUN_1:15,0.7638802528381348,0.2207503246456333,1.790634,0.9905364758552371
exactbaseline_matched_reference_distance_b0p1_2p0_lam1e00_s313,early_0p18_0p28,CDF_RUN_1:30,1.4675955772399902,0.0892391852052237,2.72209,1.579545637371591
exactbaseline_matched_reference_distance_b0p1_2p0_lam1e00_s313,early_0p18_0p28,CDF_RUN_1:31,1.112919569015503,0.2263136792031131,2.51472,1.4301661820601141
exactbaseline_matched_reference_distance_b0p1_2p0_lam1e00_s313,early_0p18_0p28,CDF_RUN_1:32,0.8496652841567993,0.5139631863662977,2.180565,1.533698742845571
exactbaseline_matched_reference_distance_b0p1_2p0_lam1e00_s313,early_0p18_0p28,CDF_RUN_1:33,0.7943768501281738,0.8606209544870957,1.75218,1.6186823111816118
exactbaseline_matched_reference_distance_b0p1_2p0_lam1e00_s313,early_0p18_0p28,CDF_RUN_1:34,0.6529587507247925,0.9935104948187734,1.478605,1.4732469643874682
exactbaseline_matched_reference_distance_b0p1_2p0_lam1e00_s313,early_0p18_0p28,CDF_RUN_1:35,0.39070653915405273,1.0,1.20233,1.20233
exactbaseline_matched_reference_distance_b0p1_2p0_lam1e00_s313,early_0p18_0p28,CDF_RUN_2:36,1.8936796188354492,0.0629515791727313,3.27554,1.98066991202599
exactbaseline_matched_reference_distance_b0p1_2p0_lam1e00_s313,early_0p18_0p28,CDF_RUN_2:37,1.6928775310516357,0.1155267912377162,2.91722,1.8343218878653034
exactbaseline_matched_reference_distance_b0p1_2p0_lam1e00_s313,early_0p18_0p28,CDF_RUN_2:38,1.5027813911437988,0.1846215696118183,2.90854,1.7623147520061568
exactbaseline_matched_reference_distance_b0p1_2p0_lam1e00_s313,early_0p18_0p28,CDF_RUN_2:39,1.3402214050292969,0.2680057887944079,2.8682,1.7497285136353913
exactbaseline_matched_reference_distance_b0p1_2p0_lam1e00_s313,early_0p18_0p28,CDF_RUN_2:40,1.2149925231933594,0.3622378472320013,2.4889,1.6764500251645476
exactbaseline_matched_reference_distance_b0p1_2p0_lam1e00_s313,early_0p18_0p28,CDF_RUN_2:41,1.1286791563034058,0.4630252256673241,2.31978,1.6801888932485616
exactbaseline_matched_reference_distance_b0p1_2p0_lam1e00_s313,early_0p18_0p28,CDF_RUN_2:42,1.0758683681488037,0.5655850454883751,2.33764,1.789507533945304
exactbaseline_matched_reference_distance_b0p1_2p0_lam1e00_s313,early_0p18_0p28,CDF_RUN_2:43,1.046761155128479,0.6650046270774903,2.08436,1.7367691880182996
exactbaseline_matched_reference_distance_b0p1_2p0_lam1e00_s313,early_0p18_0p28,CDF_RUN_2:44,1.0301110744476318,0.7566020481604062,2.07474,1.820479459088158
exactbaseline_matched_reference_distance_b0p1_2p0_lam1e00_s313,early_0p18_0p28,CDF_RUN_2:45,1.015587329864502,0.8362867021553243,1.95146,1.7982451988094152
exactbaseline_matched_reference_distance_b0p1_2p0_lam1e00_s313,early_0p18_0p28,CDF_RUN_2:46,0.9952375888824463,0.9009198565219744,1.909664,1.8190624999863767
exactbaseline_matched_reference_distance_b0p1_2p0_lam1e00_s313,early_0p18_0p28,CDF_RUN_2:47,0.9640449285507202,0.9486752111106782,1.854624,1.8089152171686176
exactbaseline_matched_reference_distance_b0p1_2p0_lam1e00_s313,early_0p18_0p28,CDF_RUN_2:48,0.9198607206344604,0.979399456511414,1.824972,1.8063262157274207
exactbaseline_matched_reference_distance_b0p1_2p0_lam1e00_s313,early_0p18_0p28,CDF_RUN_2:49,0.8630096912384033,0.99497283240288,1.69753,1.6933347265446552
exactbaseline_matched_reference_distance_b0p1_2p0_lam1e00_s313,early_0p18_0p28,CDF_RUN_2:50,0.7588391304016113,0.9998348419300568,1.6449,1.644753659896925
exactbaseline_matched_reference_distance_b0p1_2p0_lam1e00_s313,early_0p18_0p28,CDF_RUN_2:51,0.6093800067901611,1.0,1.42279,1.42279
exactbaseline_matched_reference_distance_b0p1_2p0_lam1e00_s313,early_0p18_0p28,D0_RUN_1:14,1.27083158493042,0.1879104824806516,2.589585,1.518639175429152
exactbaseline_matched_reference_distance_b0p1_2p0_lam1e00_s313,early_0p18_0p28,D0_RUN_1:15,0.782095193862915,0.7792496753543665,1.790634,1.567998731127519
exactbaseline_matched_reference_distance_b0p1_2p0_lam1e00_s313,central_0p20_0p30,CDF_RUN_1:30,1.4675955772399902,0.0012197116639461,2.72209,1.469125698719786
exactbaseline_matched_reference_distance_b0p1_2p0_lam1e00_s313,central_0p20_0p30,CDF_RUN_1:31,1.112919569015503,0.0258850748744865,2.51472,1.149205278130624
exactbaseline_matched_reference_distance_b0p1_2p0_lam1e00_s313,central_0p20_0p30,CDF_RUN_1:32,0.8496652841567993,0.1831302917603498,2.180565,1.0933933374229312
exactbaseline_matched_reference_distance_b0p1_2p0_lam1e00_s313,central_0p20_0p30,CDF_RUN_1:33,0.7943768501281738,0.549777686123881,1.75218,1.3209556496268713
exactbaseline_matched_reference_distance_b0p1_2p0_lam1e00_s313,central_0p20_0p30,CDF_RUN_1:34,0.6529587507247925,0.8825037510074896,1.478605,1.3815946627154279
exactbaseline_matched_reference_distance_b0p1_2p0_lam1e00_s313,central_0p20_0p30,CDF_RUN_1:35,0.39070653915405273,0.9960358801988642,1.20233,1.1991126273677943
exactbaseline_matched_reference_distance_b0p1_2p0_lam1e00_s313,central_0p20_0p30,CDF_RUN_2:36,1.8936796188354492,5.164127530589625e-05,3.27554,1.8937509798678274
exactbaseline_matched_reference_distance_b0p1_2p0_lam1e00_s313,central_0p20_0p30,CDF_RUN_2:37,1.6928775310516357,0.0023877817219835,2.91722,1.6958009936204388
exactbaseline_matched_reference_distance_b0p1_2p0_lam1e00_s313,central_0p20_0p30,CDF_RUN_2:38,1.5027813911437988,0.0134170653158552,2.90854,1.5216425462171483
exactbaseline_matched_reference_distance_b0p1_2p0_lam1e00_s313,central_0p20_0p30,CDF_RUN_2:39,1.3402214050292969,0.0383530844331178,2.8682,1.398824097094205
exactbaseline_matched_reference_distance_b0p1_2p0_lam1e00_s313,central_0p20_0p30,CDF_RUN_2:40,1.2149925231933594,0.0798964211082592,2.4889,1.3167731714132627
exactbaseline_matched_reference_distance_b0p1_2p0_lam1e00_s313,central_0p20_0p30,CDF_RUN_2:41,1.1286791563034058,0.1385843072813845,2.31978,1.2937470416293708
exactbaseline_matched_reference_distance_b0p1_2p0_lam1e00_s313,central_0p20_0p30,CDF_RUN_2:42,1.0758683681488037,0.2131511831472797,2.33764,1.34481648433956
exactbaseline_matched_reference_distance_b0p1_2p0_lam1e00_s313,central_0p20_0p30,CDF_RUN_2:43,1.046761155128479,0.3008892555044757,2.08436,1.358963499074175
exactbaseline_matched_reference_distance_b0p1_2p0_lam1e00_s313,central_0p20_0p30,CDF_RUN_2:44,1.0301110744476318,0.3980090561043118,2.07474,1.4458828470859912
exactbaseline_matched_reference_distance_b0p1_2p0_lam1e00_s313,central_0p20_0p30,CDF_RUN_2:45,1.015587329864502,0.4999999999999999,1.95146,1.483523664932251
exactbaseline_matched_reference_distance_b0p1_2p0_lam1e00_s313,central_0p20_0p30,CDF_RUN_2:46,0.9952375888824463,0.6019909438956881,1.909664,1.545714007234249
exactbaseline_matched_reference_distance_b0p1_2p0_lam1e00_s313,central_0p20_0p30,CDF_RUN_2:47,0.9640449285507202,0.6991107444955241,1.854624,1.5866583262237588
exactbaseline_matched_reference_distance_b0p1_2p0_lam1e00_s313,central_0p20_0p30,CDF_RUN_2:48,0.9198607206344604,0.7868488168527201,1.824972,1.6320464599232871
exactbaseline_matched_reference_distance_b0p1_2p0_lam1e00_s313,central_0p20_0p30,CDF_RUN_2:49,0.8630096912384033,0.8614156927186152,1.69753,1.581878581098027
exactbaseline_matched_reference_distance_b0p1_2p0_lam1e00_s313,central_0p20_0p30,CDF_RUN_2:50,0.7588391304016113,0.9408752472293116,1.6449,1.5925118701452141
exactbaseline_matched_reference_distance_b0p1_2p0_lam1e00_s313,central_0p20_0p30,CDF_RUN_2:51,0.6093800067901611,0.9920975764810804,1.42279,1.4163620897391342
exactbaseline_matched_reference_distance_b0p1_2p0_lam1e00_s313,central_0p20_0p30,D0_RUN_1:14,1.27083158493042,0.0206608071262849,2.589585,1.298078094886302
exactbaseline_matched_reference_distance_b0p1_2p0_lam1e00_s313,central_0p20_0p30,D0_RUN_1:15,0.782095193862915,0.4999999999999999,1.790634,1.2863645969314574
exactbaseline_matched_reference_distance_b0p1_2p0_lam1e00_s313,late_0p22_0p32,CDF_RUN_1:30,1.4675955772399902,0.0,2.72209,1.4675955772399902
exactbaseline_matched_reference_distance_b0p1_2p0_lam1e00_s313,late_0p22_0p32,CDF_RUN_1:31,1.112919569015503,0.0,2.51472,1.112919569015503
exactbaseline_matched_reference_distance_b0p1_2p0_lam1e00_s313,late_0p22_0p32,CDF_RUN_1:32,0.8496652841567993,0.0193207037777613,2.180565,0.8753792033245125
exactbaseline_matched_reference_distance_b0p1_2p0_lam1e00_s313,late_0p22_0p32,CDF_RUN_1:33,0.7943768501281738,0.2102966915212009,1.75218,0.9957996836748038
exactbaseline_matched_reference_distance_b0p1_2p0_lam1e00_s313,late_0p22_0p32,CDF_RUN_1:34,0.6529587507247925,0.5852865232044726,1.478605,1.136198373359892
exactbaseline_matched_reference_distance_b0p1_2p0_lam1e00_s313,late_0p22_0p32,CDF_RUN_1:35,0.39070653915405273,0.9023365088655396,1.20233,1.1230640193271517
exactbaseline_matched_reference_distance_b0p1_2p0_lam1e00_s313,late_0p22_0p32,CDF_RUN_2:36,1.8936796188354492,0.0,3.27554,1.8936796188354492
exactbaseline_matched_reference_distance_b0p1_2p0_lam1e00_s313,late_0p22_0p32,CDF_RUN_2:37,1.6928775310516357,0.0,2.91722,1.6928775310516357
exactbaseline_matched_reference_distance_b0p1_2p0_lam1e00_s313,late_0p22_0p32,CDF_RUN_2:38,1.5027813911437988,0.0,2.90854,1.5027813911437988
exactbaseline_matched_reference_distance_b0p1_2p0_lam1e00_s313,late_0p22_0p32,CDF_RUN_2:39,1.3402214050292969,0.0,2.8682,1.3402214050292969
exactbaseline_matched_reference_distance_b0p1_2p0_lam1e00_s313,late_0p22_0p32,CDF_RUN_2:40,1.2149925231933594,0.0003303151612864,2.4889,1.2154133141470247
exactbaseline_matched_reference_distance_b0p1_2p0_lam1e00_s313,late_0p22_0p32,CDF_RUN_2:41,1.1286791563034058,0.0050271675971199,2.31978,1.1346670198697395
exactbaseline_matched_reference_distance_b0p1_2p0_lam1e00_s313,late_0p22_0p32,CDF_RUN_2:42,1.0758683681488037,0.0206005434885857,2.33764,1.101861549523418
exactbaseline_matched_reference_distance_b0p1_2p0_lam1e00_s313,late_0p22_0p32,CDF_RUN_2:43,1.046761155128479,0.0513247888893216,2.08436,1.100015696793314
exactbaseline_matched_reference_distance_b0p1_2p0_lam1e00_s313,late_0p22_0p32,CDF_RUN_2:44,1.0301110744476318,0.0990801434780254,2.07474,1.133613058272656
exactbaseline_matched_reference_distance_b0p1_2p0_lam1e00_s313,late_0p22_0p32,CDF_RUN_2:45,1.015587329864502,0.1637132978446752,1.95146,1.1688021310550862
exactbaseline_matched_reference_distance_b0p1_2p0_lam1e00_s313,late_0p22_0p32,CDF_RUN_2:46,0.9952375888824463,0.2433979518395934,1.909664,1.2178071044564889
exactbaseline_matched_reference_distance_b0p1_2p0_lam1e00_s313,late_0p22_0p32,CDF_RUN_2:47,0.9640449285507202,0.3349953729225092,1.854624,1.2623847967078536
exactbaseline_matched_reference_distance_b0p1_2p0_lam1e00_s313,late_0p22_0p32,CDF_RUN_2:48,0.9198607206344604,0.4344149545116246,1.824972,1.3130545958879996
exactbaseline_matched_reference_distance_b0p1_2p0_lam1e00_s313,late_0p22_0p32,CDF_RUN_2:49,0.8630096912384033,0.5369747743326755,1.69753,1.3111260457116964
exactbaseline_matched_reference_distance_b0p1_2p0_lam1e00_s313,late_0p22_0p32,CDF_RUN_2:50,0.7588391304016113,0.6848781819867951,1.6449,1.3656828879017944
exactbaseline_matched_reference_distance_b0p1_2p0_lam1e00_s313,late_0p22_0p32,CDF_RUN_2:51,0.6093800067901611,0.8499258195752324,1.42279,1.3007181619197177
exactbaseline_matched_reference_distance_b0p1_2p0_lam1e00_s313,late_0p22_0p32,D0_RUN_1:14,1.27083158493042,2.671437209028174e-06,2.589585,1.2708351078973625
exactbaseline_matched_reference_distance_b0p1_2p0_lam1e00_s313,late_0p22_0p32,D0_RUN_1:15,0.782095193862915,0.2207503246456333,1.790634,1.004730462735396
exactbaseline_matched_reference_distance_b0p1_2p0_lam1e00_s314,early_0p18_0p28,CDF_RUN_1:30,1.4591436386108398,0.0892391852052237,2.72209,1.5718479428591106
exactbaseline_matched_reference_distance_b0p1_2p0_lam1e00_s314,early_0p18_0p28,CDF_RUN_1:31,1.10989248752594,0.2263136792031131,2.51472,1.4278241705197017
exactbaseline_matched_reference_distance_b0p1_2p0_lam1e00_s314,early_0p18_0p28,CDF_RUN_1:32,0.8443096876144409,0.5139631863662977,2.180565,1.5310957257670155
exactbaseline_matched_reference_distance_b0p1_2p0_lam1e00_s314,early_0p18_0p28,CDF_RUN_1:33,0.7891229391098022,0.8606209544870957,1.75218,1.6179500260786615
exactbaseline_matched_reference_distance_b0p1_2p0_lam1e00_s314,early_0p18_0p28,CDF_RUN_1:34,0.6521437168121338,0.9935104948187734,1.478605,1.4732416752206692
exactbaseline_matched_reference_distance_b0p1_2p0_lam1e00_s314,early_0p18_0p28,CDF_RUN_1:35,0.38892054557800293,1.0,1.20233,1.20233
exactbaseline_matched_reference_distance_b0p1_2p0_lam1e00_s314,early_0p18_0p28,CDF_RUN_2:36,1.8859553337097168,0.0629515791727313,3.27554,1.9734318828469029
exactbaseline_matched_reference_distance_b0p1_2p0_lam1e00_s314,early_0p18_0p28,CDF_RUN_2:37,1.6865105628967285,0.1155267912377162,2.91722,1.8286904751112452
exactbaseline_matched_reference_distance_b0p1_2p0_lam1e00_s314,early_0p18_0p28,CDF_RUN_2:38,1.4970042705535889,0.1846215696118183,2.90854,1.7576042124871483
exactbaseline_matched_reference_distance_b0p1_2p0_lam1e00_s314,early_0p18_0p28,CDF_RUN_2:39,1.3340243101119995,0.2680057887944079,2.8682,1.7451922760296381
exactbaseline_matched_reference_distance_b0p1_2p0_lam1e00_s314,early_0p18_0p28,CDF_RUN_2:40,1.2076829671859741,0.3622378472320013,2.4889,1.6717882669894992
exactbaseline_matched_reference_distance_b0p1_2p0_lam1e00_s314,early_0p18_0p28,CDF_RUN_2:41,1.1202270984649658,0.4630252256673241,2.31978,1.6756503513981185
exactbaseline_matched_reference_distance_b0p1_2p0_lam1e00_s314,early_0p18_0p28,CDF_RUN_2:42,1.066907286643982,0.5655850454883751,2.33764,1.7856147061310117
exactbaseline_matched_reference_distance_b0p1_2p0_lam1e00_s314,early_0p18_0p28,CDF_RUN_2:43,1.038329839706421,0.6650046270774903,2.08436,1.73394473636426
exactbaseline_matched_reference_distance_b0p1_2p0_lam1e00_s314,early_0p18_0p28,CDF_RUN_2:44,1.0232465267181396,0.7566020481604062,2.07474,1.8188086422304943
exactbaseline_matched_reference_distance_b0p1_2p0_lam1e00_s314,early_0p18_0p28,CDF_RUN_2:45,1.0109694004058838,0.8362867021553243,1.95146,1.7974891823485306
exactbaseline_matched_reference_distance_b0p1_2p0_lam1e00_s314,early_0p18_0p28,CDF_RUN_2:46,0.9929969310760498,0.9009198565219744,1.909664,1.818840495289434
exactbaseline_matched_reference_distance_b0p1_2p0_lam1e00_s314,early_0p18_0p28,CDF_RUN_2:47,0.9637682437896729,0.9486752111106782,1.854624,1.808901016381668
exactbaseline_matched_reference_distance_b0p1_2p0_lam1e00_s314,early_0p18_0p28,CDF_RUN_2:48,0.920768141746521,0.979399456511414,1.824972,1.806344909095502
exactbaseline_matched_reference_distance_b0p1_2p0_lam1e00_s314,early_0p18_0p28,CDF_RUN_2:49,0.8642145395278931,0.99497283240288,1.69753,1.6933407835189356
exactbaseline_matched_reference_distance_b0p1_2p0_lam1e00_s314,early_0p18_0p28,CDF_RUN_2:50,0.7590895891189575,0.9998348419300568,1.6449,1.6447537012622033
exactbaseline_matched_reference_distance_b0p1_2p0_lam1e00_s314,early_0p18_0p28,CDF_RUN_2:51,0.6074538230895996,1.0,1.42279,1.42279
exactbaseline_matched_reference_distance_b0p1_2p0_lam1e00_s314,early_0p18_0p28,D0_RUN_1:14,1.265394926071167,0.1879104824806516,2.589585,1.5142241217592236
exactbaseline_matched_reference_distance_b0p1_2p0_lam1e00_s314,early_0p18_0p28,D0_RUN_1:15,0.7783154249191284,0.7792496753543665,1.790634,1.5671643459060927
exactbaseline_matched_reference_distance_b0p1_2p0_lam1e00_s314,central_0p20_0p30,CDF_RUN_1:30,1.4591436386108398,0.0012197116639461,2.72209,1.4606840690187646
exactbaseline_matched_reference_distance_b0p1_2p0_lam1e00_s314,central_0p20_0p30,CDF_RUN_1:31,1.10989248752594,0.0258850748744865,2.51472,1.1462565528720694
exactbaseline_matched_reference_distance_b0p1_2p0_lam1e00_s314,central_0p20_0p30,CDF_RUN_1:32,0.8443096876144409,0.1831302917603498,2.180565,1.0890185128379257
exactbaseline_matched_reference_distance_b0p1_2p0_lam1e00_s314,central_0p20_0p30,CDF_RUN_1:33,0.7891229391098022,0.549777686123881,1.75218,1.3185902216512808
exactbaseline_matched_reference_distance_b0p1_2p0_lam1e00_s314,central_0p20_0p30,CDF_RUN_1:34,0.6521437168121338,0.8825037510074896,1.478605,1.3814988992878887
exactbaseline_matched_reference_distance_b0p1_2p0_lam1e00_s314,central_0p20_0p30,CDF_RUN_1:35,0.38892054557800293,0.9960358801988642,1.20233,1.1991055474752947
exactbaseline_matched_reference_distance_b0p1_2p0_lam1e00_s314,central_0p20_0p30,CDF_RUN_2:36,1.8859553337097168,5.164127530589625e-05,3.27554,1.8860270936340295
exactbaseline_matched_reference_distance_b0p1_2p0_lam1e00_s314,central_0p20_0p30,CDF_RUN_2:37,1.6865105628967285,0.0023877817219835,2.91722,1.6894492283957163
exactbaseline_matched_reference_distance_b0p1_2p0_lam1e00_s314,central_0p20_0p30,CDF_RUN_2:38,1.4970042705535889,0.0134170653158552,2.90854,1.5159429376312348
exactbaseline_matched_reference_distance_b0p1_2p0_lam1e00_s314,central_0p20_0p30,CDF_RUN_2:39,1.3340243101119995,0.0383530844331178,2.8682,1.3928646798815107
exactbaseline_matched_reference_distance_b0p1_2p0_lam1e00_s314,central_0p20_0p30,CDF_RUN_2:40,1.2076829671859741,0.0798964211082592,2.4889,1.310047622770758
exactbaseline_matched_reference_distance_b0p1_2p0_lam1e00_s314,central_0p20_0p30,CDF_RUN_2:41,1.1202270984649658,0.1385843072813845,2.31978,1.2864663063715733
exactbaseline_matched_reference_distance_b0p1_2p0_lam1e00_s314,central_0p20_0p30,CDF_RUN_2:42,1.066907286643982,0.2131511831472797,2.33764,1.3377654679597704
exactbaseline_matched_reference_distance_b0p1_2p0_lam1e00_s314,central_0p20_0p30,CDF_RUN_2:43,1.038329839706421,0.3008892555044757,2.08436,1.3530690758723833
exactbaseline_matched_reference_distance_b0p1_2p0_lam1e00_s314,central_0p20_0p30,CDF_RUN_2:44,1.0232465267181396,0.3980090561043118,2.07474,1.4417504515188972
exactbaseline_matched_reference_distance_b0p1_2p0_lam1e00_s314,central_0p20_0p30,CDF_RUN_2:45,1.0109694004058838,0.4999999999999999,1.95146,1.4812147002029419
exactbaseline_matched_reference_distance_b0p1_2p0_lam1e00_s314,central_0p20_0p30,CDF_RUN_2:46,0.9929969310760498,0.6019909438956881,1.909664,1.5448222051356724
exactbaseline_matched_reference_distance_b0p1_2p0_lam1e00_s314,central_0p20_0p30,CDF_RUN_2:47,0.9637682437896729,0.6991107444955241,1.854624,1.5865750747519978
exactbaseline_matched_reference_distance_b0p1_2p0_lam1e00_s314,central_0p20_0p30,CDF_RUN_2:48,0.920768141746521,0.7868488168527201,1.824972,1.6322398778069356
exactbaseline_matched_reference_distance_b0p1_2p0_lam1e00_s314,central_0p20_0p30,CDF_RUN_2:49,0.8642145395278931,0.8614156927186152,1.69753,1.582045554163605
exactbaseline_matched_reference_distance_b0p1_2p0_lam1e00_s314,central_0p20_0p30,CDF_RUN_2:50,0.7590895891189575,0.9408752472293116,1.6449,1.5925266784549565
exactbaseline_matched_reference_distance_b0p1_2p0_lam1e00_s314,central_0p20_0p30,CDF_RUN_2:51,0.6074538230895996,0.9920975764810804,1.42279,1.4163468682197573
exactbaseline_matched_reference_distance_b0p1_2p0_lam1e00_s314,central_0p20_0p30,D0_RUN_1:14,1.265394926071167,0.0206608071262849,2.589585,1.2927537617871516
exactbaseline_matched_reference_distance_b0p1_2p0_lam1e00_s314,central_0p20_0p30,D0_RUN_1:15,0.7783154249191284,0.4999999999999999,1.790634,1.2844747124595641
exactbaseline_matched_reference_distance_b0p1_2p0_lam1e00_s314,late_0p22_0p32,CDF_RUN_1:30,1.4591436386108398,0.0,2.72209,1.4591436386108398
exactbaseline_matched_reference_distance_b0p1_2p0_lam1e00_s314,late_0p22_0p32,CDF_RUN_1:31,1.10989248752594,0.0,2.51472,1.10989248752594
exactbaseline_matched_reference_distance_b0p1_2p0_lam1e00_s314,late_0p22_0p32,CDF_RUN_1:32,0.8443096876144409,0.0193207037777613,2.180565,0.8701270806765022
exactbaseline_matched_reference_distance_b0p1_2p0_lam1e00_s314,late_0p22_0p32,CDF_RUN_1:33,0.7891229391098022,0.2102966915212009,1.75218,0.9916506527611426
exactbaseline_matched_reference_distance_b0p1_2p0_lam1e00_s314,late_0p22_0p32,CDF_RUN_1:34,0.6521437168121338,0.5852865232044726,1.478605,1.135860367812267
exactbaseline_matched_reference_distance_b0p1_2p0_lam1e00_s314,late_0p22_0p32,CDF_RUN_1:35,0.38892054557800293,0.9023365088655396,1.20233,1.122889592959371
exactbaseline_matched_reference_distance_b0p1_2p0_lam1e00_s314,late_0p22_0p32,CDF_RUN_2:36,1.8859553337097168,0.0,3.27554,1.8859553337097168
exactbaseline_matched_reference_distance_b0p1_2p0_lam1e00_s314,late_0p22_0p32,CDF_RUN_2:37,1.6865105628967285,0.0,2.91722,1.6865105628967285
exactbaseline_matched_reference_distance_b0p1_2p0_lam1e00_s314,late_0p22_0p32,CDF_RUN_2:38,1.4970042705535889,0.0,2.90854,1.4970042705535889
exactbaseline_matched_reference_distance_b0p1_2p0_lam1e00_s314,late_0p22_0p32,CDF_RUN_2:39,1.3340243101119995,0.0,2.8682,1.3340243101119995
exactbaseline_matched_reference_distance_b0p1_2p0_lam1e00_s314,late_0p22_0p32,CDF_RUN_2:40,1.2076829671859741,0.0003303151612864,2.4889,1.208106172596811
exactbaseline_matched_reference_distance_b0p1_2p0_lam1e00_s314,late_0p22_0p32,CDF_RUN_2:41,1.1202270984649658,0.0050271675971199,2.31978,1.1262574519425939
exactbaseline_matched_reference_distance_b0p1_2p0_lam1e00_s314,late_0p22_0p32,CDF_RUN_2:42,1.066907286643982,0.0206005434885857,2.33764,1.0930850711678413
exactbaseline_matched_reference_distance_b0p1_2p0_lam1e00_s314,late_0p22_0p32,CDF_RUN_2:43,1.038329839706421,0.0513247888893216,2.08436,1.092017116855352
exactbaseline_matched_reference_distance_b0p1_2p0_lam1e00_s314,late_0p22_0p32,CDF_RUN_2:44,1.0232465267181396,0.0990801434780254,2.07474,1.1274286509171136
exactbaseline_matched_reference_distance_b0p1_2p0_lam1e00_s314,late_0p22_0p32,CDF_RUN_2:45,1.0109694004058838,0.1637132978446752,1.95146,1.1649402180573525
exactbaseline_matched_reference_distance_b0p1_2p0_lam1e00_s314,late_0p22_0p32,CDF_RUN_2:46,0.9929969310760498,0.2433979518395934,1.909664,1.2161118181709427
exactbaseline_matched_reference_distance_b0p1_2p0_lam1e00_s314,late_0p22_0p32,CDF_RUN_2:47,0.9637682437896729,0.3349953729225092,1.854624,1.2622008000615152
exactbaseline_matched_reference_distance_b0p1_2p0_lam1e00_s314,late_0p22_0p32,CDF_RUN_2:48,0.920768141746521,0.4344149545116246,1.824972,1.3135678196989415
exactbaseline_matched_reference_distance_b0p1_2p0_lam1e00_s314,late_0p22_0p32,CDF_RUN_2:49,0.8642145395278931,0.5369747743326755,1.69753,1.3116839208628321
exactbaseline_matched_reference_distance_b0p1_2p0_lam1e00_s314,late_0p22_0p32,CDF_RUN_2:50,0.7590895891189575,0.6848781819867951,1.6449,1.365761812908142
exactbaseline_matched_reference_distance_b0p1_2p0_lam1e00_s314,late_0p22_0p32,CDF_RUN_2:51,0.6074538230895996,0.8499258195752324,1.42279,1.3004290914795085
exactbaseline_matched_reference_distance_b0p1_2p0_lam1e00_s314,late_0p22_0p32,D0_RUN_1:14,1.265394926071167,2.671437209028174e-06,2.589585,1.2653984635618023
exactbaseline_matched_reference_distance_b0p1_2p0_lam1e00_s314,late_0p22_0p32,D0_RUN_1:15,0.7783154249191284,0.2207503246456333,1.790634,1.0017850790130358
exactbaseline_matched_reference_distance_b0p1_2p0_lam1e00_s315,early_0p18_0p28,CDF_RUN_1:30,1.448479413986206,0.0892391852052237,2.72209,1.5621353849508246
exactbaseline_matched_reference_distance_b0p1_2p0_lam1e00_s315,early_0p18_0p28,CDF_RUN_1:31,1.0964512825012207,0.2263136792031131,2.51472,1.4174248940570502
exactbaseline_matched_reference_distance_b0p1_2p0_lam1e00_s315,early_0p18_0p28,CDF_RUN_1:32,0.8325750827789307,0.5139631863662977,2.180565,1.5253922758235134
exactbaseline_matched_reference_distance_b0p1_2p0_lam1e00_s315,early_0p18_0p28,CDF_RUN_1:33,0.7854695320129395,0.8606209544870957,1.75218,1.6174408176846307
exactbaseline_matched_reference_distance_b0p1_2p0_lam1e00_s315,early_0p18_0p28,CDF_RUN_1:34,0.6522111892700195,0.9935104948187734,1.478605,1.473242113083534
exactbaseline_matched_reference_distance_b0p1_2p0_lam1e00_s315,early_0p18_0p28,CDF_RUN_1:35,0.3850274085998535,1.0,1.20233,1.20233
exactbaseline_matched_reference_distance_b0p1_2p0_lam1e00_s315,early_0p18_0p28,CDF_RUN_2:36,1.8682435750961304,0.0629515791727313,3.27554,1.956835107407968
exactbaseline_matched_reference_distance_b0p1_2p0_lam1e00_s315,early_0p18_0p28,CDF_RUN_2:37,1.6655969619750977,0.1155267912377162,2.91722,1.8101929553973166
exactbaseline_matched_reference_distance_b0p1_2p0_lam1e00_s315,early_0p18_0p28,CDF_RUN_2:38,1.4732156991958618,0.1846215696118183,2.90854,1.7382075245123074
exactbaseline_matched_reference_distance_b0p1_2p0_lam1e00_s315,early_0p18_0p28,CDF_RUN_2:39,1.3084237575531006,0.2680057887944079,2.8682,1.7264528197528595
exactbaseline_matched_reference_distance_b0p1_2p0_lam1e00_s315,early_0p18_0p28,CDF_RUN_2:40,1.1817704439163208,0.3622378472320013,2.4889,1.6552622403653943
exactbaseline_matched_reference_distance_b0p1_2p0_lam1e00_s315,early_0p18_0p28,CDF_RUN_2:41,1.0956262350082397,0.4630252256673241,2.31978,1.662440308295054
exactbaseline_matched_reference_distance_b0p1_2p0_lam1e00_s315,early_0p18_0p28,CDF_RUN_2:42,1.0450949668884277,0.5655850454883751,2.33764,1.7761391082366096
exactbaseline_matched_reference_distance_b0p1_2p0_lam1e00_s315,early_0p18_0p28,CDF_RUN_2:43,1.0204060077667236,0.6650046270774903,2.08436,1.7279403355994207
exactbaseline_matched_reference_distance_b0p1_2p0_lam1e00_s315,early_0p18_0p28,CDF_RUN_2:44,1.009779691696167,0.7566020481604062,2.07474,1.8155308421683847
exactbaseline_matched_reference_distance_b0p1_2p0_lam1e00_s315,early_0p18_0p28,CDF_RUN_2:45,1.0019418001174927,0.8362867021553243,1.95146,1.7960112441336946
exactbaseline_matched_reference_distance_b0p1_2p0_lam1e00_s315,early_0p18_0p28,CDF_RUN_2:46,0.9878296852111816,0.9009198565219744,1.909664,1.8183285238277564
exactbaseline_matched_reference_distance_b0p1_2p0_lam1e00_s315,early_0p18_0p28,CDF_RUN_2:47,0.9614462852478027,0.9486752111106782,1.854624,1.8087818423496966
exactbaseline_matched_reference_distance_b0p1_2p0_lam1e00_s315,early_0p18_0p28,CDF_RUN_2:48,0.9200314283370972,0.979399456511414,1.824972,1.8063297323988725
exactbaseline_matched_reference_distance_b0p1_2p0_lam1e00_s315,early_0p18_0p28,CDF_RUN_2:49,0.8637628555297852,0.99497283240288,1.69753,1.693338512827776
exactbaseline_matched_reference_distance_b0p1_2p0_lam1e00_s315,early_0p18_0p28,CDF_RUN_2:50,0.7569839954376221,0.9998348419300568,1.6449,1.6447533535064147
exactbaseline_matched_reference_distance_b0p1_2p0_lam1e00_s315,early_0p18_0p28,CDF_RUN_2:51,0.6015365123748779,1.0,1.42279,1.42279
exactbaseline_matched_reference_distance_b0p1_2p0_lam1e00_s315,early_0p18_0p28,D0_RUN_1:14,1.2525030374526978,0.1879104824806516,2.589585,1.5037547541511378
exactbaseline_matched_reference_distance_b0p1_2p0_lam1e00_s315,early_0p18_0p28,D0_RUN_1:15,0.7717183828353882,0.7792496753543665,1.790634,1.565708046724406
exactbaseline_matched_reference_distance_b0p1_2p0_lam1e00_s315,central_0p20_0p30,CDF_RUN_1:30,1.448479413986206,0.0012197116639461,2.72209,1.4500328516732923
exactbaseline_matched_reference_distance_b0p1_2p0_lam1e00_s315,central_0p20_0p30,CDF_RUN_1:31,1.0964512825012207,0.0258850748744865,2.51472,1.1331632744458184
exactbaseline_matched_reference_distance_b0p1_2p0_lam1e00_s315,central_0p20_0p30,CDF_RUN_1:32,0.8325750827789307,0.1831302917603498,2.180565,1.079432869609635
exactbaseline_matched_reference_distance_b0p1_2p0_lam1e00_s315,central_0p20_0p30,CDF_RUN_1:33,0.7854695320129395,0.549777686123881,1.75218,1.3169453762545997
exactbaseline_matched_reference_distance_b0p1_2p0_lam1e00_s315,central_0p20_0p30,CDF_RUN_1:34,0.6522111892700195,0.8825037510074896,1.478605,1.3815068270486006
exactbaseline_matched_reference_distance_b0p1_2p0_lam1e00_s315,central_0p20_0p30,CDF_RUN_1:35,0.3850274085998535,0.9960358801988642,1.20233,1.199090114613911
exactbaseline_matched_reference_distance_b0p1_2p0_lam1e00_s315,central_0p20_0p30,CDF_RUN_2:36,1.8682435750961304,5.164127530589625e-05,3.27554,1.868316249678246
exactbaseline_matched_reference_distance_b0p1_2p0_lam1e00_s315,central_0p20_0p30,CDF_RUN_2:37,1.6655969619750977,0.0023877817219835,2.91722,1.6685855645881071
exactbaseline_matched_reference_distance_b0p1_2p0_lam1e00_s315,central_0p20_0p30,CDF_RUN_2:38,1.4732156991958618,0.0134170653158552,2.90854,1.4924735390891852
exactbaseline_matched_reference_distance_b0p1_2p0_lam1e00_s315,central_0p20_0p30,CDF_RUN_2:39,1.3084237575531006,0.0383530844331178,2.8682,1.3682459874764377
exactbaseline_matched_reference_distance_b0p1_2p0_lam1e00_s315,central_0p20_0p30,CDF_RUN_2:40,1.1817704439163208,0.0798964211082592,2.4889,1.2862054173722344
exactbaseline_matched_reference_distance_b0p1_2p0_lam1e00_s315,central_0p20_0p30,CDF_RUN_2:41,1.0956262350082397,0.1385843072813845,2.31978,1.2652747365355217
exactbaseline_matched_reference_distance_b0p1_2p0_lam1e00_s315,central_0p20_0p30,CDF_RUN_2:42,1.0450949668884277,0.2131511831472797,2.33764,1.3206024699672994
exactbaseline_matched_reference_distance_b0p1_2p0_lam1e00_s315,central_0p20_0p30,CDF_RUN_2:43,1.0204060077667236,0.3008892555044757,2.08436,1.340538332380809
exactbaseline_matched_reference_distance_b0p1_2p0_lam1e00_s315,central_0p20_0p30,CDF_RUN_2:44,1.009779691696167,0.3980090561043118,2.07474,1.4336435387927324
exactbaseline_matched_reference_distance_b0p1_2p0_lam1e00_s315,central_0p20_0p30,CDF_RUN_2:45,1.0019418001174927,0.4999999999999999,1.95146,1.4767009000587463
exactbaseline_matched_reference_distance_b0p1_2p0_lam1e00_s315,central_0p20_0p30,CDF_RUN_2:46,0.9878296852111816,0.6019909438956881,1.909664,1.5427655944863372
exactbaseline_matched_reference_distance_b0p1_2p0_lam1e00_s315,central_0p20_0p30,CDF_RUN_2:47,0.9614462852478027,0.6991107444955241,1.854624,1.5858764223750221
exactbaseline_matched_reference_distance_b0p1_2p0_lam1e00_s315,central_0p20_0p30,CDF_RUN_2:48,0.9200314283370972,0.7868488168527201,1.824972,1.6320828464720765
exactbaseline_matched_reference_distance_b0p1_2p0_lam1e00_s315,central_0p20_0p30,CDF_RUN_2:49,0.8637628555297852,0.8614156927186152,1.69753,1.581982957849617
exactbaseline_matched_reference_distance_b0p1_2p0_lam1e00_s315,central_0p20_0p30,CDF_RUN_2:50,0.7569839954376221,0.9408752472293116,1.6449,1.5924021857491122
exactbaseline_matched_reference_distance_b0p1_2p0_lam1e00_s315,central_0p20_0p30,CDF_RUN_2:51,0.6015365123748779,0.9920975764810804,1.42279,1.4163001071243966
exactbaseline_matched_reference_distance_b0p1_2p0_lam1e00_s315,central_0p20_0p30,D0_RUN_1:14,1.2525030374526978,0.0206608071262849,2.589585,1.2801282299929222
exactbaseline_matched_reference_distance_b0p1_2p0_lam1e00_s315,central_0p20_0p30,D0_RUN_1:15,0.7717183828353882,0.4999999999999999,1.790634,1.281176191417694
exactbaseline_matched_reference_distance_b0p1_2p0_lam1e00_s315,late_0p22_0p32,CDF_RUN_1:30,1.448479413986206,0.0,2.72209,1.448479413986206
exactbaseline_matched_reference_distance_b0p1_2p0_lam1e00_s315,late_0p22_0p32,CDF_RUN_1:31,1.0964512825012207,0.0,2.51472,1.0964512825012207
exactbaseline_matched_reference_distance_b0p1_2p0_lam1e00_s315,late_0p22_0p32,CDF_RUN_1:32,0.8325750827789307,0.0193207037777613,2.180565,0.858619196664968
exactbaseline_matched_reference_distance_b0p1_2p0_lam1e00_s315,late_0p22_0p32,CDF_RUN_1:33,0.7854695320129395,0.2102966915212009,1.75218,0.9887655450895301
exactbaseline_matched_reference_distance_b0p1_2p0_lam1e00_s315,late_0p22_0p32,CDF_RUN_1:34,0.6522111892700195,0.5852865232044726,1.478605,1.1358883495498646
exactbaseline_matched_reference_distance_b0p1_2p0_lam1e00_s315,late_0p22_0p32,CDF_RUN_1:35,0.3850274085998535,0.9023365088655396,1.20233,1.1225093756106204
exactbaseline_matched_reference_distance_b0p1_2p0_lam1e00_s315,late_0p22_0p32,CDF_RUN_2:36,1.8682435750961304,0.0,3.27554,1.8682435750961304
exactbaseline_matched_reference_distance_b0p1_2p0_lam1e00_s315,late_0p22_0p32,CDF_RUN_2:37,1.6655969619750977,0.0,2.91722,1.6655969619750977
exactbaseline_matched_reference_distance_b0p1_2p0_lam1e00_s315,late_0p22_0p32,CDF_RUN_2:38,1.4732156991958618,0.0,2.90854,1.4732156991958618
exactbaseline_matched_reference_distance_b0p1_2p0_lam1e00_s315,late_0p22_0p32,CDF_RUN_2:39,1.3084237575531006,0.0,2.8682,1.3084237575531006
exactbaseline_matched_reference_distance_b0p1_2p0_lam1e00_s315,late_0p22_0p32,CDF_RUN_2:40,1.1817704439163208,0.0003303151612864,2.4889,1.1822022086264607
exactbaseline_matched_reference_distance_b0p1_2p0_lam1e00_s315,late_0p22_0p32,CDF_RUN_2:41,1.0956262350082397,0.0050271675971199,2.31978,1.1017802611494987
exactbaseline_matched_reference_distance_b0p1_2p0_lam1e00_s315,late_0p22_0p32,CDF_RUN_2:42,1.0450949668884277,0.0206005434885857,2.33764,1.0717220970539982
exactbaseline_matched_reference_distance_b0p1_2p0_lam1e00_s315,late_0p22_0p32,CDF_RUN_2:43,1.0204060077667236,0.0513247888893216,2.08436,1.0750132218060475
exactbaseline_matched_reference_distance_b0p1_2p0_lam1e00_s315,late_0p22_0p32,CDF_RUN_2:44,1.009779691696167,0.0990801434780254,2.07474,1.115296111841313
exactbaseline_matched_reference_distance_b0p1_2p0_lam1e00_s315,late_0p22_0p32,CDF_RUN_2:45,1.0019418001174927,0.1637132978446752,1.95146,1.1573905559837974
exactbaseline_matched_reference_distance_b0p1_2p0_lam1e00_s315,late_0p22_0p32,CDF_RUN_2:46,0.9878296852111816,0.2433979518395934,1.909664,1.212202269366235
exactbaseline_matched_reference_distance_b0p1_2p0_lam1e00_s315,late_0p22_0p32,CDF_RUN_2:47,0.9614462852478027,0.3349953729225092,1.854624,1.2606566868872897
exactbaseline_matched_reference_distance_b0p1_2p0_lam1e00_s315,late_0p22_0p32,CDF_RUN_2:48,0.9200314283370972,0.4344149545116246,1.824972,1.3131511456117606
exactbaseline_matched_reference_distance_b0p1_2p0_lam1e00_s315,late_0p22_0p32,CDF_RUN_2:49,0.8637628555297852,0.5369747743326755,1.69753,1.311474779777678
exactbaseline_matched_reference_distance_b0p1_2p0_lam1e00_s315,late_0p22_0p32,CDF_RUN_2:50,0.7569839954376221,0.6848781819867951,1.6449,1.3650982943992824
exactbaseline_matched_reference_distance_b0p1_2p0_lam1e00_s315,late_0p22_0p32,CDF_RUN_2:51,0.6015365123748779,0.8499258195752324,1.42279,1.2995410559236777
exactbaseline_matched_reference_distance_b0p1_2p0_lam1e00_s315,late_0p22_0p32,D0_RUN_1:14,1.2525030374526978,2.671437209028174e-06,2.589585,1.252506609383204
exactbaseline_matched_reference_distance_b0p1_2p0_lam1e00_s315,late_0p22_0p32,D0_RUN_1:15,0.7717183828353882,0.2207503246456333,1.790634,0.996644336110982
exactbaseline_matched_reference_distance_b0p1_2p0_lam1e00_s316,early_0p18_0p28,CDF_RUN_1:30,1.4508410692214966,0.0892391852052237,2.72209,1.5642862879971822
exactbaseline_matched_reference_distance_b0p1_2p0_lam1e00_s316,early_0p18_0p28,CDF_RUN_1:31,1.0987420082092285,0.2263136792031131,2.51472,1.4191971972020334
exactbaseline_matched_reference_distance_b0p1_2p0_lam1e00_s316,early_0p18_0p28,CDF_RUN_1:32,0.8324460983276367,0.5139631863662977,2.180565,1.5253295846317982
exactbaseline_matched_reference_distance_b0p1_2p0_lam1e00_s316,early_0p18_0p28,CDF_RUN_1:33,0.7854701280593872,0.8606209544870957,1.75218,1.6174409007610155
exactbaseline_matched_reference_distance_b0p1_2p0_lam1e00_s316,early_0p18_0p28,CDF_RUN_1:34,0.6521999835968018,0.9935104948187734,1.478605,1.4732420403642597
exactbaseline_matched_reference_distance_b0p1_2p0_lam1e00_s316,early_0p18_0p28,CDF_RUN_1:35,0.3852428197860718,1.0,1.20233,1.20233
exactbaseline_matched_reference_distance_b0p1_2p0_lam1e00_s316,early_0p18_0p28,CDF_RUN_2:36,1.874727487564087,0.0629515791727313,3.27554,1.9629108473468488
exactbaseline_matched_reference_distance_b0p1_2p0_lam1e00_s316,early_0p18_0p28,CDF_RUN_2:37,1.6804718971252441,0.1155267912377162,2.91722,1.8233494370196974
exactbaseline_matched_reference_distance_b0p1_2p0_lam1e00_s316,early_0p18_0p28,CDF_RUN_2:38,1.4950153827667236,0.1846215696118183,2.90854,1.7559825162852758
exactbaseline_matched_reference_distance_b0p1_2p0_lam1e00_s316,early_0p18_0p28,CDF_RUN_2:39,1.3341314792633057,0.2680057887944079,2.8682,1.745270723228014
exactbaseline_matched_reference_distance_b0p1_2p0_lam1e00_s316,early_0p18_0p28,CDF_RUN_2:40,1.2078675031661987,0.3622378472320013,2.4889,1.6719059570535104
exactbaseline_matched_reference_distance_b0p1_2p0_lam1e00_s316,early_0p18_0p28,CDF_RUN_2:41,1.1189991235733032,0.4630252256673241,2.31978,1.674990959857782
exactbaseline_matched_reference_distance_b0p1_2p0_lam1e00_s316,early_0p18_0p28,CDF_RUN_2:42,1.0635976791381836,0.5655850454883751,2.33764,1.784176963136929
exactbaseline_matched_reference_distance_b0p1_2p0_lam1e00_s316,early_0p18_0p28,CDF_RUN_2:43,1.033046007156372,0.6650046270774903,2.08436,1.7321746769086963
exactbaseline_matched_reference_distance_b0p1_2p0_lam1e00_s316,early_0p18_0p28,CDF_RUN_2:44,1.0166095495224,0.7566020481604062,2.07474,1.8171932155746453
exactbaseline_matched_reference_distance_b0p1_2p0_lam1e00_s316,early_0p18_0p28,CDF_RUN_2:45,1.0038052797317505,0.8362867021553243,1.95146,1.7963163205268111
exactbaseline_matched_reference_distance_b0p1_2p0_lam1e00_s316,early_0p18_0p28,CDF_RUN_2:46,0.9860494136810303,0.9009198565219744,1.909664,1.8181521342691194
exactbaseline_matched_reference_distance_b0p1_2p0_lam1e00_s316,early_0p18_0p28,CDF_RUN_2:47,0.9575661420822144,0.9486752111106782,1.854624,1.8085826948208625
exactbaseline_matched_reference_distance_b0p1_2p0_lam1e00_s316,early_0p18_0p28,CDF_RUN_2:48,0.9155856370925903,0.979399456511414,1.824972,1.8062381466829989
exactbaseline_matched_reference_distance_b0p1_2p0_lam1e00_s316,early_0p18_0p28,CDF_RUN_2:49,0.8601267337799072,0.99497283240288,1.69753,1.693320233434336
exactbaseline_matched_reference_distance_b0p1_2p0_lam1e00_s316,early_0p18_0p28,CDF_RUN_2:50,0.7565115690231323,0.9998348419300568,1.6449,1.64475327548138
exactbaseline_matched_reference_distance_b0p1_2p0_lam1e00_s316,early_0p18_0p28,CDF_RUN_2:51,0.6063990592956543,1.0,1.42279,1.42279
exactbaseline_matched_reference_distance_b0p1_2p0_lam1e00_s316,early_0p18_0p28,D0_RUN_1:14,1.2563254833221436,0.1879104824806516,2.589585,1.506858922373
exactbaseline_matched_reference_distance_b0p1_2p0_lam1e00_s316,early_0p18_0p28,D0_RUN_1:15,0.7724833488464355,0.7792496753543665,1.790634,1.5658769132196877
exactbaseline_matched_reference_distance_b0p1_2p0_lam1e00_s316,central_0p20_0p30,CDF_RUN_1:30,1.4508410692214966,0.0012197116639461,2.72209,1.4523916263701462
exactbaseline_matched_reference_distance_b0p1_2p0_lam1e00_s316,central_0p20_0p30,CDF_RUN_1:31,1.0987420082092285,0.0258850748744865,2.51472,1.1353947045473576
exactbaseline_matched_reference_distance_b0p1_2p0_lam1e00_s316,central_0p20_0p30,CDF_RUN_1:32,0.8324460983276367,0.1831302917603498,2.180565,1.079327506118539
exactbaseline_matched_reference_distance_b0p1_2p0_lam1e00_s316,central_0p20_0p30,CDF_RUN_1:33,0.7854701280593872,0.549777686123881,1.75218,1.3169456446080106
exactbaseline_matched_reference_distance_b0p1_2p0_lam1e00_s316,central_0p20_0p30,CDF_RUN_1:34,0.6521999835968018,0.8825037510074896,1.478605,1.3815055104240301
exactbaseline_matched_reference_distance_b0p1_2p0_lam1e00_s316,central_0p20_0p30,CDF_RUN_1:35,0.3852428197860718,0.9960358801988642,1.20233,1.1990909685296598
exactbaseline_matched_reference_distance_b0p1_2p0_lam1e00_s316,central_0p20_0p30,CDF_RUN_2:36,1.874727487564087,5.164127530589625e-05,3.27554,1.8747998273086937
exactbaseline_matched_reference_distance_b0p1_2p0_lam1e00_s316,central_0p20_0p30,CDF_RUN_2:37,1.6804718971252441,0.0023877817219835,2.91722,1.6834249816399864
exactbaseline_matched_reference_distance_b0p1_2p0_lam1e00_s316,central_0p20_0p30,CDF_RUN_2:38,1.4950153827667236,0.0134170653158552,2.90854,1.5139807348817118
exactbaseline_matched_reference_distance_b0p1_2p0_lam1e00_s316,central_0p20_0p30,CDF_RUN_2:39,1.3341314792633057,0.0383530844331178,2.8682,1.3929677387653083
exactbaseline_matched_reference_distance_b0p1_2p0_lam1e00_s316,central_0p20_0p30,CDF_RUN_2:40,1.2078675031661987,0.0798964211082592,2.4889,1.3102174149865968
exactbaseline_matched_reference_distance_b0p1_2p0_lam1e00_s316,central_0p20_0p30,CDF_RUN_2:41,1.1189991235733032,0.1385843072813845,2.31978,1.2854085095296308
exactbaseline_matched_reference_distance_b0p1_2p0_lam1e00_s316,central_0p20_0p30,CDF_RUN_2:42,1.0635976791381836,0.2131511831472797,2.33764,1.335161307209586
exactbaseline_matched_reference_distance_b0p1_2p0_lam1e00_s316,central_0p20_0p30,CDF_RUN_2:43,1.033046007156372,0.3008892555044757,2.08436,1.349375091764529
exactbaseline_matched_reference_distance_b0p1_2p0_lam1e00_s316,central_0p20_0p30,CDF_RUN_2:44,1.0166095495224,0.3980090561043118,2.07474,1.4377550513522197
exactbaseline_matched_reference_distance_b0p1_2p0_lam1e00_s316,central_0p20_0p30,CDF_RUN_2:45,1.0038052797317505,0.4999999999999999,1.95146,1.4776326398658752
exactbaseline_matched_reference_distance_b0p1_2p0_lam1e00_s316,central_0p20_0p30,CDF_RUN_2:46,0.9860494136810303,0.6019909438956881,1.909664,1.5420570302950123
exactbaseline_matched_reference_distance_b0p1_2p0_lam1e00_s316,central_0p20_0p30,CDF_RUN_2:47,0.9575661420822144,0.6991107444955241,1.854624,1.5847089289866776
exactbaseline_matched_reference_distance_b0p1_2p0_lam1e00_s316,central_0p20_0p30,CDF_RUN_2:48,0.9155856370925903,0.7868488168527201,1.824972,1.631135220808284
exactbaseline_matched_reference_distance_b0p1_2p0_lam1e00_s316,central_0p20_0p30,CDF_RUN_2:49,0.8601267337799072,0.8614156927186152,1.69753,1.5814790484357195
exactbaseline_matched_reference_distance_b0p1_2p0_lam1e00_s316,central_0p20_0p30,CDF_RUN_2:50,0.7565115690231323,0.9408752472293116,1.6449,1.592374253654153
exactbaseline_matched_reference_distance_b0p1_2p0_lam1e00_s316,central_0p20_0p30,CDF_RUN_2:51,0.6063990592956543,0.9920975764810804,1.42279,1.416338533029545
exactbaseline_matched_reference_distance_b0p1_2p0_lam1e00_s316,central_0p20_0p30,D0_RUN_1:14,1.2563254833221436,0.0206608071262849,2.589585,1.2838717010455085
exactbaseline_matched_reference_distance_b0p1_2p0_lam1e00_s316,central_0p20_0p30,D0_RUN_1:15,0.7724833488464355,0.4999999999999999,1.790634,1.2815586744232177
exactbaseline_matched_reference_distance_b0p1_2p0_lam1e00_s316,late_0p22_0p32,CDF_RUN_1:30,1.4508410692214966,0.0,2.72209,1.4508410692214966
exactbaseline_matched_reference_distance_b0p1_2p0_lam1e00_s316,late_0p22_0p32,CDF_RUN_1:31,1.0987420082092285,0.0,2.51472,1.0987420082092285
exactbaseline_matched_reference_distance_b0p1_2p0_lam1e00_s316,late_0p22_0p32,CDF_RUN_1:32,0.8324460983276367,0.0193207037777613,2.180565,0.8584927042840494
exactbaseline_matched_reference_distance_b0p1_2p0_lam1e00_s316,late_0p22_0p32,CDF_RUN_1:33,0.7854701280593872,0.2102966915212009,1.75218,0.9887660157893818
exactbaseline_matched_reference_distance_b0p1_2p0_lam1e00_s316,late_0p22_0p32,CDF_RUN_1:34,0.6521999835968018,0.5852865232044726,1.478605,1.1358837024061648
exactbaseline_matched_reference_distance_b0p1_2p0_lam1e00_s316,late_0p22_0p32,CDF_RUN_1:35,0.3852428197860718,0.9023365088655396,1.20233,1.1225304134190959
exactbaseline_matched_reference_distance_b0p1_2p0_lam1e00_s316,late_0p22_0p32,CDF_RUN_2:36,1.874727487564087,0.0,3.27554,1.874727487564087
exactbaseline_matched_reference_distance_b0p1_2p0_lam1e00_s316,late_0p22_0p32,CDF_RUN_2:37,1.6804718971252441,0.0,2.91722,1.6804718971252441
exactbaseline_matched_reference_distance_b0p1_2p0_lam1e00_s316,late_0p22_0p32,CDF_RUN_2:38,1.4950153827667236,0.0,2.90854,1.4950153827667236
exactbaseline_matched_reference_distance_b0p1_2p0_lam1e00_s316,late_0p22_0p32,CDF_RUN_2:39,1.3341314792633057,0.0,2.8682,1.3341314792633057
exactbaseline_matched_reference_distance_b0p1_2p0_lam1e00_s316,late_0p22_0p32,CDF_RUN_2:40,1.2078675031661987,0.0003303151612864,2.4889,1.2082906476220034
exactbaseline_matched_reference_distance_b0p1_2p0_lam1e00_s316,late_0p22_0p32,CDF_RUN_2:41,1.1189991235733032,0.0050271675971199,2.31978,1.1250356502865166
exactbaseline_matched_reference_distance_b0p1_2p0_lam1e00_s316,late_0p22_0p32,CDF_RUN_2:42,1.0635976791381836,0.0206005434885857,2.33764,1.0898436433753962
exactbaseline_matched_reference_distance_b0p1_2p0_lam1e00_s316,late_0p22_0p32,CDF_RUN_2:43,1.033046007156372,0.0513247888893216,2.08436,1.0870044758954611
exactbaseline_matched_reference_distance_b0p1_2p0_lam1e00_s316,late_0p22_0p32,CDF_RUN_2:44,1.0166095495224,0.0990801434780254,2.07474,1.1214492663741882
exactbaseline_matched_reference_distance_b0p1_2p0_lam1e00_s316,late_0p22_0p32,CDF_RUN_2:45,1.0038052797317505,0.1637132978446752,1.95146,1.158948959204939
exactbaseline_matched_reference_distance_b0p1_2p0_lam1e00_s316,late_0p22_0p32,CDF_RUN_2:46,0.9860494136810303,0.2433979518395934,1.909664,1.2108553122802408
exactbaseline_matched_reference_distance_b0p1_2p0_lam1e00_s316,late_0p22_0p32,CDF_RUN_2:47,0.9575661420822144,0.3349953729225092,1.854624,1.2580763737284502
exactbaseline_matched_reference_distance_b0p1_2p0_lam1e00_s316,late_0p22_0p32,CDF_RUN_2:48,0.9155856370925903,0.4344149545116246,1.824972,1.3106366725685046
exactbaseline_matched_reference_distance_b0p1_2p0_lam1e00_s316,late_0p22_0p32,CDF_RUN_2:49,0.8601267337799072,0.5369747743326755,1.69753,1.3097911636838868
exactbaseline_matched_reference_distance_b0p1_2p0_lam1e00_s316,late_0p22_0p32,CDF_RUN_2:50,0.7565115690231323,0.6848781819867951,1.6449,1.364949422528671
exactbaseline_matched_reference_distance_b0p1_2p0_lam1e00_s316,late_0p22_0p32,CDF_RUN_2:51,0.6063990592956543,0.8499258195752324,1.42279,1.3002707986675903
exactbaseline_matched_reference_distance_b0p1_2p0_lam1e00_s316,late_0p22_0p32,D0_RUN_1:14,1.2563254833221436,2.671437209028174e-06,2.589585,1.2563290450412257
exactbaseline_matched_reference_distance_b0p1_2p0_lam1e00_s316,late_0p22_0p32,D0_RUN_1:15,0.7724833488464355,0.2207503246456333,1.790634,0.9972404356267479
exactbaseline_matched_reference_distance_b0p1_2p0_lam1e00_s317,early_0p18_0p28,CDF_RUN_1:30,1.4519752264022827,0.0892391852052237,2.72209,1.5653192339152602
exactbaseline_matched_reference_distance_b0p1_2p0_lam1e00_s317,early_0p18_0p28,CDF_RUN_1:31,1.1017950773239136,0.2263136792031131,2.51472,1.4215593150125128
exactbaseline_matched_reference_distance_b0p1_2p0_lam1e00_s317,early_0p18_0p28,CDF_RUN_1:32,0.8397036790847778,0.5139631863662977,2.180565,1.5288570360576883
exactbaseline_matched_reference_distance_b0p1_2p0_lam1e00_s317,early_0p18_0p28,CDF_RUN_1:33,0.7877333164215088,0.8606209544870957,1.75218,1.617756341794744
exactbaseline_matched_reference_distance_b0p1_2p0_lam1e00_s317,early_0p18_0p28,CDF_RUN_1:34,0.652424693107605,0.9935104948187734,1.478605,1.4732434986177942
exactbaseline_matched_reference_distance_b0p1_2p0_lam1e00_s317,early_0p18_0p28,CDF_RUN_1:35,0.3870713710784912,1.0,1.20233,1.20233
exactbaseline_matched_reference_distance_b0p1_2p0_lam1e00_s317,early_0p18_0p28,CDF_RUN_2:36,1.8709039688110352,0.0629515791727313,3.27554,1.9593280251372984
exactbaseline_matched_reference_distance_b0p1_2p0_lam1e00_s317,early_0p18_0p28,CDF_RUN_2:37,1.6687344312667847,0.1155267912377162,2.91722,1.8129679629291282
exactbaseline_matched_reference_distance_b0p1_2p0_lam1e00_s317,early_0p18_0p28,CDF_RUN_2:38,1.4770499467849731,0.1846215696118183,2.90854,1.7413338872932367
exactbaseline_matched_reference_distance_b0p1_2p0_lam1e00_s317,early_0p18_0p28,CDF_RUN_2:39,1.3129198551177979,0.2680057887944079,2.8682,1.7297439371432335
exactbaseline_matched_reference_distance_b0p1_2p0_lam1e00_s317,early_0p18_0p28,CDF_RUN_2:40,1.1866652965545654,0.3622378472320013,2.4889,1.6583839921214434
exactbaseline_matched_reference_distance_b0p1_2p0_lam1e00_s317,early_0p18_0p28,CDF_RUN_2:41,1.100507378578186,0.4630252256673241,2.31978,1.6650613592620114
exactbaseline_matched_reference_distance_b0p1_2p0_lam1e00_s317,early_0p18_0p28,CDF_RUN_2:42,1.0495203733444214,0.5655850454883751,2.33764,1.7780615709808856
exactbaseline_matched_reference_distance_b0p1_2p0_lam1e00_s317,early_0p18_0p28,CDF_RUN_2:43,1.0240256786346436,0.6650046270774903,2.08436,1.7291529085916761
exactbaseline_matched_reference_distance_b0p1_2p0_lam1e00_s317,early_0p18_0p28,CDF_RUN_2:44,1.012406349182129,0.7566020481604062,2.07474,1.8161701652206519
exactbaseline_matched_reference_distance_b0p1_2p0_lam1e00_s317,early_0p18_0p28,CDF_RUN_2:45,1.0035706758499146,0.8362867021553243,1.95146,1.7962779127516286
exactbaseline_matched_reference_distance_b0p1_2p0_lam1e00_s317,early_0p18_0p28,CDF_RUN_2:46,0.9886126518249512,0.9009198565219744,1.909664,1.8184061002721874
exactbaseline_matched_reference_distance_b0p1_2p0_lam1e00_s317,early_0p18_0p28,CDF_RUN_2:47,0.9616475105285645,0.9486752111106782,1.854624,1.808792170194751
exactbaseline_matched_reference_distance_b0p1_2p0_lam1e00_s317,early_0p18_0p28,CDF_RUN_2:48,0.919945240020752,0.979399456511414,1.824972,1.8063279568727135
exactbaseline_matched_reference_distance_b0p1_2p0_lam1e00_s317,early_0p18_0p28,CDF_RUN_2:49,0.8636679649353027,0.99497283240288,1.69753,1.6933380357968542
exactbaseline_matched_reference_distance_b0p1_2p0_lam1e00_s317,early_0p18_0p28,CDF_RUN_2:50,0.757283091545105,0.9998348419300568,1.6449,1.6447534029045505
exactbaseline_matched_reference_distance_b0p1_2p0_lam1e00_s317,early_0p18_0p28,CDF_RUN_2:51,0.6026279926300049,1.0,1.42279,1.42279
exactbaseline_matched_reference_distance_b0p1_2p0_lam1e00_s317,early_0p18_0p28,D0_RUN_1:14,1.2561640739440918,0.1879104824806516,2.589585,1.5067278435090548
exactbaseline_matched_reference_distance_b0p1_2p0_lam1e00_s317,early_0p18_0p28,D0_RUN_1:15,0.7750110626220703,0.7792496753543665,1.790634,1.5664349068562702
exactbaseline_matched_reference_distance_b0p1_2p0_lam1e00_s317,central_0p20_0p30,CDF_RUN_1:30,1.4519752264022827,0.0012197116639461,2.72209,1.45352440020619
exactbaseline_matched_reference_distance_b0p1_2p0_lam1e00_s317,central_0p20_0p30,CDF_RUN_1:31,1.1017950773239136,0.0258850748744865,2.51472,1.138368744739412
exactbaseline_matched_reference_distance_b0p1_2p0_lam1e00_s317,central_0p20_0p30,CDF_RUN_1:32,0.8397036790847778,0.1831302917603498,2.180565,1.0852560039941506
exactbaseline_matched_reference_distance_b0p1_2p0_lam1e00_s317,central_0p20_0p30,CDF_RUN_1:33,0.7877333164215088,0.549777686123881,1.75218,1.3179645825091426
exactbaseline_matched_reference_distance_b0p1_2p0_lam1e00_s317,central_0p20_0p30,CDF_RUN_1:34,0.652424693107605,0.8825037510074896,1.478605,1.3815319129486625
exactbaseline_matched_reference_distance_b0p1_2p0_lam1e00_s317,central_0p20_0p30,CDF_RUN_1:35,0.3870713710784912,0.9960358801988642,1.20233,1.1990982171260454
exactbaseline_matched_reference_distance_b0p1_2p0_lam1e00_s317,central_0p20_0p30,CDF_RUN_2:36,1.8709039688110352,5.164127530589625e-05,3.27554,1.8709765060070265
exactbaseline_matched_reference_distance_b0p1_2p0_lam1e00_s317,central_0p20_0p30,CDF_RUN_2:37,1.6687344312667847,0.0023877817219835,2.91722,1.6717155422879661
exactbaseline_matched_reference_distance_b0p1_2p0_lam1e00_s317,central_0p20_0p30,CDF_RUN_2:38,1.4770499467849731,0.0134170653158552,2.90854,1.4962563423279562
exactbaseline_matched_reference_distance_b0p1_2p0_lam1e00_s317,central_0p20_0p30,CDF_RUN_2:39,1.3129198551177979,0.0383530844331178,2.8682,1.3725696458316166
exactbaseline_matched_reference_distance_b0p1_2p0_lam1e00_s317,central_0p20_0p30,CDF_RUN_2:40,1.1866652965545654,0.0798964211082592,2.4889,1.2907091888028308
exactbaseline_matched_reference_distance_b0p1_2p0_lam1e00_s317,central_0p20_0p30,CDF_RUN_2:41,1.100507378578186,0.1385843072813845,2.31978,1.2694794302050858
exactbaseline_matched_reference_distance_b0p1_2p0_lam1e00_s317,central_0p20_0p30,CDF_RUN_2:42,1.0495203733444214,0.2131511831472797,2.33764,1.3240845958012903
exactbaseline_matched_reference_distance_b0p1_2p0_lam1e00_s317,central_0p20_0p30,CDF_RUN_2:43,1.0240256786346436,0.3008892555044757,2.08436,1.3430688831761093
exactbaseline_matched_reference_distance_b0p1_2p0_lam1e00_s317,central_0p20_0p30,CDF_RUN_2:44,1.012406349182129,0.3980090561043118,2.07474,1.4352247628119974
exactbaseline_matched_reference_distance_b0p1_2p0_lam1e00_s317,central_0p20_0p30,CDF_RUN_2:45,1.0035706758499146,0.4999999999999999,1.95146,1.4775153379249573
exactbaseline_matched_reference_distance_b0p1_2p0_lam1e00_s317,central_0p20_0p30,CDF_RUN_2:46,0.9886126518249512,0.6019909438956881,1.909664,1.5430772222892448
exactbaseline_matched_reference_distance_b0p1_2p0_lam1e00_s317,central_0p20_0p30,CDF_RUN_2:47,0.9616475105285645,0.6991107444955241,1.854624,1.5859369688999392
exactbaseline_matched_reference_distance_b0p1_2p0_lam1e00_s317,central_0p20_0p30,CDF_RUN_2:48,0.919945240020752,0.7868488168527201,1.824972,1.632064475330474
exactbaseline_matched_reference_distance_b0p1_2p0_lam1e00_s317,central_0p20_0p30,CDF_RUN_2:49,0.8636679649353027,0.8614156927186152,1.69753,1.5819698075023132
exactbaseline_matched_reference_distance_b0p1_2p0_lam1e00_s317,central_0p20_0p30,CDF_RUN_2:50,0.757283091545105,0.9408752472293116,1.6449,1.5924198697325216
exactbaseline_matched_reference_distance_b0p1_2p0_lam1e00_s317,central_0p20_0p30,CDF_RUN_2:51,0.6026279926300049,0.9920975764810804,1.42279,1.416308732463635
exactbaseline_matched_reference_distance_b0p1_2p0_lam1e00_s317,central_0p20_0p30,D0_RUN_1:14,1.2561640739440918,0.0206608071262849,2.589585,1.2837136265154852
exactbaseline_matched_reference_distance_b0p1_2p0_lam1e00_s317,central_0p20_0p30,D0_RUN_1:15,0.7750110626220703,0.4999999999999999,1.790634,1.282822531311035
exactbaseline_matched_reference_distance_b0p1_2p0_lam1e00_s317,late_0p22_0p32,CDF_RUN_1:30,1.4519752264022827,0.0,2.72209,1.4519752264022827
exactbaseline_matched_reference_distance_b0p1_2p0_lam1e00_s317,late_0p22_0p32,CDF_RUN_1:31,1.1017950773239136,0.0,2.51472,1.1017950773239136
exactbaseline_matched_reference_distance_b0p1_2p0_lam1e00_s317,late_0p22_0p32,CDF_RUN_1:32,0.8397036790847778,0.0193207037777613,2.180565,0.8656100634732387
exactbaseline_matched_reference_distance_b0p1_2p0_lam1e00_s317,late_0p22_0p32,CDF_RUN_1:33,0.7877333164215088,0.2102966915212009,1.75218,0.99055326312666
exactbaseline_matched_reference_distance_b0p1_2p0_lam1e00_s317,late_0p22_0p32,CDF_RUN_1:34,0.652424693107605,0.5852865232044726,1.478605,1.1359768924686588
exactbaseline_matched_reference_distance_b0p1_2p0_lam1e00_s317,late_0p22_0p32,CDF_RUN_1:35,0.3870713710784912,0.9023365088655396,1.20233,1.1227089961220318
exactbaseline_matched_reference_distance_b0p1_2p0_lam1e00_s317,late_0p22_0p32,CDF_RUN_2:36,1.8709039688110352,0.0,3.27554,1.8709039688110352
exactbaseline_matched_reference_distance_b0p1_2p0_lam1e00_s317,late_0p22_0p32,CDF_RUN_2:37,1.6687344312667847,0.0,2.91722,1.6687344312667847
exactbaseline_matched_reference_distance_b0p1_2p0_lam1e00_s317,late_0p22_0p32,CDF_RUN_2:38,1.4770499467849731,0.0,2.90854,1.4770499467849731
exactbaseline_matched_reference_distance_b0p1_2p0_lam1e00_s317,late_0p22_0p32,CDF_RUN_2:39,1.3129198551177979,0.0,2.8682,1.3129198551177979
exactbaseline_matched_reference_distance_b0p1_2p0_lam1e00_s317,late_0p22_0p32,CDF_RUN_2:40,1.1866652965545654,0.0003303151612864,2.4889,1.1870954444206667
exactbaseline_matched_reference_distance_b0p1_2p0_lam1e00_s317,late_0p22_0p32,CDF_RUN_2:41,1.100507378578186,0.0050271675971199,2.31978,1.1066368663926531
exactbaseline_matched_reference_distance_b0p1_2p0_lam1e00_s317,late_0p22_0p32,CDF_RUN_2:42,1.0495203733444214,0.0206005434885857,2.33764,1.0760563377318406
exactbaseline_matched_reference_distance_b0p1_2p0_lam1e00_s317,late_0p22_0p32,CDF_RUN_2:43,1.0240256786346436,0.0513247888893216,2.08436,1.0784471138308227
exactbaseline_matched_reference_distance_b0p1_2p0_lam1e00_s317,late_0p22_0p32,CDF_RUN_2:44,1.012406349182129,0.0990801434780254,2.07474,1.117662519726698
exactbaseline_matched_reference_distance_b0p1_2p0_lam1e00_s317,late_0p22_0p32,CDF_RUN_2:45,1.0035706758499146,0.1637132978446752,1.95146,1.1587527630982855
exactbaseline_matched_reference_distance_b0p1_2p0_lam1e00_s317,late_0p22_0p32,CDF_RUN_2:46,0.9886126518249512,0.2433979518395934,1.909664,1.2127946635098543
exactbaseline_matched_reference_distance_b0p1_2p0_lam1e00_s317,late_0p22_0p32,CDF_RUN_2:47,0.9616475105285645,0.3349953729225092,1.854624,1.2607905026300812
exactbaseline_matched_reference_distance_b0p1_2p0_lam1e00_s317,late_0p22_0p32,CDF_RUN_2:48,0.919945240020752,0.4344149545116246,1.824972,1.3131023987889399
exactbaseline_matched_reference_distance_b0p1_2p0_lam1e00_s317,late_0p22_0p32,CDF_RUN_2:49,0.8636679649353027,0.5369747743326755,1.69753,1.311430843038754
exactbaseline_matched_reference_distance_b0p1_2p0_lam1e00_s317,late_0p22_0p32,CDF_RUN_2:50,0.757283091545105,0.6848781819867951,1.6449,1.365192546108433
exactbaseline_matched_reference_distance_b0p1_2p0_lam1e00_s317,late_0p22_0p32,CDF_RUN_2:51,0.6026279926300049,0.8499258195752324,1.42279,1.299704858928416
exactbaseline_matched_reference_distance_b0p1_2p0_lam1e00_s317,late_0p22_0p32,D0_RUN_1:14,1.2561640739440918,2.671437209028174e-06,2.589585,1.256167636094369
exactbaseline_matched_reference_distance_b0p1_2p0_lam1e00_s317,late_0p22_0p32,D0_RUN_1:15,0.7750110626220703,0.2207503246456333,1.790634,0.9992101557658
exactbaseline_matched_reference_distance_b0p1_2p0_lam1e00_s318,early_0p18_0p28,CDF_RUN_1:30,1.4599288702011108,0.0892391852052237,2.72209,1.5725631010220684
exactbaseline_matched_reference_distance_b0p1_2p0_lam1e00_s318,early_0p18_0p28,CDF_RUN_1:31,1.115532636642456,0.2263136792031131,2.51472,1.4321878767384049
exactbaseline_matched_reference_distance_b0p1_2p0_lam1e00_s318,early_0p18_0p28,CDF_RUN_1:32,0.8523232936859131,0.5139631863662977,2.180565,1.5349906333277095
exactbaseline_matched_reference_distance_b0p1_2p0_lam1e00_s318,early_0p18_0p28,CDF_RUN_1:33,0.7896811962127686,0.8606209544870957,1.75218,1.6180278354208237
exactbaseline_matched_reference_distance_b0p1_2p0_lam1e00_s318,early_0p18_0p28,CDF_RUN_1:34,0.651309609413147,0.9935104948187734,1.478605,1.4732362622763817
exactbaseline_matched_reference_distance_b0p1_2p0_lam1e00_s318,early_0p18_0p28,CDF_RUN_1:35,0.3911057710647583,1.0,1.20233,1.20233
exactbaseline_matched_reference_distance_b0p1_2p0_lam1e00_s318,early_0p18_0p28,CDF_RUN_2:36,1.8929345607757568,0.0629515791727313,3.27554,1.9799717565477306
exactbaseline_matched_reference_distance_b0p1_2p0_lam1e00_s318,early_0p18_0p28,CDF_RUN_2:37,1.6958963871002197,0.1155267912377162,2.91722,1.8369919851613858
exactbaseline_matched_reference_distance_b0p1_2p0_lam1e00_s318,early_0p18_0p28,CDF_RUN_2:38,1.5098097324371338,0.1846215696118183,2.90854,1.7680455098981487
exactbaseline_matched_reference_distance_b0p1_2p0_lam1e00_s318,early_0p18_0p28,CDF_RUN_2:39,1.3499635457992554,0.2680057887944079,2.8682,1.7568597042837508
exactbaseline_matched_reference_distance_b0p1_2p0_lam1e00_s318,early_0p18_0p28,CDF_RUN_2:40,1.2253913879394531,0.3622378472320013,2.4889,1.6830820275313596
exactbaseline_matched_reference_distance_b0p1_2p0_lam1e00_s318,early_0p18_0p28,CDF_RUN_2:41,1.1377594470977783,0.4630252256673241,2.31978,1.6850647803487449
exactbaseline_matched_reference_distance_b0p1_2p0_lam1e00_s318,early_0p18_0p28,CDF_RUN_2:42,1.082376480102539,0.5655850454883751,2.33764,1.7923347551036424
exactbaseline_matched_reference_distance_b0p1_2p0_lam1e00_s318,early_0p18_0p28,CDF_RUN_2:43,1.0503945350646973,0.6650046270774903,2.08436,1.7379863534850022
exactbaseline_matched_reference_distance_b0p1_2p0_lam1e00_s318,early_0p18_0p28,CDF_RUN_2:44,1.031358003616333,0.7566020481604062,2.07474,1.8207829590939089
exactbaseline_matched_reference_distance_b0p1_2p0_lam1e00_s318,early_0p18_0p28,CDF_RUN_2:45,1.0153663158416748,0.8362867021553243,1.95146,1.7982090158748683
exactbaseline_matched_reference_distance_b0p1_2p0_lam1e00_s318,early_0p18_0p28,CDF_RUN_2:46,0.9944874048233032,0.9009198565219744,1.909664,1.8189881716421619
exactbaseline_matched_reference_distance_b0p1_2p0_lam1e00_s318,early_0p18_0p28,CDF_RUN_2:47,0.9634547233581543,0.9486752111106782,1.854624,1.8088849250117078
exactbaseline_matched_reference_distance_b0p1_2p0_lam1e00_s318,early_0p18_0p28,CDF_RUN_2:48,0.919780969619751,0.979399456511414,1.824972,1.8063245728131738
exactbaseline_matched_reference_distance_b0p1_2p0_lam1e00_s318,early_0p18_0p28,CDF_RUN_2:49,0.8635084629058838,0.99497283240288,1.69753,1.6933372339534203
exactbaseline_matched_reference_distance_b0p1_2p0_lam1e00_s318,early_0p18_0p28,CDF_RUN_2:50,0.7600340843200684,0.9998348419300568,1.6449,1.6447538572532077
exactbaseline_matched_reference_distance_b0p1_2p0_lam1e00_s318,early_0p18_0p28,CDF_RUN_2:51,0.6112291812896729,1.0,1.42279,1.42279
exactbaseline_matched_reference_distance_b0p1_2p0_lam1e00_s318,early_0p18_0p28,D0_RUN_1:14,1.2697114944458008,0.1879104824806516,2.589585,1.5177295616879194
exactbaseline_matched_reference_distance_b0p1_2p0_lam1e00_s318,early_0p18_0p28,D0_RUN_1:15,0.782343864440918,0.7792496753543665,1.790634,1.568053625238343
exactbaseline_matched_reference_distance_b0p1_2p0_lam1e00_s318,central_0p20_0p30,CDF_RUN_1:30,1.4599288702011108,0.0012197116639461,2.72209,1.4614683428529058
exactbaseline_matched_reference_distance_b0p1_2p0_lam1e00_s318,central_0p20_0p30,CDF_RUN_1:31,1.115532636642456,0.0258850748744865,2.51472,1.1517507063064012
exactbaseline_matched_reference_distance_b0p1_2p0_lam1e00_s318,central_0p20_0p30,CDF_RUN_1:32,0.8523232936859131,0.1831302917603498,2.180565,1.0955645848914766
exactbaseline_matched_reference_distance_b0p1_2p0_lam1e00_s318,central_0p20_0p30,CDF_RUN_1:33,0.7896811962127686,0.549777686123881,1.75218,1.3188415614559161
exactbaseline_matched_reference_distance_b0p1_2p0_lam1e00_s318,central_0p20_0p30,CDF_RUN_1:34,0.651309609413147,0.8825037510074896,1.478605,1.381400894797251
exactbaseline_matched_reference_distance_b0p1_2p0_lam1e00_s318,central_0p20_0p30,CDF_RUN_1:35,0.3911057710647583,0.9960358801988642,1.20233,1.1991142099709167
exactbaseline_matched_reference_distance_b0p1_2p0_lam1e00_s318,central_0p20_0p30,CDF_RUN_2:36,1.8929345607757568,5.164127530589625e-05,3.27554,1.8930059602838833
exactbaseline_matched_reference_distance_b0p1_2p0_lam1e00_s318,central_0p20_0p30,CDF_RUN_2:37,1.6958963871002197,0.0023877817219835,2.91722,1.6988126412997286
exactbaseline_matched_reference_distance_b0p1_2p0_lam1e00_s318,central_0p20_0p30,CDF_RUN_2:38,1.5098097324371338,0.0134170653158552,2.90854,1.5285765877962885
exactbaseline_matched_reference_distance_b0p1_2p0_lam1e00_s318,central_0p20_0p30,CDF_RUN_2:39,1.3499635457992554,0.0383530844331178,2.8682,1.408192596716654
exactbaseline_matched_reference_distance_b0p1_2p0_lam1e00_s318,central_0p20_0p30,CDF_RUN_2:40,1.2253913879394531,0.0798964211082592,2.4889,1.3263412040825546
exactbaseline_matched_reference_distance_b0p1_2p0_lam1e00_s318,central_0p20_0p30,CDF_RUN_2:41,1.1377594470977783,0.1385843072813845,2.31978,1.3015689466140918
exactbaseline_matched_reference_distance_b0p1_2p0_lam1e00_s318,central_0p20_0p30,CDF_RUN_2:42,1.082376480102539,0.2131511831472797,2.33764,1.3499373845303018
exactbaseline_matched_reference_distance_b0p1_2p0_lam1e00_s318,central_0p20_0p30,CDF_RUN_2:43,1.0503945350646973,0.3008892555044757,2.08436,1.3615036340264197
exactbaseline_matched_reference_distance_b0p1_2p0_lam1e00_s318,central_0p20_0p30,CDF_RUN_2:44,1.031358003616333,0.3980090561043118,2.07474,1.4466334871532287
exactbaseline_matched_reference_distance_b0p1_2p0_lam1e00_s318,central_0p20_0p30,CDF_RUN_2:45,1.0153663158416748,0.4999999999999999,1.95146,1.4834131579208374
exactbaseline_matched_reference_distance_b0p1_2p0_lam1e00_s318,central_0p20_0p30,CDF_RUN_2:46,0.9944874048233032,0.6019909438956881,1.909664,1.545415427184965
exactbaseline_matched_reference_distance_b0p1_2p0_lam1e00_s318,central_0p20_0p30,CDF_RUN_2:47,0.9634547233581543,0.6991107444955241,1.854624,1.5864807398227727
exactbaseline_matched_reference_distance_b0p1_2p0_lam1e00_s318,central_0p20_0p30,CDF_RUN_2:48,0.919780969619751,0.7868488168527201,1.824972,1.6320294609001444
exactbaseline_matched_reference_distance_b0p1_2p0_lam1e00_s318,central_0p20_0p30,CDF_RUN_2:49,0.8635084629058838,0.8614156927186152,1.69753,1.5819477030240563
exactbaseline_matched_reference_distance_b0p1_2p0_lam1e00_s318,central_0p20_0p30,CDF_RUN_2:50,0.7600340843200684,0.9408752472293116,1.6449,1.5925825215002154
exactbaseline_matched_reference_distance_b0p1_2p0_lam1e00_s318,central_0p20_0p30,CDF_RUN_2:51,0.6112291812896729,0.9920975764810804,1.42279,1.4163767026991898
exactbaseline_matched_reference_distance_b0p1_2p0_lam1e00_s318,central_0p20_0p30,D0_RUN_1:14,1.2697114944458008,0.0206608071262849,2.589585,1.2969811463751497
exactbaseline_matched_reference_distance_b0p1_2p0_lam1e00_s318,central_0p20_0p30,D0_RUN_1:15,0.782343864440918,0.4999999999999999,1.790634,1.286488932220459
exactbaseline_matched_reference_distance_b0p1_2p0_lam1e00_s318,late_0p22_0p32,CDF_RUN_1:30,1.4599288702011108,0.0,2.72209,1.4599288702011108
exactbaseline_matched_reference_distance_b0p1_2p0_lam1e00_s318,late_0p22_0p32,CDF_RUN_1:31,1.115532636642456,0.0,2.51472,1.115532636642456
exactbaseline_matched_reference_distance_b0p1_2p0_lam1e00_s318,late_0p22_0p32,CDF_RUN_1:32,0.8523232936859131,0.0193207037777613,2.180565,0.8779858582388758
exactbaseline_matched_reference_distance_b0p1_2p0_lam1e00_s318,late_0p22_0p32,CDF_RUN_1:33,0.7896811962127686,0.2102966915212009,1.75218,0.9920915102423369
exactbaseline_matched_reference_distance_b0p1_2p0_lam1e00_s318,late_0p22_0p32,CDF_RUN_1:34,0.651309609413147,0.5852865232044726,1.478605,1.1355144522328122
exactbaseline_matched_reference_distance_b0p1_2p0_lam1e00_s318,late_0p22_0p32,CDF_RUN_1:35,0.3911057710647583,0.9023365088655396,1.20233,1.1231030097093235
exactbaseline_matched_reference_distance_b0p1_2p0_lam1e00_s318,late_0p22_0p32,CDF_RUN_2:36,1.8929345607757568,0.0,3.27554,1.8929345607757568
exactbaseline_matched_reference_distance_b0p1_2p0_lam1e00_s318,late_0p22_0p32,CDF_RUN_2:37,1.6958963871002197,0.0,2.91722,1.6958963871002197
exactbaseline_matched_reference_distance_b0p1_2p0_lam1e00_s318,late_0p22_0p32,CDF_RUN_2:38,1.5098097324371338,0.0,2.90854,1.5098097324371338
exactbaseline_matched_reference_distance_b0p1_2p0_lam1e00_s318,late_0p22_0p32,CDF_RUN_2:39,1.3499635457992554,0.0,2.8682,1.3499635457992554
exactbaseline_matched_reference_distance_b0p1_2p0_lam1e00_s318,late_0p22_0p32,CDF_RUN_2:40,1.2253913879394531,0.0003303151612864,2.4889,1.2258087439904326
exactbaseline_matched_reference_distance_b0p1_2p0_lam1e00_s318,late_0p22_0p32,CDF_RUN_2:41,1.1377594470977783,0.0050271675971199,2.31978,1.1437016625204581
exactbaseline_matched_reference_distance_b0p1_2p0_lam1e00_s318,late_0p22_0p32,CDF_RUN_2:42,1.082376480102539,0.0206005434885857,2.33764,1.108235590833822
exactbaseline_matched_reference_distance_b0p1_2p0_lam1e00_s318,late_0p22_0p32,CDF_RUN_2:43,1.0503945350646973,0.0513247888893216,2.08436,1.103462594271351
exactbaseline_matched_reference_distance_b0p1_2p0_lam1e00_s318,late_0p22_0p32,CDF_RUN_2:44,1.031358003616333,0.0990801434780254,2.07474,1.1347364415204153
exactbaseline_matched_reference_distance_b0p1_2p0_lam1e00_s318,late_0p22_0p32,CDF_RUN_2:45,1.0153663158416748,0.1637132978446752,1.95146,1.168617299966806
exactbaseline_matched_reference_distance_b0p1_2p0_lam1e00_s318,late_0p22_0p32,CDF_RUN_2:46,0.9944874048233032,0.2433979518395934,1.909664,1.2172395136608438
exactbaseline_matched_reference_distance_b0p1_2p0_lam1e00_s318,late_0p22_0p32,CDF_RUN_2:47,0.9634547233581543,0.3349953729225092,1.854624,1.2619923075238721
exactbaseline_matched_reference_distance_b0p1_2p0_lam1e00_s318,late_0p22_0p32,CDF_RUN_2:48,0.919780969619751,0.4344149545116246,1.824972,1.3130094899067175
exactbaseline_matched_reference_distance_b0p1_2p0_lam1e00_s318,late_0p22_0p32,CDF_RUN_2:49,0.8635084629058838,0.5369747743326755,1.69753,1.3113569895755879
exactbaseline_matched_reference_distance_b0p1_2p0_lam1e00_s318,late_0p22_0p32,CDF_RUN_2:50,0.7600340843200684,0.6848781819867951,1.6449,1.3660594439530207
exactbaseline_matched_reference_distance_b0p1_2p0_lam1e00_s318,late_0p22_0p32,CDF_RUN_2:51,0.6112291812896729,0.8499258195752324,1.42279,1.3009956752671943
exactbaseline_matched_reference_distance_b0p1_2p0_lam1e00_s318,late_0p22_0p32,D0_RUN_1:14,1.2697114944458008,2.671437209028174e-06,2.589585,1.2697150204049947
exactbaseline_matched_reference_distance_b0p1_2p0_lam1e00_s318,late_0p22_0p32,D0_RUN_1:15,0.782343864440918,0.2207503246456333,1.790634,1.004924239202575
exactbaseline_matched_reference_distance_b0p1_2p0_lam1e00_s319,early_0p18_0p28,CDF_RUN_1:30,1.4632987976074219,0.0892391852052237,2.72209,1.5756322988524394
exactbaseline_matched_reference_distance_b0p1_2p0_lam1e00_s319,early_0p18_0p28,CDF_RUN_1:31,1.1155693531036377,0.2263136792031131,2.51472,1.4322162837621693
exactbaseline_matched_reference_distance_b0p1_2p0_lam1e00_s319,early_0p18_0p28,CDF_RUN_1:32,0.854077935218811,0.5139631863662977,2.180565,1.5358434537074284
exactbaseline_matched_reference_distance_b0p1_2p0_lam1e00_s319,early_0p18_0p28,CDF_RUN_1:33,0.7925620079040527,0.8606209544870957,1.75218,1.618429360204657
exactbaseline_matched_reference_distance_b0p1_2p0_lam1e00_s319,early_0p18_0p28,CDF_RUN_1:34,0.6524739265441895,0.9935104948187734,1.478605,1.4732438181184362
exactbaseline_matched_reference_distance_b0p1_2p0_lam1e00_s319,early_0p18_0p28,CDF_RUN_1:35,0.3916364908218384,1.0,1.20233,1.20233
exactbaseline_matched_reference_distance_b0p1_2p0_lam1e00_s319,early_0p18_0p28,CDF_RUN_2:36,1.887075662612915,0.0629515791727313,3.27554,1.974481685276452
exactbaseline_matched_reference_distance_b0p1_2p0_lam1e00_s319,early_0p18_0p28,CDF_RUN_2:37,1.6879384517669678,0.1155267912377162,2.91722,1.8299534045620618
exactbaseline_matched_reference_distance_b0p1_2p0_lam1e00_s319,early_0p18_0p28,CDF_RUN_2:38,1.500422477722168,0.1846215696118183,2.90854,1.7603913448830057
exactbaseline_matched_reference_distance_b0p1_2p0_lam1e00_s319,early_0p18_0p28,CDF_RUN_2:39,1.3401978015899658,0.2680057887944079,2.8682,1.7497112360544365
exactbaseline_matched_reference_distance_b0p1_2p0_lam1e00_s319,early_0p18_0p28,CDF_RUN_2:40,1.2162548303604126,0.3622378472320013,2.4889,1.6772550769008618
exactbaseline_matched_reference_distance_b0p1_2p0_lam1e00_s319,early_0p18_0p28,CDF_RUN_2:41,1.129947304725647,0.4630252256673241,2.31978,1.6808698569614149
exactbaseline_matched_reference_distance_b0p1_2p0_lam1e00_s319,early_0p18_0p28,CDF_RUN_2:42,1.0761674642562866,0.5655850454883751,2.33764,1.7896374657672307
exactbaseline_matched_reference_distance_b0p1_2p0_lam1e00_s319,early_0p18_0p28,CDF_RUN_2:43,1.0457267761230469,0.6650046270774903,2.08436,1.7364226758376318
exactbaseline_matched_reference_distance_b0p1_2p0_lam1e00_s319,early_0p18_0p28,CDF_RUN_2:44,1.0279701948165894,0.7566020481604062,2.07474,1.819958373370827
exactbaseline_matched_reference_distance_b0p1_2p0_lam1e00_s319,early_0p18_0p28,CDF_RUN_2:45,1.012932538986206,0.8362867021553243,1.95146,1.7978105742396413
exactbaseline_matched_reference_distance_b0p1_2p0_lam1e00_s319,early_0p18_0p28,CDF_RUN_2:46,0.9927115440368652,0.9009198565219744,1.909664,1.8188122191006446
exactbaseline_matched_reference_distance_b0p1_2p0_lam1e00_s319,early_0p18_0p28,CDF_RUN_2:47,0.9621106386184692,0.9486752111106782,1.854624,1.808815940146194
exactbaseline_matched_reference_distance_b0p1_2p0_lam1e00_s319,early_0p18_0p28,CDF_RUN_2:48,0.9186652898788452,0.979399456511414,1.824972,1.8063015892041518
exactbaseline_matched_reference_distance_b0p1_2p0_lam1e00_s319,early_0p18_0p28,CDF_RUN_2:49,0.8624467849731445,0.99497283240288,1.69753,1.6933318967205182
exactbaseline_matched_reference_distance_b0p1_2p0_lam1e00_s319,early_0p18_0p28,CDF_RUN_2:50,0.7587143182754517,0.9998348419300568,1.6449,1.644753639283195
exactbaseline_matched_reference_distance_b0p1_2p0_lam1e00_s319,early_0p18_0p28,CDF_RUN_2:51,0.6091983318328857,1.0,1.42279,1.42279
exactbaseline_matched_reference_distance_b0p1_2p0_lam1e00_s319,early_0p18_0p28,D0_RUN_1:14,1.2695584297180176,0.1879104824806516,2.589585,1.5176052594269849
exactbaseline_matched_reference_distance_b0p1_2p0_lam1e00_s319,early_0p18_0p28,D0_RUN_1:15,0.7832545042037964,0.7792496753543665,1.790634,1.5682546492616336
exactbaseline_matched_reference_distance_b0p1_2p0_lam1e00_s319,central_0p20_0p30,CDF_RUN_1:30,1.4632987976074219,0.0012197116639461,2.72209,1.4648341599194528
exactbaseline_matched_reference_distance_b0p1_2p0_lam1e00_s319,central_0p20_0p30,CDF_RUN_1:31,1.1155693531036377,0.0258850748744865,2.51472,1.1517864723592361
exactbaseline_matched_reference_distance_b0p1_2p0_lam1e00_s319,central_0p20_0p30,CDF_RUN_1:32,0.854077935218811,0.1831302917603498,2.180565,1.0969978984085202
exactbaseline_matched_reference_distance_b0p1_2p0_lam1e00_s319,central_0p20_0p30,CDF_RUN_1:33,0.7925620079040527,0.549777686123881,1.75218,1.3201385671614074
exactbaseline_matched_reference_distance_b0p1_2p0_lam1e00_s319,central_0p20_0p30,CDF_RUN_1:34,0.6524739265441895,0.8825037510074896,1.478605,1.3815376976927862
exactbaseline_matched_reference_distance_b0p1_2p0_lam1e00_s319,central_0p20_0p30,CDF_RUN_1:35,0.3916364908218384,0.9960358801988642,1.20233,1.1991163138076146
exactbaseline_matched_reference_distance_b0p1_2p0_lam1e00_s319,central_0p20_0p30,CDF_RUN_2:36,1.887075662612915,5.164127530589625e-05,3.27554,1.8871473646820145
exactbaseline_matched_reference_distance_b0p1_2p0_lam1e00_s319,central_0p20_0p30,CDF_RUN_2:37,1.6879384517669678,0.0023877817219835,2.91722,1.6908737077790104
exactbaseline_matched_reference_distance_b0p1_2p0_lam1e00_s319,central_0p20_0p30,CDF_RUN_2:38,1.500422477722168,0.0134170653158552,2.90854,1.51931528249097
exactbaseline_matched_reference_distance_b0p1_2p0_lam1e00_s319,central_0p20_0p30,CDF_RUN_2:39,1.3401978015899658,0.0383530844331178,2.8682,1.3988013989195756
exactbaseline_matched_reference_distance_b0p1_2p0_lam1e00_s319,central_0p20_0p30,CDF_RUN_2:40,1.2162548303604126,0.0798964211082592,2.4889,1.317934624755329
exactbaseline_matched_reference_distance_b0p1_2p0_lam1e00_s319,central_0p20_0p30,CDF_RUN_2:41,1.129947304725647,0.1385843072813845,2.31978,1.2948394445809859
exactbaseline_matched_reference_distance_b0p1_2p0_lam1e00_s319,central_0p20_0p30,CDF_RUN_2:42,1.0761674642562866,0.2131511831472797,2.33764,1.3450518277578583
exactbaseline_matched_reference_distance_b0p1_2p0_lam1e00_s319,central_0p20_0p30,CDF_RUN_2:43,1.0457267761230469,0.3008892555044757,2.08436,1.3582403535975969
exactbaseline_matched_reference_distance_b0p1_2p0_lam1e00_s319,central_0p20_0p30,CDF_RUN_2:44,1.0279701948165894,0.3980090561043118,2.07474,1.444594056936133
exactbaseline_matched_reference_distance_b0p1_2p0_lam1e00_s319,central_0p20_0p30,CDF_RUN_2:45,1.012932538986206,0.4999999999999999,1.95146,1.482196269493103
exactbaseline_matched_reference_distance_b0p1_2p0_lam1e00_s319,central_0p20_0p30,CDF_RUN_2:46,0.9927115440368652,0.6019909438956881,1.909664,1.544708618509582
exactbaseline_matched_reference_distance_b0p1_2p0_lam1e00_s319,central_0p20_0p30,CDF_RUN_2:47,0.9621106386184692,0.6991107444955241,1.854624,1.5860763191661138
exactbaseline_matched_reference_distance_b0p1_2p0_lam1e00_s319,central_0p20_0p30,CDF_RUN_2:48,0.9186652898788452,0.7868488168527201,1.824972,1.631791652443357
exactbaseline_matched_reference_distance_b0p1_2p0_lam1e00_s319,central_0p20_0p30,CDF_RUN_2:49,0.8624467849731445,0.8614156927186152,1.69753,1.5818005711231915
exactbaseline_matched_reference_distance_b0p1_2p0_lam1e00_s319,central_0p20_0p30,CDF_RUN_2:50,0.7587143182754517,0.9408752472293116,1.6449,1.5925044906591121
exactbaseline_matched_reference_distance_b0p1_2p0_lam1e00_s319,central_0p20_0p30,CDF_RUN_2:51,0.6091983318328857,0.9920975764810804,1.42279,1.416360654066679
exactbaseline_matched_reference_distance_b0p1_2p0_lam1e00_s319,central_0p20_0p30,D0_RUN_1:14,1.2695584297180176,0.0206608071262849,2.589585,1.296831244088185
exactbaseline_matched_reference_distance_b0p1_2p0_lam1e00_s319,central_0p20_0p30,D0_RUN_1:15,0.7832545042037964,0.4999999999999999,1.790634,1.2869442521018981
exactbaseline_matched_reference_distance_b0p1_2p0_lam1e00_s319,late_0p22_0p32,CDF_RUN_1:30,1.4632987976074219,0.0,2.72209,1.4632987976074219
exactbaseline_matched_reference_distance_b0p1_2p0_lam1e00_s319,late_0p22_0p32,CDF_RUN_1:31,1.1155693531036377,0.0,2.51472,1.1155693531036377
exactbaseline_matched_reference_distance_b0p1_2p0_lam1e00_s319,late_0p22_0p32,CDF_RUN_1:32,0.854077935218811,0.0193207037777613,2.180565,0.8797065988624805
exactbaseline_matched_reference_distance_b0p1_2p0_lam1e00_s319,late_0p22_0p32,CDF_RUN_1:33,0.7925620079040527,0.2102966915212009,1.75218,0.9943664967660484
exactbaseline_matched_reference_distance_b0p1_2p0_lam1e00_s319,late_0p22_0p32,CDF_RUN_1:34,0.6524739265441895,0.5852865232044726,1.478605,1.1359973102383196
exactbaseline_matched_reference_distance_b0p1_2p0_lam1e00_s319,late_0p22_0p32,CDF_RUN_1:35,0.3916364908218384,0.9023365088655396,1.20233,1.1231548416536141
exactbaseline_matched_reference_distance_b0p1_2p0_lam1e00_s319,late_0p22_0p32,CDF_RUN_2:36,1.887075662612915,0.0,3.27554,1.887075662612915
exactbaseline_matched_reference_distance_b0p1_2p0_lam1e00_s319,late_0p22_0p32,CDF_RUN_2:37,1.6879384517669678,0.0,2.91722,1.6879384517669678
exactbaseline_matched_reference_distance_b0p1_2p0_lam1e00_s319,late_0p22_0p32,CDF_RUN_2:38,1.500422477722168,0.0,2.90854,1.500422477722168
exactbaseline_matched_reference_distance_b0p1_2p0_lam1e00_s319,late_0p22_0p32,CDF_RUN_2:39,1.3401978015899658,0.0,2.8682,1.3401978015899658
exactbaseline_matched_reference_distance_b0p1_2p0_lam1e00_s319,late_0p22_0p32,CDF_RUN_2:40,1.2162548303604126,0.0003303151612864,2.4889,1.2166752043548825
exactbaseline_matched_reference_distance_b0p1_2p0_lam1e00_s319,late_0p22_0p32,CDF_RUN_2:41,1.129947304725647,0.0050271675971199,2.31978,1.135928793097324
exactbaseline_matched_reference_distance_b0p1_2p0_lam1e00_s319,late_0p22_0p32,CDF_RUN_2:42,1.0761674642562866,0.0206005434885857,2.33764,1.1021544840885316
exactbaseline_matched_reference_distance_b0p1_2p0_lam1e00_s319,late_0p22_0p32,CDF_RUN_2:43,1.0457267761230469,0.0513247888893216,2.08436,1.099034407071967
exactbaseline_matched_reference_distance_b0p1_2p0_lam1e00_s319,late_0p22_0p32,CDF_RUN_2:44,1.0279701948165894,0.0990801434780254,2.07474,1.1316842973026264
exactbaseline_matched_reference_distance_b0p1_2p0_lam1e00_s319,late_0p22_0p32,CDF_RUN_2:45,1.012932538986206,0.1637132978446752,1.95146,1.166581964746564
exactbaseline_matched_reference_distance_b0p1_2p0_lam1e00_s319,late_0p22_0p32,CDF_RUN_2:46,0.9927115440368652,0.2433979518395934,1.909664,1.2158958937525772
exactbaseline_matched_reference_distance_b0p1_2p0_lam1e00_s319,late_0p22_0p32,CDF_RUN_2:47,0.9621106386184692,0.3349953729225092,1.854624,1.2610984849527973
exactbaseline_matched_reference_distance_b0p1_2p0_lam1e00_s319,late_0p22_0p32,CDF_RUN_2:48,0.9186652898788452,0.4344149545116246,1.824972,1.3123784781297068
exactbaseline_matched_reference_distance_b0p1_2p0_lam1e00_s319,late_0p22_0p32,CDF_RUN_2:49,0.8624467849731445,0.5369747743326755,1.69753,1.3108654059111953
exactbaseline_matched_reference_distance_b0p1_2p0_lam1e00_s319,late_0p22_0p32,CDF_RUN_2:50,0.7587143182754517,0.6848781819867951,1.6449,1.365643556877689
exactbaseline_matched_reference_distance_b0p1_2p0_lam1e00_s319,late_0p22_0p32,CDF_RUN_2:51,0.6091983318328857,0.8499258195752324,1.42279,1.300690897199401
exactbaseline_matched_reference_distance_b0p1_2p0_lam1e00_s319,late_0p22_0p32,D0_RUN_1:14,1.2695584297180176,2.671437209028174e-06,2.589585,1.2695619560861144
exactbaseline_matched_reference_distance_b0p1_2p0_lam1e00_s319,late_0p22_0p32,D0_RUN_1:15,0.7832545042037964,0.2207503246456333,1.790634,1.0056338549421628
exactbaseline_matched_reference_distance_b0p1_2p0_lam1e00_s320,early_0p18_0p28,CDF_RUN_1:30,1.4600450992584229,0.0892391852052237,2.72209,1.5726689578930086
exactbaseline_matched_reference_distance_b0p1_2p0_lam1e00_s320,early_0p18_0p28,CDF_RUN_1:31,1.1103752851486206,0.2263136792031131,2.51472,1.4281977044360832
exactbaseline_matched_reference_distance_b0p1_2p0_lam1e00_s320,early_0p18_0p28,CDF_RUN_1:32,0.8478511571884155,0.5139631863662977,2.180565,1.5328170103543308
exactbaseline_matched_reference_distance_b0p1_2p0_lam1e00_s320,early_0p18_0p28,CDF_RUN_1:33,0.7906965017318726,0.8606209544870957,1.75218,1.6181693477349803
exactbaseline_matched_reference_distance_b0p1_2p0_lam1e00_s320,early_0p18_0p28,CDF_RUN_1:34,0.6522066593170166,0.9935104948187734,1.478605,1.4732420836863807
exactbaseline_matched_reference_distance_b0p1_2p0_lam1e00_s320,early_0p18_0p28,CDF_RUN_1:35,0.3898341655731201,1.0,1.20233,1.20233
exactbaseline_matched_reference_distance_b0p1_2p0_lam1e00_s320,early_0p18_0p28,CDF_RUN_2:36,1.8762273788452148,0.0629515791727313,3.27554,1.9643163181032424
exactbaseline_matched_reference_distance_b0p1_2p0_lam1e00_s320,early_0p18_0p28,CDF_RUN_2:37,1.6800146102905273,0.1155267912377162,2.91722,1.8229449790656709
exactbaseline_matched_reference_distance_b0p1_2p0_lam1e00_s320,early_0p18_0p28,CDF_RUN_2:38,1.494157314300537,0.1846215696118183,2.90854,1.755282865766151
exactbaseline_matched_reference_distance_b0p1_2p0_lam1e00_s320,early_0p18_0p28,CDF_RUN_2:39,1.3343462944030762,0.2680057887944079,2.8682,1.7454279666668053
exactbaseline_matched_reference_distance_b0p1_2p0_lam1e00_s320,early_0p18_0p28,CDF_RUN_2:40,1.209956407546997,0.3622378472320013,2.4889,1.673238181208335
exactbaseline_matched_reference_distance_b0p1_2p0_lam1e00_s320,early_0p18_0p28,CDF_RUN_2:41,1.1228809356689453,0.4630252256673241,2.31978,1.677075395031841
exactbaseline_matched_reference_distance_b0p1_2p0_lam1e00_s320,early_0p18_0p28,CDF_RUN_2:42,1.0684916973114014,0.5655850454883751,2.33764,1.7863029978190266
exactbaseline_matched_reference_distance_b0p1_2p0_lam1e00_s320,early_0p18_0p28,CDF_RUN_2:43,1.0378769636154175,0.6650046270774903,2.08436,1.7337930249692666
exactbaseline_matched_reference_distance_b0p1_2p0_lam1e00_s320,early_0p18_0p28,CDF_RUN_2:44,1.0204306840896606,0.7566020481604062,2.07474,1.81812327190202
exactbaseline_matched_reference_distance_b0p1_2p0_lam1e00_s320,early_0p18_0p28,CDF_RUN_2:45,1.0060770511627197,0.8362867021553243,1.95146,1.7966882397197244
exactbaseline_matched_reference_distance_b0p1_2p0_lam1e00_s320,early_0p18_0p28,CDF_RUN_2:46,0.9867328405380249,0.9009198565219744,1.909664,1.818219848300167
exactbaseline_matched_reference_distance_b0p1_2p0_lam1e00_s320,early_0p18_0p28,CDF_RUN_2:47,0.9570229053497314,0.9486752111106782,1.854624,1.808554813310251
exactbaseline_matched_reference_distance_b0p1_2p0_lam1e00_s320,early_0p18_0p28,CDF_RUN_2:48,0.9143846035003662,0.979399456511414,1.824972,1.806213404738251
exactbaseline_matched_reference_distance_b0p1_2p0_lam1e00_s320,early_0p18_0p28,CDF_RUN_2:49,0.8588314056396484,0.99497283240288,1.69753,1.6933137216026817
exactbaseline_matched_reference_distance_b0p1_2p0_lam1e00_s320,early_0p18_0p28,CDF_RUN_2:50,0.7558364868164062,0.9998348419300568,1.6449,1.6447531639861057
exactbaseline_matched_reference_distance_b0p1_2p0_lam1e00_s320,early_0p18_0p28,CDF_RUN_2:51,0.6069104671478271,1.0,1.42279,1.42279
exactbaseline_matched_reference_distance_b0p1_2p0_lam1e00_s320,early_0p18_0p28,D0_RUN_1:14,1.2644621133804321,0.1879104824806516,2.589585,1.5134665943512688
exactbaseline_matched_reference_distance_b0p1_2p0_lam1e00_s320,early_0p18_0p28,D0_RUN_1:15,0.7793673276901245,0.7792496753543665,1.790634,1.5673965537842856
exactbaseline_matched_reference_distance_b0p1_2p0_lam1e00_s320,central_0p20_0p30,CDF_RUN_1:30,1.4600450992584229,0.0012197116639461,2.72209,1.461584430144281
exactbaseline_matched_reference_distance_b0p1_2p0_lam1e00_s320,central_0p20_0p30,CDF_RUN_1:31,1.1103752851486206,0.0258850748744865,2.51472,1.1467268532421377
exactbaseline_matched_reference_distance_b0p1_2p0_lam1e00_s320,central_0p20_0p30,CDF_RUN_1:32,0.8478511571884155,0.1831302917603498,2.180565,1.091911432055558
exactbaseline_matched_reference_distance_b0p1_2p0_lam1e00_s320,central_0p20_0p30,CDF_RUN_1:33,0.7906965017318726,0.549777686123881,1.75218,1.3192986746560182
exactbaseline_matched_reference_distance_b0p1_2p0_lam1e00_s320,central_0p20_0p30,CDF_RUN_1:34,0.6522066593170166,0.8825037510074896,1.478605,1.3815062947961148
exactbaseline_matched_reference_distance_b0p1_2p0_lam1e00_s320,central_0p20_0p30,CDF_RUN_1:35,0.3898341655731201,0.9960358801988642,1.20233,1.199109169174408
exactbaseline_matched_reference_distance_b0p1_2p0_lam1e00_s320,central_0p20_0p30,CDF_RUN_2:36,1.8762273788452148,5.164127530589625e-05,3.27554,1.876299641133523
exactbaseline_matched_reference_distance_b0p1_2p0_lam1e00_s320,central_0p20_0p30,CDF_RUN_2:37,1.6800146102905273,0.0023877817219835,2.91722,1.6829687867064151
exactbaseline_matched_reference_distance_b0p1_2p0_lam1e00_s320,central_0p20_0p30,CDF_RUN_2:38,1.494157314300537,0.0134170653158552,2.90854,1.5131341791761814
exactbaseline_matched_reference_distance_b0p1_2p0_lam1e00_s320,central_0p20_0p30,CDF_RUN_2:39,1.3343462944030762,0.0383530844331178,2.8682,1.3931743150818856
exactbaseline_matched_reference_distance_b0p1_2p0_lam1e00_s320,central_0p20_0p30,CDF_RUN_2:40,1.209956407546997,0.0798964211082592,2.4889,1.3121394233833321
exactbaseline_matched_reference_distance_b0p1_2p0_lam1e00_s320,central_0p20_0p30,CDF_RUN_2:41,1.1228809356689453,0.1385843072813845,2.31978,1.2887523633850018
exactbaseline_matched_reference_distance_b0p1_2p0_lam1e00_s320,central_0p20_0p30,CDF_RUN_2:42,1.0684916973114014,0.2131511831472797,2.33764,1.339012159618838
exactbaseline_matched_reference_distance_b0p1_2p0_lam1e00_s320,central_0p20_0p30,CDF_RUN_2:43,1.0378769636154175,0.3008892555044757,2.08436,1.3527524653312377
exactbaseline_matched_reference_distance_b0p1_2p0_lam1e00_s320,central_0p20_0p30,CDF_RUN_2:44,1.0204306840896606,0.3980090561043118,2.07474,1.4400553397571176
exactbaseline_matched_reference_distance_b0p1_2p0_lam1e00_s320,central_0p20_0p30,CDF_RUN_2:45,1.0060770511627197,0.4999999999999999,1.95146,1.4787685255813598
exactbaseline_matched_reference_distance_b0p1_2p0_lam1e00_s320,central_0p20_0p30,CDF_RUN_2:46,0.9867328405380249,0.6019909438956881,1.909664,1.542329040373281
exactbaseline_matched_reference_distance_b0p1_2p0_lam1e00_s320,central_0p20_0p30,CDF_RUN_2:47,0.9570229053497314,0.6991107444955241,1.854624,1.5845454748906782
exactbaseline_matched_reference_distance_b0p1_2p0_lam1e00_s320,central_0p20_0p30,CDF_RUN_2:48,0.9143846035003662,0.7868488168527201,1.824972,1.6308792190771018
exactbaseline_matched_reference_distance_b0p1_2p0_lam1e00_s320,central_0p20_0p30,CDF_RUN_2:49,0.8588314056396484,0.8614156927186152,1.69753,1.5812995362826996
exactbaseline_matched_reference_distance_b0p1_2p0_lam1e00_s320,central_0p20_0p30,CDF_RUN_2:50,0.7558364868164062,0.9408752472293116,1.6449,1.5923343395855805
exactbaseline_matched_reference_distance_b0p1_2p0_lam1e00_s320,central_0p20_0p30,CDF_RUN_2:51,0.6069104671478271,0.9920975764810804,1.42279,1.4163425743909839
exactbaseline_matched_reference_distance_b0p1_2p0_lam1e00_s320,central_0p20_0p30,D0_RUN_1:14,1.2644621133804321,0.0206608071262849,2.589585,1.2918402217595049
exactbaseline_matched_reference_distance_b0p1_2p0_lam1e00_s320,central_0p20_0p30,D0_RUN_1:15,0.7793673276901245,0.4999999999999999,1.790634,1.2850006638450622
exactbaseline_matched_reference_distance_b0p1_2p0_lam1e00_s320,late_0p22_0p32,CDF_RUN_1:30,1.4600450992584229,0.0,2.72209,1.4600450992584229
exactbaseline_matched_reference_distance_b0p1_2p0_lam1e00_s320,late_0p22_0p32,CDF_RUN_1:31,1.1103752851486206,0.0,2.51472,1.1103752851486206
exactbaseline_matched_reference_distance_b0p1_2p0_lam1e00_s320,late_0p22_0p32,CDF_RUN_1:32,0.8478511571884155,0.0193207037777613,2.180565,0.8736001265659001
exactbaseline_matched_reference_distance_b0p1_2p0_lam1e00_s320,late_0p22_0p32,CDF_RUN_1:33,0.7906965017318726,0.2102966915212009,1.75218,0.9928933003698901
exactbaseline_matched_reference_distance_b0p1_2p0_lam1e00_s320,late_0p22_0p32,CDF_RUN_1:34,0.6522066593170166,0.5852865232044726,1.478605,1.135886470917305
exactbaseline_matched_reference_distance_b0p1_2p0_lam1e00_s320,late_0p22_0p32,CDF_RUN_1:35,0.3898341655731201,0.9023365088655396,1.20233,1.1229788202776645
exactbaseline_matched_reference_distance_b0p1_2p0_lam1e00_s320,late_0p22_0p32,CDF_RUN_2:36,1.8762273788452148,0.0,3.27554,1.8762273788452148
exactbaseline_matched_reference_distance_b0p1_2p0_lam1e00_s320,late_0p22_0p32,CDF_RUN_2:37,1.6800146102905273,0.0,2.91722,1.6800146102905273
exactbaseline_matched_reference_distance_b0p1_2p0_lam1e00_s320,late_0p22_0p32,CDF_RUN_2:38,1.494157314300537,0.0,2.90854,1.494157314300537
exactbaseline_matched_reference_distance_b0p1_2p0_lam1e00_s320,late_0p22_0p32,CDF_RUN_2:39,1.3343462944030762,0.0,2.8682,1.3343462944030762
exactbaseline_matched_reference_distance_b0p1_2p0_lam1e00_s320,late_0p22_0p32,CDF_RUN_2:40,1.209956407546997,0.0003303151612864,2.4889,1.2103788620060143
exactbaseline_matched_reference_distance_b0p1_2p0_lam1e00_s320,late_0p22_0p32,CDF_RUN_2:41,1.1228809356689453,0.0050271675971199,2.31978,1.1288979478621735
exactbaseline_matched_reference_distance_b0p1_2p0_lam1e00_s320,late_0p22_0p32,CDF_RUN_2:42,1.0684916973114014,0.0206005434885857,2.33764,1.0946368421144026
exactbaseline_matched_reference_distance_b0p1_2p0_lam1e00_s320,late_0p22_0p32,CDF_RUN_2:43,1.0378769636154175,0.0513247888893216,2.08436,1.0915874845341125
exactbaseline_matched_reference_distance_b0p1_2p0_lam1e00_s320,late_0p22_0p32,CDF_RUN_2:44,1.0204306840896606,0.0990801434780254,2.07474,1.1248918023802759
exactbaseline_matched_reference_distance_b0p1_2p0_lam1e00_s320,late_0p22_0p32,CDF_RUN_2:45,1.0060770511627197,0.1637132978446752,1.95146,1.1608488114429947
exactbaseline_matched_reference_distance_b0p1_2p0_lam1e00_s320,late_0p22_0p32,CDF_RUN_2:46,0.9867328405380249,0.2433979518395934,1.909664,1.2113723944400108
exactbaseline_matched_reference_distance_b0p1_2p0_lam1e00_s320,late_0p22_0p32,CDF_RUN_2:47,0.9570229053497314,0.3349953729225092,1.854624,1.2577151187877504
exactbaseline_matched_reference_distance_b0p1_2p0_lam1e00_s320,late_0p22_0p32,CDF_RUN_2:48,0.9143846035003662,0.4344149545116246,1.824972,1.3099573859296134
exactbaseline_matched_reference_distance_b0p1_2p0_lam1e00_s320,late_0p22_0p32,CDF_RUN_2:49,0.8588314056396484,0.5369747743326755,1.69753,1.3091913940794302
exactbaseline_matched_reference_distance_b0p1_2p0_lam1e00_s320,late_0p22_0p32,CDF_RUN_2:50,0.7558364868164062,0.6848781819867951,1.6449,1.364736689396379
exactbaseline_matched_reference_distance_b0p1_2p0_lam1e00_s320,late_0p22_0p32,CDF_RUN_2:51,0.6069104671478271,0.8499258195752324,1.42279,1.300347547781868
exactbaseline_matched_reference_distance_b0p1_2p0_lam1e00_s320,late_0p22_0p32,D0_RUN_1:14,1.2644621133804321,2.671437209028174e-06,2.589585,1.264465653363018
exactbaseline_matched_reference_distance_b0p1_2p0_lam1e00_s320,late_0p22_0p32,D0_RUN_1:15,0.7793673276901245,0.2207503246456333,1.790634,1.0026047739058388
exactbaseline_matched_reference_distance_b0p1_2p0_lam1e00_s321,early_0p18_0p28,CDF_RUN_1:30,1.4377672672271729,0.0892391852052237,2.72209,1.5523791814403662
exactbaseline_matched_reference_distance_b0p1_2p0_lam1e00_s321,early_0p18_0p28,CDF_RUN_1:31,1.0946651697158813,0.2263136792031131,2.51472,1.4160430030276325
exactbaseline_matched_reference_distance_b0p1_2p0_lam1e00_s321,early_0p18_0p28,CDF_RUN_1:32,0.8347293138504028,0.5139631863662977,2.180565,1.5264393114293224
exactbaseline_matched_reference_distance_b0p1_2p0_lam1e00_s321,early_0p18_0p28,CDF_RUN_1:33,0.7812879085540771,0.8606209544870957,1.75218,1.61685798699824
exactbaseline_matched_reference_distance_b0p1_2p0_lam1e00_s321,early_0p18_0p28,CDF_RUN_1:34,0.6507916450500488,0.9935104948187734,1.478605,1.4732329009439635
exactbaseline_matched_reference_distance_b0p1_2p0_lam1e00_s321,early_0p18_0p28,CDF_RUN_1:35,0.3850686550140381,1.0,1.20233,1.20233
exactbaseline_matched_reference_distance_b0p1_2p0_lam1e00_s321,early_0p18_0p28,CDF_RUN_2:36,1.8571877479553223,0.0629515791727313,3.27554,1.9464752620447345
exactbaseline_matched_reference_distance_b0p1_2p0_lam1e00_s321,early_0p18_0p28,CDF_RUN_2:37,1.6581437587738037,0.1155267912377162,2.91722,1.8036007968463108
exactbaseline_matched_reference_distance_b0p1_2p0_lam1e00_s321,early_0p18_0p28,CDF_RUN_2:38,1.471813440322876,0.1846215696118183,2.90854,1.7370641528734543
exactbaseline_matched_reference_distance_b0p1_2p0_lam1e00_s321,early_0p18_0p28,CDF_RUN_2:39,1.3128780126571655,0.2680057887944079,2.8682,1.7297133087042682
exactbaseline_matched_reference_distance_b0p1_2p0_lam1e00_s321,early_0p18_0p28,CDF_RUN_2:40,1.189826250076294,0.3622378472320013,2.4889,1.6603999286442606
exactbaseline_matched_reference_distance_b0p1_2p0_lam1e00_s321,early_0p18_0p28,CDF_RUN_2:41,1.10418701171875,0.4630252256673241,2.31978,1.6670372294372928
exactbaseline_matched_reference_distance_b0p1_2p0_lam1e00_s321,early_0p18_0p28,CDF_RUN_2:42,1.0514717102050781,0.5655850454883751,2.33764,1.7789092608944446
exactbaseline_matched_reference_distance_b0p1_2p0_lam1e00_s321,early_0p18_0p28,CDF_RUN_2:43,1.0231233835220337,0.6650046270774903,2.08436,1.7288506439039413
exactbaseline_matched_reference_distance_b0p1_2p0_lam1e00_s321,early_0p18_0p28,CDF_RUN_2:44,1.008762240409851,0.7566020481604062,2.07474,1.8152831966091987
exactbaseline_matched_reference_distance_b0p1_2p0_lam1e00_s321,early_0p18_0p28,CDF_RUN_2:45,0.9981619119644165,0.8362867021553243,1.95146,1.7953924261786707
exactbaseline_matched_reference_distance_b0p1_2p0_lam1e00_s321,early_0p18_0p28,CDF_RUN_2:46,0.9827238321304321,0.9009198565219744,1.909664,1.8178226351719382
exactbaseline_matched_reference_distance_b0p1_2p0_lam1e00_s321,early_0p18_0p28,CDF_RUN_2:47,0.9563639163970947,0.9486752111106782,1.854624,1.8085209908413764
exactbaseline_matched_reference_distance_b0p1_2p0_lam1e00_s321,early_0p18_0p28,CDF_RUN_2:48,0.9158860445022583,0.979399456511414,1.824972,1.8062443352389062
exactbaseline_matched_reference_distance_b0p1_2p0_lam1e00_s321,early_0p18_0p28,CDF_RUN_2:49,0.8609564304351807,0.99497283240288,1.69753,1.6933244044584768
exactbaseline_matched_reference_distance_b0p1_2p0_lam1e00_s321,early_0p18_0p28,CDF_RUN_2:50,0.7560930252075195,0.9998348419300568,1.6449,1.6447532063554913
exactbaseline_matched_reference_distance_b0p1_2p0_lam1e00_s321,early_0p18_0p28,CDF_RUN_2:51,0.6024191379547119,1.0,1.42279,1.42279
exactbaseline_matched_reference_distance_b0p1_2p0_lam1e00_s321,early_0p18_0p28,D0_RUN_1:14,1.2463301420211792,0.1879104824806516,2.589585,1.4987418104784584
exactbaseline_matched_reference_distance_b0p1_2p0_lam1e00_s321,early_0p18_0p28,D0_RUN_1:15,0.7714123725891113,0.7792496753543665,1.790634,1.5656404948631955
exactbaseline_matched_reference_distance_b0p1_2p0_lam1e00_s321,central_0p20_0p30,CDF_RUN_1:30,1.4377672672271729,0.0012197116639461,2.72209,1.439333770644607
exactbaseline_matched_reference_distance_b0p1_2p0_lam1e00_s321,central_0p20_0p30,CDF_RUN_1:31,1.0946651697158813,0.0258850748744865,2.51472,1.1314233953236619
exactbaseline_matched_reference_distance_b0p1_2p0_lam1e00_s321,central_0p20_0p30,CDF_RUN_1:32,0.8347293138504028,0.1831302917603498,2.180565,1.0811925957164692
exactbaseline_matched_reference_distance_b0p1_2p0_lam1e00_s321,central_0p20_0p30,CDF_RUN_1:33,0.7812879085540771,0.549777686123881,1.75218,1.3150627160651922
exactbaseline_matched_reference_distance_b0p1_2p0_lam1e00_s321,central_0p20_0p30,CDF_RUN_1:34,0.6507916450500488,0.8825037510074896,1.478605,1.381340035927475
exactbaseline_matched_reference_distance_b0p1_2p0_lam1e00_s321,central_0p20_0p30,CDF_RUN_1:35,0.3850686550140381,0.9960358801988642,1.20233,1.1990902781196382
exactbaseline_matched_reference_distance_b0p1_2p0_lam1e00_s321,central_0p20_0p30,CDF_RUN_2:36,1.8571877479553223,5.164127530589625e-05,3.27554,1.8572609934744508
exactbaseline_matched_reference_distance_b0p1_2p0_lam1e00_s321,central_0p20_0p30,CDF_RUN_2:37,1.6581437587738037,0.0023877817219835,2.91722,1.6611501580091874
exactbaseline_matched_reference_distance_b0p1_2p0_lam1e00_s321,central_0p20_0p30,CDF_RUN_2:38,1.471813440322876,0.0134170653158552,2.90854,1.491090094415088
exactbaseline_matched_reference_distance_b0p1_2p0_lam1e00_s321,central_0p20_0p30,CDF_RUN_2:39,1.3128780126571655,0.0383530844331178,2.8682,1.3725294081584098
exactbaseline_matched_reference_distance_b0p1_2p0_lam1e00_s321,central_0p20_0p30,CDF_RUN_2:40,1.189826250076294,0.0798964211082592,2.4889,1.2936175934508838
exactbaseline_matched_reference_distance_b0p1_2p0_lam1e00_s321,central_0p20_0p30,CDF_RUN_2:41,1.10418701171875,0.1385843072813845,2.31978,1.2726491239358153
exactbaseline_matched_reference_distance_b0p1_2p0_lam1e00_s321,central_0p20_0p30,CDF_RUN_2:42,1.0514717102050781,0.2131511831472797,2.33764,1.3256200029013792
exactbaseline_matched_reference_distance_b0p1_2p0_lam1e00_s321,central_0p20_0p30,CDF_RUN_2:43,1.0231233835220337,0.3008892555044757,2.08436,1.3424380789681778
exactbaseline_matched_reference_distance_b0p1_2p0_lam1e00_s321,central_0p20_0p30,CDF_RUN_2:44,1.008762240409851,0.3980090561043118,2.07474,1.4330310423325152
exactbaseline_matched_reference_distance_b0p1_2p0_lam1e00_s321,central_0p20_0p30,CDF_RUN_2:45,0.9981619119644165,0.4999999999999999,1.95146,1.4748109559822082
exactbaseline_matched_reference_distance_b0p1_2p0_lam1e00_s321,central_0p20_0p30,CDF_RUN_2:46,0.9827238321304321,0.6019909438956881,1.909664,1.5407334187210608
exactbaseline_matched_reference_distance_b0p1_2p0_lam1e00_s321,central_0p20_0p30,CDF_RUN_2:47,0.9563639163970947,0.6991107444955241,1.854624,1.5843471921953336
exactbaseline_matched_reference_distance_b0p1_2p0_lam1e00_s321,central_0p20_0p30,CDF_RUN_2:48,0.9158860445022583,0.7868488168527201,1.824972,1.631199253003081
exactbaseline_matched_reference_distance_b0p1_2p0_lam1e00_s321,central_0p20_0p30,CDF_RUN_2:49,0.8609564304351807,0.8614156927186152,1.69753,1.581594031371944
exactbaseline_matched_reference_distance_b0p1_2p0_lam1e00_s321,central_0p20_0p30,CDF_RUN_2:50,0.7560930252075195,0.9408752472293116,1.6449,1.5923495073545313
exactbaseline_matched_reference_distance_b0p1_2p0_lam1e00_s321,central_0p20_0p30,CDF_RUN_2:51,0.6024191379547119,0.9920975764810804,1.42279,1.416307082005537
exactbaseline_matched_reference_distance_b0p1_2p0_lam1e00_s321,central_0p20_0p30,D0_RUN_1:14,1.2463301420211792,0.0206608071262849,2.589585,1.2740828715633248
exactbaseline_matched_reference_distance_b0p1_2p0_lam1e00_s321,central_0p20_0p30,D0_RUN_1:15,0.7714123725891113,0.4999999999999999,1.790634,1.2810231862945556
exactbaseline_matched_reference_distance_b0p1_2p0_lam1e00_s321,late_0p22_0p32,CDF_RUN_1:30,1.4377672672271729,0.0,2.72209,1.4377672672271729
exactbaseline_matched_reference_distance_b0p1_2p0_lam1e00_s321,late_0p22_0p32,CDF_RUN_1:31,1.0946651697158813,0.0,2.51472,1.0946651697158813
exactbaseline_matched_reference_distance_b0p1_2p0_lam1e00_s321,late_0p22_0p32,CDF_RUN_1:32,0.8347293138504028,0.0193207037777613,2.180565,0.8607318064760393
exactbaseline_matched_reference_distance_b0p1_2p0_lam1e00_s321,late_0p22_0p32,CDF_RUN_1:33,0.7812879085540771,0.2102966915212009,1.75218,0.9854633032092539
exactbaseline_matched_reference_distance_b0p1_2p0_lam1e00_s321,late_0p22_0p32,CDF_RUN_1:34,0.6507916450500488,0.5852865232044726,1.478605,1.1352996454309356
exactbaseline_matched_reference_distance_b0p1_2p0_lam1e00_s321,late_0p22_0p32,CDF_RUN_1:35,0.3850686550140381,0.9023365088655396,1.20233,1.1225134038794264
exactbaseline_matched_reference_distance_b0p1_2p0_lam1e00_s321,late_0p22_0p32,CDF_RUN_2:36,1.8571877479553223,0.0,3.27554,1.8571877479553223
exactbaseline_matched_reference_distance_b0p1_2p0_lam1e00_s321,late_0p22_0p32,CDF_RUN_2:37,1.6581437587738037,0.0,2.91722,1.6581437587738037
exactbaseline_matched_reference_distance_b0p1_2p0_lam1e00_s321,late_0p22_0p32,CDF_RUN_2:38,1.471813440322876,0.0,2.90854,1.471813440322876
exactbaseline_matched_reference_distance_b0p1_2p0_lam1e00_s321,late_0p22_0p32,CDF_RUN_2:39,1.3128780126571655,0.0,2.8682,1.3128780126571655
exactbaseline_matched_reference_distance_b0p1_2p0_lam1e00_s321,late_0p22_0p32,CDF_RUN_2:40,1.189826250076294,0.0003303151612864,2.4889,1.1902553538315228
exactbaseline_matched_reference_distance_b0p1_2p0_lam1e00_s321,late_0p22_0p32,CDF_RUN_2:41,1.10418701171875,0.0050271675971199,2.31978,1.1102980014007238
exactbaseline_matched_reference_distance_b0p1_2p0_lam1e00_s321,late_0p22_0p32,CDF_RUN_2:42,1.0514717102050781,0.0206005434885857,2.33764,1.0779674759926385
exactbaseline_matched_reference_distance_b0p1_2p0_lam1e00_s321,late_0p22_0p32,CDF_RUN_2:43,1.0231233835220337,0.0513247888893216,2.08436,1.0775911288243833
exactbaseline_matched_reference_distance_b0p1_2p0_lam1e00_s321,late_0p22_0p32,CDF_RUN_2:44,1.008762240409851,0.0990801434780254,2.07474,1.1143794697744271
exactbaseline_matched_reference_distance_b0p1_2p0_lam1e00_s321,late_0p22_0p32,CDF_RUN_2:45,0.9981619119644165,0.1637132978446752,1.95146,1.1542294857857454
exactbaseline_matched_reference_distance_b0p1_2p0_lam1e00_s321,late_0p22_0p32,CDF_RUN_2:46,0.9827238321304321,0.2433979518395934,1.909664,1.2083391704677338
exactbaseline_matched_reference_distance_b0p1_2p0_lam1e00_s321,late_0p22_0p32,CDF_RUN_2:47,0.9563639163970947,0.3349953729225092,1.854624,1.2572768880850542
exactbaseline_matched_reference_distance_b0p1_2p0_lam1e00_s321,late_0p22_0p32,CDF_RUN_2:48,0.9158860445022583,0.4344149545116246,1.824972,1.3108065785069667
exactbaseline_matched_reference_distance_b0p1_2p0_lam1e00_s321,late_0p22_0p32,CDF_RUN_2:49,0.8609564304351807,0.5369747743326755,1.69753,1.3101753341649303
exactbaseline_matched_reference_distance_b0p1_2p0_lam1e00_s321,late_0p22_0p32,CDF_RUN_2:50,0.7560930252075195,0.6848781819867951,1.6449,1.3648175302405767
exactbaseline_matched_reference_distance_b0p1_2p0_lam1e00_s321,late_0p22_0p32,CDF_RUN_2:51,0.6024191379547119,0.8499258195752324,1.42279,1.2996735152341934
exactbaseline_matched_reference_distance_b0p1_2p0_lam1e00_s321,late_0p22_0p32,D0_RUN_1:14,1.2463301420211792,2.671437209028174e-06,2.589585,1.246333730442188
exactbaseline_matched_reference_distance_b0p1_2p0_lam1e00_s321,late_0p22_0p32,D0_RUN_1:15,0.7714123725891113,0.2207503246456333,1.790634,0.9964058777259157
exactbaseline_matched_reference_distance_b0p1_2p0_lam1e00_s322,early_0p18_0p28,CDF_RUN_1:30,1.4537878036499023,0.0892391852052237,2.72209,1.5669700582461807
exactbaseline_matched_reference_distance_b0p1_2p0_lam1e00_s322,early_0p18_0p28,CDF_RUN_1:31,1.1015676259994507,0.2263136792031131,2.51472,1.4213833390341288
exactbaseline_matched_reference_distance_b0p1_2p0_lam1e00_s322,early_0p18_0p28,CDF_RUN_1:32,0.8340311050415039,0.5139631863662977,2.180565,1.526099956244594
exactbaseline_matched_reference_distance_b0p1_2p0_lam1e00_s322,early_0p18_0p28,CDF_RUN_1:33,0.7863947153091431,0.8606209544870957,1.75218,1.61756976884938
exactbaseline_matched_reference_distance_b0p1_2p0_lam1e00_s322,early_0p18_0p28,CDF_RUN_1:34,0.6524648666381836,0.9935104948187734,1.478605,1.4732437593241292
exactbaseline_matched_reference_distance_b0p1_2p0_lam1e00_s322,early_0p18_0p28,CDF_RUN_1:35,0.38587379455566406,1.0,1.20233,1.20233
exactbaseline_matched_reference_distance_b0p1_2p0_lam1e00_s322,early_0p18_0p28,CDF_RUN_2:36,1.8677184581756592,0.0629515791727313,3.27554,1.9563430474268908
exactbaseline_matched_reference_distance_b0p1_2p0_lam1e00_s322,early_0p18_0p28,CDF_RUN_2:37,1.6660752296447754,0.1155267912377162,2.91722,1.8106159703377638
exactbaseline_matched_reference_distance_b0p1_2p0_lam1e00_s322,early_0p18_0p28,CDF_RUN_2:38,1.4729582071304321,0.1846215696118183,2.90854,1.73799757103616
exactbaseline_matched_reference_distance_b0p1_2p0_lam1e00_s322,early_0p18_0p28,CDF_RUN_2:39,1.3063737154006958,0.2680057887944079,2.8682,1.7249522007645717
exactbaseline_matched_reference_distance_b0p1_2p0_lam1e00_s322,early_0p18_0p28,CDF_RUN_2:40,1.17782723903656,0.3622378472320013,2.4889,1.652747413532473
exactbaseline_matched_reference_distance_b0p1_2p0_lam1e00_s322,early_0p18_0p28,CDF_RUN_2:41,1.0904672145843506,0.4630252256673241,2.31978,1.6596700444671586
exactbaseline_matched_reference_distance_b0p1_2p0_lam1e00_s322,early_0p18_0p28,CDF_RUN_2:42,1.0397640466690063,0.5655850454883751,2.33764,1.7738232767719846
exactbaseline_matched_reference_distance_b0p1_2p0_lam1e00_s322,early_0p18_0p28,CDF_RUN_2:43,1.0158655643463135,0.6650046270774903,2.08436,1.726419308062567
exactbaseline_matched_reference_distance_b0p1_2p0_lam1e00_s322,early_0p18_0p28,CDF_RUN_2:44,1.0066001415252686,0.7566020481604062,2.07474,1.8147569461690167
exactbaseline_matched_reference_distance_b0p1_2p0_lam1e00_s322,early_0p18_0p28,CDF_RUN_2:45,1.0002026557922363,0.8362867021553243,1.95146,1.795726523080779
exactbaseline_matched_reference_distance_b0p1_2p0_lam1e00_s322,early_0p18_0p28,CDF_RUN_2:46,0.9872308969497681,0.9009198565219744,1.909664,1.8182691958009027
exactbaseline_matched_reference_distance_b0p1_2p0_lam1e00_s322,early_0p18_0p28,CDF_RUN_2:47,0.9615044593811035,0.9486752111106782,1.854624,1.8087848281248071
exactbaseline_matched_reference_distance_b0p1_2p0_lam1e00_s322,early_0p18_0p28,CDF_RUN_2:48,0.9202642440795898,0.979399456511414,1.824972,1.8063345285297006
exactbaseline_matched_reference_distance_b0p1_2p0_lam1e00_s322,early_0p18_0p28,CDF_RUN_2:49,0.8638406991958618,0.99497283240288,1.69753,1.693338904160932
exactbaseline_matched_reference_distance_b0p1_2p0_lam1e00_s322,early_0p18_0p28,CDF_RUN_2:50,0.7565672397613525,0.9998348419300568,1.6449,1.6447532846758517
exactbaseline_matched_reference_distance_b0p1_2p0_lam1e00_s322,early_0p18_0p28,CDF_RUN_2:51,0.6005370616912842,1.0,1.42279,1.42279
exactbaseline_matched_reference_distance_b0p1_2p0_lam1e00_s322,early_0p18_0p28,D0_RUN_1:14,1.2571196556091309,0.1879104824806516,2.589585,1.5075038613623666
exactbaseline_matched_reference_distance_b0p1_2p0_lam1e00_s322,early_0p18_0p28,D0_RUN_1:15,0.7722618579864502,0.7792496753543665,1.790634,1.56582801904044
exactbaseline_matched_reference_distance_b0p1_2p0_lam1e00_s322,central_0p20_0p30,CDF_RUN_1:30,1.4537878036499023,0.0012197116639461,2.72209,1.455334766632199
exactbaseline_matched_reference_distance_b0p1_2p0_lam1e00_s322,central_0p20_0p30,CDF_RUN_1:31,1.1015676259994507,0.0258850748744865,2.51472,1.1381471810095132
exactbaseline_matched_reference_distance_b0p1_2p0_lam1e00_s322,central_0p20_0p30,CDF_RUN_1:32,0.8340311050415039,0.1831302917603498,2.180565,1.0806222500904537
exactbaseline_matched_reference_distance_b0p1_2p0_lam1e00_s322,central_0p20_0p30,CDF_RUN_1:33,0.7863947153091431,0.549777686123881,1.75218,1.317361914418976
exactbaseline_matched_reference_distance_b0p1_2p0_lam1e00_s322,central_0p20_0p30,CDF_RUN_1:34,0.6524648666381836,0.8825037510074896,1.478605,1.3815366331878143
exactbaseline_matched_reference_distance_b0p1_2p0_lam1e00_s322,central_0p20_0p30,CDF_RUN_1:35,0.38587379455566406,0.9960358801988642,1.20233,1.199093469789238
exactbaseline_matched_reference_distance_b0p1_2p0_lam1e00_s322,central_0p20_0p30,CDF_RUN_2:36,1.8677184581756592,5.164127530589625e-05,3.27554,1.8677911598754822
exactbaseline_matched_reference_distance_b0p1_2p0_lam1e00_s322,central_0p20_0p30,CDF_RUN_2:37,1.6660752296447754,0.0023877817219835,2.91722,1.669062690258985
exactbaseline_matched_reference_distance_b0p1_2p0_lam1e00_s322,central_0p20_0p30,CDF_RUN_2:38,1.4729582071304321,0.0134170653158552,2.90854,1.4922195018116156
exactbaseline_matched_reference_distance_b0p1_2p0_lam1e00_s322,central_0p20_0p30,CDF_RUN_2:39,1.3063737154006958,0.0383530844331178,2.8682,1.3662745707637955
exactbaseline_matched_reference_distance_b0p1_2p0_lam1e00_s322,central_0p20_0p30,CDF_RUN_2:40,1.17782723903656,0.0798964211082592,2.4889,1.2825772604500632
exactbaseline_matched_reference_distance_b0p1_2p0_lam1e00_s322,central_0p20_0p30,CDF_RUN_2:41,1.0904672145843506,0.1385843072813845,2.31978,1.2608306753833278
exactbaseline_matched_reference_distance_b0p1_2p0_lam1e00_s322,central_0p20_0p30,CDF_RUN_2:42,1.0397640466690063,0.2131511831472797,2.33764,1.3164078416999112
exactbaseline_matched_reference_distance_b0p1_2p0_lam1e00_s322,central_0p20_0p30,CDF_RUN_2:43,1.0158655643463135,0.3008892555044757,2.08436,1.337364059600826
exactbaseline_matched_reference_distance_b0p1_2p0_lam1e00_s322,central_0p20_0p30,CDF_RUN_2:44,1.0066001415252686,0.3980090561043118,2.07474,1.4317294783841896
exactbaseline_matched_reference_distance_b0p1_2p0_lam1e00_s322,central_0p20_0p30,CDF_RUN_2:45,1.0002026557922363,0.4999999999999999,1.95146,1.4758313278961182
exactbaseline_matched_reference_distance_b0p1_2p0_lam1e00_s322,central_0p20_0p30,CDF_RUN_2:46,0.9872308969497681,0.6019909438956881,1.909664,1.5425272713356057
exactbaseline_matched_reference_distance_b0p1_2p0_lam1e00_s322,central_0p20_0p30,CDF_RUN_2:47,0.9615044593811035,0.6991107444955241,1.854624,1.5858939263466807
exactbaseline_matched_reference_distance_b0p1_2p0_lam1e00_s322,central_0p20_0p30,CDF_RUN_2:48,0.9202642440795898,0.7868488168527201,1.824972,1.632132471423044
exactbaseline_matched_reference_distance_b0p1_2p0_lam1e00_s322,central_0p20_0p30,CDF_RUN_2:49,0.8638406991958618,0.8614156927186152,1.69753,1.5819937457601565
exactbaseline_matched_reference_distance_b0p1_2p0_lam1e00_s322,central_0p20_0p30,CDF_RUN_2:50,0.7565672397613525,0.9408752472293116,1.6449,1.5923775451727868
exactbaseline_matched_reference_distance_b0p1_2p0_lam1e00_s322,central_0p20_0p30,CDF_RUN_2:51,0.6005370616912842,0.9920975764810804,1.42279,1.4162922090418084
exactbaseline_matched_reference_distance_b0p1_2p0_lam1e00_s322,central_0p20_0p30,D0_RUN_1:14,1.2571196556091309,0.0206608071262849,2.589585,1.2846494650920495
exactbaseline_matched_reference_distance_b0p1_2p0_lam1e00_s322,central_0p20_0p30,D0_RUN_1:15,0.7722618579864502,0.4999999999999999,1.790634,1.281447928993225
exactbaseline_matched_reference_distance_b0p1_2p0_lam1e00_s322,late_0p22_0p32,CDF_RUN_1:30,1.4537878036499023,0.0,2.72209,1.4537878036499023
exactbaseline_matched_reference_distance_b0p1_2p0_lam1e00_s322,late_0p22_0p32,CDF_RUN_1:31,1.1015676259994507,0.0,2.51472,1.1015676259994507
exactbaseline_matched_reference_distance_b0p1_2p0_lam1e00_s322,late_0p22_0p32,CDF_RUN_1:32,0.8340311050415039,0.0193207037777613,2.180565,0.8600470875527122
exactbaseline_matched_reference_distance_b0p1_2p0_lam1e00_s322,late_0p22_0p32,CDF_RUN_1:33,0.7863947153091431,0.2102966915212009,1.75218,0.9894961653994914
exactbaseline_matched_reference_distance_b0p1_2p0_lam1e00_s322,late_0p22_0p32,CDF_RUN_1:34,0.6524648666381836,0.5852865232044726,1.478605,1.1359935529732004
exactbaseline_matched_reference_distance_b0p1_2p0_lam1e00_s322,late_0p22_0p32,CDF_RUN_1:35,0.38587379455566406,0.9023365088655396,1.20233,1.1225920366179118
exactbaseline_matched_reference_distance_b0p1_2p0_lam1e00_s322,late_0p22_0p32,CDF_RUN_2:36,1.8677184581756592,0.0,3.27554,1.8677184581756592
exactbaseline_matched_reference_distance_b0p1_2p0_lam1e00_s322,late_0p22_0p32,CDF_RUN_2:37,1.6660752296447754,0.0,2.91722,1.6660752296447754
exactbaseline_matched_reference_distance_b0p1_2p0_lam1e00_s322,late_0p22_0p32,CDF_RUN_2:38,1.4729582071304321,0.0,2.90854,1.4729582071304321
exactbaseline_matched_reference_distance_b0p1_2p0_lam1e00_s322,late_0p22_0p32,CDF_RUN_2:39,1.3063737154006958,0.0,2.8682,1.3063737154006958
exactbaseline_matched_reference_distance_b0p1_2p0_lam1e00_s322,late_0p22_0p32,CDF_RUN_2:40,1.17782723903656,0.0003303151612864,2.4889,1.1782603062470558
exactbaseline_matched_reference_distance_b0p1_2p0_lam1e00_s322,late_0p22_0p32,CDF_RUN_2:41,1.0904672145843506,0.0050271675971199,2.31978,1.0966471759859173
exactbaseline_matched_reference_distance_b0p1_2p0_lam1e00_s322,late_0p22_0p32,CDF_RUN_2:42,1.0397640466690063,0.0206005434885857,2.33764,1.0665009966883912
exactbaseline_matched_reference_distance_b0p1_2p0_lam1e00_s322,late_0p22_0p32,CDF_RUN_2:43,1.0158655643463135,0.0513247888893216,2.08436,1.070705815685654
exactbaseline_matched_reference_distance_b0p1_2p0_lam1e00_s322,late_0p22_0p32,CDF_RUN_2:44,1.0066001415252686,0.0990801434780254,2.07474,1.1124315919575427
exactbaseline_matched_reference_distance_b0p1_2p0_lam1e00_s322,late_0p22_0p32,CDF_RUN_2:45,1.0002026557922363,0.1637132978446752,1.95146,1.1559361327114568
exactbaseline_matched_reference_distance_b0p1_2p0_lam1e00_s322,late_0p22_0p32,CDF_RUN_2:46,0.9872308969497681,0.2433979518395934,1.909664,1.2117492249412352
exactbaseline_matched_reference_distance_b0p1_2p0_lam1e00_s322,late_0p22_0p32,CDF_RUN_2:47,0.9615044593811035,0.3349953729225092,1.854624,1.260695372955111
exactbaseline_matched_reference_distance_b0p1_2p0_lam1e00_s322,late_0p22_0p32,CDF_RUN_2:48,0.9202642440795898,0.4344149545116246,1.824972,1.313282822714069
exactbaseline_matched_reference_distance_b0p1_2p0_lam1e00_s322,late_0p22_0p32,CDF_RUN_2:49,0.8638406991958618,0.5369747743326755,1.69753,1.3115108233587298
exactbaseline_matched_reference_distance_b0p1_2p0_lam1e00_s322,late_0p22_0p32,CDF_RUN_2:50,0.7565672397613525,0.6848781819867951,1.6449,1.3649669655929089
exactbaseline_matched_reference_distance_b0p1_2p0_lam1e00_s322,late_0p22_0p32,CDF_RUN_2:51,0.6005370616912842,0.8499258195752324,1.42279,1.2993910641814626
exactbaseline_matched_reference_distance_b0p1_2p0_lam1e00_s322,late_0p22_0p32,D0_RUN_1:14,1.2571196556091309,2.671437209028174e-06,2.589585,1.2571232152066316
exactbaseline_matched_reference_distance_b0p1_2p0_lam1e00_s322,late_0p22_0p32,D0_RUN_1:15,0.7722618579864502,0.2207503246456333,1.790634,0.9970678389460104
exactbaseline_matched_reference_distance_b0p1_2p0_lam1e00_s323,early_0p18_0p28,CDF_RUN_1:30,1.46027410030365,0.0892391852052237,2.72209,1.5728775230715484
exactbaseline_matched_reference_distance_b0p1_2p0_lam1e00_s323,early_0p18_0p28,CDF_RUN_1:31,1.1130419969558716,0.2263136792031131,2.51472,1.4302609028828608
exactbaseline_matched_reference_distance_b0p1_2p0_lam1e00_s323,early_0p18_0p28,CDF_RUN_1:32,0.8487163782119751,0.5139631863662977,2.180565,1.5332375396237106
exactbaseline_matched_reference_distance_b0p1_2p0_lam1e00_s323,early_0p18_0p28,CDF_RUN_1:33,0.7898187637329102,0.8606209544870957,1.75218,1.6180470094504746
exactbaseline_matched_reference_distance_b0p1_2p0_lam1e00_s323,early_0p18_0p28,CDF_RUN_1:34,0.6519708633422852,0.9935104948187734,1.478605,1.4732405534871809
exactbaseline_matched_reference_distance_b0p1_2p0_lam1e00_s323,early_0p18_0p28,CDF_RUN_1:35,0.390181303024292,1.0,1.20233,1.20233
exactbaseline_matched_reference_distance_b0p1_2p0_lam1e00_s323,early_0p18_0p28,CDF_RUN_2:36,1.8892215490341187,0.0629515791727313,3.27554,1.9764924847587155
exactbaseline_matched_reference_distance_b0p1_2p0_lam1e00_s323,early_0p18_0p28,CDF_RUN_2:37,1.6915826797485352,0.1155267912377162,2.91722,1.83317662657838
exactbaseline_matched_reference_distance_b0p1_2p0_lam1e00_s323,early_0p18_0p28,CDF_RUN_2:38,1.5044035911560059,0.1846215696118183,2.90854,1.7636374589058859
exactbaseline_matched_reference_distance_b0p1_2p0_lam1e00_s323,early_0p18_0p28,CDF_RUN_2:39,1.3434600830078125,0.2680057887944079,2.8682,1.7520992071676238
exactbaseline_matched_reference_distance_b0p1_2p0_lam1e00_s323,early_0p18_0p28,CDF_RUN_2:40,1.218213438987732,0.3622378472320013,2.4889,1.678504203355451
exactbaseline_matched_reference_distance_b0p1_2p0_lam1e00_s323,early_0p18_0p28,CDF_RUN_2:41,1.1305879354476929,0.4630252256673241,2.31978,1.681213859498816
exactbaseline_matched_reference_distance_b0p1_2p0_lam1e00_s323,early_0p18_0p28,CDF_RUN_2:42,1.0759055614471436,0.5655850454883751,2.33764,1.7895236912703103
exactbaseline_matched_reference_distance_b0p1_2p0_lam1e00_s323,early_0p18_0p28,CDF_RUN_2:43,1.045145034790039,0.6650046270774903,2.08436,1.7362277951828362
exactbaseline_matched_reference_distance_b0p1_2p0_lam1e00_s323,early_0p18_0p28,CDF_RUN_2:44,1.0275665521621704,0.7566020481604062,2.07474,1.8198601275754664
exactbaseline_matched_reference_distance_b0p1_2p0_lam1e00_s323,early_0p18_0p28,CDF_RUN_2:45,1.0129759311676025,0.8362867021553243,1.95146,1.7978176781167585
exactbaseline_matched_reference_distance_b0p1_2p0_lam1e00_s323,early_0p18_0p28,CDF_RUN_2:46,0.9932305812835693,0.9009198565219744,1.909664,1.8188636453855187
exactbaseline_matched_reference_distance_b0p1_2p0_lam1e00_s323,early_0p18_0p28,CDF_RUN_2:47,0.9629466533660889,0.9486752111106782,1.854624,1.808858848426624
exactbaseline_matched_reference_distance_b0p1_2p0_lam1e00_s323,early_0p18_0p28,CDF_RUN_2:48,0.9196135997772217,0.979399456511414,1.824972,1.806321124903454
exactbaseline_matched_reference_distance_b0p1_2p0_lam1e00_s323,early_0p18_0p28,CDF_RUN_2:49,0.8633356094360352,0.99497283240288,1.69753,1.6933363649900577
exactbaseline_matched_reference_distance_b0p1_2p0_lam1e00_s323,early_0p18_0p28,CDF_RUN_2:50,0.7593827247619629,0.9998348419300568,1.6449,1.6447537496759204
exactbaseline_matched_reference_distance_b0p1_2p0_lam1e00_s323,early_0p18_0p28,CDF_RUN_2:51,0.6096451282501221,1.0,1.42279,1.42279
exactbaseline_matched_reference_distance_b0p1_2p0_lam1e00_s323,early_0p18_0p28,D0_RUN_1:14,1.2678465843200684,0.1879104824806516,2.589585,1.5162150877236966
exactbaseline_matched_reference_distance_b0p1_2p0_lam1e00_s323,early_0p18_0p28,D0_RUN_1:15,0.7805707454681396,0.7792496753543665,1.790634,1.567662208649467
exactbaseline_matched_reference_distance_b0p1_2p0_lam1e00_s323,central_0p20_0p30,CDF_RUN_1:30,1.46027410030365,0.0012197116639461,2.72209,1.461813151874262
exactbaseline_matched_reference_distance_b0p1_2p0_lam1e00_s323,central_0p20_0p30,CDF_RUN_1:31,1.1130419969558716,0.0258850748744865,2.51472,1.1493245370145895
exactbaseline_matched_reference_distance_b0p1_2p0_lam1e00_s323,central_0p20_0p30,CDF_RUN_1:32,0.8487163782119751,0.1831302917603498,2.180565,1.0926182049006359
exactbaseline_matched_reference_distance_b0p1_2p0_lam1e00_s323,central_0p20_0p30,CDF_RUN_1:33,0.7898187637329102,0.549777686123881,1.75218,1.3189034974231484
exactbaseline_matched_reference_distance_b0p1_2p0_lam1e00_s323,central_0p20_0p30,CDF_RUN_1:34,0.6519708633422852,0.8825037510074896,1.478605,1.3814785896535562
exactbaseline_matched_reference_distance_b0p1_2p0_lam1e00_s323,central_0p20_0p30,CDF_RUN_1:35,0.390181303024292,0.9960358801988642,1.20233,1.199110545268852
exactbaseline_matched_reference_distance_b0p1_2p0_lam1e00_s323,central_0p20_0p30,CDF_RUN_2:36,1.8892215490341187,5.164127530589625e-05,3.27554,1.8892931402869066
exactbaseline_matched_reference_distance_b0p1_2p0_lam1e00_s323,central_0p20_0p30,CDF_RUN_2:37,1.6915826797485352,0.0023877817219835,2.91722,1.6945092341396126
exactbaseline_matched_reference_distance_b0p1_2p0_lam1e00_s323,central_0p20_0p30,CDF_RUN_2:38,1.5044035911560059,0.0134170653158552,2.90854,1.523242981065836
exactbaseline_matched_reference_distance_b0p1_2p0_lam1e00_s323,central_0p20_0p30,CDF_RUN_2:39,1.3434600830078125,0.0383530844331178,2.8682,1.4019385617827589
exactbaseline_matched_reference_distance_b0p1_2p0_lam1e00_s323,central_0p20_0p30,CDF_RUN_2:40,1.218213438987732,0.0798964211082592,2.4889,1.319736747562974
exactbaseline_matched_reference_distance_b0p1_2p0_lam1e00_s323,central_0p20_0p30,CDF_RUN_2:41,1.1305879354476929,0.1385843072813845,2.31978,1.2953912939381937
exactbaseline_matched_reference_distance_b0p1_2p0_lam1e00_s323,central_0p20_0p30,CDF_RUN_2:42,1.0759055614471436,0.2131511831472797,2.33764,1.3448457498423536
exactbaseline_matched_reference_distance_b0p1_2p0_lam1e00_s323,central_0p20_0p30,CDF_RUN_2:43,1.045145034790039,0.3008892555044757,2.08436,1.3578336519811738
exactbaseline_matched_reference_distance_b0p1_2p0_lam1e00_s323,central_0p20_0p30,CDF_RUN_2:44,1.0275665521621704,0.3980090561043118,2.07474,1.4443510677136029
exactbaseline_matched_reference_distance_b0p1_2p0_lam1e00_s323,central_0p20_0p30,CDF_RUN_2:45,1.0129759311676025,0.4999999999999999,1.95146,1.4822179655838013
exactbaseline_matched_reference_distance_b0p1_2p0_lam1e00_s323,central_0p20_0p30,CDF_RUN_2:46,0.9932305812835693,0.6019909438956881,1.909664,1.5449152000342257
exactbaseline_matched_reference_distance_b0p1_2p0_lam1e00_s323,central_0p20_0p30,CDF_RUN_2:47,0.9629466533660889,0.6991107444955241,1.854624,1.586327867021116
exactbaseline_matched_reference_distance_b0p1_2p0_lam1e00_s323,central_0p20_0p30,CDF_RUN_2:48,0.9196135997772217,0.7868488168527201,1.824972,1.6319937858201863
exactbaseline_matched_reference_distance_b0p1_2p0_lam1e00_s323,central_0p20_0p30,CDF_RUN_2:49,0.8633356094360352,0.8614156927186152,1.69753,1.581923748245676
exactbaseline_matched_reference_distance_b0p1_2p0_lam1e00_s323,central_0p20_0p30,CDF_RUN_2:50,0.7593827247619629,0.9408752472293116,1.6449,1.5925440100273776
exactbaseline_matched_reference_distance_b0p1_2p0_lam1e00_s323,central_0p20_0p30,CDF_RUN_2:51,0.6096451282501221,0.9920975764810804,1.42279,1.416364184841195
exactbaseline_matched_reference_distance_b0p1_2p0_lam1e00_s323,central_0p20_0p30,D0_RUN_1:14,1.2678465843200684,0.0206608071262849,2.589585,1.295154766797833
exactbaseline_matched_reference_distance_b0p1_2p0_lam1e00_s323,central_0p20_0p30,D0_RUN_1:15,0.7805707454681396,0.4999999999999999,1.790634,1.2856023727340697
exactbaseline_matched_reference_distance_b0p1_2p0_lam1e00_s323,late_0p22_0p32,CDF_RUN_1:30,1.46027410030365,0.0,2.72209,1.46027410030365
exactbaseline_matched_reference_distance_b0p1_2p0_lam1e00_s323,late_0p22_0p32,CDF_RUN_1:31,1.1130419969558716,0.0,2.51472,1.1130419969558716
exactbaseline_matched_reference_distance_b0p1_2p0_lam1e00_s323,late_0p22_0p32,CDF_RUN_1:32,0.8487163782119751,0.0193207037777613,2.180565,0.8744486309103612
exactbaseline_matched_reference_distance_b0p1_2p0_lam1e00_s323,late_0p22_0p32,CDF_RUN_1:33,0.7898187637329102,0.2102966915212009,1.75218,0.9922001477681319
exactbaseline_matched_reference_distance_b0p1_2p0_lam1e00_s323,late_0p22_0p32,CDF_RUN_1:34,0.6519708633422852,0.5852865232044726,1.478605,1.13578868314881
exactbaseline_matched_reference_distance_b0p1_2p0_lam1e00_s323,late_0p22_0p32,CDF_RUN_1:35,0.390181303024292,0.9023365088655396,1.20233,1.1230127229330493
exactbaseline_matched_reference_distance_b0p1_2p0_lam1e00_s323,late_0p22_0p32,CDF_RUN_2:36,1.8892215490341187,0.0,3.27554,1.8892215490341187
exactbaseline_matched_reference_distance_b0p1_2p0_lam1e00_s323,late_0p22_0p32,CDF_RUN_2:37,1.6915826797485352,0.0,2.91722,1.6915826797485352
exactbaseline_matched_reference_distance_b0p1_2p0_lam1e00_s323,late_0p22_0p32,CDF_RUN_2:38,1.5044035911560059,0.0,2.90854,1.5044035911560059
exactbaseline_matched_reference_distance_b0p1_2p0_lam1e00_s323,late_0p22_0p32,CDF_RUN_2:39,1.3434600830078125,0.0,2.8682,1.3434600830078125
exactbaseline_matched_reference_distance_b0p1_2p0_lam1e00_s323,late_0p22_0p32,CDF_RUN_2:40,1.218213438987732,0.0003303151612864,2.4889,1.2186331660240772
exactbaseline_matched_reference_distance_b0p1_2p0_lam1e00_s323,late_0p22_0p32,CDF_RUN_2:41,1.1305879354476929,0.0050271675971199,2.31978,1.1365662032613626
exactbaseline_matched_reference_distance_b0p1_2p0_lam1e00_s323,late_0p22_0p32,CDF_RUN_2:42,1.0759055614471436,0.0206005434885857,2.33764,1.101897976619598
exactbaseline_matched_reference_distance_b0p1_2p0_lam1e00_s323,late_0p22_0p32,CDF_RUN_2:43,1.045145034790039,0.0513247888893216,2.08436,1.0984825234900641
exactbaseline_matched_reference_distance_b0p1_2p0_lam1e00_s323,late_0p22_0p32,CDF_RUN_2:44,1.0275665521621704,0.0990801434780254,2.07474,1.131320647620321
exactbaseline_matched_reference_distance_b0p1_2p0_lam1e00_s323,late_0p22_0p32,CDF_RUN_2:45,1.0129759311676025,0.1637132978446752,1.95146,1.1666182530508435
exactbaseline_matched_reference_distance_b0p1_2p0_lam1e00_s323,late_0p22_0p32,CDF_RUN_2:46,0.9932305812835693,0.2433979518395934,1.909664,1.216288598396505
exactbaseline_matched_reference_distance_b0p1_2p0_lam1e00_s323,late_0p22_0p32,CDF_RUN_2:47,0.9629466533660889,0.3349953729225092,1.854624,1.2616544386282693
exactbaseline_matched_reference_distance_b0p1_2p0_lam1e00_s323,late_0p22_0p32,CDF_RUN_2:48,0.9196135997772217,0.4344149545116246,1.824972,1.312914828026717
exactbaseline_matched_reference_distance_b0p1_2p0_lam1e00_s323,late_0p22_0p32,CDF_RUN_2:49,0.8633356094360352,0.5369747743326755,1.69753,1.311276954058704
exactbaseline_matched_reference_distance_b0p1_2p0_lam1e00_s323,late_0p22_0p32,CDF_RUN_2:50,0.7593827247619629,0.6848781819867951,1.6449,1.3658541863448903
exactbaseline_matched_reference_distance_b0p1_2p0_lam1e00_s323,late_0p22_0p32,CDF_RUN_2:51,0.6096451282501221,0.8499258195752324,1.42279,1.3007579498055344
exactbaseline_matched_reference_distance_b0p1_2p0_lam1e00_s323,late_0p22_0p32,D0_RUN_1:14,1.2678465843200684,2.671437209028174e-06,2.589585,1.2678501152612527
exactbaseline_matched_reference_distance_b0p1_2p0_lam1e00_s323,late_0p22_0p32,D0_RUN_1:15,0.7805707454681396,0.2207503246456333,1.790634,1.0035425368186728
exactbaseline_matched_reference_distance_b0p1_2p0_lam1e00_s324,early_0p18_0p28,CDF_RUN_1:30,1.4500670433044434,0.0892391852052237,2.72209,1.5635813355222945
exactbaseline_matched_reference_distance_b0p1_2p0_lam1e00_s324,early_0p18_0p28,CDF_RUN_1:31,1.103039264678955,0.2263136792031131,2.51472,1.422521925749617
exactbaseline_matched_reference_distance_b0p1_2p0_lam1e00_s324,early_0p18_0p28,CDF_RUN_1:32,0.8413993120193481,0.5139631863662977,2.180565,1.5296811760862992
exactbaseline_matched_reference_distance_b0p1_2p0_lam1e00_s324,early_0p18_0p28,CDF_RUN_1:33,0.7864915132522583,0.8606209544870957,1.75218,1.617583260454299
exactbaseline_matched_reference_distance_b0p1_2p0_lam1e00_s324,early_0p18_0p28,CDF_RUN_1:34,0.6516907215118408,0.9935104948187734,1.478605,1.4732387355053207
exactbaseline_matched_reference_distance_b0p1_2p0_lam1e00_s324,early_0p18_0p28,CDF_RUN_1:35,0.3874940872192383,1.0,1.20233,1.20233
exactbaseline_matched_reference_distance_b0p1_2p0_lam1e00_s324,early_0p18_0p28,CDF_RUN_2:36,1.8682366609573364,0.0629515791727313,3.27554,1.9568286285251297
exactbaseline_matched_reference_distance_b0p1_2p0_lam1e00_s324,early_0p18_0p28,CDF_RUN_2:37,1.6663918495178223,0.1155267912377162,2.91722,1.8108960121328355
exactbaseline_matched_reference_distance_b0p1_2p0_lam1e00_s324,early_0p18_0p28,CDF_RUN_2:38,1.4759752750396729,0.1846215696118183,2.90854,1.7404576231323712
exactbaseline_matched_reference_distance_b0p1_2p0_lam1e00_s324,early_0p18_0p28,CDF_RUN_2:39,1.3134145736694336,0.2680057887944079,2.8682,1.7301060682592069
exactbaseline_matched_reference_distance_b0p1_2p0_lam1e00_s324,early_0p18_0p28,CDF_RUN_2:40,1.1883994340896606,0.3622378472320013,2.4889,1.6594899594090213
exactbaseline_matched_reference_distance_b0p1_2p0_lam1e00_s324,early_0p18_0p28,CDF_RUN_2:41,1.1027599573135376,0.4630252256673241,2.31978,1.6662709372200935
exactbaseline_matched_reference_distance_b0p1_2p0_lam1e00_s324,early_0p18_0p28,CDF_RUN_2:42,1.0515233278274536,0.5655850454883751,2.33764,1.7789316843615208
exactbaseline_matched_reference_distance_b0p1_2p0_lam1e00_s324,early_0p18_0p28,CDF_RUN_2:43,1.0252326726913452,0.6650046270774903,2.08436,1.7295572460158164
exactbaseline_matched_reference_distance_b0p1_2p0_lam1e00_s324,early_0p18_0p28,CDF_RUN_2:44,1.012625813484192,0.7566020481604062,2.07474,1.8162235823822759
exactbaseline_matched_reference_distance_b0p1_2p0_lam1e00_s324,early_0p18_0p28,CDF_RUN_2:45,1.0029447078704834,0.8362867021553243,1.95146,1.7961754334693707
exactbaseline_matched_reference_distance_b0p1_2p0_lam1e00_s324,early_0p18_0p28,CDF_RUN_2:46,0.9874773025512695,0.9009198565219744,1.909664,1.8182936097032532
exactbaseline_matched_reference_distance_b0p1_2p0_lam1e00_s324,early_0p18_0p28,CDF_RUN_2:47,0.9603724479675293,0.9486752111106782,1.854624,1.8087267278779853
exactbaseline_matched_reference_distance_b0p1_2p0_lam1e00_s324,early_0p18_0p28,CDF_RUN_2:48,0.9188268184661865,0.979399456511414,1.824972,1.80630491678084
exactbaseline_matched_reference_distance_b0p1_2p0_lam1e00_s324,early_0p18_0p28,CDF_RUN_2:49,0.8628733158111572,0.99497283240288,1.69753,1.6933340409625264
exactbaseline_matched_reference_distance_b0p1_2p0_lam1e00_s324,early_0p18_0p28,CDF_RUN_2:50,0.757000207901001,0.9998348419300568,1.6449,1.644753356184034
exactbaseline_matched_reference_distance_b0p1_2p0_lam1e00_s324,early_0p18_0p28,CDF_RUN_2:51,0.6028263568878174,1.0,1.42279,1.42279
exactbaseline_matched_reference_distance_b0p1_2p0_lam1e00_s324,early_0p18_0p28,D0_RUN_1:14,1.2561649084091187,0.1879104824806516,2.589585,1.506728521169356
exactbaseline_matched_reference_distance_b0p1_2p0_lam1e00_s324,early_0p18_0p28,D0_RUN_1:15,0.7755069732666016,0.7792496753543665,1.790634,1.5665443792920457
exactbaseline_matched_reference_distance_b0p1_2p0_lam1e00_s324,central_0p20_0p30,CDF_RUN_1:30,1.4500670433044434,0.0012197116639461,2.72209,1.4516185445415322
exactbaseline_matched_reference_distance_b0p1_2p0_lam1e00_s324,central_0p20_0p30,CDF_RUN_1:31,1.103039264678955,0.0258850748744865,2.51472,1.1395807262116104
exactbaseline_matched_reference_distance_b0p1_2p0_lam1e00_s324,central_0p20_0p30,CDF_RUN_1:32,0.8413993120193481,0.1831302917603498,2.180565,1.0866411151746944
exactbaseline_matched_reference_distance_b0p1_2p0_lam1e00_s324,central_0p20_0p30,CDF_RUN_1:33,0.7864915132522583,0.549777686123881,1.75218,1.317405495012904
exactbaseline_matched_reference_distance_b0p1_2p0_lam1e00_s324,central_0p20_0p30,CDF_RUN_1:34,0.6516907215118408,0.8825037510074896,1.478605,1.381445674039293
exactbaseline_matched_reference_distance_b0p1_2p0_lam1e00_s324,central_0p20_0p30,CDF_RUN_1:35,0.3874940872192383,0.9960358801988642,1.20233,1.1990998928234693
exactbaseline_matched_reference_distance_b0p1_2p0_lam1e00_s324,central_0p20_0p30,CDF_RUN_2:36,1.8682366609573364,5.164127530589625e-05,3.27554,1.8683093358965068
exactbaseline_matched_reference_distance_b0p1_2p0_lam1e00_s324,central_0p20_0p30,CDF_RUN_2:37,1.6663918495178223,0.0023877817219835,2.91722,1.669378554112886
exactbaseline_matched_reference_distance_b0p1_2p0_lam1e00_s324,central_0p20_0p30,CDF_RUN_2:38,1.4759752750396729,0.0134170653158552,2.90854,1.4951960895236558
exactbaseline_matched_reference_distance_b0p1_2p0_lam1e00_s324,central_0p20_0p30,CDF_RUN_2:39,1.3134145736694336,0.0383530844331178,2.8682,1.3730453904008708
exactbaseline_matched_reference_distance_b0p1_2p0_lam1e00_s324,central_0p20_0p30,CDF_RUN_2:40,1.1883994340896606,0.0798964211082592,2.4889,1.2923047749551624
exactbaseline_matched_reference_distance_b0p1_2p0_lam1e00_s324,central_0p20_0p30,CDF_RUN_2:41,1.1027599573135376,0.1385843072813845,2.31978,1.271419836876802
exactbaseline_matched_reference_distance_b0p1_2p0_lam1e00_s324,central_0p20_0p30,CDF_RUN_2:42,1.0515233278274536,0.2131511831472797,2.33764,1.325660618166474
exactbaseline_matched_reference_distance_b0p1_2p0_lam1e00_s324,central_0p20_0p30,CDF_RUN_2:43,1.0252326726913452,0.3008892555044757,2.08436,1.3439127056896916
exactbaseline_matched_reference_distance_b0p1_2p0_lam1e00_s324,central_0p20_0p30,CDF_RUN_2:44,1.012625813484192,0.3980090561043118,2.07474,1.4353568783343476
exactbaseline_matched_reference_distance_b0p1_2p0_lam1e00_s324,central_0p20_0p30,CDF_RUN_2:45,1.0029447078704834,0.4999999999999999,1.95146,1.4772023539352417
exactbaseline_matched_reference_distance_b0p1_2p0_lam1e00_s324,central_0p20_0p30,CDF_RUN_2:46,0.9874773025512695,0.6019909438956881,1.909664,1.542625342996478
exactbaseline_matched_reference_distance_b0p1_2p0_lam1e00_s324,central_0p20_0p30,CDF_RUN_2:47,0.9603724479675293,0.6991107444955241,1.854624,1.5855533162752278
exactbaseline_matched_reference_distance_b0p1_2p0_lam1e00_s324,central_0p20_0p30,CDF_RUN_2:48,0.9188268184661865,0.7868488168527201,1.824972,1.631826082452861
exactbaseline_matched_reference_distance_b0p1_2p0_lam1e00_s324,central_0p20_0p30,CDF_RUN_2:49,0.8628733158111572,0.8614156927186152,1.69753,1.5818596816039117
exactbaseline_matched_reference_distance_b0p1_2p0_lam1e00_s324,central_0p20_0p30,CDF_RUN_2:50,0.757000207901001,0.9408752472293116,1.6449,1.5924031443070013
exactbaseline_matched_reference_distance_b0p1_2p0_lam1e00_s324,central_0p20_0p30,CDF_RUN_2:51,0.6028263568878174,0.9920975764810804,1.42279,1.4163103000220112
exactbaseline_matched_reference_distance_b0p1_2p0_lam1e00_s324,central_0p20_0p30,D0_RUN_1:14,1.2561649084091187,0.0206608071262849,2.589585,1.283714443739791
exactbaseline_matched_reference_distance_b0p1_2p0_lam1e00_s324,central_0p20_0p30,D0_RUN_1:15,0.7755069732666016,0.4999999999999999,1.790634,1.2830704866333007
exactbaseline_matched_reference_distance_b0p1_2p0_lam1e00_s324,late_0p22_0p32,CDF_RUN_1:30,1.4500670433044434,0.0,2.72209,1.4500670433044434
exactbaseline_matched_reference_distance_b0p1_2p0_lam1e00_s324,late_0p22_0p32,CDF_RUN_1:31,1.103039264678955,0.0,2.51472,1.103039264678955
exactbaseline_matched_reference_distance_b0p1_2p0_lam1e00_s324,late_0p22_0p32,CDF_RUN_1:32,0.8413993120193481,0.0193207037777613,2.180565,0.8672729355861643
exactbaseline_matched_reference_distance_b0p1_2p0_lam1e00_s324,late_0p22_0p32,CDF_RUN_1:33,0.7864915132522583,0.2102966915212009,1.75218,0.9895726070554234
exactbaseline_matched_reference_distance_b0p1_2p0_lam1e00_s324,late_0p22_0p32,CDF_RUN_1:34,0.6516907215118408,0.5852865232044726,1.478605,1.1356725045563105
exactbaseline_matched_reference_distance_b0p1_2p0_lam1e00_s324,late_0p22_0p32,CDF_RUN_1:35,0.3874940872192383,0.9023365088655396,1.20233,1.1227502800560962
exactbaseline_matched_reference_distance_b0p1_2p0_lam1e00_s324,late_0p22_0p32,CDF_RUN_2:36,1.8682366609573364,0.0,3.27554,1.8682366609573364
exactbaseline_matched_reference_distance_b0p1_2p0_lam1e00_s324,late_0p22_0p32,CDF_RUN_2:37,1.6663918495178223,0.0,2.91722,1.6663918495178223
exactbaseline_matched_reference_distance_b0p1_2p0_lam1e00_s324,late_0p22_0p32,CDF_RUN_2:38,1.4759752750396729,0.0,2.90854,1.4759752750396729
exactbaseline_matched_reference_distance_b0p1_2p0_lam1e00_s324,late_0p22_0p32,CDF_RUN_2:39,1.3134145736694336,0.0,2.8682,1.3134145736694336
exactbaseline_matched_reference_distance_b0p1_2p0_lam1e00_s324,late_0p22_0p32,CDF_RUN_2:40,1.1883994340896606,0.0003303151612864,2.4889,1.1888290091438423
exactbaseline_matched_reference_distance_b0p1_2p0_lam1e00_s324,late_0p22_0p32,CDF_RUN_2:41,1.1027599573135376,0.0050271675971199,2.31978,1.1088781210371765
exactbaseline_matched_reference_distance_b0p1_2p0_lam1e00_s324,late_0p22_0p32,CDF_RUN_2:42,1.0515233278274536,0.0206005434885857,2.33764,1.0780180302639395
exactbaseline_matched_reference_distance_b0p1_2p0_lam1e00_s324,late_0p22_0p32,CDF_RUN_2:43,1.0252326726913452,0.0513247888893216,2.08436,1.0795921591723734
exactbaseline_matched_reference_distance_b0p1_2p0_lam1e00_s324,late_0p22_0p32,CDF_RUN_2:44,1.012625813484192,0.0990801434780254,2.07474,1.1178602394742243
exactbaseline_matched_reference_distance_b0p1_2p0_lam1e00_s324,late_0p22_0p32,CDF_RUN_2:45,1.0029447078704834,0.1637132978446752,1.95146,1.158229274401112
exactbaseline_matched_reference_distance_b0p1_2p0_lam1e00_s324,late_0p22_0p32,CDF_RUN_2:46,0.9874773025512695,0.2433979518395934,1.909664,1.2119356559240093
exactbaseline_matched_reference_distance_b0p1_2p0_lam1e00_s324,late_0p22_0p32,CDF_RUN_2:47,0.9603724479675293,0.3349953729225092,1.854624,1.2599425801271793
exactbaseline_matched_reference_distance_b0p1_2p0_lam1e00_s324,late_0p22_0p32,CDF_RUN_2:48,0.9188268184661865,0.4344149545116246,1.824972,1.312469836283126
exactbaseline_matched_reference_distance_b0p1_2p0_lam1e00_s324,late_0p22_0p32,CDF_RUN_2:49,0.8628733158111572,0.5369747743326755,1.69753,1.3110629004487202
exactbaseline_matched_reference_distance_b0p1_2p0_lam1e00_s324,late_0p22_0p32,CDF_RUN_2:50,0.757000207901001,0.6848781819867951,1.6449,1.3651034033002167
exactbaseline_matched_reference_distance_b0p1_2p0_lam1e00_s324,late_0p22_0p32,CDF_RUN_2:51,0.6028263568878174,0.8499258195752324,1.42279,1.2997346282818327
exactbaseline_matched_reference_distance_b0p1_2p0_lam1e00_s324,late_0p22_0p32,D0_RUN_1:14,1.2561649084091187,2.671437209028174e-06,2.589585,1.2561684705571667
exactbaseline_matched_reference_distance_b0p1_2p0_lam1e00_s324,late_0p22_0p32,D0_RUN_1:15,0.7755069732666016,0.2207503246456333,1.790634,0.9995965939745557
exactbaseline_matched_reference_distance_b0p1_2p0_lam1e00_s325,early_0p18_0p28,CDF_RUN_1:30,1.439013123512268,0.0892391852052237,2.72209,1.5535138585256967
exactbaseline_matched_reference_distance_b0p1_2p0_lam1e00_s325,early_0p18_0p28,CDF_RUN_1:31,1.0960136651992798,0.2263136792031131,2.51472,1.4170863155367943
exactbaseline_matched_reference_distance_b0p1_2p0_lam1e00_s325,early_0p18_0p28,CDF_RUN_1:32,0.833666205406189,0.5139631863662977,2.180565,1.5259226015885496
exactbaseline_matched_reference_distance_b0p1_2p0_lam1e00_s325,early_0p18_0p28,CDF_RUN_1:33,0.7805421352386475,0.8606209544870957,1.75218,1.6167540418253663
exactbaseline_matched_reference_distance_b0p1_2p0_lam1e00_s325,early_0p18_0p28,CDF_RUN_1:34,0.6507699489593506,0.9935104948187734,1.478605,1.4732327601470707
exactbaseline_matched_reference_distance_b0p1_2p0_lam1e00_s325,early_0p18_0p28,CDF_RUN_1:35,0.38505101203918457,1.0,1.20233,1.20233
exactbaseline_matched_reference_distance_b0p1_2p0_lam1e00_s325,early_0p18_0p28,CDF_RUN_2:36,1.854466438293457,0.0629515791727313,3.27554,1.9439252631235018
exactbaseline_matched_reference_distance_b0p1_2p0_lam1e00_s325,early_0p18_0p28,CDF_RUN_2:37,1.65440034866333,0.1155267912377162,2.91722,1.800289850894187
exactbaseline_matched_reference_distance_b0p1_2p0_lam1e00_s325,early_0p18_0p28,CDF_RUN_2:38,1.466057538986206,0.1846215696118183,2.90854,1.732370915076091
exactbaseline_matched_reference_distance_b0p1_2p0_lam1e00_s325,early_0p18_0p28,CDF_RUN_2:39,1.3049278259277344,0.2680057887944079,2.8682,1.723893818040321
exactbaseline_matched_reference_distance_b0p1_2p0_lam1e00_s325,early_0p18_0p28,CDF_RUN_2:40,1.1802997589111328,0.3622378472320013,2.4889,1.654324293130442
exactbaseline_matched_reference_distance_b0p1_2p0_lam1e00_s325,early_0p18_0p28,CDF_RUN_2:41,1.0942209959030151,0.4630252256673241,2.31978,1.6616857303436428
exactbaseline_matched_reference_distance_b0p1_2p0_lam1e00_s325,early_0p18_0p28,CDF_RUN_2:42,1.042323112487793,0.5655850454883751,2.33764,1.7749349732332451
exactbaseline_matched_reference_distance_b0p1_2p0_lam1e00_s325,early_0p18_0p28,CDF_RUN_2:43,1.0157966613769531,0.6650046270774903,2.08436,1.7263962258866505
exactbaseline_matched_reference_distance_b0p1_2p0_lam1e00_s325,early_0p18_0p28,CDF_RUN_2:44,1.003783106803894,0.7566020481604062,2.07474,1.8140712856875731
exactbaseline_matched_reference_distance_b0p1_2p0_lam1e00_s325,early_0p18_0p28,CDF_RUN_2:45,0.9955377578735352,0.8362867021553243,1.95146,1.7949628172583998
exactbaseline_matched_reference_distance_b0p1_2p0_lam1e00_s325,early_0p18_0p28,CDF_RUN_2:46,0.9820389747619629,0.9009198565219744,1.909664,1.8177547794056081
exactbaseline_matched_reference_distance_b0p1_2p0_lam1e00_s325,early_0p18_0p28,CDF_RUN_2:47,0.9569579362869263,0.9486752111106782,1.854624,1.8085514787868182
exactbaseline_matched_reference_distance_b0p1_2p0_lam1e00_s325,early_0p18_0p28,CDF_RUN_2:48,0.9170292615890503,0.979399456511414,1.824972,1.8062678861322194
exactbaseline_matched_reference_distance_b0p1_2p0_lam1e00_s325,early_0p18_0p28,CDF_RUN_2:49,0.8620049953460693,0.99497283240288,1.69753,1.6933296757700202
exactbaseline_matched_reference_distance_b0p1_2p0_lam1e00_s325,early_0p18_0p28,CDF_RUN_2:50,0.7561275959014893,0.9998348419300568,1.6449,1.6447532120651203
exactbaseline_matched_reference_distance_b0p1_2p0_lam1e00_s325,early_0p18_0p28,CDF_RUN_2:51,0.6005702018737793,1.0,1.42279,1.42279
exactbaseline_matched_reference_distance_b0p1_2p0_lam1e00_s325,early_0p18_0p28,D0_RUN_1:14,1.2474464178085327,0.1879104824806516,2.589585,1.4996483263440292
exactbaseline_matched_reference_distance_b0p1_2p0_lam1e00_s325,early_0p18_0p28,D0_RUN_1:15,0.7705254554748535,0.7792496753543665,1.790634,1.5654447076222893
exactbaseline_matched_reference_distance_b0p1_2p0_lam1e00_s325,central_0p20_0p30,CDF_RUN_1:30,1.439013123512268,0.0012197116639461,2.72209,1.4405781073442596
exactbaseline_matched_reference_distance_b0p1_2p0_lam1e00_s325,central_0p20_0p30,CDF_RUN_1:31,1.0960136651992798,0.0258850748744865,2.51472,1.1327369849005047
exactbaseline_matched_reference_distance_b0p1_2p0_lam1e00_s325,central_0p20_0p30,CDF_RUN_1:32,0.833666205406189,0.1831302917603498,2.180565,1.080324174631817
exactbaseline_matched_reference_distance_b0p1_2p0_lam1e00_s325,central_0p20_0p30,CDF_RUN_1:33,0.7805421352386475,0.549777686123881,1.75218,1.3147269522774923
exactbaseline_matched_reference_distance_b0p1_2p0_lam1e00_s325,central_0p20_0p30,CDF_RUN_1:34,0.6507699489593506,0.8825037510074896,1.478605,1.3813374867182002
exactbaseline_matched_reference_distance_b0p1_2p0_lam1e00_s325,central_0p20_0p30,CDF_RUN_1:35,0.38505101203918457,0.9960358801988642,1.20233,1.1990902081807724
exactbaseline_matched_reference_distance_b0p1_2p0_lam1e00_s325,central_0p20_0p30,CDF_RUN_2:36,1.854466438293457,5.164127530589625e-05,3.27554,1.854539824344487
exactbaseline_matched_reference_distance_b0p1_2p0_lam1e00_s325,central_0p20_0p30,CDF_RUN_2:37,1.65440034866333,0.0023877817219835,2.91722,1.6574156863449534
exactbaseline_matched_reference_distance_b0p1_2p0_lam1e00_s325,central_0p20_0p30,CDF_RUN_2:38,1.466057538986206,0.0134170653158552,2.90854,1.4854114203826037
exactbaseline_matched_reference_distance_b0p1_2p0_lam1e00_s325,central_0p20_0p30,CDF_RUN_2:39,1.3049278259277344,0.0383530844331178,2.8682,1.3648841356118717
exactbaseline_matched_reference_distance_b0p1_2p0_lam1e00_s325,central_0p20_0p30,CDF_RUN_2:40,1.1802997589111328,0.0798964211082592,2.4889,1.2848522348355385
exactbaseline_matched_reference_distance_b0p1_2p0_lam1e00_s325,central_0p20_0p30,CDF_RUN_2:41,1.0942209959030151,0.1385843072813845,2.31978,1.2640642415182592
exactbaseline_matched_reference_distance_b0p1_2p0_lam1e00_s325,central_0p20_0p30,CDF_RUN_2:42,1.042323112487793,0.2131511831472797,2.33764,1.3184214396116718
exactbaseline_matched_reference_distance_b0p1_2p0_lam1e00_s325,central_0p20_0p30,CDF_RUN_2:43,1.0157966613769531,0.3008892555044757,2.08436,1.3373158887946186
exactbaseline_matched_reference_distance_b0p1_2p0_lam1e00_s325,central_0p20_0p30,CDF_RUN_2:44,1.003783106803894,0.3980090561043118,2.07474,1.4300336489932826
exactbaseline_matched_reference_distance_b0p1_2p0_lam1e00_s325,central_0p20_0p30,CDF_RUN_2:45,0.9955377578735352,0.4999999999999999,1.95146,1.4734988789367676
exactbaseline_matched_reference_distance_b0p1_2p0_lam1e00_s325,central_0p20_0p30,CDF_RUN_2:46,0.9820389747619629,0.6019909438956881,1.909664,1.5404608392862702
exactbaseline_matched_reference_distance_b0p1_2p0_lam1e00_s325,central_0p20_0p30,CDF_RUN_2:47,0.9569579362869263,0.6991107444955241,1.854624,1.5845259263977398
exactbaseline_matched_reference_distance_b0p1_2p0_lam1e00_s325,central_0p20_0p30,CDF_RUN_2:48,0.9170292615890503,0.7868488168527201,1.824972,1.6314429310777248
exactbaseline_matched_reference_distance_b0p1_2p0_lam1e00_s325,central_0p20_0p30,CDF_RUN_2:49,0.8620049953460693,0.8614156927186152,1.69753,1.5817393460137592
exactbaseline_matched_reference_distance_b0p1_2p0_lam1e00_s325,central_0p20_0p30,CDF_RUN_2:50,0.7561275959014893,0.9408752472293116,1.6449,1.5923515513382653
exactbaseline_matched_reference_distance_b0p1_2p0_lam1e00_s325,central_0p20_0p30,CDF_RUN_2:51,0.6005702018737793,0.9920975764810804,1.42279,1.4162924709295661
exactbaseline_matched_reference_distance_b0p1_2p0_lam1e00_s325,central_0p20_0p30,D0_RUN_1:14,1.2474464178085327,0.0206608071262849,2.589585,1.2751760841919362
exactbaseline_matched_reference_distance_b0p1_2p0_lam1e00_s325,central_0p20_0p30,D0_RUN_1:15,0.7705254554748535,0.4999999999999999,1.790634,1.2805797277374267
exactbaseline_matched_reference_distance_b0p1_2p0_lam1e00_s325,late_0p22_0p32,CDF_RUN_1:30,1.439013123512268,0.0,2.72209,1.439013123512268
exactbaseline_matched_reference_distance_b0p1_2p0_lam1e00_s325,late_0p22_0p32,CDF_RUN_1:31,1.0960136651992798,0.0,2.51472,1.0960136651992798
exactbaseline_matched_reference_distance_b0p1_2p0_lam1e00_s325,late_0p22_0p32,CDF_RUN_1:32,0.833666205406189,0.0193207037777613,2.180565,0.8596892380351597
exactbaseline_matched_reference_distance_b0p1_2p0_lam1e00_s325,late_0p22_0p32,CDF_RUN_1:33,0.7805421352386475,0.2102966915212009,1.75218,0.9848743635546839
exactbaseline_matched_reference_distance_b0p1_2p0_lam1e00_s325,late_0p22_0p32,CDF_RUN_1:34,0.6507699489593506,0.5852865232044726,1.478605,1.1352906477697293
exactbaseline_matched_reference_distance_b0p1_2p0_lam1e00_s325,late_0p22_0p32,CDF_RUN_1:35,0.38505101203918457,0.9023365088655396,1.20233,1.122511680804908
exactbaseline_matched_reference_distance_b0p1_2p0_lam1e00_s325,late_0p22_0p32,CDF_RUN_2:36,1.854466438293457,0.0,3.27554,1.854466438293457
exactbaseline_matched_reference_distance_b0p1_2p0_lam1e00_s325,late_0p22_0p32,CDF_RUN_2:37,1.65440034866333,0.0,2.91722,1.65440034866333
exactbaseline_matched_reference_distance_b0p1_2p0_lam1e00_s325,late_0p22_0p32,CDF_RUN_2:38,1.466057538986206,0.0,2.90854,1.466057538986206
exactbaseline_matched_reference_distance_b0p1_2p0_lam1e00_s325,late_0p22_0p32,CDF_RUN_2:39,1.3049278259277344,0.0,2.8682,1.3049278259277344
exactbaseline_matched_reference_distance_b0p1_2p0_lam1e00_s325,late_0p22_0p32,CDF_RUN_2:40,1.1802997589111328,0.0003303151612864,2.4889,1.1807320094108276
exactbaseline_matched_reference_distance_b0p1_2p0_lam1e00_s325,late_0p22_0p32,CDF_RUN_2:41,1.0942209959030151,0.0050271675971199,2.31978,1.10038208641677
exactbaseline_matched_reference_distance_b0p1_2p0_lam1e00_s325,late_0p22_0p32,CDF_RUN_2:42,1.042323112487793,0.0206005434885857,2.33764,1.0690073443604877
exactbaseline_matched_reference_distance_b0p1_2p0_lam1e00_s325,late_0p22_0p32,CDF_RUN_2:43,1.0157966613769531,0.0513247888893216,2.08436,1.0706404491466497
exactbaseline_matched_reference_distance_b0p1_2p0_lam1e00_s325,late_0p22_0p32,CDF_RUN_2:44,1.003783106803894,0.0990801434780254,2.07474,1.1098936694405446
exactbaseline_matched_reference_distance_b0p1_2p0_lam1e00_s325,late_0p22_0p32,CDF_RUN_2:45,0.9955377578735352,0.1637132978446752,1.95146,1.152034940615135
exactbaseline_matched_reference_distance_b0p1_2p0_lam1e00_s325,late_0p22_0p32,CDF_RUN_2:46,0.9820389747619629,0.2433979518395934,1.909664,1.2078210059800523
exactbaseline_matched_reference_distance_b0p1_2p0_lam1e00_s325,late_0p22_0p32,CDF_RUN_2:47,0.9569579362869263,0.3349953729225092,1.854624,1.2576719140603683
exactbaseline_matched_reference_distance_b0p1_2p0_lam1e00_s325,late_0p22_0p32,CDF_RUN_2:48,0.9170292615890503,0.4344149545116246,1.824972,1.3114531649950028
exactbaseline_matched_reference_distance_b0p1_2p0_lam1e00_s325,late_0p22_0p32,CDF_RUN_2:49,0.8620049953460693,0.5369747743326755,1.69753,1.3106608461694214
exactbaseline_matched_reference_distance_b0p1_2p0_lam1e00_s325,late_0p22_0p32,CDF_RUN_2:50,0.7561275959014893,0.6848781819867951,1.6449,1.3648284242205104
exactbaseline_matched_reference_distance_b0p1_2p0_lam1e00_s325,late_0p22_0p32,CDF_RUN_2:51,0.6005702018737793,0.8499258195752324,1.42279,1.2993960376671896
exactbaseline_matched_reference_distance_b0p1_2p0_lam1e00_s325,late_0p22_0p32,D0_RUN_1:14,1.2474464178085327,2.671437209028174e-06,2.589585,1.247450003247481
exactbaseline_matched_reference_distance_b0p1_2p0_lam1e00_s325,late_0p22_0p32,D0_RUN_1:15,0.7705254554748535,0.2207503246456333,1.790634,0.9957147478525641
exactbaseline_matched_reference_distance_b0p1_2p0_lam1e00_s326,early_0p18_0p28,CDF_RUN_1:30,1.461775541305542,0.0892391852052237,2.72209,1.574244976701798
exactbaseline_matched_reference_distance_b0p1_2p0_lam1e00_s326,early_0p18_0p28,CDF_RUN_1:31,1.117017388343811,0.2263136792031131,2.51472,1.4333366088195232
exactbaseline_matched_reference_distance_b0p1_2p0_lam1e00_s326,early_0p18_0p28,CDF_RUN_1:32,0.8590058088302612,0.5139631863662977,2.180565,1.5382385816955273
exactbaseline_matched_reference_distance_b0p1_2p0_lam1e00_s326,early_0p18_0p28,CDF_RUN_1:33,0.793291449546814,0.8606209544870957,1.75218,1.6185310290845827
exactbaseline_matched_reference_distance_b0p1_2p0_lam1e00_s326,early_0p18_0p28,CDF_RUN_1:34,0.6524173021316528,0.9935104948187734,1.478605,1.4732434506540175
exactbaseline_matched_reference_distance_b0p1_2p0_lam1e00_s326,early_0p18_0p28,CDF_RUN_1:35,0.3926832675933838,1.0,1.20233,1.20233
exactbaseline_matched_reference_distance_b0p1_2p0_lam1e00_s326,early_0p18_0p28,CDF_RUN_2:36,1.8820691108703613,0.0629515791727313,3.27554,1.969790303872302
exactbaseline_matched_reference_distance_b0p1_2p0_lam1e00_s326,early_0p18_0p28,CDF_RUN_2:37,1.6783170700073242,0.1155267912377162,2.91722,1.8214435501643829
exactbaseline_matched_reference_distance_b0p1_2p0_lam1e00_s326,early_0p18_0p28,CDF_RUN_2:38,1.4879536628723145,0.1846215696118183,2.90854,1.7502245422019314
exactbaseline_matched_reference_distance_b0p1_2p0_lam1e00_s326,early_0p18_0p28,CDF_RUN_2:39,1.3269180059432983,0.2680057887944079,2.8682,1.7399905025150826
exactbaseline_matched_reference_distance_b0p1_2p0_lam1e00_s326,early_0p18_0p28,CDF_RUN_2:40,1.203878402709961,0.3622378472320013,2.4889,1.6693618597589324
exactbaseline_matched_reference_distance_b0p1_2p0_lam1e00_s326,early_0p18_0p28,CDF_RUN_2:41,1.1195893287658691,0.4630252256673241,2.31978,1.6753078851578698
exactbaseline_matched_reference_distance_b0p1_2p0_lam1e00_s326,early_0p18_0p28,CDF_RUN_2:42,1.0683481693267822,0.5655850454883751,2.33764,1.786240647116117
exactbaseline_matched_reference_distance_b0p1_2p0_lam1e00_s326,early_0p18_0p28,CDF_RUN_2:43,1.0405117273330688,0.6650046270774903,2.08436,1.734675658623424
exactbaseline_matched_reference_distance_b0p1_2p0_lam1e00_s326,early_0p18_0p28,CDF_RUN_2:44,1.0251537561416626,0.7566020481604062,2.07474,1.8192728579658681
exactbaseline_matched_reference_distance_b0p1_2p0_lam1e00_s326,early_0p18_0p28,CDF_RUN_2:45,1.012152075767517,0.8362867021553243,1.95146,1.7976828020322633
exactbaseline_matched_reference_distance_b0p1_2p0_lam1e00_s326,early_0p18_0p28,CDF_RUN_2:46,0.9935051202774048,0.9009198565219744,1.909664,1.8188908467484182
exactbaseline_matched_reference_distance_b0p1_2p0_lam1e00_s326,early_0p18_0p28,CDF_RUN_2:47,0.9639055728912354,0.9486752111106782,1.854624,1.808908064768814
exactbaseline_matched_reference_distance_b0p1_2p0_lam1e00_s326,early_0p18_0p28,CDF_RUN_2:48,0.9208317995071411,0.979399456511414,1.824972,1.806346220479968
exactbaseline_matched_reference_distance_b0p1_2p0_lam1e00_s326,early_0p18_0p28,CDF_RUN_2:49,0.8643265962600708,0.99497283240288,1.69753,1.6933413468469085
exactbaseline_matched_reference_distance_b0p1_2p0_lam1e00_s326,early_0p18_0p28,CDF_RUN_2:50,0.7590916156768799,0.9998348419300568,1.6449,1.6447537015969056
exactbaseline_matched_reference_distance_b0p1_2p0_lam1e00_s326,early_0p18_0p28,CDF_RUN_2:51,0.6068484783172607,1.0,1.42279,1.42279
exactbaseline_matched_reference_distance_b0p1_2p0_lam1e00_s326,early_0p18_0p28,D0_RUN_1:14,1.2689054012298584,0.1879104824806516,2.589585,1.5170749418371092
exactbaseline_matched_reference_distance_b0p1_2p0_lam1e00_s326,early_0p18_0p28,D0_RUN_1:15,0.7852976322174072,0.7792496753543665,1.790634,1.5687056704339308
exactbaseline_matched_reference_distance_b0p1_2p0_lam1e00_s326,central_0p20_0p30,CDF_RUN_1:30,1.461775541305542,0.0012197116639461,2.72209,1.4633127615510515
exactbaseline_matched_reference_distance_b0p1_2p0_lam1e00_s326,central_0p20_0p30,CDF_RUN_1:31,1.117017388343811,0.0258850748744865,2.51472,1.1531970250987966
exactbaseline_matched_reference_distance_b0p1_2p0_lam1e00_s326,central_0p20_0p30,CDF_RUN_1:32,0.8590058088302612,0.1831302917603498,2.180565,1.1010233290877474
exactbaseline_matched_reference_distance_b0p1_2p0_lam1e00_s326,central_0p20_0p30,CDF_RUN_1:33,0.793291449546814,0.549777686123881,1.75218,1.320466978065649
exactbaseline_matched_reference_distance_b0p1_2p0_lam1e00_s326,central_0p20_0p30,CDF_RUN_1:34,0.6524173021316528,0.8825037510074896,1.478605,1.3815310445367117
exactbaseline_matched_reference_distance_b0p1_2p0_lam1e00_s326,central_0p20_0p30,CDF_RUN_1:35,0.3926832675933838,0.9960358801988642,1.20233,1.199120463356142
exactbaseline_matched_reference_distance_b0p1_2p0_lam1e00_s326,central_0p20_0p30,CDF_RUN_2:36,1.8820691108703613,5.164127530589625e-05,3.27554,1.8821410714841778
exactbaseline_matched_reference_distance_b0p1_2p0_lam1e00_s326,central_0p20_0p30,CDF_RUN_2:37,1.6783170700073242,0.0023877817219835,2.91722,1.6812752997788727
exactbaseline_matched_reference_distance_b0p1_2p0_lam1e00_s326,central_0p20_0p30,CDF_RUN_2:38,1.4879536628723145,0.0134170653158552,2.90854,1.507013762544368
exactbaseline_matched_reference_distance_b0p1_2p0_lam1e00_s326,central_0p20_0p30,CDF_RUN_2:39,1.3269180059432983,0.0383530844331178,2.8682,1.3860309243965991
exactbaseline_matched_reference_distance_b0p1_2p0_lam1e00_s326,central_0p20_0p30,CDF_RUN_2:40,1.203878402709961,0.0798964211082592,2.4889,1.306547029380254
exactbaseline_matched_reference_distance_b0p1_2p0_lam1e00_s326,central_0p20_0p30,CDF_RUN_2:41,1.1195893287658691,0.1385843072813845,2.31978,1.285916921544431
exactbaseline_matched_reference_distance_b0p1_2p0_lam1e00_s326,central_0p20_0p30,CDF_RUN_2:42,1.0683481693267822,0.2131511831472797,2.33764,1.3388992247939553
exactbaseline_matched_reference_distance_b0p1_2p0_lam1e00_s326,central_0p20_0p30,CDF_RUN_2:43,1.0405117273330688,0.3008892555044757,2.08436,1.3545944569554549
exactbaseline_matched_reference_distance_b0p1_2p0_lam1e00_s326,central_0p20_0p30,CDF_RUN_2:44,1.0251537561416626,0.3980090561043118,2.07474,1.4428985863597896
exactbaseline_matched_reference_distance_b0p1_2p0_lam1e00_s326,central_0p20_0p30,CDF_RUN_2:45,1.012152075767517,0.4999999999999999,1.95146,1.4818060378837585
exactbaseline_matched_reference_distance_b0p1_2p0_lam1e00_s326,central_0p20_0p30,CDF_RUN_2:46,0.9935051202774048,0.6019909438956881,1.909664,1.545024469040026
exactbaseline_matched_reference_distance_b0p1_2p0_lam1e00_s326,central_0p20_0p30,CDF_RUN_2:47,0.9639055728912354,0.6991107444955241,1.854624,1.586616395603126
exactbaseline_matched_reference_distance_b0p1_2p0_lam1e00_s326,central_0p20_0p30,CDF_RUN_2:48,0.9208317995071411,0.7868488168527201,1.824972,1.6322534465339282
exactbaseline_matched_reference_distance_b0p1_2p0_lam1e00_s326,central_0p20_0p30,CDF_RUN_2:49,0.8643265962600708,0.8614156927186152,1.69753,1.58206108346821
exactbaseline_matched_reference_distance_b0p1_2p0_lam1e00_s326,central_0p20_0p30,CDF_RUN_2:50,0.7590916156768799,0.9408752472293116,1.6449,1.5925267982746927
exactbaseline_matched_reference_distance_b0p1_2p0_lam1e00_s326,central_0p20_0p30,CDF_RUN_2:51,0.6068484783172607,0.9920975764810804,1.42279,1.4163420845289914
exactbaseline_matched_reference_distance_b0p1_2p0_lam1e00_s326,central_0p20_0p30,D0_RUN_1:14,1.2689054012298584,0.0206608071262849,2.589585,1.2961917076956677
exactbaseline_matched_reference_distance_b0p1_2p0_lam1e00_s326,central_0p20_0p30,D0_RUN_1:15,0.7852976322174072,0.4999999999999999,1.790634,1.2879658161087035
exactbaseline_matched_reference_distance_b0p1_2p0_lam1e00_s326,late_0p22_0p32,CDF_RUN_1:30,1.461775541305542,0.0,2.72209,1.461775541305542
exactbaseline_matched_reference_distance_b0p1_2p0_lam1e00_s326,late_0p22_0p32,CDF_RUN_1:31,1.117017388343811,0.0,2.51472,1.117017388343811
exactbaseline_matched_reference_distance_b0p1_2p0_lam1e00_s326,late_0p22_0p32,CDF_RUN_1:32,0.8590058088302612,0.0193207037777613,2.180565,0.8845392624876296
exactbaseline_matched_reference_distance_b0p1_2p0_lam1e00_s326,late_0p22_0p32,CDF_RUN_1:33,0.793291449546814,0.2102966915212009,1.75218,0.9949425392446791
exactbaseline_matched_reference_distance_b0p1_2p0_lam1e00_s326,late_0p22_0p32,CDF_RUN_1:34,0.6524173021316528,0.5852865232044726,1.478605,1.135973827331325
exactbaseline_matched_reference_distance_b0p1_2p0_lam1e00_s326,late_0p22_0p32,CDF_RUN_1:35,0.3926832675933838,0.9023365088655396,1.20233,1.1232570735275615
exactbaseline_matched_reference_distance_b0p1_2p0_lam1e00_s326,late_0p22_0p32,CDF_RUN_2:36,1.8820691108703613,0.0,3.27554,1.8820691108703613
exactbaseline_matched_reference_distance_b0p1_2p0_lam1e00_s326,late_0p22_0p32,CDF_RUN_2:37,1.6783170700073242,0.0,2.91722,1.6783170700073242
exactbaseline_matched_reference_distance_b0p1_2p0_lam1e00_s326,late_0p22_0p32,CDF_RUN_2:38,1.4879536628723145,0.0,2.90854,1.4879536628723145
exactbaseline_matched_reference_distance_b0p1_2p0_lam1e00_s326,late_0p22_0p32,CDF_RUN_2:39,1.3269180059432983,0.0,2.8682,1.3269180059432983
exactbaseline_matched_reference_distance_b0p1_2p0_lam1e00_s326,late_0p22_0p32,CDF_RUN_2:40,1.203878402709961,0.0003303151612864,2.4889,1.2043028648261263
exactbaseline_matched_reference_distance_b0p1_2p0_lam1e00_s326,late_0p22_0p32,CDF_RUN_2:41,1.1195893287658691,0.0050271675971199,2.31978,1.125622888418663
exactbaseline_matched_reference_distance_b0p1_2p0_lam1e00_s326,late_0p22_0p32,CDF_RUN_2:42,1.0683481693267822,0.0206005434885857,2.33764,1.0944962708842725
exactbaseline_matched_reference_distance_b0p1_2p0_lam1e00_s326,late_0p22_0p32,CDF_RUN_2:43,1.0405117273330688,0.0513247888893216,2.08436,1.0940870195601822
exactbaseline_matched_reference_distance_b0p1_2p0_lam1e00_s326,late_0p22_0p32,CDF_RUN_2:44,1.0251537561416626,0.0990801434780254,2.07474,1.1291469117757085
exactbaseline_matched_reference_distance_b0p1_2p0_lam1e00_s326,late_0p22_0p32,CDF_RUN_2:45,1.012152075767517,0.1637132978446752,1.95146,1.1659292737352531
exactbaseline_matched_reference_distance_b0p1_2p0_lam1e00_s326,late_0p22_0p32,CDF_RUN_2:46,0.9935051202774048,0.2433979518395934,1.909664,1.2164963151615409
exactbaseline_matched_reference_distance_b0p1_2p0_lam1e00_s326,late_0p22_0p32,CDF_RUN_2:47,0.9639055728912354,0.3349953729225092,1.854624,1.2622921245494867
exactbaseline_matched_reference_distance_b0p1_2p0_lam1e00_s326,late_0p22_0p32,CDF_RUN_2:48,0.9208317995071411,0.4344149545116246,1.824972,1.3136038235763774
exactbaseline_matched_reference_distance_b0p1_2p0_lam1e00_s326,late_0p22_0p32,CDF_RUN_2:49,0.8643265962600708,0.5369747743326755,1.69753,1.3117358059565363
exactbaseline_matched_reference_distance_b0p1_2p0_lam1e00_s326,late_0p22_0p32,CDF_RUN_2:50,0.7590916156768799,0.6848781819867951,1.6449,1.3657624515207587
exactbaseline_matched_reference_distance_b0p1_2p0_lam1e00_s326,late_0p22_0p32,CDF_RUN_2:51,0.6068484783172607,0.8499258195752324,1.42279,1.3003382448589251
exactbaseline_matched_reference_distance_b0p1_2p0_lam1e00_s326,late_0p22_0p32,D0_RUN_1:14,1.2689054012298584,2.671437209028174e-06,2.589585,1.2689089293424798
exactbaseline_matched_reference_distance_b0p1_2p0_lam1e00_s326,late_0p22_0p32,D0_RUN_1:15,0.7852976322174072,0.2207503246456333,1.790634,1.0072259617834765
lambda1_start_expansion48_s327_cont320000,early_0p18_0p28,CDF_RUN_1:30,1.458695650100708,0.0892391852052237,2.72209,1.5714399324786041
lambda1_start_expansion48_s327_cont320000,early_0p18_0p28,CDF_RUN_1:31,1.1185799837112427,0.2263136792031131,2.51472,1.4345455674802456
lambda1_start_expansion48_s327_cont320000,early_0p18_0p28,CDF_RUN_1:32,0.8557863235473633,0.5139631863662977,2.180565,1.536673793327087
lambda1_start_expansion48_s327_cont320000,early_0p18_0p28,CDF_RUN_1:33,0.7889508008956909,0.8606209544870957,1.75218,1.6179260336186823
lambda1_start_expansion48_s327_cont320000,early_0p18_0p28,CDF_RUN_1:34,0.6515378952026367,0.9935104948187734,1.478605,1.4732377437381954
lambda1_start_expansion48_s327_cont320000,early_0p18_0p28,CDF_RUN_1:35,0.39211738109588623,1.0,1.20233,1.20233
lambda1_start_expansion48_s327_cont320000,early_0p18_0p28,CDF_RUN_2:36,1.8701629638671875,0.0629515791727313,3.27554,1.9586336676248406
lambda1_start_expansion48_s327_cont320000,early_0p18_0p28,CDF_RUN_2:37,1.674145221710205,0.1155267912377162,2.91722,1.8177536621145605
lambda1_start_expansion48_s327_cont320000,early_0p18_0p28,CDF_RUN_2:38,1.4893529415130615,0.1846215696118183,2.90854,1.7513654838236994
lambda1_start_expansion48_s327_cont320000,early_0p18_0p28,CDF_RUN_2:39,1.3306970596313477,0.2680057887944079,2.8682,1.74275674793857
lambda1_start_expansion48_s327_cont320000,early_0p18_0p28,CDF_RUN_2:40,1.2070002555847168,0.3622378472320013,2.4889,1.6713528593689617
lambda1_start_expansion48_s327_cont320000,early_0p18_0p28,CDF_RUN_2:41,1.1200311183929443,0.4630252256673241,2.31978,1.675545115043171
lambda1_start_expansion48_s327_cont320000,early_0p18_0p28,CDF_RUN_2:42,1.06538724899292,0.5655850454883751,2.33764,1.7849543790439697
lambda1_start_expansion48_s327_cont320000,early_0p18_0p28,CDF_RUN_2:43,1.034546971321106,0.6650046270774903,2.08436,1.7326774929588047
lambda1_start_expansion48_s327_cont320000,early_0p18_0p28,CDF_RUN_2:44,1.0172374248504639,0.7566020481604062,2.07474,1.8173460391435068
lambda1_start_expansion48_s327_cont320000,early_0p18_0p28,CDF_RUN_2:45,1.0035042762756348,0.8362867021553243,1.95146,1.7962670422583478
lambda1_start_expansion48_s327_cont320000,early_0p18_0p28,CDF_RUN_2:46,0.9851410388946533,0.9009198565219744,1.909664,1.8180621323649533
lambda1_start_expansion48_s327_cont320000,early_0p18_0p28,CDF_RUN_2:47,0.956497073173523,0.9486752111106782,1.854624,1.8085278250848158
lambda1_start_expansion48_s327_cont320000,early_0p18_0p28,CDF_RUN_2:48,0.9147089719772339,0.979399456511414,1.824972,1.8062200869051652
lambda1_start_expansion48_s327_cont320000,early_0p18_0p28,CDF_RUN_2:49,0.8595820665359497,0.99497283240288,1.69753,1.6933174953008159
lambda1_start_expansion48_s327_cont320000,early_0p18_0p28,CDF_RUN_2:50,0.7563154697418213,0.9998348419300568,1.6449,1.644753243094001
lambda1_start_expansion48_s327_cont320000,early_0p18_0p28,CDF_RUN_2:51,0.6061925888061523,1.0,1.42279,1.42279
lambda1_start_expansion48_s327_cont320000,early_0p18_0p28,D0_RUN_1:14,1.2669928073883057,0.1879104824806516,2.589585,1.515521744427112
lambda1_start_expansion48_s327_cont320000,early_0p18_0p28,D0_RUN_1:15,0.7817927598953247,0.7792496753543665,1.790634,1.5679319687309896
lambda1_start_expansion48_s327_cont320000,central_0p20_0p30,CDF_RUN_1:30,1.458695650100708,0.0012197116639461,2.72209,1.4602366269254439
lambda1_start_expansion48_s327_cont320000,central_0p20_0p30,CDF_RUN_1:31,1.1185799837112427,0.0258850748744865,2.51472,1.1547191725681438
lambda1_start_expansion48_s327_cont320000,central_0p20_0p30,CDF_RUN_1:32,0.8557863235473633,0.1831302917603498,2.180565,1.0983934290840247
lambda1_start_expansion48_s327_cont320000,central_0p20_0p30,CDF_RUN_1:33,0.7889508008956909,0.549777686123881,1.75218,1.318512721186217
lambda1_start_expansion48_s327_cont320000,central_0p20_0p30,CDF_RUN_1:34,0.6515378952026367,0.8825037510074896,1.478605,1.3814277175212142
lambda1_start_expansion48_s327_cont320000,central_0p20_0p30,CDF_RUN_1:35,0.39211738109588623,0.9960358801988642,1.20233,1.199118220114272
lambda1_start_expansion48_s327_cont320000,central_0p20_0p30,CDF_RUN_2:36,1.8701629638671875,5.164127530589625e-05,3.27554,1.870235539329619
lambda1_start_expansion48_s327_cont320000,central_0p20_0p30,CDF_RUN_2:37,1.674145221710205,0.0023877817219835,2.91722,1.6771134129448642
lambda1_start_expansion48_s327_cont320000,central_0p20_0p30,CDF_RUN_2:38,1.4893529415130615,0.0134170653158552,2.90854,1.5083942669721973
lambda1_start_expansion48_s327_cont320000,central_0p20_0p30,CDF_RUN_2:39,1.3306970596313477,0.0383530844331178,2.8682,1.3896650397194734
lambda1_start_expansion48_s327_cont320000,central_0p20_0p30,CDF_RUN_2:40,1.2070002555847168,0.0798964211082592,2.4889,1.3094194573830902
lambda1_start_expansion48_s327_cont320000,central_0p20_0p30,CDF_RUN_2:41,1.1200311183929443,0.1385843072813845,2.31978,1.286297486062074
lambda1_start_expansion48_s327_cont320000,central_0p20_0p30,CDF_RUN_2:42,1.06538724899292,0.2131511831472797,2.33764,1.3365694281324605
lambda1_start_expansion48_s327_cont320000,central_0p20_0p30,CDF_RUN_2:43,1.034546971321106,0.3008892555044757,2.08436,1.3504244319391971
lambda1_start_expansion48_s327_cont320000,central_0p20_0p30,CDF_RUN_2:44,1.0172374248504639,0.3980090561043118,2.07474,1.4381330266136096
lambda1_start_expansion48_s327_cont320000,central_0p20_0p30,CDF_RUN_2:45,1.0035042762756348,0.4999999999999999,1.95146,1.4774821381378174
lambda1_start_expansion48_s327_cont320000,central_0p20_0p30,CDF_RUN_2:46,0.9851410388946533,0.6019909438956881,1.909664,1.5416954889036973
lambda1_start_expansion48_s327_cont320000,central_0p20_0p30,CDF_RUN_2:47,0.956497073173523,0.6991107444955241,1.854624,1.5843872576386584
lambda1_start_expansion48_s327_cont320000,central_0p20_0p30,CDF_RUN_2:48,0.9147089719772339,0.7868488168527201,1.824972,1.6309483586017217
lambda1_start_expansion48_s327_cont320000,central_0p20_0p30,CDF_RUN_2:49,0.8595820665359497,0.8614156927186152,1.69753,1.5814035661030168
lambda1_start_expansion48_s327_cont320000,central_0p20_0p30,CDF_RUN_2:50,0.7563154697418213,0.9408752472293116,1.6449,1.592362659332627
lambda1_start_expansion48_s327_cont320000,central_0p20_0p30,CDF_RUN_2:51,0.6061925888061523,0.9920975764810804,1.42279,1.4163369014122928
lambda1_start_expansion48_s327_cont320000,central_0p20_0p30,D0_RUN_1:14,1.2669928073883057,0.0206608071262849,2.589585,1.294318629586586
lambda1_start_expansion48_s327_cont320000,central_0p20_0p30,D0_RUN_1:15,0.7817927598953247,0.4999999999999999,1.790634,1.2862133799476623
lambda1_start_expansion48_s327_cont320000,late_0p22_0p32,CDF_RUN_1:30,1.458695650100708,0.0,2.72209,1.458695650100708
lambda1_start_expansion48_s327_cont320000,late_0p22_0p32,CDF_RUN_1:31,1.1185799837112427,0.0,2.51472,1.1185799837112427
lambda1_start_expansion48_s327_cont320000,late_0p22_0p32,CDF_RUN_1:32,0.8557863235473633,0.0193207037777613,2.180565,0.8813819799261994
lambda1_start_expansion48_s327_cont320000,late_0p22_0p32,CDF_RUN_1:33,0.7889508008956909,0.2102966915212009,1.75218,0.9915147146439431
lambda1_start_expansion48_s327_cont320000,late_0p22_0p32,CDF_RUN_1:34,0.6515378952026367,0.5852865232044726,1.478605,1.1356091254262746
lambda1_start_expansion48_s327_cont320000,late_0p22_0p32,CDF_RUN_1:35,0.39211738109588623,0.9023365088655396,1.20233,1.12320180707663
lambda1_start_expansion48_s327_cont320000,late_0p22_0p32,CDF_RUN_2:36,1.8701629638671875,0.0,3.27554,1.8701629638671875
lambda1_start_expansion48_s327_cont320000,late_0p22_0p32,CDF_RUN_2:37,1.674145221710205,0.0,2.91722,1.674145221710205
lambda1_start_expansion48_s327_cont320000,late_0p22_0p32,CDF_RUN_2:38,1.4893529415130615,0.0,2.90854,1.4893529415130615
lambda1_start_expansion48_s327_cont320000,late_0p22_0p32,CDF_RUN_2:39,1.3306970596313477,0.0,2.8682,1.3306970596313477
lambda1_start_expansion48_s327_cont320000,late_0p22_0p32,CDF_RUN_2:40,1.2070002555847168,0.0003303151612864,2.4889,1.2074236865055463
lambda1_start_expansion48_s327_cont320000,late_0p22_0p32,CDF_RUN_2:41,1.1200311183929443,0.0050271675971199,2.31978,1.12606245709524
lambda1_start_expansion48_s327_cont320000,late_0p22_0p32,CDF_RUN_2:42,1.06538724899292,0.0206005434885857,2.33764,1.0915963471185142
lambda1_start_expansion48_s327_cont320000,late_0p22_0p32,CDF_RUN_2:43,1.034546971321106,0.0513247888893216,2.08436,1.0884284033913096
lambda1_start_expansion48_s327_cont320000,late_0p22_0p32,CDF_RUN_2:44,1.0172374248504639,0.0990801434780254,2.07474,1.1220149317246613
lambda1_start_expansion48_s327_cont320000,late_0p22_0p32,CDF_RUN_2:45,1.0035042762756348,0.1637132978446752,1.95146,1.1586972340172865
lambda1_start_expansion48_s327_cont320000,late_0p22_0p32,CDF_RUN_2:46,0.9851410388946533,0.2433979518395934,1.909664,1.2101680340563707
lambda1_start_expansion48_s327_cont320000,late_0p22_0p32,CDF_RUN_2:47,0.956497073173523,0.3349953729225092,1.854624,1.2573654379575057
lambda1_start_expansion48_s327_cont320000,late_0p22_0p32,CDF_RUN_2:48,0.9147089719772339,0.4344149545116246,1.824972,1.3101408438893576
lambda1_start_expansion48_s327_cont320000,late_0p22_0p32,CDF_RUN_2:49,0.8595820665359497,0.5369747743326755,1.69753,1.3095389690103398
lambda1_start_expansion48_s327_cont320000,late_0p22_0p32,CDF_RUN_2:50,0.7563154697418213,0.6848781819867951,1.6449,1.364887627366633
lambda1_start_expansion48_s327_cont320000,late_0p22_0p32,CDF_RUN_2:51,0.6061925888061523,0.8499258195752324,1.42279,1.3002398127780965
lambda1_start_expansion48_s327_cont320000,late_0p22_0p32,D0_RUN_1:14,1.2669928073883057,2.671437209028174e-06,2.589585,1.2669963406103015
lambda1_start_expansion48_s327_cont320000,late_0p22_0p32,D0_RUN_1:15,0.7817927598953247,0.2207503246456333,1.790634,1.0044947911643352
lambda1_start_expansion48_s328_cont240000,early_0p18_0p28,CDF_RUN_1:30,1.4729559421539307,0.0892391852052237,2.72209,1.5844276476882087
lambda1_start_expansion48_s328_cont240000,early_0p18_0p28,CDF_RUN_1:31,1.1383882761001587,0.2263136792031131,2.51472,1.449870972339895
lambda1_start_expansion48_s328_cont240000,early_0p18_0p28,CDF_RUN_1:32,0.8735774755477905,0.5139631863662977,2.180565,1.5453209481562475
lambda1_start_expansion48_s328_cont240000,early_0p18_0p28,CDF_RUN_1:33,0.7938144207000732,0.8606209544870957,1.75218,1.6186039203047546
lambda1_start_expansion48_s328_cont240000,early_0p18_0p28,CDF_RUN_1:34,0.651719331741333,0.9935104948187734,1.478605,1.4732389211715533
lambda1_start_expansion48_s328_cont240000,early_0p18_0p28,CDF_RUN_1:35,0.3978731632232666,1.0,1.20233,1.20233
lambda1_start_expansion48_s328_cont240000,early_0p18_0p28,CDF_RUN_2:36,1.8754677772521973,0.0629515791727313,3.27554,1.9636045346300475
lambda1_start_expansion48_s328_cont240000,early_0p18_0p28,CDF_RUN_2:37,1.6756634712219238,0.1155267912377162,2.91722,1.8190965131318921
lambda1_start_expansion48_s328_cont240000,early_0p18_0p28,CDF_RUN_2:38,1.4869492053985596,0.1846215696118183,2.90854,1.7494055292435895
lambda1_start_expansion48_s328_cont240000,early_0p18_0p28,CDF_RUN_2:39,1.325387716293335,0.2680057887944079,2.8682,1.7388703393498415
lambda1_start_expansion48_s328_cont240000,early_0p18_0p28,CDF_RUN_2:40,1.2004904747009277,0.3622378472320013,2.4889,1.6672011674984684
lambda1_start_expansion48_s328_cont240000,early_0p18_0p28,CDF_RUN_2:41,1.1140971183776855,0.4630252256673241,2.31978,1.6723587067240873
lambda1_start_expansion48_s328_cont240000,early_0p18_0p28,CDF_RUN_2:42,1.0613701343536377,0.5655850454883751,2.33764,1.783209284370678
lambda1_start_expansion48_s328_cont240000,early_0p18_0p28,CDF_RUN_2:43,1.0330865383148193,0.6650046270774903,2.08436,1.7321882546592353
lambda1_start_expansion48_s328_cont240000,early_0p18_0p28,CDF_RUN_2:44,1.018263578414917,0.7566020481604062,2.07474,1.8175958028193675
lambda1_start_expansion48_s328_cont240000,early_0p18_0p28,CDF_RUN_2:45,1.0064302682876587,0.8362867021553243,1.95146,1.7967460660601033
lambda1_start_expansion48_s328_cont240000,early_0p18_0p28,CDF_RUN_2:46,0.9891363382339478,0.9009198565219744,1.909664,1.8184579871967281
lambda1_start_expansion48_s328_cont240000,early_0p18_0p28,CDF_RUN_2:47,0.9607324600219727,0.9486752111106782,1.854624,1.8087452054206772
lambda1_start_expansion48_s328_cont240000,early_0p18_0p28,CDF_RUN_2:48,0.9185203313827515,0.979399456511414,1.824972,1.8062986029803492
lambda1_start_expansion48_s328_cont240000,early_0p18_0p28,CDF_RUN_2:49,0.8625328540802002,0.99497283240288,1.69753,1.6933323294043443
lambda1_start_expansion48_s328_cont240000,early_0p18_0p28,CDF_RUN_2:50,0.7576191425323486,0.9998348419300568,1.6449,1.644753458406083
lambda1_start_expansion48_s328_cont240000,early_0p18_0p28,CDF_RUN_2:51,0.605457067489624,1.0,1.42279,1.42279
lambda1_start_expansion48_s328_cont240000,early_0p18_0p28,D0_RUN_1:14,1.2817734479904175,0.1879104824806516,2.589585,1.5275249477223078
lambda1_start_expansion48_s328_cont240000,early_0p18_0p28,D0_RUN_1:15,0.7895994186401367,0.7792496753543665,1.790634,1.5696552911833046
lambda1_start_expansion48_s328_cont240000,central_0p20_0p30,CDF_RUN_1:30,1.4729559421539307,0.0012197116639461,2.72209,1.4744795255341179
lambda1_start_expansion48_s328_cont240000,central_0p20_0p30,CDF_RUN_1:31,1.1383882761001587,0.0258850748744865,2.51472,1.174014725825437
lambda1_start_expansion48_s328_cont240000,central_0p20_0p30,CDF_RUN_1:32,0.8735774755477905,0.1831302917603498,2.180565,1.112926482227861
lambda1_start_expansion48_s328_cont240000,central_0p20_0p30,CDF_RUN_1:33,0.7938144207000732,0.549777686123881,1.75218,1.3207024313483597
lambda1_start_expansion48_s328_cont240000,central_0p20_0p30,CDF_RUN_1:34,0.651719331741333,0.8825037510074896,1.478605,1.3814490356339413
lambda1_start_expansion48_s328_cont240000,central_0p20_0p30,CDF_RUN_1:35,0.3978731632232666,0.9960358801988642,1.20233,1.1991410367241744
lambda1_start_expansion48_s328_cont240000,central_0p20_0p30,CDF_RUN_2:36,1.8754677772521973,5.164127530589625e-05,3.27554,1.8755400787673004
lambda1_start_expansion48_s328_cont240000,central_0p20_0p30,CDF_RUN_2:37,1.6756634712219238,0.0023877817219835,2.91722,1.6786280372081495
lambda1_start_expansion48_s328_cont240000,central_0p20_0p30,CDF_RUN_2:38,1.4869492053985596,0.0134170653158552,2.90854,1.5060227819421457
lambda1_start_expansion48_s328_cont240000,central_0p20_0p30,CDF_RUN_2:39,1.325387716293335,0.0383530844331178,2.8682,1.384559326074788
lambda1_start_expansion48_s328_cont240000,central_0p20_0p30,CDF_RUN_2:40,1.2004904747009277,0.0798964211082592,2.4889,1.3034297846941145
lambda1_start_expansion48_s328_cont240000,central_0p20_0p30,CDF_RUN_2:41,1.1140971183776855,0.1385843072813845,2.31978,1.2811858453283376
lambda1_start_expansion48_s328_cont240000,central_0p20_0p30,CDF_RUN_2:42,1.0613701343536377,0.2131511831472797,2.33764,1.3334085662313795
lambda1_start_expansion48_s328_cont240000,central_0p20_0p30,CDF_RUN_2:43,1.0330865383148193,0.3008892555044757,2.08436,1.3494034275328863
lambda1_start_expansion48_s328_cont240000,central_0p20_0p30,CDF_RUN_2:44,1.018263578414917,0.3980090561043118,2.07474,1.4387507617664568
lambda1_start_expansion48_s328_cont240000,central_0p20_0p30,CDF_RUN_2:45,1.0064302682876587,0.4999999999999999,1.95146,1.4789451341438293
lambda1_start_expansion48_s328_cont240000,central_0p20_0p30,CDF_RUN_2:46,0.9891363382339478,0.6019909438956881,1.909664,1.5432856542225841
lambda1_start_expansion48_s328_cont240000,central_0p20_0p30,CDF_RUN_2:47,0.9607324600219727,0.6991107444955241,1.854624,1.5856616400342618
lambda1_start_expansion48_s328_cont240000,central_0p20_0p30,CDF_RUN_2:48,0.9185203313827515,0.7868488168527201,1.824972,1.6317607543684074
lambda1_start_expansion48_s328_cont240000,central_0p20_0p30,CDF_RUN_2:49,0.8625328540802002,0.8614156927186152,1.69753,1.5818124989507711
lambda1_start_expansion48_s328_cont240000,central_0p20_0p30,CDF_RUN_2:50,0.7576191425323486,0.9408752472293116,1.6449,1.5924397386640607
lambda1_start_expansion48_s328_cont240000,central_0p20_0p30,CDF_RUN_2:51,0.605457067489624,0.9920975764810804,1.42279,1.4163310890113425
lambda1_start_expansion48_s328_cont240000,central_0p20_0p30,D0_RUN_1:14,1.2817734479904175,0.0206608071262849,2.589585,1.3087938902240148
lambda1_start_expansion48_s328_cont240000,central_0p20_0p30,D0_RUN_1:15,0.7895994186401367,0.4999999999999999,1.790634,1.2901167093200683
lambda1_start_expansion48_s328_cont240000,late_0p22_0p32,CDF_RUN_1:30,1.4729559421539307,0.0,2.72209,1.4729559421539307
lambda1_start_expansion48_s328_cont240000,late_0p22_0p32,CDF_RUN_1:31,1.1383882761001587,0.0,2.51472,1.1383882761001587
lambda1_start_expansion48_s328_cont240000,late_0p22_0p32,CDF_RUN_1:32,0.8735774755477905,0.0193207037777613,2.180565,0.8988293943489613
lambda1_start_expansion48_s328_cont240000,late_0p22_0p32,CDF_RUN_1:33,0.7938144207000732,0.2102966915212009,1.75218,0.9953555312946469
lambda1_start_expansion48_s328_cont240000,late_0p22_0p32,CDF_RUN_1:34,0.651719331741333,0.5852865232044726,1.478605,1.135684369604055
lambda1_start_expansion48_s328_cont240000,late_0p22_0p32,CDF_RUN_1:35,0.3978731632232666,0.9023365088655396,1.20233,1.1237639368533994
lambda1_start_expansion48_s328_cont240000,late_0p22_0p32,CDF_RUN_2:36,1.8754677772521973,0.0,3.27554,1.8754677772521973
lambda1_start_expansion48_s328_cont240000,late_0p22_0p32,CDF_RUN_2:37,1.6756634712219238,0.0,2.91722,1.6756634712219238
lambda1_start_expansion48_s328_cont240000,late_0p22_0p32,CDF_RUN_2:38,1.4869492053985596,0.0,2.90854,1.4869492053985596
lambda1_start_expansion48_s328_cont240000,late_0p22_0p32,CDF_RUN_2:39,1.325387716293335,0.0,2.8682,1.325387716293335
lambda1_start_expansion48_s328_cont240000,late_0p22_0p32,CDF_RUN_2:40,1.2004904747009277,0.0003303151612864,2.4889,1.2009160559010799
lambda1_start_expansion48_s328_cont240000,late_0p22_0p32,CDF_RUN_2:41,1.1140971183776855,0.0050271675971199,2.31978,1.1201582882925796
lambda1_start_expansion48_s328_cont240000,late_0p22_0p32,CDF_RUN_2:42,1.0613701343536377,0.0206005434885857,2.33764,1.0876619872240572
lambda1_start_expansion48_s328_cont240000,late_0p22_0p32,CDF_RUN_2:43,1.0330865383148193,0.0513247888893216,2.08436,1.0870429268007575
lambda1_start_expansion48_s328_cont240000,late_0p22_0p32,CDF_RUN_2:44,1.018263578414917,0.0990801434780254,2.07474,1.122939413846718
lambda1_start_expansion48_s328_cont240000,late_0p22_0p32,CDF_RUN_2:45,1.0064302682876587,0.1637132978446752,1.95146,1.1611442022275547
lambda1_start_expansion48_s328_cont240000,late_0p22_0p32,CDF_RUN_2:46,0.9891363382339478,0.2433979518395934,1.909664,1.2131908857194948
lambda1_start_expansion48_s328_cont240000,late_0p22_0p32,CDF_RUN_2:47,0.9607324600219727,0.3349953729225092,1.854624,1.260181989809188
lambda1_start_expansion48_s328_cont240000,late_0p22_0p32,CDF_RUN_2:48,0.9185203313827515,0.4344149545116246,1.824972,1.3122964917720998
lambda1_start_expansion48_s328_cont240000,late_0p22_0p32,CDF_RUN_2:49,0.8625328540802002,0.5369747743326755,1.69753,1.3109052580789127
lambda1_start_expansion48_s328_cont240000,late_0p22_0p32,CDF_RUN_2:50,0.7576191425323486,0.6848781819867951,1.6449,1.3652984431064783
lambda1_start_expansion48_s328_cont240000,late_0p22_0p32,CDF_RUN_2:51,0.605457067489624,0.8499258195752324,1.42279,1.3001294300193336
lambda1_start_expansion48_s328_cont240000,late_0p22_0p32,D0_RUN_1:14,1.2817734479904175,2.671437209028174e-06,2.589585,1.28177694172686
lambda1_start_expansion48_s328_cont240000,late_0p22_0p32,D0_RUN_1:15,0.7895994186401367,0.2207503246456333,1.790634,1.0105781274568322
lambda1_start_expansion48_s329_cont200000,early_0p18_0p28,CDF_RUN_1:30,1.4658074378967285,0.0892391852052237,2.72209,1.5779170701263554
lambda1_start_expansion48_s329_cont200000,early_0p18_0p28,CDF_RUN_1:31,1.1239349842071533,0.2263136792031131,2.51472,1.4386886581117921
lambda1_start_expansion48_s329_cont200000,early_0p18_0p28,CDF_RUN_1:32,0.8603094816207886,0.5139631863662977,2.180565,1.5388722146646563
lambda1_start_expansion48_s329_cont200000,early_0p18_0p28,CDF_RUN_1:33,0.7921911478042603,0.8606209544870957,1.75218,1.6183776700779293
lambda1_start_expansion48_s329_cont200000,early_0p18_0p28,CDF_RUN_1:34,0.6523373126983643,0.9935104948187734,1.478605,1.4732429315621758
lambda1_start_expansion48_s329_cont200000,early_0p18_0p28,CDF_RUN_1:35,0.3936828374862671,1.0,1.20233,1.20233
lambda1_start_expansion48_s329_cont200000,early_0p18_0p28,CDF_RUN_2:36,1.8785648345947266,0.0629515791727313,3.27554,1.966506627322076
lambda1_start_expansion48_s329_cont200000,early_0p18_0p28,CDF_RUN_2:37,1.6789273023605347,0.1155267912377162,2.91722,1.8219832843319175
lambda1_start_expansion48_s329_cont200000,early_0p18_0p28,CDF_RUN_2:38,1.4907310009002686,0.1846215696118183,2.90854,1.752489123723822
lambda1_start_expansion48_s329_cont200000,early_0p18_0p28,CDF_RUN_2:39,1.3298301696777344,0.2680057887944079,2.8682,1.7421221895107726
lambda1_start_expansion48_s329_cont200000,early_0p18_0p28,CDF_RUN_2:40,1.2054673433303833,0.3622378472320013,2.4889,1.6703752259496336
lambda1_start_expansion48_s329_cont200000,early_0p18_0p28,CDF_RUN_2:41,1.119254231452942,0.4630252256673241,2.31978,1.6751279463538813
lambda1_start_expansion48_s329_cont200000,early_0p18_0p28,CDF_RUN_2:42,1.0662317276000977,0.5655850454883751,2.33764,1.7853212331796928
lambda1_start_expansion48_s329_cont200000,early_0p18_0p28,CDF_RUN_2:43,1.0372003316879272,0.6650046270774903,2.08436,1.7335663564043857
lambda1_start_expansion48_s329_cont200000,early_0p18_0p28,CDF_RUN_2:44,1.0213309526443481,0.7566020481604062,2.07474,1.8183423954243365
lambda1_start_expansion48_s329_cont200000,early_0p18_0p28,CDF_RUN_2:45,1.0083600282669067,0.8362867021553243,1.95146,1.7970619934303547
lambda1_start_expansion48_s329_cont200000,early_0p18_0p28,CDF_RUN_2:46,0.9900561571121216,0.9009198565219744,1.909664,1.8185491229831514
lambda1_start_expansion48_s329_cont200000,early_0p18_0p28,CDF_RUN_2:47,0.9609225988388062,0.9486752111106782,1.854624,1.8087549642553107
lambda1_start_expansion48_s329_cont200000,early_0p18_0p28,CDF_RUN_2:48,0.9183349609375,0.979399456511414,1.824972,1.8062947842484303
lambda1_start_expansion48_s329_cont200000,early_0p18_0p28,CDF_RUN_2:49,0.8623172044754028,0.99497283240288,1.69753,1.6933312452976388
lambda1_start_expansion48_s329_cont200000,early_0p18_0p28,CDF_RUN_2:50,0.757859468460083,0.9998348419300568,1.6449,1.6447534980978495
lambda1_start_expansion48_s329_cont200000,early_0p18_0p28,CDF_RUN_2:51,0.6066141128540039,1.0,1.42279,1.42279
lambda1_start_expansion48_s329_cont200000,early_0p18_0p28,D0_RUN_1:14,1.2729746103286743,0.1879104824806516,2.589585,1.5203795038908519
lambda1_start_expansion48_s329_cont200000,early_0p18_0p28,D0_RUN_1:15,0.7847613096237183,0.7792496753543665,1.790634,1.568587277047259
lambda1_start_expansion48_s329_cont200000,central_0p20_0p30,CDF_RUN_1:30,1.4658074378967285,0.0012197116639461,2.72209,1.467339740390938
lambda1_start_expansion48_s329_cont200000,central_0p20_0p30,CDF_RUN_1:31,1.1239349842071533,0.0258850748744865,2.51472,1.1599355584752649
lambda1_start_expansion48_s329_cont200000,central_0p20_0p30,CDF_RUN_1:32,0.8603094816207886,0.1831302917603498,2.180565,1.1020882598997854
lambda1_start_expansion48_s329_cont200000,central_0p20_0p30,CDF_RUN_1:33,0.7921911478042603,0.549777686123881,1.75218,1.3199715976691544
lambda1_start_expansion48_s329_cont200000,central_0p20_0p30,CDF_RUN_1:34,0.6523373126983643,0.8825037510074896,1.478605,1.3815216460783413
lambda1_start_expansion48_s329_cont200000,central_0p20_0p30,CDF_RUN_1:35,0.3936828374862671,0.9960358801988642,1.20233,1.199124425770947
lambda1_start_expansion48_s329_cont200000,central_0p20_0p30,CDF_RUN_2:36,1.8785648345947266,5.164127530589625e-05,3.27554,1.8786369761738388
lambda1_start_expansion48_s329_cont200000,central_0p20_0p30,CDF_RUN_2:37,1.6789273023605347,0.0023877817219835,2.91722,1.6818840750304238
lambda1_start_expansion48_s329_cont200000,central_0p20_0p30,CDF_RUN_2:38,1.4907310009002686,0.0134170653158552,2.90854,1.509753836846597
lambda1_start_expansion48_s329_cont200000,central_0p20_0p30,CDF_RUN_2:39,1.3298301696777344,0.0383530844331178,2.8682,1.3888313976694453
lambda1_start_expansion48_s329_cont200000,central_0p20_0p30,CDF_RUN_2:40,1.2054673433303833,0.0798964211082592,2.4889,1.3080090193317506
lambda1_start_expansion48_s329_cont200000,central_0p20_0p30,CDF_RUN_2:41,1.119254231452942,0.1385843072813845,2.31978,1.2856282634604876
lambda1_start_expansion48_s329_cont200000,central_0p20_0p30,CDF_RUN_2:42,1.0662317276000977,0.2131511831472797,2.33764,1.3372339051253759
lambda1_start_expansion48_s329_cont200000,central_0p20_0p30,CDF_RUN_2:43,1.0372003316879272,0.3008892555044757,2.08436,1.3522794246806606
lambda1_start_expansion48_s329_cont200000,central_0p20_0p30,CDF_RUN_2:44,1.0213309526443481,0.3980090561043118,2.07474,1.4405972932741133
lambda1_start_expansion48_s329_cont200000,central_0p20_0p30,CDF_RUN_2:45,1.0083600282669067,0.4999999999999999,1.95146,1.4799100141334534
lambda1_start_expansion48_s329_cont200000,central_0p20_0p30,CDF_RUN_2:46,0.9900561571121216,0.6019909438956881,1.909664,1.543651750466073
lambda1_start_expansion48_s329_cont200000,central_0p20_0p30,CDF_RUN_2:47,0.9609225988388062,0.6991107444955241,1.854624,1.5857188507613014
lambda1_start_expansion48_s329_cont200000,central_0p20_0p30,CDF_RUN_2:48,0.9183349609375,0.7868488168527201,1.824972,1.6317212424386816
lambda1_start_expansion48_s329_cont200000,central_0p20_0p30,CDF_RUN_2:49,0.8623172044754028,0.8614156927186152,1.69753,1.5817826132996748
lambda1_start_expansion48_s329_cont200000,central_0p20_0p30,CDF_RUN_2:50,0.757859468460083,0.9408752472293116,1.6449,1.5924539478751225
lambda1_start_expansion48_s329_cont200000,central_0p20_0p30,CDF_RUN_2:51,0.6066141128540039,0.9920975764810804,1.42279,1.4163402324738423
lambda1_start_expansion48_s329_cont200000,central_0p20_0p30,D0_RUN_1:14,1.2729746103286743,0.0206608071262849,2.589585,1.3001768436501364
lambda1_start_expansion48_s329_cont200000,central_0p20_0p30,D0_RUN_1:15,0.7847613096237183,0.4999999999999999,1.790634,1.287697654811859
lambda1_start_expansion48_s329_cont200000,late_0p22_0p32,CDF_RUN_1:30,1.4658074378967285,0.0,2.72209,1.4658074378967285
lambda1_start_expansion48_s329_cont200000,late_0p22_0p32,CDF_RUN_1:31,1.1239349842071533,0.0,2.51472,1.1239349842071533
lambda1_start_expansion48_s329_cont200000,late_0p22_0p32,CDF_RUN_1:32,0.8603094816207886,0.0193207037777613,2.180565,0.8858177474023481
lambda1_start_expansion48_s329_cont200000,late_0p22_0p32,CDF_RUN_1:33,0.7921911478042603,0.2102966915212009,1.75218,0.9940736273182595
lambda1_start_expansion48_s329_cont200000,late_0p22_0p32,CDF_RUN_1:34,0.6523373126983643,0.5852865232044726,1.478605,1.135940654635339
lambda1_start_expansion48_s329_cont200000,late_0p22_0p32,CDF_RUN_1:35,0.3936828374862671,0.9023365088655396,1.20233,1.1233546950129334
lambda1_start_expansion48_s329_cont200000,late_0p22_0p32,CDF_RUN_2:36,1.8785648345947266,0.0,3.27554,1.8785648345947266
lambda1_start_expansion48_s329_cont200000,late_0p22_0p32,CDF_RUN_2:37,1.6789273023605347,0.0,2.91722,1.6789273023605347
lambda1_start_expansion48_s329_cont200000,late_0p22_0p32,CDF_RUN_2:38,1.4907310009002686,0.0,2.90854,1.4907310009002686
lambda1_start_expansion48_s329_cont200000,late_0p22_0p32,CDF_RUN_2:39,1.3298301696777344,0.0,2.8682,1.3298301696777344
lambda1_start_expansion48_s329_cont200000,late_0p22_0p32,CDF_RUN_2:40,1.2054673433303833,0.0003303151612864,2.4889,1.2058912805953714
lambda1_start_expansion48_s329_cont200000,late_0p22_0p32,CDF_RUN_2:41,1.119254231452942,0.0050271675971199,2.31978,1.1252894756960892
lambda1_start_expansion48_s329_cont200000,late_0p22_0p32,CDF_RUN_2:42,1.0662317276000977,0.0206005434885857,2.33764,1.0924234290074195
lambda1_start_expansion48_s329_cont200000,late_0p22_0p32,CDF_RUN_2:43,1.0372003316879272,0.0513247888893216,2.08436,1.0909455805974564
lambda1_start_expansion48_s329_cont200000,late_0p22_0p32,CDF_RUN_2:44,1.0213309526443481,0.0990801434780254,2.07474,1.125702872197396
lambda1_start_expansion48_s329_cont200000,late_0p22_0p32,CDF_RUN_2:45,1.0083600282669067,0.1637132978446752,1.95146,1.1627580348365514
lambda1_start_expansion48_s329_cont200000,late_0p22_0p32,CDF_RUN_2:46,0.9900561571121216,0.2433979518395934,1.909664,1.2138868225666577
lambda1_start_expansion48_s329_cont200000,late_0p22_0p32,CDF_RUN_2:47,0.9609225988388062,0.3349953729225092,1.854624,1.2603084330021692
lambda1_start_expansion48_s329_cont200000,late_0p22_0p32,CDF_RUN_2:48,0.9183349609375,0.4344149545116246,1.824972,1.31219164902039
lambda1_start_expansion48_s329_cont200000,late_0p22_0p32,CDF_RUN_2:49,0.8623172044754028,0.5369747743326755,1.69753,1.3108054068719863
lambda1_start_expansion48_s329_cont200000,late_0p22_0p32,CDF_RUN_2:50,0.757859468460083,0.6848781819867951,1.6449,1.3653741750497417
lambda1_start_expansion48_s329_cont200000,late_0p22_0p32,CDF_RUN_2:51,0.6066141128540039,0.8499258195752324,1.42279,1.3003030726541072
lambda1_start_expansion48_s329_cont200000,late_0p22_0p32,D0_RUN_1:14,1.2729746103286743,2.671437209028174e-06,2.589585,1.272978127570659
lambda1_start_expansion48_s329_cont200000,late_0p22_0p32,D0_RUN_1:15,0.7847613096237183,0.2207503246456333,1.790634,1.006808032576459
lambda1_start_expansion48_s330_cont120000,early_0p18_0p28,CDF_RUN_1:30,1.4650298357009888,0.0892391852052237,2.72209,1.5772088605169772
lambda1_start_expansion48_s330_cont120000,early_0p18_0p28,CDF_RUN_1:31,1.114662766456604,0.2263136792031131,2.51472,1.4315148700747422
lambda1_start_expansion48_s330_cont120000,early_0p18_0p28,CDF_RUN_1:32,0.8501132726669312,0.5139631863662977,2.180565,1.53391648175358
lambda1_start_expansion48_s330_cont120000,early_0p18_0p28,CDF_RUN_1:33,0.791947603225708,0.8606209544870957,1.75218,1.618343725067031
lambda1_start_expansion48_s330_cont120000,early_0p18_0p28,CDF_RUN_1:34,0.6518104076385498,0.9935104948187734,1.478605,1.4732395122090602
lambda1_start_expansion48_s330_cont120000,early_0p18_0p28,CDF_RUN_1:35,0.39079582691192627,1.0,1.20233,1.20233
lambda1_start_expansion48_s330_cont120000,early_0p18_0p28,CDF_RUN_2:36,1.8874987363815308,0.0629515791727313,3.27554,1.9748781258832269
lambda1_start_expansion48_s330_cont120000,early_0p18_0p28,CDF_RUN_2:37,1.6874399185180664,0.1155267912377162,2.91722,1.8295124652597312
lambda1_start_expansion48_s330_cont120000,early_0p18_0p28,CDF_RUN_2:38,1.4974501132965088,0.1846215696118183,2.90854,1.7579677430430702
lambda1_start_expansion48_s330_cont120000,early_0p18_0p28,CDF_RUN_2:39,1.3344600200653076,0.2680057887944079,2.8682,1.7455112131932242
lambda1_start_expansion48_s330_cont120000,early_0p18_0p28,CDF_RUN_2:40,1.2085940837860107,0.3622378472320013,2.4889,1.6723693426737611
lambda1_start_expansion48_s330_cont120000,early_0p18_0p28,CDF_RUN_2:41,1.12183678150177,0.4630252256673241,2.31978,1.6765147105835536
lambda1_start_expansion48_s330_cont120000,early_0p18_0p28,CDF_RUN_2:42,1.069068193435669,0.5655850454883751,2.33764,1.7865534363566264
lambda1_start_expansion48_s330_cont120000,early_0p18_0p28,CDF_RUN_2:43,1.0406043529510498,0.6650046270774903,2.08436,1.7347066877768615
lambda1_start_expansion48_s330_cont120000,early_0p18_0p28,CDF_RUN_2:44,1.0250884294509888,0.7566020481604062,2.07474,1.8192569575831576
lambda1_start_expansion48_s330_cont120000,early_0p18_0p28,CDF_RUN_2:45,1.0119445323944092,0.8362867021553243,1.95146,1.797648824422206
lambda1_start_expansion48_s330_cont120000,early_0p18_0p28,CDF_RUN_2:46,0.9929274320602417,0.9009198565219744,1.909664,1.8188336093169761
lambda1_start_expansion48_s330_cont120000,early_0p18_0p28,CDF_RUN_2:47,0.9627748727798462,0.9486752111106782,1.854624,1.8088500318243
lambda1_start_expansion48_s330_cont120000,early_0p18_0p28,CDF_RUN_2:48,0.9192044734954834,0.979399456511414,1.824972,1.8063126966796947
lambda1_start_expansion48_s330_cont120000,early_0p18_0p28,CDF_RUN_2:49,0.8625198602676392,0.99497283240288,1.69753,1.6933322640822708
lambda1_start_expansion48_s330_cont120000,early_0p18_0p28,CDF_RUN_2:50,0.7579576969146729,0.9998348419300568,1.6449,1.6447535143210714
lambda1_start_expansion48_s330_cont120000,early_0p18_0p28,CDF_RUN_2:51,0.6075625419616699,1.0,1.42279,1.42279
lambda1_start_expansion48_s330_cont120000,early_0p18_0p28,D0_RUN_1:14,1.270315408706665,0.1879104824806516,2.589585,1.5182199941286476
lambda1_start_expansion48_s330_cont120000,early_0p18_0p28,D0_RUN_1:15,0.7812099456787109,0.7792496753543665,1.790634,1.567803312303464
lambda1_start_expansion48_s330_cont120000,central_0p20_0p30,CDF_RUN_1:30,1.4650298357009888,0.0012197116639461,2.72209,1.4665630866456663
lambda1_start_expansion48_s330_cont120000,central_0p20_0p30,CDF_RUN_1:31,1.114662766456604,0.0258850748744865,2.51472,1.150903352775441
lambda1_start_expansion48_s330_cont120000,central_0p20_0p30,CDF_RUN_1:32,0.8501132726669312,0.1831302917603498,2.180565,1.0937592856664975
lambda1_start_expansion48_s330_cont120000,central_0p20_0p30,CDF_RUN_1:33,0.791947603225708,0.549777686123881,1.75218,1.3198619484654668
lambda1_start_expansion48_s330_cont120000,central_0p20_0p30,CDF_RUN_1:34,0.6518104076385498,0.8825037510074896,1.478605,1.381459736710238
lambda1_start_expansion48_s330_cont120000,central_0p20_0p30,CDF_RUN_1:35,0.39079582691192627,0.9960358801988642,1.20233,1.1991129813151633
lambda1_start_expansion48_s330_cont120000,central_0p20_0p30,CDF_RUN_2:36,1.8874987363815308,5.164127530589625e-05,3.27554,1.8875704166025613
lambda1_start_expansion48_s330_cont120000,central_0p20_0p30,CDF_RUN_2:37,1.6874399185180664,0.0023877817219835,2.91722,1.6903763649186885
lambda1_start_expansion48_s330_cont120000,central_0p20_0p30,CDF_RUN_2:38,1.4974501132965088,0.0134170653158552,2.90854,1.5163827984729523
lambda1_start_expansion48_s330_cont120000,central_0p20_0p30,CDF_RUN_2:39,1.3344600200653076,0.0383530844331178,2.8682,1.3932836790141914
lambda1_start_expansion48_s330_cont120000,central_0p20_0p30,CDF_RUN_2:40,1.2085940837860107,0.0798964211082592,2.4889,1.3108859444152392
lambda1_start_expansion48_s330_cont120000,central_0p20_0p30,CDF_RUN_2:41,1.12183678150177,0.1385843072813845,2.31978,1.2878529125997795
lambda1_start_expansion48_s330_cont120000,central_0p20_0p30,CDF_RUN_2:42,1.069068193435669,0.2131511831472797,2.33764,1.3394657749121381
lambda1_start_expansion48_s330_cont120000,central_0p20_0p30,CDF_RUN_2:43,1.0406043529510498,0.3008892555044757,2.08436,1.3546592125202008
lambda1_start_expansion48_s330_cont120000,central_0p20_0p30,CDF_RUN_2:44,1.0250884294509888,0.3980090561043118,2.07474,1.4428592602836092
lambda1_start_expansion48_s330_cont120000,central_0p20_0p30,CDF_RUN_2:45,1.0119445323944092,0.4999999999999999,1.95146,1.4817022661972046
lambda1_start_expansion48_s330_cont120000,central_0p20_0p30,CDF_RUN_2:46,0.9929274320602417,0.6019909438956881,1.909664,1.5447945438979902
lambda1_start_expansion48_s330_cont120000,central_0p20_0p30,CDF_RUN_2:47,0.9627748727798462,0.6991107444955241,1.854624,1.5862761800884113
lambda1_start_expansion48_s330_cont120000,central_0p20_0p30,CDF_RUN_2:48,0.9192044734954834,0.7868488168527201,1.824972,1.631906580069177
lambda1_start_expansion48_s330_cont120000,central_0p20_0p30,CDF_RUN_2:49,0.8625198602676392,0.8614156927186152,1.69753,1.5818106982122586
lambda1_start_expansion48_s330_cont120000,central_0p20_0p30,CDF_RUN_2:50,0.7579576969146729,0.9408752472293116,1.6449,1.5924597556082152
lambda1_start_expansion48_s330_cont120000,central_0p20_0p30,CDF_RUN_2:51,0.6075625419616699,0.9920975764810804,1.42279,1.4163477273623288
lambda1_start_expansion48_s330_cont120000,central_0p20_0p30,D0_RUN_1:14,1.270315408706665,0.0206608071262849,2.589585,1.2975725832799494
lambda1_start_expansion48_s330_cont120000,central_0p20_0p30,D0_RUN_1:15,0.7812099456787109,0.4999999999999999,1.790634,1.2859219728393554
lambda1_start_expansion48_s330_cont120000,late_0p22_0p32,CDF_RUN_1:30,1.4650298357009888,0.0,2.72209,1.4650298357009888
lambda1_start_expansion48_s330_cont120000,late_0p22_0p32,CDF_RUN_1:31,1.114662766456604,0.0,2.51472,1.114662766456604
lambda1_start_expansion48_s330_cont120000,late_0p22_0p32,CDF_RUN_1:32,0.8501132726669312,0.0193207037777613,2.180565,0.8758185363813442
lambda1_start_expansion48_s330_cont120000,late_0p22_0p32,CDF_RUN_1:33,0.791947603225708,0.2102966915212009,1.75218,0.9938812993588146
lambda1_start_expansion48_s330_cont120000,late_0p22_0p32,CDF_RUN_1:34,0.6518104076385498,0.5852865232044726,1.478605,1.1357221400060422
lambda1_start_expansion48_s330_cont120000,late_0p22_0p32,CDF_RUN_1:35,0.39079582691192627,0.9023365088655396,1.20233,1.1230727394813012
lambda1_start_expansion48_s330_cont120000,late_0p22_0p32,CDF_RUN_2:36,1.8874987363815308,0.0,3.27554,1.8874987363815308
lambda1_start_expansion48_s330_cont120000,late_0p22_0p32,CDF_RUN_2:37,1.6874399185180664,0.0,2.91722,1.6874399185180664
lambda1_start_expansion48_s330_cont120000,late_0p22_0p32,CDF_RUN_2:38,1.4974501132965088,0.0,2.90854,1.4974501132965088
lambda1_start_expansion48_s330_cont120000,late_0p22_0p32,CDF_RUN_2:39,1.3344600200653076,0.0,2.8682,1.3344600200653076
lambda1_start_expansion48_s330_cont120000,late_0p22_0p32,CDF_RUN_2:40,1.2085940837860107,0.0003303151612864,2.4889,1.209016988241221
lambda1_start_expansion48_s330_cont120000,late_0p22_0p32,CDF_RUN_2:41,1.12183678150177,0.0050271675971199,2.31978,1.127859042832994
lambda1_start_expansion48_s330_cont120000,late_0p22_0p32,CDF_RUN_2:42,1.069068193435669,0.0206005434885857,2.33764,1.0952014621051913
lambda1_start_expansion48_s330_cont120000,late_0p22_0p32,CDF_RUN_2:43,1.0406043529510498,0.0513247888893216,2.08436,1.0941748911878746
lambda1_start_expansion48_s330_cont120000,late_0p22_0p32,CDF_RUN_2:44,1.0250884294509888,0.0990801434780254,2.07474,1.1290880576629194
lambda1_start_expansion48_s330_cont120000,late_0p22_0p32,CDF_RUN_2:45,1.0119445323944092,0.1637132978446752,1.95146,1.1657557079722025
lambda1_start_expansion48_s330_cont120000,late_0p22_0p32,CDF_RUN_2:46,0.9929274320602417,0.2433979518395934,1.909664,1.216059235073237
lambda1_start_expansion48_s330_cont120000,late_0p22_0p32,CDF_RUN_2:47,0.9627748727798462,0.3349953729225092,1.854624,1.261540203743576
lambda1_start_expansion48_s330_cont120000,late_0p22_0p32,CDF_RUN_2:48,0.9192044734954834,0.4344149545116246,1.824972,1.3126834323200498
lambda1_start_expansion48_s330_cont120000,late_0p22_0p32,CDF_RUN_2:49,0.8625198602676392,0.5369747743326755,1.69753,1.3108992416159193
lambda1_start_expansion48_s330_cont120000,late_0p22_0p32,CDF_RUN_2:50,0.7579576969146729,0.6848781819867951,1.6449,1.3654051289789326
lambda1_start_expansion48_s330_cont120000,late_0p22_0p32,CDF_RUN_2:51,0.6075625419616699,0.8499258195752324,1.42279,1.300445407375131
lambda1_start_expansion48_s330_cont120000,late_0p22_0p32,D0_RUN_1:14,1.270315408706665,2.671437209028174e-06,2.589585,1.27031893305254
lambda1_start_expansion48_s330_cont120000,late_0p22_0p32,D0_RUN_1:15,0.7812099456787109,0.2207503246456333,1.790634,1.004040633375247
lambda1_start_expansion48_s331_cont120000,early_0p18_0p28,CDF_RUN_1:30,1.504346489906311,0.0892391852052237,2.72209,1.613016928536021
lambda1_start_expansion48_s331_cont120000,early_0p18_0p28,CDF_RUN_1:31,1.1616466045379639,0.2263136792031131,2.51472,1.4678656228968263
lambda1_start_expansion48_s331_cont120000,early_0p18_0p28,CDF_RUN_1:32,0.8916939496994019,0.5139631863662977,2.180565,1.554126221527174
lambda1_start_expansion48_s331_cont120000,early_0p18_0p28,CDF_RUN_1:33,0.8060228824615479,0.8606209544870957,1.75218,1.62030552405225
lambda1_start_expansion48_s331_cont120000,early_0p18_0p28,CDF_RUN_1:34,0.6531181335449219,0.9935104948187734,1.478605,1.473247998703105
lambda1_start_expansion48_s331_cont120000,early_0p18_0p28,CDF_RUN_1:35,0.4048459529876709,1.0,1.20233,1.20233
lambda1_start_expansion48_s331_cont120000,early_0p18_0p28,CDF_RUN_2:36,1.9016292095184326,0.0629515791727313,3.27554,1.9881190634217027
lambda1_start_expansion48_s331_cont120000,early_0p18_0p28,CDF_RUN_2:37,1.7037233114242554,0.1155267912377162,2.91722,1.8439146900330052
lambda1_start_expansion48_s331_cont120000,early_0p18_0p28,CDF_RUN_2:38,1.5142490863800049,0.1846215696118183,2.90854,1.7716652633480245
lambda1_start_expansion48_s331_cont120000,early_0p18_0p28,CDF_RUN_2:39,1.350783348083496,0.2680057887944079,2.8682,1.7574597948101482
lambda1_start_expansion48_s331_cont120000,early_0p18_0p28,CDF_RUN_2:40,1.2240533828735352,0.3622378472320013,2.4889,1.6822286985401051
lambda1_start_expansion48_s331_cont120000,early_0p18_0p28,CDF_RUN_2:41,1.136289119720459,0.4630252256673241,2.31978,1.6842752516371136
lambda1_start_expansion48_s331_cont120000,early_0p18_0p28,CDF_RUN_2:42,1.082269549369812,0.5655850454883751,2.33764,1.7922883027942489
lambda1_start_expansion48_s331_cont120000,early_0p18_0p28,CDF_RUN_2:43,1.0520269870758057,0.6650046270774903,2.08436,1.7385332173552417
lambda1_start_expansion48_s331_cont120000,early_0p18_0p28,CDF_RUN_2:44,1.0340300798416138,0.7566020481604062,2.07474,1.8214333369743014
lambda1_start_expansion48_s331_cont120000,early_0p18_0p28,CDF_RUN_2:45,1.017815113067627,0.8362867021553243,1.95146,1.7986099165444818
lambda1_start_expansion48_s331_cont120000,early_0p18_0p28,CDF_RUN_2:46,0.9955592155456543,0.9009198565219744,1.909664,1.8190943668023138
lambda1_start_expansion48_s331_cont120000,early_0p18_0p28,CDF_RUN_2:47,0.9626033306121826,0.9486752111106782,1.854624,1.8088412274587589
lambda1_start_expansion48_s331_cont120000,early_0p18_0p28,CDF_RUN_2:48,0.9172296524047852,0.979399456511414,1.824972,1.8062720142919337
lambda1_start_expansion48_s331_cont120000,early_0p18_0p28,CDF_RUN_2:49,0.8600683212280273,0.99497283240288,1.69753,1.693319939784648
lambda1_start_expansion48_s331_cont120000,early_0p18_0p28,CDF_RUN_2:50,0.7572324275970459,0.9998348419300568,1.6449,1.6447533945369908
lambda1_start_expansion48_s331_cont120000,early_0p18_0p28,CDF_RUN_2:51,0.6110789775848389,1.0,1.42279,1.42279
lambda1_start_expansion48_s331_cont120000,early_0p18_0p28,D0_RUN_1:14,1.3083105087280273,0.1879104824806516,2.589585,1.5490754165730953
lambda1_start_expansion48_s331_cont120000,early_0p18_0p28,D0_RUN_1:15,0.800469160079956,0.7792496753543665,1.790634,1.5720547901349586
lambda1_start_expansion48_s331_cont120000,central_0p20_0p30,CDF_RUN_1:30,1.504346489906311,0.0012197116639461,2.72209,1.505831785869267
lambda1_start_expansion48_s331_cont120000,central_0p20_0p30,CDF_RUN_1:31,1.1616466045379639,0.0258850748744865,2.51472,1.1966710106901741
lambda1_start_expansion48_s331_cont120000,central_0p20_0p30,CDF_RUN_1:32,0.8916939496994019,0.1831302917603498,2.180565,1.127725281182419
lambda1_start_expansion48_s331_cont120000,central_0p20_0p30,CDF_RUN_1:33,0.8060228824615479,0.549777686123881,1.75218,1.326198953251479
lambda1_start_expansion48_s331_cont120000,central_0p20_0p30,CDF_RUN_1:34,0.6531181335449219,0.8825037510074896,1.478605,1.3816133895989469
lambda1_start_expansion48_s331_cont120000,central_0p20_0p30,CDF_RUN_1:35,0.4048459529876709,0.9960358801988642,1.20233,1.1991686776981485
lambda1_start_expansion48_s331_cont120000,central_0p20_0p30,CDF_RUN_2:36,1.9016292095184326,5.164127530589625e-05,3.27554,1.9017001600238097
lambda1_start_expansion48_s331_cont120000,central_0p20_0p30,CDF_RUN_2:37,1.7037233114242554,0.0023877817219835,2.91722,1.7066208766369242
lambda1_start_expansion48_s331_cont120000,central_0p20_0p30,CDF_RUN_2:38,1.5142490863800049,0.0134170653158552,2.90854,1.532956378637348
lambda1_start_expansion48_s331_cont120000,central_0p20_0p30,CDF_RUN_2:39,1.350783348083496,0.0383530844331178,2.8682,1.4089809570546687
lambda1_start_expansion48_s331_cont120000,central_0p20_0p30,CDF_RUN_2:40,1.2240533828735352,0.0798964211082592,2.4889,1.3251101008328283
lambda1_start_expansion48_s331_cont120000,central_0p20_0p30,CDF_RUN_2:41,1.136289119720459,0.1385843072813845,2.31978,1.3003023835378351
lambda1_start_expansion48_s331_cont120000,central_0p20_0p30,CDF_RUN_2:42,1.082269549369812,0.2131511831472797,2.33764,1.3498532462097703
lambda1_start_expansion48_s331_cont120000,central_0p20_0p30,CDF_RUN_2:43,1.0520269870758057,0.3008892555044757,2.08436,1.3626448987672588
lambda1_start_expansion48_s331_cont120000,central_0p20_0p30,CDF_RUN_2:44,1.0340300798416138,0.3980090561043118,2.07474,1.4482420528422466
lambda1_start_expansion48_s331_cont120000,central_0p20_0p30,CDF_RUN_2:45,1.017815113067627,0.4999999999999999,1.95146,1.4846375565338135
lambda1_start_expansion48_s331_cont120000,central_0p20_0p30,CDF_RUN_2:46,0.9955592155456543,0.6019909438956881,1.909664,1.5458420175588903
lambda1_start_expansion48_s331_cont120000,central_0p20_0p30,CDF_RUN_2:47,0.9626033306121826,0.6991107444955241,1.854624,1.5862245648932953
lambda1_start_expansion48_s331_cont120000,central_0p20_0p30,CDF_RUN_2:48,0.9172296524047852,0.7868488168527201,1.824972,1.6314856446171906
lambda1_start_expansion48_s331_cont120000,central_0p20_0p30,CDF_RUN_2:49,0.8600683212280273,0.8614156927186152,1.69753,1.5814709533726807
lambda1_start_expansion48_s331_cont120000,central_0p20_0p30,CDF_RUN_2:50,0.7572324275970459,0.9408752472293116,1.6449,1.5924168742391183
lambda1_start_expansion48_s331_cont120000,central_0p20_0p30,CDF_RUN_2:51,0.6110789775848389,0.9920975764810804,1.42279,1.4163755157259001
lambda1_start_expansion48_s331_cont120000,central_0p20_0p30,D0_RUN_1:14,1.3083105087280273,0.0206608071262849,2.589585,1.3347826738680264
lambda1_start_expansion48_s331_cont120000,central_0p20_0p30,D0_RUN_1:15,0.800469160079956,0.4999999999999999,1.790634,1.295551580039978
lambda1_start_expansion48_s331_cont120000,late_0p22_0p32,CDF_RUN_1:30,1.504346489906311,0.0,2.72209,1.504346489906311
lambda1_start_expansion48_s331_cont120000,late_0p22_0p32,CDF_RUN_1:31,1.1616466045379639,0.0,2.51472,1.1616466045379639
lambda1_start_expansion48_s331_cont120000,late_0p22_0p32,CDF_RUN_1:32,0.8916939496994019,0.0193207037777613,2.180565,0.9165958454699918
lambda1_start_expansion48_s331_cont120000,late_0p22_0p32,CDF_RUN_1:33,0.8060228824615479,0.2102966915212009,1.75218,1.0049965939391203
lambda1_start_expansion48_s331_cont120000,late_0p22_0p32,CDF_RUN_1:34,0.6531181335449219,0.5852865232044726,1.478605,1.1362644715633694
lambda1_start_expansion48_s331_cont120000,late_0p22_0p32,CDF_RUN_1:35,0.4048459529876709,0.9023365088655396,1.20233,1.1244449238447378
lambda1_start_expansion48_s331_cont120000,late_0p22_0p32,CDF_RUN_2:36,1.9016292095184326,0.0,3.27554,1.9016292095184326
lambda1_start_expansion48_s331_cont120000,late_0p22_0p32,CDF_RUN_2:37,1.7037233114242554,0.0,2.91722,1.7037233114242554
lambda1_start_expansion48_s331_cont120000,late_0p22_0p32,CDF_RUN_2:38,1.5142490863800049,0.0,2.90854,1.5142490863800049
lambda1_start_expansion48_s331_cont120000,late_0p22_0p32,CDF_RUN_2:39,1.350783348083496,0.0,2.8682,1.350783348083496
lambda1_start_expansion48_s331_cont120000,late_0p22_0p32,CDF_RUN_2:40,1.2240533828735352,0.0003303151612864,2.4889,1.2244711808878739
lambda1_start_expansion48_s331_cont120000,late_0p22_0p32,CDF_RUN_2:41,1.136289119720459,0.0050271675971199,2.31978,1.1422387267252874
lambda1_start_expansion48_s331_cont120000,late_0p22_0p32,CDF_RUN_2:42,1.082269549369812,0.0206005434885857,2.33764,1.1081308629323048
lambda1_start_expansion48_s331_cont120000,late_0p22_0p32,CDF_RUN_2:43,1.0520269870758057,0.0513247888893216,2.08436,1.1050112610276173
lambda1_start_expansion48_s331_cont120000,late_0p22_0p32,CDF_RUN_2:44,1.0340300798416138,0.0990801434780254,2.07474,1.137143768049911
lambda1_start_expansion48_s331_cont120000,late_0p22_0p32,CDF_RUN_2:45,1.017815113067627,0.1637132978446752,1.95146,1.1706651965231447
lambda1_start_expansion48_s331_cont120000,late_0p22_0p32,CDF_RUN_2:46,0.9955592155456543,0.2433979518395934,1.909664,1.218050447848615
lambda1_start_expansion48_s331_cont120000,late_0p22_0p32,CDF_RUN_2:47,0.9626033306121826,0.3349953729225092,1.854624,1.2614261274083407
lambda1_start_expansion48_s331_cont120000,late_0p22_0p32,CDF_RUN_2:48,0.9172296524047852,0.4344149545116246,1.824972,1.3115665030436356
lambda1_start_expansion48_s331_cont120000,late_0p22_0p32,CDF_RUN_2:49,0.8600683212280273,0.5369747743326755,1.69753,1.309764117198871
lambda1_start_expansion48_s331_cont120000,late_0p22_0p32,CDF_RUN_2:50,0.7572324275970459,0.6848781819867951,1.6449,1.365176580793013
lambda1_start_expansion48_s331_cont120000,late_0p22_0p32,CDF_RUN_2:51,0.6110789775848389,0.8499258195752324,1.42279,1.3009731335692947
lambda1_start_expansion48_s331_cont120000,late_0p22_0p32,D0_RUN_1:14,1.3083105087280273,2.671437209028174e-06,2.589585,1.3083139315723784
lambda1_start_expansion48_s331_cont120000,late_0p22_0p32,D0_RUN_1:15,0.800469160079956,0.2207503246456333,1.790634,1.0190483699449973
lambda1_start_expansion48_s332_cont120000,early_0p18_0p28,CDF_RUN_1:30,1.4645549058914185,0.0892391852052237,2.72209,1.5767763130566426
lambda1_start_expansion48_s332_cont120000,early_0p18_0p28,CDF_RUN_1:31,1.1204701662063599,0.2263136792031131,2.51472,1.4360079758205275
lambda1_start_expansion48_s332_cont120000,early_0p18_0p28,CDF_RUN_1:32,0.8576020002365112,0.5139631863662977,2.180565,1.5375562790396695
lambda1_start_expansion48_s332_cont120000,early_0p18_0p28,CDF_RUN_1:33,0.7920600175857544,0.8606209544870957,1.75218,1.618359393273236
lambda1_start_expansion48_s332_cont120000,early_0p18_0p28,CDF_RUN_1:34,0.6520934104919434,0.9935104948187734,1.478605,1.4732413487575435
lambda1_start_expansion48_s332_cont120000,early_0p18_0p28,CDF_RUN_1:35,0.39279747009277344,1.0,1.20233,1.20233
lambda1_start_expansion48_s332_cont120000,early_0p18_0p28,CDF_RUN_2:36,1.8936100006103516,0.0629515791727313,3.27554,1.9806046763781016
lambda1_start_expansion48_s332_cont120000,early_0p18_0p28,CDF_RUN_2:37,1.694857120513916,0.1155267912377162,2.91722,1.8360727817090383
lambda1_start_expansion48_s332_cont120000,early_0p18_0p28,CDF_RUN_2:38,1.5074195861816406,0.1846215696118183,2.90854,1.7660966361959465
lambda1_start_expansion48_s332_cont120000,early_0p18_0p28,CDF_RUN_2:39,1.3469241857528687,0.2680057887944079,2.8682,1.7546349103240262
lambda1_start_expansion48_s332_cont120000,early_0p18_0p28,CDF_RUN_2:40,1.2224377393722534,0.3622378472320013,2.4889,1.6811983022626222
lambda1_start_expansion48_s332_cont120000,early_0p18_0p28,CDF_RUN_2:41,1.1354527473449707,0.4630252256673241,2.31978,1.6838261407695279
lambda1_start_expansion48_s332_cont120000,early_0p18_0p28,CDF_RUN_2:42,1.0809862613677979,0.5655850454883751,2.33764,1.7917308232952285
lambda1_start_expansion48_s332_cont120000,early_0p18_0p28,CDF_RUN_2:43,1.0499083995819092,0.6650046270774903,2.08436,1.7378235003476548
lambda1_start_expansion48_s332_cont120000,early_0p18_0p28,CDF_RUN_2:44,1.0315810441970825,0.7566020481604062,2.07474,1.8208372467144405
lambda1_start_expansion48_s332_cont120000,early_0p18_0p28,CDF_RUN_2:45,1.0160248279571533,0.8362867021553243,1.95146,1.798316823064964
lambda1_start_expansion48_s332_cont120000,early_0p18_0p28,CDF_RUN_2:46,0.9953309297561646,0.9009198565219744,1.909664,1.8190717482135372
lambda1_start_expansion48_s332_cont120000,early_0p18_0p28,CDF_RUN_2:47,0.9642981290817261,0.9486752111106782,1.854624,1.8089282126324182
lambda1_start_expansion48_s332_cont120000,early_0p18_0p28,CDF_RUN_2:48,0.9204986095428467,0.979399456511414,1.824972,1.8063393565856187
lambda1_start_expansion48_s332_cont120000,early_0p18_0p28,CDF_RUN_2:49,0.8640309572219849,0.99497283240288,1.69753,1.693339860619916
lambda1_start_expansion48_s332_cont120000,early_0p18_0p28,CDF_RUN_2:50,0.7601869106292725,0.9998348419300568,1.6449,1.644753882493706
lambda1_start_expansion48_s332_cont120000,early_0p18_0p28,CDF_RUN_2:51,0.6108508110046387,1.0,1.42279,1.42279
lambda1_start_expansion48_s332_cont120000,early_0p18_0p28,D0_RUN_1:14,1.2734187841415405,0.1879104824806516,2.589585,1.5207402127882372
lambda1_start_expansion48_s332_cont120000,early_0p18_0p28,D0_RUN_1:15,0.7849911451339722,0.7792496753543665,1.790634,1.5686380133107627
lambda1_start_expansion48_s332_cont120000,central_0p20_0p30,CDF_RUN_1:30,1.4645549058914185,0.0012197116639461,2.72209,1.4660887361135242
lambda1_start_expansion48_s332_cont120000,central_0p20_0p30,CDF_RUN_1:31,1.1204701662063599,0.0258850748744865,2.51472,1.1565604275478485
lambda1_start_expansion48_s332_cont120000,central_0p20_0p30,CDF_RUN_1:32,0.8576020002365112,0.1831302917603498,2.180565,1.0998766003713465
lambda1_start_expansion48_s332_cont120000,central_0p20_0p30,CDF_RUN_1:33,0.7920600175857544,0.549777686123881,1.75218,1.3199125599187598
lambda1_start_expansion48_s332_cont120000,central_0p20_0p30,CDF_RUN_1:34,0.6520934104919434,0.8825037510074896,1.478605,1.3814929884839657
lambda1_start_expansion48_s332_cont120000,central_0p20_0p30,CDF_RUN_1:35,0.39279747009277344,0.9960358801988642,1.20233,1.1991209160685312
lambda1_start_expansion48_s332_cont120000,central_0p20_0p30,CDF_RUN_2:36,1.8936100006103516,5.164127530589625e-05,3.27554,1.8936813652379036
lambda1_start_expansion48_s332_cont120000,central_0p20_0p30,CDF_RUN_2:37,1.694857120513916,0.0023877817219835,2.91722,1.6977758562551841
lambda1_start_expansion48_s332_cont120000,central_0p20_0p30,CDF_RUN_2:38,1.5074195861816406,0.0134170653158552,2.90854,1.5262185102892196
lambda1_start_expansion48_s332_cont120000,central_0p20_0p30,CDF_RUN_2:39,1.3469241857528687,0.0383530844331178,2.8682,1.4052698055027488
lambda1_start_expansion48_s332_cont120000,central_0p20_0p30,CDF_RUN_2:40,1.2224377393722534,0.0798964211082592,2.4889,1.3236235414650857
lambda1_start_expansion48_s332_cont120000,central_0p20_0p30,CDF_RUN_2:41,1.1354527473449707,0.1385843072813845,2.31978,1.299581919248633
lambda1_start_expansion48_s332_cont120000,central_0p20_0p30,CDF_RUN_2:42,1.0809862613677979,0.2131511831472797,2.33764,1.3488434925637043
lambda1_start_expansion48_s332_cont120000,central_0p20_0p30,CDF_RUN_2:43,1.0499083995819092,0.3008892555044757,2.08436,1.361163771487122
lambda1_start_expansion48_s332_cont120000,central_0p20_0p30,CDF_RUN_2:44,1.0315810441970825,0.3980090561043118,2.07474,1.4467677555629612
lambda1_start_expansion48_s332_cont120000,central_0p20_0p30,CDF_RUN_2:45,1.0160248279571533,0.4999999999999999,1.95146,1.4837424139785766
lambda1_start_expansion48_s332_cont120000,central_0p20_0p30,CDF_RUN_2:46,0.9953309297561646,0.6019909438956881,1.909664,1.5457511577472935
lambda1_start_expansion48_s332_cont120000,central_0p20_0p30,CDF_RUN_2:47,0.9642981290817261,0.6991107444955241,1.854624,1.5867345115430265
lambda1_start_expansion48_s332_cont120000,central_0p20_0p30,CDF_RUN_2:48,0.9204986095428467,0.7868488168527201,1.824972,1.632182426698826
lambda1_start_expansion48_s332_cont120000,central_0p20_0p30,CDF_RUN_2:49,0.8640309572219849,0.8614156927186152,1.69753,1.5820201125369115
lambda1_start_expansion48_s332_cont120000,central_0p20_0p30,CDF_RUN_2:50,0.7601869106292725,0.9408752472293116,1.6449,1.5925915573179639
lambda1_start_expansion48_s332_cont120000,central_0p20_0p30,CDF_RUN_2:51,0.6108508110046387,0.9920975764810804,1.42279,1.4163737126569504
lambda1_start_expansion48_s332_cont120000,central_0p20_0p30,D0_RUN_1:14,1.2734187841415405,0.0206608071262849,2.589585,1.3006118404735245
lambda1_start_expansion48_s332_cont120000,central_0p20_0p30,D0_RUN_1:15,0.7849911451339722,0.4999999999999999,1.790634,1.287812572566986
lambda1_start_expansion48_s332_cont120000,late_0p22_0p32,CDF_RUN_1:30,1.4645549058914185,0.0,2.72209,1.4645549058914185
lambda1_start_expansion48_s332_cont120000,late_0p22_0p32,CDF_RUN_1:31,1.1204701662063599,0.0,2.51472,1.1204701662063599
lambda1_start_expansion48_s332_cont120000,late_0p22_0p32,CDF_RUN_1:32,0.8576020002365112,0.0193207037777613,2.180565,0.8831625764638801
lambda1_start_expansion48_s332_cont120000,late_0p22_0p32,CDF_RUN_1:33,0.7920600175857544,0.2102966915212009,1.75218,0.9939700733508638
lambda1_start_expansion48_s332_cont120000,late_0p22_0p32,CDF_RUN_1:34,0.6520934104919434,0.5852865232044726,1.478605,1.135839505103316
lambda1_start_expansion48_s332_cont120000,late_0p22_0p32,CDF_RUN_1:35,0.39279747009277344,0.9023365088655396,1.20233,1.1232682269423482
lambda1_start_expansion48_s332_cont120000,late_0p22_0p32,CDF_RUN_2:36,1.8936100006103516,0.0,3.27554,1.8936100006103516
lambda1_start_expansion48_s332_cont120000,late_0p22_0p32,CDF_RUN_2:37,1.694857120513916,0.0,2.91722,1.694857120513916
lambda1_start_expansion48_s332_cont120000,late_0p22_0p32,CDF_RUN_2:38,1.5074195861816406,0.0,2.90854,1.5074195861816406
lambda1_start_expansion48_s332_cont120000,late_0p22_0p32,CDF_RUN_2:39,1.3469241857528687,0.0,2.8682,1.3469241857528687
lambda1_start_expansion48_s332_cont120000,late_0p22_0p32,CDF_RUN_2:40,1.2224377393722534,0.0003303151612864,2.4889,1.2228560710581358
lambda1_start_expansion48_s332_cont120000,late_0p22_0p32,CDF_RUN_2:41,1.1354527473449707,0.0050271675971199,2.31978,1.141406558933904
lambda1_start_expansion48_s332_cont120000,late_0p22_0p32,CDF_RUN_2:42,1.0809862613677979,0.0206005434885857,2.33764,1.1068740113605844
lambda1_start_expansion48_s332_cont120000,late_0p22_0p32,CDF_RUN_2:43,1.0499083995819092,0.0513247888893216,2.08436,1.1030014095895886
lambda1_start_expansion48_s332_cont120000,late_0p22_0p32,CDF_RUN_2:44,1.0315810441970825,0.0990801434780254,2.07474,1.1349373832084226
lambda1_start_expansion48_s332_cont120000,late_0p22_0p32,CDF_RUN_2:45,1.0160248279571533,0.1637132978446752,1.95146,1.1691680048921889
lambda1_start_expansion48_s332_cont120000,late_0p22_0p32,CDF_RUN_2:46,0.9953309297561646,0.2433979518395934,1.909664,1.2178777263527212
lambda1_start_expansion48_s332_cont120000,late_0p22_0p32,CDF_RUN_2:47,0.9642981290817261,0.3349953729225092,1.854624,1.262553176232551
lambda1_start_expansion48_s332_cont120000,late_0p22_0p32,CDF_RUN_2:48,0.9204986095428467,0.4344149545116246,1.824972,1.3134153763152658
lambda1_start_expansion48_s332_cont120000,late_0p22_0p32,CDF_RUN_2:49,0.8640309572219849,0.5369747743326755,1.69753,1.3115989176242104
lambda1_start_expansion48_s332_cont120000,late_0p22_0p32,CDF_RUN_2:50,0.7601869106292725,0.6848781819867951,1.6449,1.3661076028574173
lambda1_start_expansion48_s332_cont120000,late_0p22_0p32,CDF_RUN_2:51,0.6108508110046387,0.8499258195752324,1.42279,1.3009388916567708
lambda1_start_expansion48_s332_cont120000,late_0p22_0p32,D0_RUN_1:14,1.2734187841415405,2.671437209028174e-06,2.589585,1.273422300196943
lambda1_start_expansion48_s332_cont120000,late_0p22_0p32,D0_RUN_1:15,0.7849911451339722,0.2207503246456333,1.790634,1.0069871318232093
lambda1_start_expansion48_s333_cont120000,early_0p18_0p28,CDF_RUN_1:30,1.4618072509765625,0.0892391852052237,2.72209,1.5742738566276135
lambda1_start_expansion48_s333_cont120000,early_0p18_0p28,CDF_RUN_1:31,1.1305114030838013,0.2263136792031131,2.51472,1.4437767434364852
lambda1_start_expansion48_s333_cont120000,early_0p18_0p28,CDF_RUN_1:32,0.8668888807296753,0.5139631863662977,2.180565,1.542070044843164
lambda1_start_expansion48_s333_cont120000,early_0p18_0p28,CDF_RUN_1:33,0.7889938354492188,0.8606209544870957,1.75218,1.617932031733677
lambda1_start_expansion48_s333_cont120000,early_0p18_0p28,CDF_RUN_1:34,0.6508626937866211,0.9935104948187734,1.478605,1.4732333620151077
lambda1_start_expansion48_s333_cont120000,early_0p18_0p28,CDF_RUN_1:35,0.3955235481262207,1.0,1.20233,1.20233
lambda1_start_expansion48_s333_cont120000,early_0p18_0p28,CDF_RUN_2:36,1.8681228160858154,0.0629515791727313,3.27554,1.9567219503680517
lambda1_start_expansion48_s333_cont120000,early_0p18_0p28,CDF_RUN_2:37,1.6729140281677246,0.1155267912377162,2.91722,1.8166647044114355
lambda1_start_expansion48_s333_cont120000,early_0p18_0p28,CDF_RUN_2:38,1.4895782470703125,0.1846215696118183,2.90854,1.7515491931153284
lambda1_start_expansion48_s333_cont120000,early_0p18_0p28,CDF_RUN_2:39,1.33219575881958,0.2680057887944079,2.8682,1.7438537870686945
lambda1_start_expansion48_s333_cont120000,early_0p18_0p28,CDF_RUN_2:40,1.2090706825256348,0.3622378472320013,2.4889,1.6726732993119504
lambda1_start_expansion48_s333_cont120000,early_0p18_0p28,CDF_RUN_2:41,1.1218774318695068,0.4630252256673241,2.31978,1.6765365388055957
lambda1_start_expansion48_s333_cont120000,early_0p18_0p28,CDF_RUN_2:42,1.066491723060608,0.5655850454883751,2.33764,1.7854341790958437
lambda1_start_expansion48_s333_cont120000,early_0p18_0p28,CDF_RUN_2:43,1.0348080396652222,0.6650046270774903,2.08436,1.7327649496461
lambda1_start_expansion48_s333_cont120000,early_0p18_0p28,CDF_RUN_2:44,1.0169150829315186,0.7566020481604062,2.07474,1.8172675817806434
lambda1_start_expansion48_s333_cont120000,early_0p18_0p28,CDF_RUN_2:45,1.0030220746994019,0.8362867021553243,1.95146,1.7961880994480768
lambda1_start_expansion48_s333_cont120000,early_0p18_0p28,CDF_RUN_2:46,0.9848802089691162,0.9009198565219744,1.909664,1.8180362892985076
lambda1_start_expansion48_s333_cont120000,early_0p18_0p28,CDF_RUN_2:47,0.9566601514816284,0.9486752111106782,1.854624,1.8085361950445518
lambda1_start_expansion48_s333_cont120000,early_0p18_0p28,CDF_RUN_2:48,0.9152846336364746,0.979399456511414,1.824972,1.806231945848211
lambda1_start_expansion48_s333_cont120000,early_0p18_0p28,CDF_RUN_2:49,0.8604159355163574,0.99497283240288,1.69753,1.6933216872999344
lambda1_start_expansion48_s333_cont120000,early_0p18_0p28,CDF_RUN_2:50,0.7571237087249756,0.9998348419300568,1.6449,1.6447533765811917
lambda1_start_expansion48_s333_cont120000,early_0p18_0p28,CDF_RUN_2:51,0.6065917015075684,1.0,1.42279,1.42279
lambda1_start_expansion48_s333_cont120000,early_0p18_0p28,D0_RUN_1:14,1.2719943523406982,0.1879104824806516,2.589585,1.519583446654352
lambda1_start_expansion48_s333_cont120000,early_0p18_0p28,D0_RUN_1:15,0.7851337194442749,0.7792496753543665,1.790634,1.5686694866360482
lambda1_start_expansion48_s333_cont120000,central_0p20_0p30,CDF_RUN_1:30,1.4618072509765625,0.0012197116639461,2.72209,1.4633444325454164
lambda1_start_expansion48_s333_cont120000,central_0p20_0p30,CDF_RUN_1:31,1.1305114030838013,0.0258850748744865,2.51472,1.1663417462568848
lambda1_start_expansion48_s333_cont120000,central_0p20_0p30,CDF_RUN_1:32,0.8668888807296753,0.1831302917603498,2.180565,1.1074627717302539
lambda1_start_expansion48_s333_cont120000,central_0p20_0p30,CDF_RUN_1:33,0.7889938354492188,0.549777686123881,1.75218,1.3185320963024831
lambda1_start_expansion48_s333_cont120000,central_0p20_0p30,CDF_RUN_1:34,0.6508626937866211,0.8825037510074896,1.478605,1.381348383887518
lambda1_start_expansion48_s333_cont120000,central_0p20_0p30,CDF_RUN_1:35,0.3955235481262207,0.9960358801988642,1.20233,1.199131722568443
lambda1_start_expansion48_s333_cont120000,central_0p20_0p30,CDF_RUN_2:36,1.8681228160858154,5.164127530589625e-05,3.27554,1.8681954969040804
lambda1_start_expansion48_s333_cont120000,central_0p20_0p30,CDF_RUN_2:37,1.6729140281677246,0.0023877817219835,2.91722,1.6758851592238206
lambda1_start_expansion48_s333_cont120000,central_0p20_0p30,CDF_RUN_2:38,1.4895782470703125,0.0134170653158552,2.90854,1.5086165495900705
lambda1_start_expansion48_s333_cont120000,central_0p20_0p30,CDF_RUN_2:39,1.33219575881958,0.0383530844331178,2.8682,1.3911062591711998
lambda1_start_expansion48_s333_cont120000,central_0p20_0p30,CDF_RUN_2:40,1.2090706825256348,0.0798964211082592,2.4889,1.3113244646212627
lambda1_start_expansion48_s333_cont120000,central_0p20_0p30,CDF_RUN_2:41,1.1218774318695068,0.1385843072813845,2.31978,1.2878879294644627
lambda1_start_expansion48_s333_cont120000,central_0p20_0p30,CDF_RUN_2:42,1.066491723060608,0.2131511831472797,2.33764,1.3374384822458654
lambda1_start_expansion48_s333_cont120000,central_0p20_0p30,CDF_RUN_2:43,1.0348080396652222,0.3008892555044757,2.08436,1.3506069476236164
lambda1_start_expansion48_s333_cont120000,central_0p20_0p30,CDF_RUN_2:44,1.0169150829315186,0.3980090561043118,2.07474,1.4379389796975668
lambda1_start_expansion48_s333_cont120000,central_0p20_0p30,CDF_RUN_2:45,1.0030220746994019,0.4999999999999999,1.95146,1.477241037349701
lambda1_start_expansion48_s333_cont120000,central_0p20_0p30,CDF_RUN_2:46,0.9848802089691162,0.6019909438956881,1.909664,1.5415916762312305
lambda1_start_expansion48_s333_cont120000,central_0p20_0p30,CDF_RUN_2:47,0.9566601514816284,0.6991107444955241,1.854624,1.5844363261493732
lambda1_start_expansion48_s333_cont120000,central_0p20_0p30,CDF_RUN_2:48,0.9152846336364746,0.7868488168527201,1.824972,1.6310710615654815
lambda1_start_expansion48_s333_cont120000,central_0p20_0p30,CDF_RUN_2:49,0.8604159355163574,0.8614156927186152,1.69753,1.58151912725803
lambda1_start_expansion48_s333_cont120000,central_0p20_0p30,CDF_RUN_2:50,0.7571237087249756,0.9408752472293116,1.6449,1.5924104462626856
lambda1_start_expansion48_s333_cont120000,central_0p20_0p30,CDF_RUN_2:51,0.6065917015075684,0.9920975764810804,1.42279,1.4163400553698913
lambda1_start_expansion48_s333_cont120000,central_0p20_0p30,D0_RUN_1:14,1.2719943523406982,0.0206608071262849,2.589585,1.299216838583384
lambda1_start_expansion48_s333_cont120000,central_0p20_0p30,D0_RUN_1:15,0.7851337194442749,0.4999999999999999,1.790634,1.2878838597221374
lambda1_start_expansion48_s333_cont120000,late_0p22_0p32,CDF_RUN_1:30,1.4618072509765625,0.0,2.72209,1.4618072509765625
lambda1_start_expansion48_s333_cont120000,late_0p22_0p32,CDF_RUN_1:31,1.1305114030838013,0.0,2.51472,1.1305114030838013
lambda1_start_expansion48_s333_cont120000,late_0p22_0p32,CDF_RUN_1:32,0.8668888807296753,0.0193207037777613,2.180565,0.8922700278900163
lambda1_start_expansion48_s333_cont120000,late_0p22_0p32,CDF_RUN_1:33,0.7889938354492188,0.2102966915212009,1.75218,0.9915486991732432
lambda1_start_expansion48_s333_cont120000,late_0p22_0p32,CDF_RUN_1:34,0.6508626937866211,0.5852865232044726,1.478605,1.1353291102995016
lambda1_start_expansion48_s333_cont120000,late_0p22_0p32,CDF_RUN_1:35,0.3955235481262207,0.9023365088655396,1.20233,1.1235344652401997
lambda1_start_expansion48_s333_cont120000,late_0p22_0p32,CDF_RUN_2:36,1.8681228160858154,0.0,3.27554,1.8681228160858154
lambda1_start_expansion48_s333_cont120000,late_0p22_0p32,CDF_RUN_2:37,1.6729140281677246,0.0,2.91722,1.6729140281677246
lambda1_start_expansion48_s333_cont120000,late_0p22_0p32,CDF_RUN_2:38,1.4895782470703125,0.0,2.90854,1.4895782470703125
lambda1_start_expansion48_s333_cont120000,late_0p22_0p32,CDF_RUN_2:39,1.33219575881958,0.0,2.8682,1.33219575881958
lambda1_start_expansion48_s333_cont120000,late_0p22_0p32,CDF_RUN_2:40,1.2090706825256348,0.0003303151612864,2.4889,1.2094934295530553
lambda1_start_expansion48_s333_cont120000,late_0p22_0p32,CDF_RUN_2:41,1.1218774318695068,0.0050271675971199,2.31978,1.1278994888445193
lambda1_start_expansion48_s333_cont120000,late_0p22_0p32,CDF_RUN_2:42,1.066491723060608,0.0206005434885857,2.33764,1.0926780684201387
lambda1_start_expansion48_s333_cont120000,late_0p22_0p32,CDF_RUN_2:43,1.0348080396652222,0.0513247888893216,2.08436,1.0886760724577784
lambda1_start_expansion48_s333_cont120000,late_0p22_0p32,CDF_RUN_2:44,1.0169150829315186,0.0990801434780254,2.07474,1.121724527489294
lambda1_start_expansion48_s333_cont120000,late_0p22_0p32,CDF_RUN_2:45,1.0030220746994019,0.1637132978446752,1.95146,1.1582939752513246
lambda1_start_expansion48_s333_cont120000,late_0p22_0p32,CDF_RUN_2:46,0.9848802089691162,0.2433979518395934,1.909664,1.2099706896004878
lambda1_start_expansion48_s333_cont120000,late_0p22_0p32,CDF_RUN_2:47,0.9566601514816284,0.3349953729225092,1.854624,1.2574738857869718
lambda1_start_expansion48_s333_cont120000,late_0p22_0p32,CDF_RUN_2:48,0.9152846336364746,0.4344149545116246,1.824972,1.3104664295150852
lambda1_start_expansion48_s333_cont120000,late_0p22_0p32,CDF_RUN_2:49,0.8604159355163574,0.5369747743326755,1.69753,1.30992507138317
lambda1_start_expansion48_s333_cont120000,late_0p22_0p32,CDF_RUN_2:50,0.7571237087249756,0.6848781819867951,1.6449,1.3651423211043938
lambda1_start_expansion48_s333_cont120000,late_0p22_0p32,CDF_RUN_2:51,0.6065917015075684,0.8499258195752324,1.42279,1.3002997092896584
lambda1_start_expansion48_s333_cont120000,late_0p22_0p32,D0_RUN_1:14,1.2719943523406982,2.671437209028174e-06,2.589585,1.2719978722013807
lambda1_start_expansion48_s333_cont120000,late_0p22_0p32,D0_RUN_1:15,0.7851337194442749,0.2207503246456333,1.790634,1.0070982328082265
lambda1_start_expansion48_s334_cont120000,early_0p18_0p28,CDF_RUN_1:30,1.454768419265747,0.0892391852052237,2.72209,1.567863164523468
lambda1_start_expansion48_s334_cont120000,early_0p18_0p28,CDF_RUN_1:31,1.1102063655853271,0.2263136792031131,2.51472,1.428067013680648
lambda1_start_expansion48_s334_cont120000,early_0p18_0p28,CDF_RUN_1:32,0.8482102155685425,0.5139631863662977,2.180565,1.5329915259453162
lambda1_start_expansion48_s334_cont120000,early_0p18_0p28,CDF_RUN_1:33,0.7880610227584839,0.8606209544870957,1.75218,1.6178020171912
lambda1_start_expansion48_s334_cont120000,early_0p18_0p28,CDF_RUN_1:34,0.6514002084732056,0.9935104948187734,1.478605,1.4732368502194513
lambda1_start_expansion48_s334_cont120000,early_0p18_0p28,CDF_RUN_1:35,0.3896472454071045,1.0,1.20233,1.20233
lambda1_start_expansion48_s334_cont120000,early_0p18_0p28,CDF_RUN_2:36,1.8757339715957642,0.0629515791727313,3.27554,1.96385397161932
lambda1_start_expansion48_s334_cont120000,early_0p18_0p28,CDF_RUN_2:37,1.6773152351379395,0.1155267912377162,2.91722,1.8205574540628082
lambda1_start_expansion48_s334_cont120000,early_0p18_0p28,CDF_RUN_2:38,1.4904727935791016,0.1846215696118183,2.90854,1.7522785870435742
lambda1_start_expansion48_s334_cont120000,early_0p18_0p28,CDF_RUN_2:39,1.330636978149414,0.2680057887944079,2.8682,1.742712768641594
lambda1_start_expansion48_s334_cont120000,early_0p18_0p28,CDF_RUN_2:40,1.2067880630493164,0.3622378472320013,2.4889,1.6712175310007833
lambda1_start_expansion48_s334_cont120000,early_0p18_0p28,CDF_RUN_2:41,1.120490312576294,0.4630252256673241,2.31978,1.67579169073615
lambda1_start_expansion48_s334_cont120000,early_0p18_0p28,CDF_RUN_2:42,1.0669339895248413,0.5655850454883751,2.33764,1.7856263062617856
lambda1_start_expansion48_s334_cont120000,early_0p18_0p28,CDF_RUN_2:43,1.0371605157852173,0.6650046270774903,2.08436,1.733553018261209
lambda1_start_expansion48_s334_cont120000,early_0p18_0p28,CDF_RUN_2:44,1.0205762386322021,0.7566020481604062,2.07474,1.8181586995795556
lambda1_start_expansion48_s334_cont120000,early_0p18_0p28,CDF_RUN_2:45,1.0070874691009521,0.8362867021553243,1.95146,1.7968536585725938
lambda1_start_expansion48_s334_cont120000,early_0p18_0p28,CDF_RUN_2:46,0.9885283708572388,0.9009198565219744,1.909664,1.818397749701814
lambda1_start_expansion48_s334_cont120000,early_0p18_0p28,CDF_RUN_2:47,0.9593802690505981,0.9486752111106782,1.854624,1.8086758045045332
lambda1_start_expansion48_s334_cont120000,early_0p18_0p28,CDF_RUN_2:48,0.9169551134109497,0.979399456511414,1.824972,1.8062663586394518
lambda1_start_expansion48_s334_cont120000,early_0p18_0p28,CDF_RUN_2:49,0.8612046241760254,0.99497283240288,1.69753,1.6933256521700086
lambda1_start_expansion48_s334_cont120000,early_0p18_0p28,CDF_RUN_2:50,0.7571983337402344,0.9998348419300568,1.6449,1.6447533889061152
lambda1_start_expansion48_s334_cont120000,early_0p18_0p28,CDF_RUN_2:51,0.6065080165863037,1.0,1.42279,1.42279
lambda1_start_expansion48_s334_cont120000,early_0p18_0p28,D0_RUN_1:14,1.2629040479660034,0.1879104824806516,2.589585,1.5122013057606019
lambda1_start_expansion48_s334_cont120000,early_0p18_0p28,D0_RUN_1:15,0.7793717384338379,0.7792496753543665,1.790634,1.5673975274573924
lambda1_start_expansion48_s334_cont120000,central_0p20_0p30,CDF_RUN_1:30,1.454768419265747,0.0012197116639461,2.72209,1.4563141861797393
lambda1_start_expansion48_s334_cont120000,central_0p20_0p30,CDF_RUN_1:31,1.1102063655853271,0.0258850748744865,2.51472,1.146562306174388
lambda1_start_expansion48_s334_cont120000,central_0p20_0p30,CDF_RUN_1:32,0.8482102155685425,0.1831302917603498,2.180565,1.0922047359697733
lambda1_start_expansion48_s334_cont120000,central_0p20_0p30,CDF_RUN_1:33,0.7880610227584839,0.549777686123881,1.75218,1.3181121232144473
lambda1_start_expansion48_s334_cont120000,central_0p20_0p30,CDF_RUN_1:34,0.6514002084732056,0.8825037510074896,1.478605,1.3814115398469702
lambda1_start_expansion48_s334_cont120000,central_0p20_0p30,CDF_RUN_1:35,0.3896472454071045,0.9960358801988642,1.20233,1.1991084282004767
lambda1_start_expansion48_s334_cont120000,central_0p20_0p30,CDF_RUN_2:36,1.8757339715957642,5.164127530589625e-05,3.27554,1.875806259364252
lambda1_start_expansion48_s334_cont120000,central_0p20_0p30,CDF_RUN_2:37,1.6773152351379395,0.0023877817219835,2.91722,1.6802758570724774
lambda1_start_expansion48_s334_cont120000,central_0p20_0p30,CDF_RUN_2:38,1.4904727935791016,0.0134170653158552,2.90854,1.509499093909923
lambda1_start_expansion48_s334_cont120000,central_0p20_0p30,CDF_RUN_2:39,1.330636978149414,0.0383530844331178,2.8682,1.3896072625476894
lambda1_start_expansion48_s334_cont120000,central_0p20_0p30,CDF_RUN_2:40,1.2067880630493164,0.0798964211082592,2.4889,1.3092242182718539
lambda1_start_expansion48_s334_cont120000,central_0p20_0p30,CDF_RUN_2:41,1.120490312576294,0.1385843072813845,2.31978,1.2866930431376165
lambda1_start_expansion48_s334_cont120000,central_0p20_0p30,CDF_RUN_2:42,1.0669339895248413,0.2131511831472797,2.33764,1.337786479089981
lambda1_start_expansion48_s334_cont120000,central_0p20_0p30,CDF_RUN_2:43,1.0371605157852173,0.3008892555044757,2.08436,1.3522515889552742
lambda1_start_expansion48_s334_cont120000,central_0p20_0p30,CDF_RUN_2:44,1.0205762386322021,0.3980090561043118,2.07474,1.4401429622735704
lambda1_start_expansion48_s334_cont120000,central_0p20_0p30,CDF_RUN_2:45,1.0070874691009521,0.4999999999999999,1.95146,1.479273734550476
lambda1_start_expansion48_s334_cont120000,central_0p20_0p30,CDF_RUN_2:46,0.9885283708572388,0.6019909438956881,1.909664,1.543043677700838
lambda1_start_expansion48_s334_cont120000,central_0p20_0p30,CDF_RUN_2:47,0.9593802690505981,0.6991107444955241,1.854624,1.585254780299585
lambda1_start_expansion48_s334_cont120000,central_0p20_0p30,CDF_RUN_2:48,0.9169551134109497,0.7868488168527201,1.824972,1.6314271263058344
lambda1_start_expansion48_s334_cont120000,central_0p20_0p30,CDF_RUN_2:49,0.8612046241760254,0.8614156927186152,1.69753,1.5816284271295908
lambda1_start_expansion48_s334_cont120000,central_0p20_0p30,CDF_RUN_2:50,0.7571983337402344,0.9408752472293116,1.6449,1.5924148584482634
lambda1_start_expansion48_s334_cont120000,central_0p20_0p30,CDF_RUN_2:51,0.6065080165863037,0.9920975764810804,1.42279,1.4163393940562012
lambda1_start_expansion48_s334_cont120000,central_0p20_0p30,D0_RUN_1:14,1.2629040479660034,0.0206608071262849,2.589585,1.2903143472340939
lambda1_start_expansion48_s334_cont120000,central_0p20_0p30,D0_RUN_1:15,0.7793717384338379,0.4999999999999999,1.790634,1.2850028692169189
lambda1_start_expansion48_s334_cont120000,late_0p22_0p32,CDF_RUN_1:30,1.454768419265747,0.0,2.72209,1.454768419265747
lambda1_start_expansion48_s334_cont120000,late_0p22_0p32,CDF_RUN_1:31,1.1102063655853271,0.0,2.51472,1.1102063655853271
lambda1_start_expansion48_s334_cont120000,late_0p22_0p32,CDF_RUN_1:32,0.8482102155685425,0.0193207037777613,2.180565,0.8739522476854257
lambda1_start_expansion48_s334_cont120000,late_0p22_0p32,CDF_RUN_1:33,0.7880610227584839,0.2102966915212009,1.75218,0.9908120539051788
lambda1_start_expansion48_s334_cont120000,late_0p22_0p32,CDF_RUN_1:34,0.6514002084732056,0.5852865232044726,1.478605,1.1355520248840036
lambda1_start_expansion48_s334_cont120000,late_0p22_0p32,CDF_RUN_1:35,0.3896472454071045,0.9023365088655396,1.20233,1.1229605650016878
lambda1_start_expansion48_s334_cont120000,late_0p22_0p32,CDF_RUN_2:36,1.8757339715957642,0.0,3.27554,1.8757339715957642
lambda1_start_expansion48_s334_cont120000,late_0p22_0p32,CDF_RUN_2:37,1.6773152351379395,0.0,2.91722,1.6773152351379395
lambda1_start_expansion48_s334_cont120000,late_0p22_0p32,CDF_RUN_2:38,1.4904727935791016,0.0,2.90854,1.4904727935791016
lambda1_start_expansion48_s334_cont120000,late_0p22_0p32,CDF_RUN_2:39,1.330636978149414,0.0,2.8682,1.330636978149414
lambda1_start_expansion48_s334_cont120000,late_0p22_0p32,CDF_RUN_2:40,1.2067880630493164,0.0003303151612864,2.4889,1.2072115640605574
lambda1_start_expansion48_s334_cont120000,late_0p22_0p32,CDF_RUN_2:41,1.120490312576294,0.0050271675971199,2.31978,1.1265193428324705
lambda1_start_expansion48_s334_cont120000,late_0p22_0p32,CDF_RUN_2:42,1.0669339895248413,0.0206005434885857,2.33764,1.0931112239548422
lambda1_start_expansion48_s334_cont120000,late_0p22_0p32,CDF_RUN_2:43,1.0371605157852173,0.0513247888893216,2.08436,1.0909078082375476
lambda1_start_expansion48_s334_cont120000,late_0p22_0p32,CDF_RUN_2:44,1.0205762386322021,0.0990801434780254,2.07474,1.1250229353578585
lambda1_start_expansion48_s334_cont120000,late_0p22_0p32,CDF_RUN_2:45,1.0070874691009521,0.1637132978446752,1.95146,1.1616938105283576
lambda1_start_expansion48_s334_cont120000,late_0p22_0p32,CDF_RUN_2:46,0.9885283708572388,0.2433979518395934,1.909664,1.212730896357062
lambda1_start_expansion48_s334_cont120000,late_0p22_0p32,CDF_RUN_2:47,0.9593802690505981,0.3349953729225092,1.854624,1.2592827765565313
lambda1_start_expansion48_s334_cont120000,late_0p22_0p32,CDF_RUN_2:48,0.9169551134109497,0.4344149545116246,1.824972,1.311411227894319
lambda1_start_expansion48_s334_cont120000,late_0p22_0p32,CDF_RUN_2:49,0.8612046241760254,0.5369747743326755,1.69753,1.310290254127794
lambda1_start_expansion48_s334_cont120000,late_0p22_0p32,CDF_RUN_2:50,0.7571983337402344,0.6848781819867951,1.6449,1.3651658370748714
lambda1_start_expansion48_s334_cont120000,late_0p22_0p32,CDF_RUN_2:51,0.6065080165863037,0.8499258195752324,1.42279,1.300287150343686
lambda1_start_expansion48_s334_cont120000,late_0p22_0p32,D0_RUN_1:14,1.2629040479660034,2.671437209028174e-06,2.589585,1.2629075921108632
lambda1_start_expansion48_s334_cont120000,late_0p22_0p32,D0_RUN_1:15,0.7793717384338379,0.2207503246456333,1.790634,1.0026082109764456
lambda1_start_expansion48_s335_cont120000,early_0p18_0p28,CDF_RUN_1:30,1.4460837841033936,0.0892391852052237,2.72209,1.5599535391268076
lambda1_start_expansion48_s335_cont120000,early_0p18_0p28,CDF_RUN_1:31,1.1058220863342285,0.2263136792031131,2.51472,1.4246749567975194
lambda1_start_expansion48_s335_cont120000,early_0p18_0p28,CDF_RUN_1:32,0.8440814018249512,0.5139631863662977,2.180565,1.5309847704692938
lambda1_start_expansion48_s335_cont120000,early_0p18_0p28,CDF_RUN_1:33,0.7838444709777832,0.8606209544870957,1.75218,1.6172143182286502
lambda1_start_expansion48_s335_cont120000,early_0p18_0p28,CDF_RUN_1:34,0.6509233713150024,0.9935104948187734,1.478605,1.4732337557822426
lambda1_start_expansion48_s335_cont120000,early_0p18_0p28,CDF_RUN_1:35,0.38821983337402344,1.0,1.20233,1.20233
lambda1_start_expansion48_s335_cont120000,early_0p18_0p28,CDF_RUN_2:36,1.864447832107544,0.0629515791727313,3.27554,1.953278312434647
lambda1_start_expansion48_s335_cont120000,early_0p18_0p28,CDF_RUN_2:37,1.6666808128356934,0.1155267912377162,2.91722,1.8111515924458075
lambda1_start_expansion48_s335_cont120000,early_0p18_0p28,CDF_RUN_2:38,1.480989933013916,0.1846215696118183,2.90854,1.7445464670803432
lambda1_start_expansion48_s335_cont120000,early_0p18_0p28,CDF_RUN_2:39,1.3220397233963013,0.2680057887944079,2.8682,1.7364196279300557
lambda1_start_expansion48_s335_cont120000,early_0p18_0p28,CDF_RUN_2:40,1.198460340499878,0.3622378472320013,2.4889,1.6659064247399988
lambda1_start_expansion48_s335_cont120000,early_0p18_0p28,CDF_RUN_2:41,1.1119540929794312,0.4630252256673241,2.31978,1.6712079561444706
lambda1_start_expansion48_s335_cont120000,early_0p18_0p28,CDF_RUN_2:42,1.0581719875335693,0.5655850454883751,2.33764,1.7818199615653163
lambda1_start_expansion48_s335_cont120000,early_0p18_0p28,CDF_RUN_2:43,1.0286588668823242,0.6650046270774903,2.08436,1.7307050052165283
lambda1_start_expansion48_s335_cont120000,early_0p18_0p28,CDF_RUN_2:44,1.0130919218063354,0.7566020481604062,2.07474,1.816337032193221
lambda1_start_expansion48_s335_cont120000,early_0p18_0p28,CDF_RUN_2:45,1.0013227462768555,0.8362867021553243,1.95146,1.7959098967879006
lambda1_start_expansion48_s335_cont120000,early_0p18_0p28,CDF_RUN_2:46,0.984839677810669,0.9009198565219744,1.909664,1.8180322734655134
lambda1_start_expansion48_s335_cont120000,early_0p18_0p28,CDF_RUN_2:47,0.9576584100723267,0.9486752111106782,1.854624,1.8085874304559764
lambda1_start_expansion48_s335_cont120000,early_0p18_0p28,CDF_RUN_2:48,0.9166690111160278,0.979399456511414,1.824972,1.8062604647766831
lambda1_start_expansion48_s335_cont120000,early_0p18_0p28,CDF_RUN_2:49,0.86158287525177,0.99497283240288,1.69753,1.6933275537015602
lambda1_start_expansion48_s335_cont120000,early_0p18_0p28,CDF_RUN_2:50,0.7571120262145996,0.9998348419300568,1.6449,1.6447533746517309
lambda1_start_expansion48_s335_cont120000,early_0p18_0p28,CDF_RUN_2:51,0.6045067310333252,1.0,1.42279,1.42279
lambda1_start_expansion48_s335_cont120000,early_0p18_0p28,D0_RUN_1:14,1.2551343441009521,0.1879104824806516,2.589585,1.5058916106975642
lambda1_start_expansion48_s335_cont120000,early_0p18_0p28,D0_RUN_1:15,0.7756524085998535,0.7792496753543665,1.790634,1.5665764841890761
lambda1_start_expansion48_s335_cont120000,central_0p20_0p30,CDF_RUN_1:30,1.4460837841033936,0.0012197116639461,2.72209,1.4476401437681903
lambda1_start_expansion48_s335_cont120000,central_0p20_0p30,CDF_RUN_1:31,1.1058220863342285,0.0258850748744865,2.51472,1.1422915143199748
lambda1_start_expansion48_s335_cont120000,central_0p20_0p30,CDF_RUN_1:32,0.8440814018249512,0.1831302917603498,2.180565,1.0888320330916699
lambda1_start_expansion48_s335_cont120000,central_0p20_0p30,CDF_RUN_1:33,0.7838444709777832,0.549777686123881,1.75218,1.3162137375151617
lambda1_start_expansion48_s335_cont120000,central_0p20_0p30,CDF_RUN_1:34,0.6509233713150024,0.8825037510074896,1.478605,1.381355513269501
lambda1_start_expansion48_s335_cont120000,central_0p20_0p30,CDF_RUN_1:35,0.38821983337402344,0.9960358801988642,1.20233,1.199102769768172
lambda1_start_expansion48_s335_cont120000,central_0p20_0p30,CDF_RUN_2:36,1.864447832107544,5.164127530589625e-05,3.27554,1.8645207027066681
lambda1_start_expansion48_s335_cont120000,central_0p20_0p30,CDF_RUN_2:37,1.6666808128356934,0.0023877817219835,2.91722,1.6696668274494284
lambda1_start_expansion48_s335_cont120000,central_0p20_0p30,CDF_RUN_2:38,1.480989933013916,0.0134170653158552,2.90854,1.5001434655043218
lambda1_start_expansion48_s335_cont120000,central_0p20_0p30,CDF_RUN_2:39,1.3220397233963013,0.0383530844331178,2.8682,1.3813397390320157
lambda1_start_expansion48_s335_cont120000,central_0p20_0p30,CDF_RUN_2:40,1.198460340499878,0.0798964211082592,2.4889,1.3015618509500984
lambda1_start_expansion48_s335_cont120000,central_0p20_0p30,CDF_RUN_2:41,1.1119540929794312,0.1385843072813845,2.31978,1.2793398096203865
lambda1_start_expansion48_s335_cont120000,central_0p20_0p30,CDF_RUN_2:42,1.0581719875335693,0.2131511831472797,2.33764,1.3308921081898875
lambda1_start_expansion48_s335_cont120000,central_0p20_0p30,CDF_RUN_2:43,1.0286588668823242,0.3008892555044757,2.08436,1.3463079948613332
lambda1_start_expansion48_s335_cont120000,central_0p20_0p30,CDF_RUN_2:44,1.0130919218063354,0.3980090561043118,2.07474,1.4356374713231523
lambda1_start_expansion48_s335_cont120000,central_0p20_0p30,CDF_RUN_2:45,1.0013227462768555,0.4999999999999999,1.95146,1.4763913731384277
lambda1_start_expansion48_s335_cont120000,central_0p20_0p30,CDF_RUN_2:46,0.984839677810669,0.6019909438956881,1.909664,1.5415755444631143
lambda1_start_expansion48_s335_cont120000,central_0p20_0p30,CDF_RUN_2:47,0.9576584100723267,0.6991107444955241,1.854624,1.5847366914335292
lambda1_start_expansion48_s335_cont120000,central_0p20_0p30,CDF_RUN_2:48,0.9166690111160278,0.7868488168527201,1.824972,1.6313661432631708
lambda1_start_expansion48_s335_cont120000,central_0p20_0p30,CDF_RUN_2:49,0.86158287525177,0.8614156927186152,1.69753,1.5816808467929013
lambda1_start_expansion48_s335_cont120000,central_0p20_0p30,CDF_RUN_2:50,0.7571120262145996,0.9408752472293116,1.6449,1.592409755537148
lambda1_start_expansion48_s335_cont120000,central_0p20_0p30,CDF_RUN_2:51,0.6045067310333252,0.9920975764810804,1.42279,1.4163235790501794
lambda1_start_expansion48_s335_cont120000,central_0p20_0p30,D0_RUN_1:14,1.2551343441009521,0.0206608071262849,2.589585,1.2827051717220268
lambda1_start_expansion48_s335_cont120000,central_0p20_0p30,D0_RUN_1:15,0.7756524085998535,0.4999999999999999,1.790634,1.2831432042999267
lambda1_start_expansion48_s335_cont120000,late_0p22_0p32,CDF_RUN_1:30,1.4460837841033936,0.0,2.72209,1.4460837841033936
lambda1_start_expansion48_s335_cont120000,late_0p22_0p32,CDF_RUN_1:31,1.1058220863342285,0.0,2.51472,1.1058220863342285
lambda1_start_expansion48_s335_cont120000,late_0p22_0p32,CDF_RUN_1:32,0.8440814018249512,0.0193207037777613,2.180565,0.8699032055291279
lambda1_start_expansion48_s335_cont120000,late_0p22_0p32,CDF_RUN_1:33,0.7838444709777832,0.2102966915212009,1.75218,0.9874822290135872
lambda1_start_expansion48_s335_cont120000,late_0p22_0p32,CDF_RUN_1:34,0.6509233713150024,0.5852865232044726,1.478605,1.1353542740882598
lambda1_start_expansion48_s335_cont120000,late_0p22_0p32,CDF_RUN_1:35,0.38821983337402344,0.9023365088655396,1.20233,1.1228211589592498
lambda1_start_expansion48_s335_cont120000,late_0p22_0p32,CDF_RUN_2:36,1.864447832107544,0.0,3.27554,1.864447832107544
lambda1_start_expansion48_s335_cont120000,late_0p22_0p32,CDF_RUN_2:37,1.6666808128356934,0.0,2.91722,1.6666808128356934
lambda1_start_expansion48_s335_cont120000,late_0p22_0p32,CDF_RUN_2:38,1.480989933013916,0.0,2.90854,1.480989933013916
lambda1_start_expansion48_s335_cont120000,late_0p22_0p32,CDF_RUN_2:39,1.3220397233963013,0.0,2.8682,1.3220397233963013
lambda1_start_expansion48_s335_cont120000,late_0p22_0p32,CDF_RUN_2:40,1.198460340499878,0.0003303151612864,2.4889,1.198886592284136
lambda1_start_expansion48_s335_cont120000,late_0p22_0p32,CDF_RUN_2:41,1.1119540929794312,0.0050271675971199,2.31978,1.118026036242167
lambda1_start_expansion48_s335_cont120000,late_0p22_0p32,CDF_RUN_2:42,1.0581719875335693,0.0206005434885857,2.33764,1.0845297239666385
lambda1_start_expansion48_s335_cont120000,late_0p22_0p32,CDF_RUN_2:43,1.0286588668823242,0.0513247888893216,2.08436,1.0828425046698067
lambda1_start_expansion48_s335_cont120000,late_0p22_0p32,CDF_RUN_2:44,1.0130919218063354,0.0990801434780254,2.07474,1.1182801657169337
lambda1_start_expansion48_s335_cont120000,late_0p22_0p32,CDF_RUN_2:45,1.0013227462768555,0.1637132978446752,1.95146,1.1568728494889544
lambda1_start_expansion48_s335_cont120000,late_0p22_0p32,CDF_RUN_2:46,0.984839677810669,0.2433979518395934,1.909664,1.2099400236429922
lambda1_start_expansion48_s335_cont120000,late_0p22_0p32,CDF_RUN_2:47,0.9576584100723267,0.3349953729225092,1.854624,1.258137732368806
lambda1_start_expansion48_s335_cont120000,late_0p22_0p32,CDF_RUN_2:48,0.9166690111160278,0.4344149545116246,1.824972,1.3112494127148313
lambda1_start_expansion48_s335_cont120000,late_0p22_0p32,CDF_RUN_2:49,0.86158287525177,0.5369747743326755,1.69753,1.3104653939174997
lambda1_start_expansion48_s335_cont120000,late_0p22_0p32,CDF_RUN_2:50,0.7571120262145996,0.6848781819867951,1.6449,1.3651386396904852
lambda1_start_expansion48_s335_cont120000,late_0p22_0p32,CDF_RUN_2:51,0.6045067310333252,0.8499258195752324,1.42279,1.2999868090545266
lambda1_start_expansion48_s335_cont120000,late_0p22_0p32,D0_RUN_1:14,1.2551343441009521,2.671437209028174e-06,2.589585,1.255137909002088
lambda1_start_expansion48_s335_cont120000,late_0p22_0p32,D0_RUN_1:15,0.7756524085998535,0.2207503246456333,1.790634,0.9997099244107774
lambda1_start_expansion48_s336_cont120000,early_0p18_0p28,CDF_RUN_1:30,1.4764564037322998,0.0892391852052237,2.72209,1.5876157309274819
lambda1_start_expansion48_s336_cont120000,early_0p18_0p28,CDF_RUN_1:31,1.1322699785232544,0.2263136792031131,2.51472,1.4451373291980794
lambda1_start_expansion48_s336_cont120000,early_0p18_0p28,CDF_RUN_1:32,0.8662964105606079,0.5139631863662977,2.180565,1.5417820825300175
lambda1_start_expansion48_s336_cont120000,early_0p18_0p28,CDF_RUN_1:33,0.796035885810852,0.8606209544870957,1.75218,1.6189135459915354
lambda1_start_expansion48_s336_cont120000,early_0p18_0p28,CDF_RUN_1:34,0.6527283191680908,0.9935104948187734,1.478605,1.473245469000687
lambda1_start_expansion48_s336_cont120000,early_0p18_0p28,CDF_RUN_1:35,0.3959963321685791,1.0,1.20233,1.20233
lambda1_start_expansion48_s336_cont120000,early_0p18_0p28,CDF_RUN_2:36,1.916785717010498,0.0629515791727313,3.27554,2.0023214448323996
lambda1_start_expansion48_s336_cont120000,early_0p18_0p28,CDF_RUN_2:37,1.7217438220977783,0.1155267912377162,2.91722,1.859853348931951
lambda1_start_expansion48_s336_cont120000,early_0p18_0p28,CDF_RUN_2:38,1.5364277362823486,0.1846215696118183,2.90854,1.7897492560935266
lambda1_start_expansion48_s336_cont120000,early_0p18_0p28,CDF_RUN_2:39,1.3761539459228516,0.2680057887944079,2.8682,1.7760309255633815
lambda1_start_expansion48_s336_cont120000,early_0p18_0p28,CDF_RUN_2:40,1.2502247095108032,0.3622378472320013,2.4889,1.698919780157084
lambda1_start_expansion48_s336_cont120000,early_0p18_0p28,CDF_RUN_2:41,1.1605901718139648,0.4630252256673241,2.31978,1.6973243036010706
lambda1_start_expansion48_s336_cont120000,early_0p18_0p28,CDF_RUN_2:42,1.1027355194091797,0.5655850454883751,2.33764,1.801179026237937
lambda1_start_expansion48_s336_cont120000,early_0p18_0p28,CDF_RUN_2:43,1.0678800344467163,0.6650046270774903,2.08436,1.743843914871218
lambda1_start_expansion48_s336_cont120000,early_0p18_0p28,CDF_RUN_2:44,1.0456522703170776,0.7566020481604062,2.07474,1.824262154331919
lambda1_start_expansion48_s336_cont120000,early_0p18_0p28,CDF_RUN_2:45,1.0263272523880005,0.8362867021553243,1.95146,1.8000034669443334
lambda1_start_expansion48_s336_cont120000,early_0p18_0p28,CDF_RUN_2:46,1.0022815465927124,0.9009198565219744,1.909664,1.8197604163269632
lambda1_start_expansion48_s336_cont120000,early_0p18_0p28,CDF_RUN_2:47,0.9686139822006226,0.9486752111106782,1.854624,1.8091497228826228
lambda1_start_expansion48_s336_cont120000,early_0p18_0p28,CDF_RUN_2:48,0.9231648445129395,0.979399456511414,1.824972,1.806394282475071
lambda1_start_expansion48_s336_cont120000,early_0p18_0p28,CDF_RUN_2:49,0.8661630153656006,0.99497283240288,1.69753,1.6933505788335306
lambda1_start_expansion48_s336_cont120000,early_0p18_0p28,CDF_RUN_2:50,0.7635235786437988,0.9998348419300568,1.6449,1.6447544335713553
lambda1_start_expansion48_s336_cont120000,early_0p18_0p28,CDF_RUN_2:51,0.617551326751709,1.0,1.42279,1.42279
lambda1_start_expansion48_s336_cont120000,early_0p18_0p28,D0_RUN_1:14,1.2871778011322021,0.1879104824806516,2.589585,1.5319137662577242
lambda1_start_expansion48_s336_cont120000,early_0p18_0p28,D0_RUN_1:15,0.7909516096115112,0.7792496753543665,1.790634,1.5699537877792182
lambda1_start_expansion48_s336_cont120000,central_0p20_0p30,CDF_RUN_1:30,1.4764564037322998,0.0012197116639461,2.72209,1.4779757175586707
lambda1_start_expansion48_s336_cont120000,central_0p20_0p30,CDF_RUN_1:31,1.1322699785232544,0.0258850748744865,2.51472,1.1680548008394154
lambda1_start_expansion48_s336_cont120000,central_0p20_0p30,CDF_RUN_1:32,0.8662964105606079,0.1831302917603498,2.180565,1.1069788007961072
lambda1_start_expansion48_s336_cont120000,central_0p20_0p30,CDF_RUN_1:33,0.796035885810852,0.549777686123881,1.75218,1.3217025845107297
lambda1_start_expansion48_s336_cont120000,central_0p20_0p30,CDF_RUN_1:34,0.6527283191680908,0.8825037510074896,1.478605,1.3815675878718658
lambda1_start_expansion48_s336_cont120000,central_0p20_0p30,CDF_RUN_1:35,0.3959963321685791,0.9960358801988642,1.20233,1.199133596741027
lambda1_start_expansion48_s336_cont120000,central_0p20_0p30,CDF_RUN_2:36,1.916785717010498,5.164127530589625e-05,3.27554,1.916855884814499
lambda1_start_expansion48_s336_cont120000,central_0p20_0p30,CDF_RUN_2:37,1.7217438220977783,0.0023877817219835,2.91722,1.72459835826444
lambda1_start_expansion48_s336_cont120000,central_0p20_0p30,CDF_RUN_2:38,1.5364277362823486,0.0134170653158552,2.90854,1.5548374561453344
lambda1_start_expansion48_s336_cont120000,central_0p20_0p30,CDF_RUN_2:39,1.3761539459228516,0.0383530844331178,2.8682,1.4333785142129727
lambda1_start_expansion48_s336_cont120000,central_0p20_0p30,CDF_RUN_2:40,1.2502247095108032,0.0798964211082592,2.4889,1.3491904321361234
lambda1_start_expansion48_s336_cont120000,central_0p20_0p30,CDF_RUN_2:41,1.1605901718139648,0.1385843072813845,2.31978,1.3212356911607537
lambda1_start_expansion48_s336_cont120000,central_0p20_0p30,CDF_RUN_2:42,1.1027355194091797,0.2131511831472797,2.33764,1.36595687052099
lambda1_start_expansion48_s336_cont120000,central_0p20_0p30,CDF_RUN_2:43,1.0678800344467163,0.3008892555044757,2.08436,1.373727934517259
lambda1_start_expansion48_s336_cont120000,central_0p20_0p30,CDF_RUN_2:44,1.0456522703170776,0.3980090561043118,2.07474,1.4552385062567068
lambda1_start_expansion48_s336_cont120000,central_0p20_0p30,CDF_RUN_2:45,1.0263272523880005,0.4999999999999999,1.95146,1.4888936261940002
lambda1_start_expansion48_s336_cont120000,central_0p20_0p30,CDF_RUN_2:46,1.0022815465927124,0.6019909438956881,1.909664,1.5485175661937505
lambda1_start_expansion48_s336_cont120000,central_0p20_0p30,CDF_RUN_2:47,0.9686139822006226,0.6991107444955241,1.854624,1.588033105374838
lambda1_start_expansion48_s336_cont120000,central_0p20_0p30,CDF_RUN_2:48,0.9231648445129395,0.7868488168527201,1.824972,1.63275073783725
lambda1_start_expansion48_s336_cont120000,central_0p20_0p30,CDF_RUN_2:49,0.8661630153656006,0.8614156927186152,1.69753,1.582315582337828
lambda1_start_expansion48_s336_cont120000,central_0p20_0p30,CDF_RUN_2:50,0.7635235786437988,0.9408752472293116,1.6449,1.5927888369894005
lambda1_start_expansion48_s336_cont120000,central_0p20_0p30,CDF_RUN_2:51,0.617551326751709,0.9920975764810804,1.42279,1.4164266629701792
lambda1_start_expansion48_s336_cont120000,central_0p20_0p30,D0_RUN_1:14,1.2871778011322021,0.0206608071262849,2.589585,1.3140865850678947
lambda1_start_expansion48_s336_cont120000,central_0p20_0p30,D0_RUN_1:15,0.7909516096115112,0.4999999999999999,1.790634,1.2907928048057555
lambda1_start_expansion48_s336_cont120000,late_0p22_0p32,CDF_RUN_1:30,1.4764564037322998,0.0,2.72209,1.4764564037322998
lambda1_start_expansion48_s336_cont120000,late_0p22_0p32,CDF_RUN_1:31,1.1322699785232544,0.0,2.51472,1.1322699785232544
lambda1_start_expansion48_s336_cont120000,late_0p22_0p32,CDF_RUN_1:32,0.8662964105606079,0.0193207037777613,2.180565,0.8916890046615826
lambda1_start_expansion48_s336_cont120000,late_0p22_0p32,CDF_RUN_1:33,0.796035885810852,0.2102966915212009,1.75218,0.9971098296422991
lambda1_start_expansion48_s336_cont120000,late_0p22_0p32,CDF_RUN_1:34,0.6527283191680908,0.5852865232044726,1.478605,1.1361028102878488
lambda1_start_expansion48_s336_cont120000,late_0p22_0p32,CDF_RUN_1:35,0.3959963321685791,0.9023365088655396,1.20233,1.1235806389803291
lambda1_start_expansion48_s336_cont120000,late_0p22_0p32,CDF_RUN_2:36,1.916785717010498,0.0,3.27554,1.916785717010498
lambda1_start_expansion48_s336_cont120000,late_0p22_0p32,CDF_RUN_2:37,1.7217438220977783,0.0,2.91722,1.7217438220977783
lambda1_start_expansion48_s336_cont120000,late_0p22_0p32,CDF_RUN_2:38,1.5364277362823486,0.0,2.90854,1.5364277362823486
lambda1_start_expansion48_s336_cont120000,late_0p22_0p32,CDF_RUN_2:39,1.3761539459228516,0.0,2.8682,1.3761539459228516
lambda1_start_expansion48_s336_cont120000,late_0p22_0p32,CDF_RUN_2:40,1.2502247095108032,0.0003303151612864,2.4889,1.2506338627391627
lambda1_start_expansion48_s336_cont120000,late_0p22_0p32,CDF_RUN_2:41,1.1605901718139648,0.0050271675971199,2.31978,1.1664176133571327
lambda1_start_expansion48_s336_cont120000,late_0p22_0p32,CDF_RUN_2:42,1.1027355194091797,0.0206005434885857,2.33764,1.1281752228658404
lambda1_start_expansion48_s336_cont120000,late_0p22_0p32,CDF_RUN_2:43,1.0678800344467163,0.0513247888893216,2.08436,1.1200506540889634
lambda1_start_expansion48_s336_cont120000,late_0p22_0p32,CDF_RUN_2:44,1.0456522703170776,0.0990801434780254,2.07474,1.1476144302255369
lambda1_start_expansion48_s336_cont120000,late_0p22_0p32,CDF_RUN_2:45,1.0263272523880005,0.1637132978446752,1.95146,1.1777837854436666
lambda1_start_expansion48_s336_cont120000,late_0p22_0p32,CDF_RUN_2:46,1.0022815465927124,0.2433979518395934,1.909664,1.2231365772872314
lambda1_start_expansion48_s336_cont120000,late_0p22_0p32,CDF_RUN_2:47,0.9686139822006226,0.3349953729225092,1.854624,1.265423238526404
lambda1_start_expansion48_s336_cont120000,late_0p22_0p32,CDF_RUN_2:48,0.9231648445129395,0.4344149545116246,1.824972,1.3149233589421083
lambda1_start_expansion48_s336_cont120000,late_0p22_0p32,CDF_RUN_2:49,0.8661630153656006,0.5369747743326755,1.69753,1.312586114327294
lambda1_start_expansion48_s336_cont120000,late_0p22_0p32,CDF_RUN_2:50,0.7635235786437988,0.6848781819867951,1.6449,1.3671590597482615
lambda1_start_expansion48_s336_cont120000,late_0p22_0p32,CDF_RUN_2:51,0.617551326751709,0.8499258195752324,1.42279,1.3019444660659356
lambda1_start_expansion48_s336_cont120000,late_0p22_0p32,D0_RUN_1:14,1.2871778011322021,2.671437209028174e-06,2.589585,1.2871812804312546
lambda1_start_expansion48_s336_cont120000,late_0p22_0p32,D0_RUN_1:15,0.7909516096115112,0.2207503246456333,1.790634,1.0116318218322928
lambda1_start_expansion48_s337_cont120000,early_0p18_0p28,CDF_RUN_1:30,1.4802204370498657,0.0892391852052237,2.72209,1.591043864978703
lambda1_start_expansion48_s337_cont120000,early_0p18_0p28,CDF_RUN_1:31,1.1264009475708008,0.2263136792031131,2.51472,1.4405965402338325
lambda1_start_expansion48_s337_cont120000,early_0p18_0p28,CDF_RUN_1:32,0.859049916267395,0.5139631863662977,2.180565,1.5382600195337295
lambda1_start_expansion48_s337_cont120000,early_0p18_0p28,CDF_RUN_1:33,0.7980612516403198,0.8606209544870957,1.75218,1.6191958395476609
lambda1_start_expansion48_s337_cont120000,early_0p18_0p28,CDF_RUN_1:34,0.6530852317810059,0.9935104948187734,1.478605,1.4732477851869379
lambda1_start_expansion48_s337_cont120000,early_0p18_0p28,CDF_RUN_1:35,0.394240140914917,1.0,1.20233,1.20233
lambda1_start_expansion48_s337_cont120000,early_0p18_0p28,CDF_RUN_2:36,1.9183800220489502,0.0629515791727313,3.27554,2.0038153858509977
lambda1_start_expansion48_s337_cont120000,early_0p18_0p28,CDF_RUN_2:37,1.7232908010482788,0.1155267912377162,2.91722,1.861221610368188
lambda1_start_expansion48_s337_cont120000,early_0p18_0p28,CDF_RUN_2:38,1.5371737480163574,0.1846215696118183,2.90854,1.7903575379702539
lambda1_start_expansion48_s337_cont120000,early_0p18_0p28,CDF_RUN_2:39,1.376070499420166,0.2680057887944079,2.8682,1.7759698432064703
lambda1_start_expansion48_s337_cont120000,early_0p18_0p28,CDF_RUN_2:40,1.2497634887695312,0.3622378472320013,2.4889,1.698625631024229
lambda1_start_expansion48_s337_cont120000,early_0p18_0p28,CDF_RUN_2:41,1.1603120565414429,0.4630252256673241,2.31978,1.6971749627153696
lambda1_start_expansion48_s337_cont120000,early_0p18_0p28,CDF_RUN_2:42,1.10295569896698,0.5655850454883751,2.33764,1.8012746755305233
lambda1_start_expansion48_s337_cont120000,early_0p18_0p28,CDF_RUN_2:43,1.0685398578643799,0.6650046270774903,2.08436,1.7440649526630811
lambda1_start_expansion48_s337_cont120000,early_0p18_0p28,CDF_RUN_2:44,1.0463786125183105,0.7566020481604062,2.07474,1.8244389445360338
lambda1_start_expansion48_s337_cont120000,early_0p18_0p28,CDF_RUN_2:45,1.0266410112380981,0.8362867021553243,1.95146,1.800054833440411
lambda1_start_expansion48_s337_cont120000,early_0p18_0p28,CDF_RUN_2:46,1.001816987991333,0.9009198565219744,1.909664,1.8197143877940845
lambda1_start_expansion48_s337_cont120000,early_0p18_0p28,CDF_RUN_2:47,0.9672911167144775,0.9486752111106782,1.854624,1.8090818270908176
lambda1_start_expansion48_s337_cont120000,early_0p18_0p28,CDF_RUN_2:48,0.9211959838867188,0.979399456511414,1.824972,1.8063537228761175
lambda1_start_expansion48_s337_cont120000,early_0p18_0p28,CDF_RUN_2:49,0.8639602661132812,0.99497283240288,1.69753,1.693339505243865
lambda1_start_expansion48_s337_cont120000,early_0p18_0p28,CDF_RUN_2:50,0.761839747428894,0.9998348419300568,1.6449,1.6447541554730418
lambda1_start_expansion48_s337_cont120000,early_0p18_0p28,CDF_RUN_2:51,0.6172834634780884,1.0,1.42279,1.42279
lambda1_start_expansion48_s337_cont120000,early_0p18_0p28,D0_RUN_1:14,1.2854610681533813,0.1879104824806516,2.589585,1.530519625401244
lambda1_start_expansion48_s337_cont120000,early_0p18_0p28,D0_RUN_1:15,0.7880363464355469,0.7792496753543665,1.790634,1.5693102424866967
lambda1_start_expansion48_s337_cont120000,central_0p20_0p30,CDF_RUN_1:30,1.4802204370498657,0.0012197116639461,2.72209,1.4817351598408957
lambda1_start_expansion48_s337_cont120000,central_0p20_0p30,CDF_RUN_1:31,1.1264009475708008,0.0258850748744865,2.51472,1.1623376901926066
lambda1_start_expansion48_s337_cont120000,central_0p20_0p30,CDF_RUN_1:32,0.859049916267395,0.1831302917603498,2.180565,1.10105935911705
lambda1_start_expansion48_s337_cont120000,central_0p20_0p30,CDF_RUN_1:33,0.7980612516403198,0.549777686123881,1.75218,1.3226144494009184
lambda1_start_expansion48_s337_cont120000,central_0p20_0p30,CDF_RUN_1:34,0.6530852317810059,0.8825037510074896,1.478605,1.3816095237651016
lambda1_start_expansion48_s337_cont120000,central_0p20_0p30,CDF_RUN_1:35,0.394240140914917,0.9960358801988642,1.20233,1.199126634988504
lambda1_start_expansion48_s337_cont120000,central_0p20_0p30,CDF_RUN_2:36,1.9183800220489502,5.164127530589625e-05,3.27554,1.9184501075210059
lambda1_start_expansion48_s337_cont120000,central_0p20_0p30,CDF_RUN_2:37,1.7232908010482788,0.0023877817219835,2.91722,1.7261416433668781
lambda1_start_expansion48_s337_cont120000,central_0p20_0p30,CDF_RUN_2:38,1.5371737480163574,0.0134170653158552,2.90854,1.5555734585911816
lambda1_start_expansion48_s337_cont120000,central_0p20_0p30,CDF_RUN_2:39,1.376070499420166,0.0383530844331178,2.8682,1.4332982681410502
lambda1_start_expansion48_s337_cont120000,central_0p20_0p30,CDF_RUN_2:40,1.2497634887695312,0.0798964211082592,2.4889,1.3487660612814198
lambda1_start_expansion48_s337_cont120000,central_0p20_0p30,CDF_RUN_2:41,1.1603120565414429,0.1385843072813845,2.31978,1.3209961183006187
lambda1_start_expansion48_s337_cont120000,central_0p20_0p30,CDF_RUN_2:42,1.10295569896698,0.2131511831472797,2.33764,1.3661301185455403
lambda1_start_expansion48_s337_cont120000,central_0p20_0p30,CDF_RUN_2:43,1.0685398578643799,0.3008892555044757,2.08436,1.3741892241580174
lambda1_start_expansion48_s337_cont120000,central_0p20_0p30,CDF_RUN_2:44,1.0463786125183105,0.3980090561043118,2.07474,1.4556757576840182
lambda1_start_expansion48_s337_cont120000,central_0p20_0p30,CDF_RUN_2:45,1.0266410112380981,0.4999999999999999,1.95146,1.489050505619049
lambda1_start_expansion48_s337_cont120000,central_0p20_0p30,CDF_RUN_2:46,1.001816987991333,0.6019909438956881,1.909664,1.5483326676633105
lambda1_start_expansion48_s337_cont120000,central_0p20_0p30,CDF_RUN_2:47,0.9672911167144775,0.6991107444955241,1.854624,1.587635069363579
lambda1_start_expansion48_s337_cont120000,central_0p20_0p30,CDF_RUN_2:48,0.9211959838867188,0.7868488168527201,1.824972,1.632331072865319
lambda1_start_expansion48_s337_cont120000,central_0p20_0p30,CDF_RUN_2:49,0.8639602661132812,0.8614156927186152,1.69753,1.582010315858581
lambda1_start_expansion48_s337_cont120000,central_0p20_0p30,CDF_RUN_2:50,0.761839747428894,0.9408752472293116,1.6449,1.5926892808851119
lambda1_start_expansion48_s337_cont120000,central_0p20_0p30,CDF_RUN_2:51,0.6172834634780884,0.9920975764810804,1.42279,1.4164245462011458
lambda1_start_expansion48_s337_cont120000,central_0p20_0p30,D0_RUN_1:14,1.2854610681533813,0.0206608071262849,2.589585,1.3124053211780367
lambda1_start_expansion48_s337_cont120000,central_0p20_0p30,D0_RUN_1:15,0.7880363464355469,0.4999999999999999,1.790634,1.2893351732177734
lambda1_start_expansion48_s337_cont120000,late_0p22_0p32,CDF_RUN_1:30,1.4802204370498657,0.0,2.72209,1.4802204370498657
lambda1_start_expansion48_s337_cont120000,late_0p22_0p32,CDF_RUN_1:31,1.1264009475708008,0.0,2.51472,1.1264009475708008
lambda1_start_expansion48_s337_cont120000,late_0p22_0p32,CDF_RUN_1:32,0.859049916267395,0.0193207037777613,2.180565,0.8845825177380361
lambda1_start_expansion48_s337_cont120000,late_0p22_0p32,CDF_RUN_1:33,0.7980612516403198,0.2102966915212009,1.75218,0.9987092677387097
lambda1_start_expansion48_s337_cont120000,late_0p22_0p32,CDF_RUN_1:34,0.6530852317810059,0.5852865232044726,1.478605,1.136250826758463
lambda1_start_expansion48_s337_cont120000,late_0p22_0p32,CDF_RUN_1:35,0.394240140914917,0.9023365088655396,1.20233,1.1234091232113967
lambda1_start_expansion48_s337_cont120000,late_0p22_0p32,CDF_RUN_2:36,1.9183800220489502,0.0,3.27554,1.9183800220489502
lambda1_start_expansion48_s337_cont120000,late_0p22_0p32,CDF_RUN_2:37,1.7232908010482788,0.0,2.91722,1.7232908010482788
lambda1_start_expansion48_s337_cont120000,late_0p22_0p32,CDF_RUN_2:38,1.5371737480163574,0.0,2.90854,1.5371737480163574
lambda1_start_expansion48_s337_cont120000,late_0p22_0p32,CDF_RUN_2:39,1.376070499420166,0.0,2.8682,1.376070499420166
lambda1_start_expansion48_s337_cont120000,late_0p22_0p32,CDF_RUN_2:40,1.2497634887695312,0.0003303151612864,2.4889,1.2501727943460943
lambda1_start_expansion48_s337_cont120000,late_0p22_0p32,CDF_RUN_2:41,1.1603120565414429,0.0050271675971199,2.31978,1.1661408962166973
lambda1_start_expansion48_s337_cont120000,late_0p22_0p32,CDF_RUN_2:42,1.10295569896698,0.0206005434885857,2.33764,1.1283908666050848
lambda1_start_expansion48_s337_cont120000,late_0p22_0p32,CDF_RUN_2:43,1.0685398578643799,0.0513247888893216,2.08436,1.1206766122090113
lambda1_start_expansion48_s337_cont120000,late_0p22_0p32,CDF_RUN_2:44,1.0463786125183105,0.0990801434780254,2.07474,1.1482688063372575
lambda1_start_expansion48_s337_cont120000,late_0p22_0p32,CDF_RUN_2:45,1.0266410112380981,0.1637132978446752,1.95146,1.1780461777976867
lambda1_start_expansion48_s337_cont120000,late_0p22_0p32,CDF_RUN_2:46,1.001816987991333,0.2433979518395934,1.909664,1.2227850912979372
lambda1_start_expansion48_s337_cont120000,late_0p22_0p32,CDF_RUN_2:47,0.9672911167144775,0.3349953729225092,1.854624,1.2645435268571164
lambda1_start_expansion48_s337_cont120000,late_0p22_0p32,CDF_RUN_2:48,0.9211959838867188,0.4344149545116246,1.824972,1.313809800815267
lambda1_start_expansion48_s337_cont120000,late_0p22_0p32,CDF_RUN_2:49,0.8639602661132812,0.5369747743326755,1.69753,1.3115661858576504
lambda1_start_expansion48_s337_cont120000,late_0p22_0p32,CDF_RUN_2:50,0.761839747428894,0.6848781819867951,1.6449,1.3666284477945931
lambda1_start_expansion48_s337_cont120000,late_0p22_0p32,CDF_RUN_2:51,0.6172834634780884,0.8499258195752324,1.42279,1.301904266704681
lambda1_start_expansion48_s337_cont120000,late_0p22_0p32,D0_RUN_1:14,1.2854610681533813,2.671437209028174e-06,2.589585,1.2854645520385781
lambda1_start_expansion48_s337_cont120000,late_0p22_0p32,D0_RUN_1:15,0.7880363464355469,0.2207503246456333,1.790634,1.0093601039488502
lambda1_start_expansion48_s338_cont120000,early_0p18_0p28,CDF_RUN_1:30,1.4588947296142578,0.0892391852052237,2.72209,1.5716212462985737
lambda1_start_expansion48_s338_cont120000,early_0p18_0p28,CDF_RUN_1:31,1.0977824926376343,0.2263136792031131,2.51472,1.4184548331296996
lambda1_start_expansion48_s338_cont120000,early_0p18_0p28,CDF_RUN_1:32,0.8327955007553101,0.5139631863662977,2.180565,1.5254994070744203
lambda1_start_expansion48_s338_cont120000,early_0p18_0p28,CDF_RUN_1:33,0.790523886680603,0.8606209544870957,1.75218,1.6181452888138932
lambda1_start_expansion48_s338_cont120000,early_0p18_0p28,CDF_RUN_1:34,0.6529331207275391,0.9935104948187734,1.478605,1.473246798061468
lambda1_start_expansion48_s338_cont120000,early_0p18_0p28,CDF_RUN_1:35,0.38561010360717773,1.0,1.20233,1.20233
lambda1_start_expansion48_s338_cont120000,early_0p18_0p28,CDF_RUN_2:36,1.8733566999435425,0.0629515791727313,3.27554,1.9616263529717282
lambda1_start_expansion48_s338_cont120000,early_0p18_0p28,CDF_RUN_2:37,1.6671463251113892,0.1155267912377162,2.91722,1.8115633255820103
lambda1_start_expansion48_s338_cont120000,early_0p18_0p28,CDF_RUN_2:38,1.4696236848831177,0.1846215696118183,2.90854,1.7352786735200503
lambda1_start_expansion48_s338_cont120000,early_0p18_0p28,CDF_RUN_2:39,1.3003888130187988,0.2680057887944079,2.8682,1.7205712868663927
lambda1_start_expansion48_s338_cont120000,early_0p18_0p28,CDF_RUN_2:40,1.1715623140335083,0.3622378472320013,2.4889,1.6487518814755964
lambda1_start_expansion48_s338_cont120000,early_0p18_0p28,CDF_RUN_2:41,1.0859400033950806,0.4630252256673241,2.31978,1.6572390462604438
lambda1_start_expansion48_s338_cont120000,early_0p18_0p28,CDF_RUN_2:42,1.038010597229004,0.5655850454883751,2.33764,1.7730615521132675
lambda1_start_expansion48_s338_cont120000,early_0p18_0p28,CDF_RUN_2:43,1.0168054103851318,0.6650046270774903,2.08436,1.7267341521368305
lambda1_start_expansion48_s338_cont120000,early_0p18_0p28,CDF_RUN_2:44,1.0093363523483276,0.7566020481604062,2.07474,1.8154229342791506
lambda1_start_expansion48_s338_cont120000,early_0p18_0p28,CDF_RUN_2:45,1.0035319328308105,0.8362867021553243,1.95146,1.7962715700042027
lambda1_start_expansion48_s338_cont120000,early_0p18_0p28,CDF_RUN_2:46,0.9901005029678345,0.9009198565219744,1.909664,1.818553516776898
lambda1_start_expansion48_s338_cont120000,early_0p18_0p28,CDF_RUN_2:47,0.9633133411407471,0.9486752111106782,1.854624,1.8088776685992467
lambda1_start_expansion48_s338_cont120000,early_0p18_0p28,CDF_RUN_2:48,0.920910120010376,0.979399456511414,1.824972,1.806347833924901
lambda1_start_expansion48_s338_cont120000,early_0p18_0p28,CDF_RUN_2:49,0.863568902015686,0.99497283240288,1.69753,1.6933375377909547
lambda1_start_expansion48_s338_cont120000,early_0p18_0p28,CDF_RUN_2:50,0.7556887865066528,0.9998348419300568,1.6449,1.6447531395922075
lambda1_start_expansion48_s338_cont120000,early_0p18_0p28,CDF_RUN_2:51,0.5996789932250977,1.0,1.42279,1.42279
lambda1_start_expansion48_s338_cont120000,early_0p18_0p28,D0_RUN_1:14,1.2569365501403809,0.1879104824806516,2.589585,1.5073551633305944
lambda1_start_expansion48_s338_cont120000,early_0p18_0p28,D0_RUN_1:15,0.7723120450973511,0.7792496753543665,1.790634,1.5658390978614642
lambda1_start_expansion48_s338_cont120000,central_0p20_0p30,CDF_RUN_1:30,1.4588947296142578,0.0012197116639461,2.72209,1.4604354636193888
lambda1_start_expansion48_s338_cont120000,central_0p20_0p30,CDF_RUN_1:31,1.0977824926376343,0.0258850748744865,2.51472,1.1344600261081772
lambda1_start_expansion48_s338_cont120000,central_0p20_0p30,CDF_RUN_1:32,0.8327955007553101,0.1831302917603498,2.180565,1.0796129223776907
lambda1_start_expansion48_s338_cont120000,central_0p20_0p30,CDF_RUN_1:33,0.790523886680603,0.549777686123881,1.75218,1.3192209595082258
lambda1_start_expansion48_s338_cont120000,central_0p20_0p30,CDF_RUN_1:34,0.6529331207275391,0.8825037510074896,1.478605,1.3815916512868889
lambda1_start_expansion48_s338_cont120000,central_0p20_0p30,CDF_RUN_1:35,0.38561010360717773,0.9960358801988642,1.20233,1.1990924244867276
lambda1_start_expansion48_s338_cont120000,central_0p20_0p30,CDF_RUN_2:36,1.8733566999435425,5.164127530589625e-05,3.27554,1.8734291104773702
lambda1_start_expansion48_s338_cont120000,central_0p20_0p30,CDF_RUN_2:37,1.6671463251113892,0.0023877817219835,2.91722,1.670131228183421
lambda1_start_expansion48_s338_cont120000,central_0p20_0p30,CDF_RUN_2:38,1.4696236848831177,0.0134170653158552,2.90854,1.4889297190670907
lambda1_start_expansion48_s338_cont120000,central_0p20_0p30,CDF_RUN_2:39,1.3003888130187988,0.0383530844331178,2.8682,1.3605192078482755
lambda1_start_expansion48_s338_cont120000,central_0p20_0p30,CDF_RUN_2:40,1.1715623140335083,0.0798964211082592,2.4889,1.2768128805332668
lambda1_start_expansion48_s338_cont120000,central_0p20_0p30,CDF_RUN_2:41,1.0859400033950806,0.1385843072813845,2.31978,1.2569308646206392
lambda1_start_expansion48_s338_cont120000,central_0p20_0p30,CDF_RUN_2:42,1.038010597229004,0.2131511831472797,2.33764,1.3150281420826342
lambda1_start_expansion48_s338_cont120000,central_0p20_0p30,CDF_RUN_2:43,1.0168054103851318,0.3008892555044757,2.08436,1.3380211160647355
lambda1_start_expansion48_s338_cont120000,central_0p20_0p30,CDF_RUN_2:44,1.0093363523483276,0.3980090561043118,2.07474,1.4333766525202605
lambda1_start_expansion48_s338_cont120000,central_0p20_0p30,CDF_RUN_2:45,1.0035319328308105,0.4999999999999999,1.95146,1.4774959664154053
lambda1_start_expansion48_s338_cont120000,central_0p20_0p30,CDF_RUN_2:46,0.9901005029678345,0.6019909438956881,1.909664,1.5436694005182474
lambda1_start_expansion48_s338_cont120000,central_0p20_0p30,CDF_RUN_2:47,0.9633133411407471,0.6991107444955241,1.854624,1.5864381994326355
lambda1_start_expansion48_s338_cont120000,central_0p20_0p30,CDF_RUN_2:48,0.920910120010376,0.7868488168527201,1.824972,1.6322701406418574
lambda1_start_expansion48_s338_cont120000,central_0p20_0p30,CDF_RUN_2:49,0.863568902015686,0.8614156927186152,1.69753,1.5819560789362208
lambda1_start_expansion48_s338_cont120000,central_0p20_0p30,CDF_RUN_2:50,0.7556887865066528,0.9408752472293116,1.6449,1.592325606841282
lambda1_start_expansion48_s338_cont120000,central_0p20_0p30,CDF_RUN_2:51,0.5996789932250977,0.9920975764810804,1.42279,1.4162854282213804
lambda1_start_expansion48_s338_cont120000,central_0p20_0p30,D0_RUN_1:14,1.2569365501403809,0.0206608071262849,2.589585,1.284470142730073
lambda1_start_expansion48_s338_cont120000,central_0p20_0p30,D0_RUN_1:15,0.7723120450973511,0.4999999999999999,1.790634,1.2814730225486755
lambda1_start_expansion48_s338_cont120000,late_0p22_0p32,CDF_RUN_1:30,1.4588947296142578,0.0,2.72209,1.4588947296142578
lambda1_start_expansion48_s338_cont120000,late_0p22_0p32,CDF_RUN_1:31,1.0977824926376343,0.0,2.51472,1.0977824926376343
lambda1_start_expansion48_s338_cont120000,late_0p22_0p32,CDF_RUN_1:32,0.8327955007553101,0.0193207037777613,2.180565,0.8588353560109184
lambda1_start_expansion48_s338_cont120000,late_0p22_0p32,CDF_RUN_1:33,0.790523886680603,0.2102966915212009,1.75218,0.9927569856928093
lambda1_start_expansion48_s338_cont120000,late_0p22_0p32,CDF_RUN_1:34,0.6529331207275391,0.5852865232044726,1.478605,1.1361877442546207
lambda1_start_expansion48_s338_cont120000,late_0p22_0p32,CDF_RUN_1:35,0.38561010360717773,0.9023365088655396,1.20233,1.1225662836393022
lambda1_start_expansion48_s338_cont120000,late_0p22_0p32,CDF_RUN_2:36,1.8733566999435425,0.0,3.27554,1.8733566999435425
lambda1_start_expansion48_s338_cont120000,late_0p22_0p32,CDF_RUN_2:37,1.6671463251113892,0.0,2.91722,1.6671463251113892
lambda1_start_expansion48_s338_cont120000,late_0p22_0p32,CDF_RUN_2:38,1.4696236848831177,0.0,2.90854,1.4696236848831177
lambda1_start_expansion48_s338_cont120000,late_0p22_0p32,CDF_RUN_2:39,1.3003888130187988,0.0,2.8682,1.3003888130187988
lambda1_start_expansion48_s338_cont120000,late_0p22_0p32,CDF_RUN_2:40,1.1715623140335083,0.0003303151612864,2.4889,1.171997450643717
lambda1_start_expansion48_s338_cont120000,late_0p22_0p32,CDF_RUN_2:41,1.0859400033950806,0.0050271675971199,2.31978,1.0921427238460435
lambda1_start_expansion48_s338_cont120000,late_0p22_0p32,CDF_RUN_2:42,1.038010597229004,0.0206005434885857,2.33764,1.0647836692598327
lambda1_start_expansion48_s338_cont120000,late_0p22_0p32,CDF_RUN_2:43,1.0168054103851318,0.0513247888893216,2.08436,1.0715974243249413
lambda1_start_expansion48_s338_cont120000,late_0p22_0p32,CDF_RUN_2:44,1.0093363523483276,0.0990801434780254,2.07474,1.114896698619667
lambda1_start_expansion48_s338_cont120000,late_0p22_0p32,CDF_RUN_2:45,1.0035319328308105,0.1637132978446752,1.95146,1.1587203628266074
lambda1_start_expansion48_s338_cont120000,late_0p22_0p32,CDF_RUN_2:46,0.9901005029678345,0.2433979518395934,1.909664,1.2139203747319176
lambda1_start_expansion48_s338_cont120000,late_0p22_0p32,CDF_RUN_2:47,0.9633133411407471,0.3349953729225092,1.854624,1.26189828769511
lambda1_start_expansion48_s338_cont120000,late_0p22_0p32,CDF_RUN_2:48,0.920910120010376,0.4344149545116246,1.824972,1.3136481204817623
lambda1_start_expansion48_s338_cont120000,late_0p22_0p32,CDF_RUN_2:49,0.863568902015686,0.5369747743326755,1.69753,1.3113849744080432
lambda1_start_expansion48_s338_cont120000,late_0p22_0p32,CDF_RUN_2:50,0.7556887865066528,0.6848781819867951,1.6449,1.3646901458062484
lambda1_start_expansion48_s338_cont120000,late_0p22_0p32,CDF_RUN_2:51,0.5996789932250977,0.8499258195752324,1.42279,1.2992622902596513
lambda1_start_expansion48_s338_cont120000,late_0p22_0p32,D0_RUN_1:14,1.2569365501403809,2.671437209028174e-06,2.589585,1.2569401102270363
lambda1_start_expansion48_s338_cont120000,late_0p22_0p32,D0_RUN_1:15,0.7723120450973511,0.2207503246456333,1.790634,0.9971069472358869
lambda1_start_expansion48_s339_cont120000,early_0p18_0p28,CDF_RUN_1:30,1.4630182981491089,0.0892391852052237,2.72209,1.5753768309372367
lambda1_start_expansion48_s339_cont120000,early_0p18_0p28,CDF_RUN_1:31,1.1125211715698242,0.2263136792031131,2.51472,1.4298579474061521
lambda1_start_expansion48_s339_cont120000,early_0p18_0p28,CDF_RUN_1:32,0.8486291170120239,0.5139631863662977,2.180565,1.5331951274681324
lambda1_start_expansion48_s339_cont120000,early_0p18_0p28,CDF_RUN_1:33,0.7915418148040771,0.8606209544870957,1.75218,1.6182871666641439
lambda1_start_expansion48_s339_cont120000,early_0p18_0p28,CDF_RUN_1:34,0.6522977352142334,0.9935104948187734,1.478605,1.4732426747238876
lambda1_start_expansion48_s339_cont120000,early_0p18_0p28,CDF_RUN_1:35,0.39025330543518066,1.0,1.20233,1.20233
lambda1_start_expansion48_s339_cont120000,early_0p18_0p28,CDF_RUN_2:36,1.8855581283569336,0.0629515791727313,3.27554,1.9730596821983333
lambda1_start_expansion48_s339_cont120000,early_0p18_0p28,CDF_RUN_2:37,1.683984637260437,0.1155267912377162,2.91722,1.8264563615586196
lambda1_start_expansion48_s339_cont120000,early_0p18_0p28,CDF_RUN_2:38,1.4926793575286865,0.1846215696118183,2.90854,1.7540777716933378
lambda1_start_expansion48_s339_cont120000,early_0p18_0p28,CDF_RUN_2:39,1.3288037776947021,0.2680057887944079,2.8682,1.7413708765207652
lambda1_start_expansion48_s339_cont120000,early_0p18_0p28,CDF_RUN_2:40,1.2026244401931763,0.3622378472320013,2.4889,1.6685621299247373
lambda1_start_expansion48_s339_cont120000,early_0p18_0p28,CDF_RUN_2:41,1.1161460876464844,0.4630252256673241,2.31978,1.6734589515348153
lambda1_start_expansion48_s339_cont120000,early_0p18_0p28,CDF_RUN_2:42,1.0641899108886719,0.5655850454883751,2.33764,1.7844342374658777
lambda1_start_expansion48_s339_cont120000,early_0p18_0p28,CDF_RUN_2:43,1.0369288921356201,0.6650046270774903,2.08436,1.7334754254103346
lambda1_start_expansion48_s339_cont120000,early_0p18_0p28,CDF_RUN_2:44,1.0228182077407837,0.7566020481604062,2.07474,1.818704390268672
lambda1_start_expansion48_s339_cont120000,early_0p18_0p28,CDF_RUN_2:45,1.0110623836517334,0.8362867021553243,1.95146,1.797504404942353
lambda1_start_expansion48_s339_cont120000,early_0p18_0p28,CDF_RUN_2:46,0.9932188987731934,0.9009198565219744,1.909664,1.8188624878807143
lambda1_start_expansion48_s339_cont120000,early_0p18_0p28,CDF_RUN_2:47,0.9638729095458984,0.9486752111106782,1.854624,1.8089063883295102
lambda1_start_expansion48_s339_cont120000,early_0p18_0p28,CDF_RUN_2:48,0.9206528663635254,0.979399456511414,1.824972,1.8063425343599615
lambda1_start_expansion48_s339_cont120000,early_0p18_0p28,CDF_RUN_2:49,0.8638743162155151,0.99497283240288,1.69753,1.6933390731593239
lambda1_start_expansion48_s339_cont120000,early_0p18_0p28,CDF_RUN_2:50,0.758472204208374,0.9998348419300568,1.6449,1.644753599296103
lambda1_start_expansion48_s339_cont120000,early_0p18_0p28,CDF_RUN_2:51,0.6065151691436768,1.0,1.42279,1.42279
lambda1_start_expansion48_s339_cont120000,early_0p18_0p28,D0_RUN_1:14,1.2679293155670166,0.1879104824806516,2.589585,1.5162822729021146
lambda1_start_expansion48_s339_cont120000,early_0p18_0p28,D0_RUN_1:15,0.7804030179977417,0.7792496753543665,1.790634,1.5676251827559244
lambda1_start_expansion48_s339_cont120000,central_0p20_0p30,CDF_RUN_1:30,1.4630182981491089,0.0012197116639461,2.72209,1.464554002589601
lambda1_start_expansion48_s339_cont120000,central_0p20_0p30,CDF_RUN_1:31,1.1125211715698242,0.0258850748744865,2.51472,1.1488171932326565
lambda1_start_expansion48_s339_cont120000,central_0p20_0p30,CDF_RUN_1:32,0.8486291170120239,0.1831302917603498,2.180565,1.092546923869691
lambda1_start_expansion48_s339_cont120000,central_0p20_0p30,CDF_RUN_1:33,0.7915418148040771,0.549777686123881,1.75218,1.319679253463336
lambda1_start_expansion48_s339_cont120000,central_0p20_0p30,CDF_RUN_1:34,0.6522977352142334,0.8825037510074896,1.478605,1.3815169958724114
lambda1_start_expansion48_s339_cont120000,central_0p20_0p30,CDF_RUN_1:35,0.39025330543518066,0.9960358801988642,1.20233,1.1991108306950347
lambda1_start_expansion48_s339_cont120000,central_0p20_0p30,CDF_RUN_2:36,1.8855581283569336,5.164127530589625e-05,3.27554,1.8856299087934374
lambda1_start_expansion48_s339_cont120000,central_0p20_0p30,CDF_RUN_2:37,1.683984637260437,0.0023877817219835,2.91722,1.6869293341184903
lambda1_start_expansion48_s339_cont120000,central_0p20_0p30,CDF_RUN_2:38,1.4926793575286865,0.0134170653158552,2.90854,1.5116760522468728
lambda1_start_expansion48_s339_cont120000,central_0p20_0p30,CDF_RUN_2:39,1.3288037776947021,0.0383530844331178,2.8682,1.3878443709847998
lambda1_start_expansion48_s339_cont120000,central_0p20_0p30,CDF_RUN_2:40,1.2026244401931763,0.0798964211082592,2.4889,1.305393253980764
lambda1_start_expansion48_s339_cont120000,central_0p20_0p30,CDF_RUN_2:41,1.1161460876464844,0.1385843072813845,2.31978,1.282950859610379
lambda1_start_expansion48_s339_cont120000,central_0p20_0p30,CDF_RUN_2:42,1.0641899108886719,0.2131511831472797,2.33764,1.3356273040617603
lambda1_start_expansion48_s339_cont120000,central_0p20_0p30,CDF_RUN_2:43,1.0369288921356201,0.3008892555044757,2.08436,1.3520896583731616
lambda1_start_expansion48_s339_cont120000,central_0p20_0p30,CDF_RUN_2:44,1.0228182077407837,0.3980090561043118,2.07474,1.4414926073734304
lambda1_start_expansion48_s339_cont120000,central_0p20_0p30,CDF_RUN_2:45,1.0110623836517334,0.4999999999999999,1.95146,1.4812611918258667
lambda1_start_expansion48_s339_cont120000,central_0p20_0p30,CDF_RUN_2:46,0.9932188987731934,0.6019909438956881,1.909664,1.544910550289298
lambda1_start_expansion48_s339_cont120000,central_0p20_0p30,CDF_RUN_2:47,0.9638729095458984,0.6991107444955241,1.854624,1.5866065675534653
lambda1_start_expansion48_s339_cont120000,central_0p20_0p30,CDF_RUN_2:48,0.9206528663635254,0.7868488168527201,1.824972,1.6322153067226624
lambda1_start_expansion48_s339_cont120000,central_0p20_0p30,CDF_RUN_2:49,0.8638743162155151,0.8614156927186152,1.69753,1.581998404551538
lambda1_start_expansion48_s339_cont120000,central_0p20_0p30,CDF_RUN_2:50,0.758472204208374,0.9408752472293116,1.6449,1.592490175724754
lambda1_start_expansion48_s339_cont120000,central_0p20_0p30,CDF_RUN_2:51,0.6065151691436768,0.9920975764810804,1.42279,1.4163394505787388
lambda1_start_expansion48_s339_cont120000,central_0p20_0p30,D0_RUN_1:14,1.2679293155670166,0.0206608071262849,2.589585,1.2952357887504446
lambda1_start_expansion48_s339_cont120000,central_0p20_0p30,D0_RUN_1:15,0.7804030179977417,0.4999999999999999,1.790634,1.2855185089988708
lambda1_start_expansion48_s339_cont120000,late_0p22_0p32,CDF_RUN_1:30,1.4630182981491089,0.0,2.72209,1.4630182981491089
lambda1_start_expansion48_s339_cont120000,late_0p22_0p32,CDF_RUN_1:31,1.1125211715698242,0.0,2.51472,1.1125211715698242
lambda1_start_expansion48_s339_cont120000,late_0p22_0p32,CDF_RUN_1:32,0.8486291170120239,0.0193207037777613,2.180565,0.8743630556582056
lambda1_start_expansion48_s339_cont120000,late_0p22_0p32,CDF_RUN_1:33,0.7915418148040771,0.2102966915212009,1.75218,0.9935608468997104
lambda1_start_expansion48_s339_cont120000,late_0p22_0p32,CDF_RUN_1:34,0.6522977352142334,0.5852865232044726,1.478605,1.1359242413192923
lambda1_start_expansion48_s339_cont120000,late_0p22_0p32,CDF_RUN_1:35,0.39025330543518066,0.9023365088655396,1.20233,1.1230197549398668
lambda1_start_expansion48_s339_cont120000,late_0p22_0p32,CDF_RUN_2:36,1.8855581283569336,0.0,3.27554,1.8855581283569336
lambda1_start_expansion48_s339_cont120000,late_0p22_0p32,CDF_RUN_2:37,1.683984637260437,0.0,2.91722,1.683984637260437
lambda1_start_expansion48_s339_cont120000,late_0p22_0p32,CDF_RUN_2:38,1.4926793575286865,0.0,2.90854,1.4926793575286865
lambda1_start_expansion48_s339_cont120000,late_0p22_0p32,CDF_RUN_2:39,1.3288037776947021,0.0,2.8682,1.3288037776947021
lambda1_start_expansion48_s339_cont120000,late_0p22_0p32,CDF_RUN_2:40,1.2026244401931763,0.0003303151612864,2.4889,1.2030493165121725
lambda1_start_expansion48_s339_cont120000,late_0p22_0p32,CDF_RUN_2:41,1.1161460876464844,0.0050271675971199,2.31978,1.1221969570494625
lambda1_start_expansion48_s339_cont120000,late_0p22_0p32,CDF_RUN_2:42,1.0641899108886719,0.0206005434885857,2.33764,1.0904236748299532
lambda1_start_expansion48_s339_cont120000,late_0p22_0p32,CDF_RUN_2:43,1.0369288921356201,0.0513247888893216,2.08436,1.0906880726228678
lambda1_start_expansion48_s339_cont120000,late_0p22_0p32,CDF_RUN_2:44,1.0228182077407837,0.0990801434780254,2.07474,1.1270427698454883
lambda1_start_expansion48_s339_cont120000,late_0p22_0p32,CDF_RUN_2:45,1.0110623836517334,0.1637132978446752,1.95146,1.1650179787093797
lambda1_start_expansion48_s339_cont120000,late_0p22_0p32,CDF_RUN_2:46,0.9932188987731934,0.2433979518395934,1.909664,1.2162797593852268
lambda1_start_expansion48_s339_cont120000,late_0p22_0p32,CDF_RUN_2:47,0.9638729095458984,0.3349953729225092,1.854624,1.262270403273702
lambda1_start_expansion48_s339_cont120000,late_0p22_0p32,CDF_RUN_2:48,0.9206528663635254,0.4344149545116246,1.824972,1.3135026216662062
lambda1_start_expansion48_s339_cont120000,late_0p22_0p32,CDF_RUN_2:49,0.8638743162155151,0.5369747743326755,1.69753,1.3115263888868411
lambda1_start_expansion48_s339_cont120000,late_0p22_0p32,CDF_RUN_2:50,0.758472204208374,0.6848781819867951,1.6449,1.3655672614527048
lambda1_start_expansion48_s339_cont120000,late_0p22_0p32,CDF_RUN_2:51,0.6065151691436768,0.8499258195752324,1.42279,1.3002882237578715
lambda1_start_expansion48_s339_cont120000,late_0p22_0p32,D0_RUN_1:14,1.2679293155670166,2.671437209028174e-06,2.589585,1.2679328462871895
lambda1_start_expansion48_s339_cont120000,late_0p22_0p32,D0_RUN_1:15,0.7804030179977417,0.2207503246456333,1.790634,1.003411835241817
lambda1_start_expansion48_s340_cont120000,early_0p18_0p28,CDF_RUN_1:30,1.4750699996948242,0.0892391852052237,2.72209,1.586353048456676
lambda1_start_expansion48_s340_cont120000,early_0p18_0p28,CDF_RUN_1:31,1.127812385559082,0.2263136792031131,2.51472,1.4416885504980188
lambda1_start_expansion48_s340_cont120000,early_0p18_0p28,CDF_RUN_1:32,0.8606598377227783,0.5139631863662977,2.180565,1.5390425006281045
lambda1_start_expansion48_s340_cont120000,early_0p18_0p28,CDF_RUN_1:33,0.7954658269882202,0.8606209544870957,1.75218,1.6188340917369506
lambda1_start_expansion48_s340_cont120000,early_0p18_0p28,CDF_RUN_1:34,0.6531486511230469,0.9935104948187734,1.478605,1.4732481967470865
lambda1_start_expansion48_s340_cont120000,early_0p18_0p28,CDF_RUN_1:35,0.39438557624816895,1.0,1.20233,1.20233
lambda1_start_expansion48_s340_cont120000,early_0p18_0p28,CDF_RUN_2:36,1.8994500637054443,0.0629515791727313,3.27554,1.9860770982788898
lambda1_start_expansion48_s340_cont120000,early_0p18_0p28,CDF_RUN_2:37,1.7057840824127197,0.1155267912377162,2.91722,1.8457373867616964
lambda1_start_expansion48_s340_cont120000,early_0p18_0p28,CDF_RUN_2:38,1.5206027030944824,0.1846215696118183,2.90854,1.7768458653719634
lambda1_start_expansion48_s340_cont120000,early_0p18_0p28,CDF_RUN_2:39,1.3597161769866943,0.2680057887944079,2.8682,1.7639985738569794
lambda1_start_expansion48_s340_cont120000,early_0p18_0p28,CDF_RUN_2:40,1.233120322227478,0.3622378472320013,2.4889,1.6880112493014927
lambda1_start_expansion48_s340_cont120000,early_0p18_0p28,CDF_RUN_2:41,1.1433818340301514,0.4630252256673241,2.31978,1.6880838603029669
lambda1_start_expansion48_s340_cont120000,early_0p18_0p28,CDF_RUN_2:42,1.0863207578659058,0.5655850454883751,2.33764,1.7940482083487965
lambda1_start_expansion48_s340_cont120000,early_0p18_0p28,CDF_RUN_2:43,1.05318021774292,0.6650046270774903,2.08436,1.7389195442926373
lambda1_start_expansion48_s340_cont120000,early_0p18_0p28,CDF_RUN_2:44,1.0333064794540405,0.7566020481604062,2.07474,1.8212572141220158
lambda1_start_expansion48_s340_cont120000,early_0p18_0p28,CDF_RUN_2:45,1.0165505409240723,0.8362867021553243,1.95146,1.798402889268498
lambda1_start_expansion48_s340_cont120000,early_0p18_0p28,CDF_RUN_2:46,0.994870662689209,0.9009198565219744,1.909664,1.819026144886505
lambda1_start_expansion48_s340_cont120000,early_0p18_0p28,CDF_RUN_2:47,0.9630621671676636,0.9486752111106782,1.854624,1.8088647771481037
lambda1_start_expansion48_s340_cont120000,early_0p18_0p28,CDF_RUN_2:48,0.9188247919082642,0.979399456511414,1.824972,1.8063048750326456
lambda1_start_expansion48_s340_cont120000,early_0p18_0p28,CDF_RUN_2:49,0.8623936176300049,0.99497283240288,1.69753,1.6933316294393737
lambda1_start_expansion48_s340_cont120000,early_0p18_0p28,CDF_RUN_2:50,0.7596466541290283,0.9998348419300568,1.6449,1.6447537932659853
lambda1_start_expansion48_s340_cont120000,early_0p18_0p28,CDF_RUN_2:51,0.612757682800293,1.0,1.42279,1.42279
lambda1_start_expansion48_s340_cont120000,early_0p18_0p28,D0_RUN_1:14,1.2824416160583496,0.1879104824806516,2.589585,1.528067560006217
lambda1_start_expansion48_s340_cont120000,early_0p18_0p28,D0_RUN_1:15,0.7873495817184448,0.7792496753543665,1.790634,1.5691586389524412
lambda1_start_expansion48_s340_cont120000,central_0p20_0p30,CDF_RUN_1:30,1.4750699996948242,0.0012197116639461,2.72209,1.4765910045343704
lambda1_start_expansion48_s340_cont120000,central_0p20_0p30,CDF_RUN_1:31,1.127812385559082,0.0258850748744865,2.51472,1.1637125930028804
lambda1_start_expansion48_s340_cont120000,central_0p20_0p30,CDF_RUN_1:32,0.8606598377227783,0.1831302917603498,2.180565,1.102374455186598
lambda1_start_expansion48_s340_cont120000,central_0p20_0p30,CDF_RUN_1:33,0.7954658269882202,0.549777686123881,1.75218,1.321445931308559
lambda1_start_expansion48_s340_cont120000,central_0p20_0p30,CDF_RUN_1:34,0.6531486511230469,0.8825037510074896,1.478605,1.381616975299905
lambda1_start_expansion48_s340_cont120000,central_0p20_0p30,CDF_RUN_1:35,0.39438557624816895,0.9960358801988642,1.20233,1.199127211511588
lambda1_start_expansion48_s340_cont120000,central_0p20_0p30,CDF_RUN_2:36,1.8994500637054443,5.164127530589625e-05,3.27554,1.8995211267446903
lambda1_start_expansion48_s340_cont120000,central_0p20_0p30,CDF_RUN_2:37,1.7057840824127197,0.0023877817219835,2.91722,1.708676726954089
lambda1_start_expansion48_s340_cont120000,central_0p20_0p30,CDF_RUN_2:38,1.5206027030944824,0.0134170653158552,2.90854,1.5392247484613752
lambda1_start_expansion48_s340_cont120000,central_0p20_0p30,CDF_RUN_2:39,1.3597161769866943,0.0383530844331178,2.8682,1.417571184416716
lambda1_start_expansion48_s340_cont120000,central_0p20_0p30,CDF_RUN_2:40,1.233120322227478,0.0798964211082592,2.4889,1.3334526241819855
lambda1_start_expansion48_s340_cont120000,central_0p20_0p30,CDF_RUN_2:41,1.1433818340301514,0.1385843072813845,2.31978,1.306412158948174
lambda1_start_expansion48_s340_cont120000,central_0p20_0p30,CDF_RUN_2:42,1.0863207578659058,0.2131511831472797,2.33764,1.3530409348217454
lambda1_start_expansion48_s340_cont120000,central_0p20_0p30,CDF_RUN_2:43,1.05318021774292,0.3008892555044757,2.08436,1.3634511347175202
lambda1_start_expansion48_s340_cont120000,central_0p20_0p30,CDF_RUN_2:44,1.0333064794540405,0.3980090561043118,2.07474,1.4478064519619283
lambda1_start_expansion48_s340_cont120000,central_0p20_0p30,CDF_RUN_2:45,1.0165505409240723,0.4999999999999999,1.95146,1.4840052704620361
lambda1_start_expansion48_s340_cont120000,central_0p20_0p30,CDF_RUN_2:46,0.994870662689209,0.6019909438956881,1.909664,1.5455679672864187
lambda1_start_expansion48_s340_cont120000,central_0p20_0p30,CDF_RUN_2:47,0.9630621671676636,0.6991107444955241,1.854624,1.5863626238828723
lambda1_start_expansion48_s340_cont120000,central_0p20_0p30,CDF_RUN_2:48,0.9188247919082642,0.7868488168527201,1.824972,1.631825650489642
lambda1_start_expansion48_s340_cont120000,central_0p20_0p30,CDF_RUN_2:49,0.8623936176300049,0.8614156927186152,1.69753,1.5817932029637727
lambda1_start_expansion48_s340_cont120000,central_0p20_0p30,CDF_RUN_2:50,0.7596466541290283,0.9408752472293116,1.6449,1.5925596147859542
lambda1_start_expansion48_s340_cont120000,central_0p20_0p30,CDF_RUN_2:51,0.612757682800293,0.9920975764810804,1.42279,1.416388781565476
lambda1_start_expansion48_s340_cont120000,central_0p20_0p30,D0_RUN_1:14,1.2824416160583496,0.0206608071262849,2.589585,1.3094482534003675
lambda1_start_expansion48_s340_cont120000,central_0p20_0p30,D0_RUN_1:15,0.7873495817184448,0.4999999999999999,1.790634,1.2889917908592223
lambda1_start_expansion48_s340_cont120000,late_0p22_0p32,CDF_RUN_1:30,1.4750699996948242,0.0,2.72209,1.4750699996948242
lambda1_start_expansion48_s340_cont120000,late_0p22_0p32,CDF_RUN_1:31,1.127812385559082,0.0,2.51472,1.127812385559082
lambda1_start_expansion48_s340_cont120000,late_0p22_0p32,CDF_RUN_1:32,0.8606598377227783,0.0193207037777613,2.180565,0.8861613343778745
lambda1_start_expansion48_s340_cont120000,late_0p22_0p32,CDF_RUN_1:33,0.7954658269882202,0.2102966915212009,1.75218,0.9966596523040394
lambda1_start_expansion48_s340_cont120000,late_0p22_0p32,CDF_RUN_1:34,0.6531486511230469,0.5852865232044726,1.478605,1.136277127614297
lambda1_start_expansion48_s340_cont120000,late_0p22_0p32,CDF_RUN_1:35,0.39438557624816895,0.9023365088655396,1.20233,1.1234233269337763
lambda1_start_expansion48_s340_cont120000,late_0p22_0p32,CDF_RUN_2:36,1.8994500637054443,0.0,3.27554,1.8994500637054443
lambda1_start_expansion48_s340_cont120000,late_0p22_0p32,CDF_RUN_2:37,1.7057840824127197,0.0,2.91722,1.7057840824127197
lambda1_start_expansion48_s340_cont120000,late_0p22_0p32,CDF_RUN_2:38,1.5206027030944824,0.0,2.90854,1.5206027030944824
lambda1_start_expansion48_s340_cont120000,late_0p22_0p32,CDF_RUN_2:39,1.3597161769866943,0.0,2.8682,1.3597161769866943
lambda1_start_expansion48_s340_cont120000,late_0p22_0p32,CDF_RUN_2:40,1.233120322227478,0.0003303151612864,2.4889,1.2335351252942817
lambda1_start_expansion48_s340_cont120000,late_0p22_0p32,CDF_RUN_2:41,1.1433818340301514,0.0050271675971199,2.31978,1.1492957847714265
lambda1_start_expansion48_s340_cont120000,late_0p22_0p32,CDF_RUN_2:42,1.0863207578659058,0.0206005434885857,2.33764,1.1120986143315934
lambda1_start_expansion48_s340_cont120000,late_0p22_0p32,CDF_RUN_2:43,1.05318021774292,0.0513247888893216,2.08436,1.1061053023742013
lambda1_start_expansion48_s340_cont120000,late_0p22_0p32,CDF_RUN_2:44,1.0333064794540405,0.0990801434780254,2.07474,1.1364918620925593
lambda1_start_expansion48_s340_cont120000,late_0p22_0p32,CDF_RUN_2:45,1.0165505409240723,0.1637132978446752,1.95146,1.1696076516555738
lambda1_start_expansion48_s340_cont120000,late_0p22_0p32,CDF_RUN_2:46,0.994870662689209,0.2433979518395934,1.909664,1.2175294873471618
lambda1_start_expansion48_s340_cont120000,late_0p22_0p32,CDF_RUN_2:47,0.9630621671676636,0.3349953729225092,1.854624,1.2617312558408078
lambda1_start_expansion48_s340_cont120000,late_0p22_0p32,CDF_RUN_2:48,0.9188247919082642,0.4344149545116246,1.824972,1.3124686900922713
lambda1_start_expansion48_s340_cont120000,late_0p22_0p32,CDF_RUN_2:49,0.8623936176300049,0.5369747743326755,1.69753,1.31084078809014
lambda1_start_expansion48_s340_cont120000,late_0p22_0p32,CDF_RUN_2:50,0.7596466541290283,0.6848781819867951,1.6449,1.3659373562468669
lambda1_start_expansion48_s340_cont120000,late_0p22_0p32,CDF_RUN_2:51,0.612757682800293,0.8499258195752324,1.42279,1.3012250638786786
lambda1_start_expansion48_s340_cont120000,late_0p22_0p32,D0_RUN_1:14,1.2824416160583496,2.671437209028174e-06,2.589585,1.2824451080098231
lambda1_start_expansion48_s340_cont120000,late_0p22_0p32,D0_RUN_1:15,0.7873495817184448,0.2207503246456333,1.790634,1.0088249427660034
lambda1_start_expansion48_s341_cont120000,early_0p18_0p28,CDF_RUN_1:30,1.4742299318313599,0.0892391852052237,2.72209,1.5855879475648642
lambda1_start_expansion48_s341_cont120000,early_0p18_0p28,CDF_RUN_1:31,1.1252163648605347,0.2263136792031131,2.51472,1.4396800447950473
lambda1_start_expansion48_s341_cont120000,early_0p18_0p28,CDF_RUN_1:32,0.860694169998169,0.5139631863662977,2.180565,1.53905918737784
lambda1_start_expansion48_s341_cont120000,early_0p18_0p28,CDF_RUN_1:33,0.7962108850479126,0.8606209544870957,1.75218,1.6189379372181623
lambda1_start_expansion48_s341_cont120000,early_0p18_0p28,CDF_RUN_1:34,0.6529991626739502,0.9935104948187734,1.478605,1.4732472266410217
lambda1_start_expansion48_s341_cont120000,early_0p18_0p28,CDF_RUN_1:35,0.39421510696411133,1.0,1.20233,1.20233
lambda1_start_expansion48_s341_cont120000,early_0p18_0p28,CDF_RUN_2:36,1.8735597133636475,0.0629515791727313,3.27554,1.9618165863764443
lambda1_start_expansion48_s341_cont120000,early_0p18_0p28,CDF_RUN_2:37,1.6664248704910278,0.1155267912377162,2.91722,1.810925218298963
lambda1_start_expansion48_s341_cont120000,early_0p18_0p28,CDF_RUN_2:38,1.4704293012619019,0.1846215696118183,2.90854,1.7359355557384784
lambda1_start_expansion48_s341_cont120000,early_0p18_0p28,CDF_RUN_2:39,1.3041365146636963,0.2680057887944079,2.8682,1.7233145827757834
lambda1_start_expansion48_s341_cont120000,early_0p18_0p28,CDF_RUN_2:40,1.178248405456543,0.3622378472320013,2.4889,1.6530160175351547
lambda1_start_expansion48_s341_cont120000,early_0p18_0p28,CDF_RUN_2:41,1.09438955783844,0.4630252256673241,2.31978,1.6617762438508783
lambda1_start_expansion48_s341_cont120000,early_0p18_0p28,CDF_RUN_2:42,1.046514630317688,0.5655850454883751,2.33764,1.7767558312606535
lambda1_start_expansion48_s341_cont120000,early_0p18_0p28,CDF_RUN_2:43,1.0238115787506104,0.6650046270774903,2.08436,1.729081186121182
lambda1_start_expansion48_s341_cont120000,early_0p18_0p28,CDF_RUN_2:44,1.0139394998550415,0.7566020481604062,2.07474,1.8165433309543002
lambda1_start_expansion48_s341_cont120000,early_0p18_0p28,CDF_RUN_2:45,1.0056215524673462,0.8362867021553243,1.95146,1.796613668526141
lambda1_start_expansion48_s341_cont120000,early_0p18_0p28,CDF_RUN_2:46,0.990217924118042,0.9009198565219744,1.909664,1.818565150881308
lambda1_start_expansion48_s341_cont120000,early_0p18_0p28,CDF_RUN_2:47,0.9623167514801025,0.9486752111106782,1.854624,1.8088265188453048
lambda1_start_expansion48_s341_cont120000,early_0p18_0p28,CDF_RUN_2:48,0.91965651512146,0.979399456511414,1.824972,1.8063220089828693
lambda1_start_expansion48_s341_cont120000,early_0p18_0p28,CDF_RUN_2:49,0.8626912832260132,0.99497283240288,1.69753,1.6933331258542126
lambda1_start_expansion48_s341_cont120000,early_0p18_0p28,CDF_RUN_2:50,0.7559090852737427,0.9998348419300568,1.6449,1.6447531759763268
lambda1_start_expansion48_s341_cont120000,early_0p18_0p28,CDF_RUN_2:51,0.6012516021728516,1.0,1.42279,1.42279
lambda1_start_expansion48_s341_cont120000,early_0p18_0p28,D0_RUN_1:14,1.2752882242202759,0.1879104824806516,2.589585,1.5222583654798085
lambda1_start_expansion48_s341_cont120000,early_0p18_0p28,D0_RUN_1:15,0.7846904993057251,0.7792496753543665,1.790634,1.568571645646574
lambda1_start_expansion48_s341_cont120000,central_0p20_0p30,CDF_RUN_1:30,1.4742299318313599,0.0012197116639461,2.72209,1.4757519613114778
lambda1_start_expansion48_s341_cont120000,central_0p20_0p30,CDF_RUN_1:31,1.1252163648605347,0.0258850748744865,2.51472,1.1611837704944907
lambda1_start_expansion48_s341_cont120000,central_0p20_0p30,CDF_RUN_1:32,0.860694169998169,0.1831302917603498,2.180565,1.1024025001823794
lambda1_start_expansion48_s341_cont120000,central_0p20_0p30,CDF_RUN_1:33,0.7962108850479126,0.549777686123881,1.75218,1.3217813730721657
lambda1_start_expansion48_s341_cont120000,central_0p20_0p30,CDF_RUN_1:34,0.6529991626739502,0.8825037510074896,1.478605,1.3815994109678684
lambda1_start_expansion48_s341_cont120000,central_0p20_0p30,CDF_RUN_1:35,0.39421510696411133,0.9960358801988642,1.20233,1.1991265357509238
lambda1_start_expansion48_s341_cont120000,central_0p20_0p30,CDF_RUN_2:36,1.8735597133636475,5.164127530589625e-05,3.27554,1.8736321134136031
lambda1_start_expansion48_s341_cont120000,central_0p20_0p30,CDF_RUN_2:37,1.6664248704910278,0.0023877817219835,2.91722,1.6694114962392155
lambda1_start_expansion48_s341_cont120000,central_0p20_0p30,CDF_RUN_2:38,1.4704293012619019,0.0134170653158552,2.90854,1.489724526438301
lambda1_start_expansion48_s341_cont120000,central_0p20_0p30,CDF_RUN_2:39,1.3041365146636963,0.0383530844331178,2.8682,1.3641231735755561
lambda1_start_expansion48_s341_cont120000,central_0p20_0p30,CDF_RUN_2:40,1.178248405456543,0.0798964211082592,2.4889,1.2829647771803985
lambda1_start_expansion48_s341_cont120000,central_0p20_0p30,CDF_RUN_2:41,1.09438955783844,0.1385843072813845,2.31978,1.2642094434146292
lambda1_start_expansion48_s341_cont120000,central_0p20_0p30,CDF_RUN_2:42,1.046514630317688,0.2131511831472797,2.33764,1.3217195304569418
lambda1_start_expansion48_s341_cont120000,central_0p20_0p30,CDF_RUN_2:43,1.0238115787506104,0.3008892555044757,2.08436,1.3429192036467863
lambda1_start_expansion48_s341_cont120000,central_0p20_0p30,CDF_RUN_2:44,1.0139394998550415,0.3980090561043118,2.07474,1.4361477056327183
lambda1_start_expansion48_s341_cont120000,central_0p20_0p30,CDF_RUN_2:45,1.0056215524673462,0.4999999999999999,1.95146,1.478540776233673
lambda1_start_expansion48_s341_cont120000,central_0p20_0p30,CDF_RUN_2:46,0.990217924118042,0.6019909438956881,1.909664,1.5437161351994082
lambda1_start_expansion48_s341_cont120000,central_0p20_0p30,CDF_RUN_2:47,0.9623167514801025,0.6991107444955241,1.854624,1.5861383363116006
lambda1_start_expansion48_s341_cont120000,central_0p20_0p30,CDF_RUN_2:48,0.91965651512146,0.7868488168527201,1.824972,1.6320029332765857
lambda1_start_expansion48_s341_cont120000,central_0p20_0p30,CDF_RUN_2:49,0.8626912832260132,0.8614156927186152,1.69753,1.581834454744197
lambda1_start_expansion48_s341_cont120000,central_0p20_0p30,CDF_RUN_2:50,0.7559090852737427,0.9408752472293116,1.6449,1.5923386319514221
lambda1_start_expansion48_s341_cont120000,central_0p20_0p30,CDF_RUN_2:51,0.6012516021728516,0.9920975764810804,1.42279,1.4162978556433152
lambda1_start_expansion48_s341_cont120000,central_0p20_0p30,D0_RUN_1:14,1.2752882242202759,0.0206608071262849,2.589585,1.302442656411359
lambda1_start_expansion48_s341_cont120000,central_0p20_0p30,D0_RUN_1:15,0.7846904993057251,0.4999999999999999,1.790634,1.2876622496528625
lambda1_start_expansion48_s341_cont120000,late_0p22_0p32,CDF_RUN_1:30,1.4742299318313599,0.0,2.72209,1.4742299318313599
lambda1_start_expansion48_s341_cont120000,late_0p22_0p32,CDF_RUN_1:31,1.1252163648605347,0.0,2.51472,1.1252163648605347
lambda1_start_expansion48_s341_cont120000,late_0p22_0p32,CDF_RUN_1:32,0.860694169998169,0.0193207037777613,2.180565,0.8861950033295423
lambda1_start_expansion48_s341_cont120000,late_0p22_0p32,CDF_RUN_1:33,0.7962108850479126,0.2102966915212009,1.75218,0.9972480271187871
lambda1_start_expansion48_s341_cont120000,late_0p22_0p32,CDF_RUN_1:34,0.6529991626739502,0.5852865232044726,1.478605,1.136215132739831
lambda1_start_expansion48_s341_cont120000,late_0p22_0p32,CDF_RUN_1:35,0.39421510696411133,0.9023365088655396,1.20233,1.123406678308364
lambda1_start_expansion48_s341_cont120000,late_0p22_0p32,CDF_RUN_2:36,1.8735597133636475,0.0,3.27554,1.8735597133636475
lambda1_start_expansion48_s341_cont120000,late_0p22_0p32,CDF_RUN_2:37,1.6664248704910278,0.0,2.91722,1.6664248704910278
lambda1_start_expansion48_s341_cont120000,late_0p22_0p32,CDF_RUN_2:38,1.4704293012619019,0.0,2.90854,1.4704293012619019
lambda1_start_expansion48_s341_cont120000,late_0p22_0p32,CDF_RUN_2:39,1.3041365146636963,0.0,2.8682,1.3041365146636963
lambda1_start_expansion48_s341_cont120000,late_0p22_0p32,CDF_RUN_2:40,1.178248405456543,0.0003303151612864,2.4889,1.1786813335493849
lambda1_start_expansion48_s341_cont120000,late_0p22_0p32,CDF_RUN_2:41,1.09438955783844,0.0050271675971199,2.31978,1.100549800963095
lambda1_start_expansion48_s341_cont120000,late_0p22_0p32,CDF_RUN_2:42,1.046514630317688,0.0206005434885857,2.33764,1.0731125146450449
lambda1_start_expansion48_s341_cont120000,late_0p22_0p32,CDF_RUN_2:43,1.0238115787506104,0.0513247888893216,2.08436,1.0782440025781386
lambda1_start_expansion48_s341_cont120000,late_0p22_0p32,CDF_RUN_2:44,1.0139394998550415,0.0990801434780254,2.07474,1.119043765610965
lambda1_start_expansion48_s341_cont120000,late_0p22_0p32,CDF_RUN_2:45,1.0056215524673462,0.1637132978446752,1.95146,1.1604678839412048
lambda1_start_expansion48_s341_cont120000,late_0p22_0p32,CDF_RUN_2:46,0.990217924118042,0.2433979518395934,1.909664,1.2140092158146618
lambda1_start_expansion48_s341_cont120000,late_0p22_0p32,CDF_RUN_2:47,0.9623167514801025,0.3349953729225092,1.854624,1.2612355509594835
lambda1_start_expansion48_s341_cont120000,late_0p22_0p32,CDF_RUN_2:48,0.91965651512146,0.4344149545116246,1.824972,1.3129391003036401
lambda1_start_expansion48_s341_cont120000,late_0p22_0p32,CDF_RUN_2:49,0.8626912832260132,0.5369747743326755,1.69753,1.3109786147699052
lambda1_start_expansion48_s341_cont120000,late_0p22_0p32,CDF_RUN_2:50,0.7559090852737427,0.6848781819867951,1.6449,1.3647595667542398
lambda1_start_expansion48_s341_cont120000,late_0p22_0p32,CDF_RUN_2:51,0.6012516021728516,0.8499258195752324,1.42279,1.299498298258614
lambda1_start_expansion48_s341_cont120000,late_0p22_0p32,D0_RUN_1:14,1.2752882242202759,2.671437209028174e-06,2.589585,1.2752917352815865
lambda1_start_expansion48_s341_cont120000,late_0p22_0p32,D0_RUN_1:15,0.7846904993057251,0.2207503246456333,1.790634,1.0067528536591512
lambda1_start_expansion48_s342_cont120000,early_0p18_0p28,CDF_RUN_1:30,1.4663496017456055,0.0892391852052237,2.72209,1.5784108517151108
lambda1_start_expansion48_s342_cont120000,early_0p18_0p28,CDF_RUN_1:31,1.124725580215454,0.2263136792031131,2.51472,1.4393003314286912
lambda1_start_expansion48_s342_cont120000,early_0p18_0p28,CDF_RUN_1:32,0.8611851930618286,0.5139631863662977,2.180565,1.5392978426631219
lambda1_start_expansion48_s342_cont120000,early_0p18_0p28,CDF_RUN_1:33,0.792232871055603,0.8606209544870957,1.75218,1.618383485424877
lambda1_start_expansion48_s342_cont120000,early_0p18_0p28,CDF_RUN_1:34,0.6518495082855225,0.9935104948187734,1.478605,1.4732397659529113
lambda1_start_expansion48_s342_cont120000,early_0p18_0p28,CDF_RUN_1:35,0.3939415216445923,1.0,1.20233,1.20233
lambda1_start_expansion48_s342_cont120000,early_0p18_0p28,CDF_RUN_2:36,1.8835113048553467,0.0629515791727313,3.27554,1.9711417094684591
lambda1_start_expansion48_s342_cont120000,early_0p18_0p28,CDF_RUN_2:37,1.6849572658538818,0.1155267912377162,2.91722,1.8273166254915978
lambda1_start_expansion48_s342_cont120000,early_0p18_0p28,CDF_RUN_2:38,1.4977526664733887,0.1846215696118183,2.90854,1.7582144383775435
lambda1_start_expansion48_s342_cont120000,early_0p18_0p28,CDF_RUN_2:39,1.337507724761963,0.2680057887944079,2.8682,1.74774211538864
lambda1_start_expansion48_s342_cont120000,early_0p18_0p28,CDF_RUN_2:40,1.2133123874664307,0.3622378472320013,2.4889,1.675378498186399
lambda1_start_expansion48_s342_cont120000,early_0p18_0p28,CDF_RUN_2:41,1.1267181634902954,0.4630252256673241,2.31978,1.6791358895752735
lambda1_start_expansion48_s342_cont120000,early_0p18_0p28,CDF_RUN_2:42,1.0728216171264648,0.5655850454883751,2.33764,1.7881839797385264
lambda1_start_expansion48_s342_cont120000,early_0p18_0p28,CDF_RUN_2:43,1.0425515174865723,0.6650046270774903,2.08436,1.7353589788865804
lambda1_start_expansion48_s342_cont120000,early_0p18_0p28,CDF_RUN_2:44,1.0252493619918823,0.7566020481604062,2.07474,1.8192961282339954
lambda1_start_expansion48_s342_cont120000,early_0p18_0p28,CDF_RUN_2:45,1.010866403579712,0.8362867021553243,1.95146,1.7974723203984506
lambda1_start_expansion48_s342_cont120000,early_0p18_0p28,CDF_RUN_2:46,0.9913438558578491,0.9009198565219744,1.909664,1.8186767083596347
lambda1_start_expansion48_s342_cont120000,early_0p18_0p28,CDF_RUN_2:47,0.9613287448883057,0.9486752111106782,1.854624,1.8087758096155595
lambda1_start_expansion48_s342_cont120000,early_0p18_0p28,CDF_RUN_2:48,0.9182724952697754,0.979399456511414,1.824972,1.8062934974217257
lambda1_start_expansion48_s342_cont120000,early_0p18_0p28,CDF_RUN_2:49,0.8622047901153564,0.99497283240288,1.69753,1.6933306801718104
lambda1_start_expansion48_s342_cont120000,early_0p18_0p28,CDF_RUN_2:50,0.7583233118057251,0.9998348419300568,1.6449,1.6447535747053212
lambda1_start_expansion48_s342_cont120000,early_0p18_0p28,CDF_RUN_2:51,0.6083328723907471,1.0,1.42279,1.42279
lambda1_start_expansion48_s342_cont120000,early_0p18_0p28,D0_RUN_1:14,1.274916172027588,0.1879104824806516,2.589585,1.5219562257941566
lambda1_start_expansion48_s342_cont120000,early_0p18_0p28,D0_RUN_1:15,0.7856892347335815,0.7792496753543665,1.790634,1.5687921168165082
lambda1_start_expansion48_s342_cont120000,central_0p20_0p30,CDF_RUN_1:30,1.4663496017456055,0.0012197116639461,2.72209,1.4678812429562447
lambda1_start_expansion48_s342_cont120000,central_0p20_0p30,CDF_RUN_1:31,1.124725580215454,0.0258850748744865,2.51472,1.1607056898466954
lambda1_start_expansion48_s342_cont120000,central_0p20_0p30,CDF_RUN_1:32,0.8611851930618286,0.1831302917603498,2.180565,1.1028036020491299
lambda1_start_expansion48_s342_cont120000,central_0p20_0p30,CDF_RUN_1:33,0.792232871055603,0.549777686123881,1.75218,1.3199903824079164
lambda1_start_expansion48_s342_cont120000,central_0p20_0p30,CDF_RUN_1:34,0.6518495082855225,0.8825037510074896,1.478605,1.3814643308895904
lambda1_start_expansion48_s342_cont120000,central_0p20_0p30,CDF_RUN_1:35,0.3939415216445923,0.9960358801988642,1.20233,1.1991254512259413
lambda1_start_expansion48_s342_cont120000,central_0p20_0p30,CDF_RUN_2:36,1.8835113048553467,5.164127530589625e-05,3.27554,1.8835831909924265
lambda1_start_expansion48_s342_cont120000,central_0p20_0p30,CDF_RUN_2:37,1.6849572658538818,0.0023877817219835,2.91722,1.6878996402871573
lambda1_start_expansion48_s342_cont120000,central_0p20_0p30,CDF_RUN_2:38,1.4977526664733887,0.0134170653158552,2.90854,1.5166812922740964
lambda1_start_expansion48_s342_cont120000,central_0p20_0p30,CDF_RUN_2:39,1.337507724761963,0.0383530844331178,2.8682,1.3962144948352886
lambda1_start_expansion48_s342_cont120000,central_0p20_0p30,CDF_RUN_2:40,1.2133123874664307,0.0798964211082592,2.4889,1.3152272725178915
lambda1_start_expansion48_s342_cont120000,central_0p20_0p30,CDF_RUN_2:41,1.1267181634902954,0.1385843072813845,2.31978,1.2920578116468493
lambda1_start_expansion48_s342_cont120000,central_0p20_0p30,CDF_RUN_2:42,1.0728216171264648,0.2131511831472797,2.33764,1.342419151902388
lambda1_start_expansion48_s342_cont120000,central_0p20_0p30,CDF_RUN_2:43,1.0425515174865723,0.3008892555044757,2.08436,1.3560204961682851
lambda1_start_expansion48_s342_cont120000,central_0p20_0p30,CDF_RUN_2:44,1.0252493619918823,0.3980090561043118,2.07474,1.4429561402158053
lambda1_start_expansion48_s342_cont120000,central_0p20_0p30,CDF_RUN_2:45,1.010866403579712,0.4999999999999999,1.95146,1.481163201789856
lambda1_start_expansion48_s342_cont120000,central_0p20_0p30,CDF_RUN_2:46,0.9913438558578491,0.6019909438956881,1.909664,1.5441642662284067
lambda1_start_expansion48_s342_cont120000,central_0p20_0p30,CDF_RUN_2:47,0.9613287448883057,0.6991107444955241,1.854624,1.5858410557437614
lambda1_start_expansion48_s342_cont120000,central_0p20_0p30,CDF_RUN_2:48,0.9182724952697754,0.7868488168527201,1.824972,1.6317079278077
lambda1_start_expansion48_s342_cont120000,central_0p20_0p30,CDF_RUN_2:49,0.8622047901153564,0.8614156927186152,1.69753,1.5817670344334593
lambda1_start_expansion48_s342_cont120000,central_0p20_0p30,CDF_RUN_2:50,0.7583233118057251,0.9408752472293116,1.6449,1.5924813724982578
lambda1_start_expansion48_s342_cont120000,central_0p20_0p30,CDF_RUN_2:51,0.6083328723907471,0.9920975764810804,1.42279,1.4163538148396289
lambda1_start_expansion48_s342_cont120000,central_0p20_0p30,D0_RUN_1:14,1.274916172027588,0.0206608071262849,2.589585,1.302078291117265
lambda1_start_expansion48_s342_cont120000,central_0p20_0p30,D0_RUN_1:15,0.7856892347335815,0.4999999999999999,1.790634,1.2881616173667907
lambda1_start_expansion48_s342_cont120000,late_0p22_0p32,CDF_RUN_1:30,1.4663496017456055,0.0,2.72209,1.4663496017456055
lambda1_start_expansion48_s342_cont120000,late_0p22_0p32,CDF_RUN_1:31,1.124725580215454,0.0,2.51472,1.124725580215454
lambda1_start_expansion48_s342_cont120000,late_0p22_0p32,CDF_RUN_1:32,0.8611851930618286,0.0193207037777613,2.180565,0.886676539482041
lambda1_start_expansion48_s342_cont120000,late_0p22_0p32,CDF_RUN_1:33,0.792232871055603,0.2102966915212009,1.75218,0.9941065763078853
lambda1_start_expansion48_s342_cont120000,late_0p22_0p32,CDF_RUN_1:34,0.6518495082855225,0.5852865232044726,1.478605,1.1357383555712932
lambda1_start_expansion48_s342_cont120000,late_0p22_0p32,CDF_RUN_1:35,0.3939415216445923,0.9023365088655396,1.20233,1.1233799590109368
lambda1_start_expansion48_s342_cont120000,late_0p22_0p32,CDF_RUN_2:36,1.8835113048553467,0.0,3.27554,1.8835113048553467
lambda1_start_expansion48_s342_cont120000,late_0p22_0p32,CDF_RUN_2:37,1.6849572658538818,0.0,2.91722,1.6849572658538818
lambda1_start_expansion48_s342_cont120000,late_0p22_0p32,CDF_RUN_2:38,1.4977526664733887,0.0,2.90854,1.4977526664733887
lambda1_start_expansion48_s342_cont120000,late_0p22_0p32,CDF_RUN_2:39,1.337507724761963,0.0,2.8682,1.337507724761963
lambda1_start_expansion48_s342_cont120000,late_0p22_0p32,CDF_RUN_2:40,1.2133123874664307,0.0003303151612864,2.4889,1.2137337333943996
lambda1_start_expansion48_s342_cont120000,late_0p22_0p32,CDF_RUN_2:41,1.1267181634902954,0.0050271675971199,2.31978,1.1327158852961574
lambda1_start_expansion48_s342_cont120000,late_0p22_0p32,CDF_RUN_2:42,1.0728216171264648,0.0206005434885857,2.33764,1.0988775632280139
lambda1_start_expansion48_s342_cont120000,late_0p22_0p32,CDF_RUN_2:43,1.0425515174865723,0.0513247888893216,2.08436,1.0960221179146785
lambda1_start_expansion48_s342_cont120000,late_0p22_0p32,CDF_RUN_2:44,1.0252493619918823,0.0990801434780254,2.07474,1.129233044984571
lambda1_start_expansion48_s342_cont120000,late_0p22_0p32,CDF_RUN_2:45,1.010866403579712,0.1637132978446752,1.95146,1.1648540831812608
lambda1_start_expansion48_s342_cont120000,late_0p22_0p32,CDF_RUN_2:46,0.9913438558578491,0.2433979518395934,1.909664,1.2148610980750887
lambda1_start_expansion48_s342_cont120000,late_0p22_0p32,CDF_RUN_2:47,0.9613287448883057,0.3349953729225092,1.854624,1.2605785220043555
lambda1_start_expansion48_s342_cont120000,late_0p22_0p32,CDF_RUN_2:48,0.9182724952697754,0.4344149545116246,1.824972,1.3121563193728685
lambda1_start_expansion48_s342_cont120000,late_0p22_0p32,CDF_RUN_2:49,0.8622047901153564,0.5369747743326755,1.69753,1.3107533561875577
lambda1_start_expansion48_s342_cont120000,late_0p22_0p32,CDF_RUN_2:50,0.7583233118057251,0.6848781819867951,1.6449,1.3655203422080937
lambda1_start_expansion48_s342_cont120000,late_0p22_0p32,CDF_RUN_2:51,0.6083328723907471,0.8499258195752324,1.42279,1.3005610140829311
lambda1_start_expansion48_s342_cont120000,late_0p22_0p32,D0_RUN_1:14,1.274916172027588,2.671437209028174e-06,2.589585,1.2749196840828125
lambda1_start_expansion48_s342_cont120000,late_0p22_0p32,D0_RUN_1:15,0.7856892347335815,0.2207503246456333,1.790634,1.0075311179170732
lambda1_start_expansion48_s343_cont120000,early_0p18_0p28,CDF_RUN_1:30,1.4619473218917847,0.0892391852052237,2.72209,1.5744014277284903
lambda1_start_expansion48_s343_cont120000,early_0p18_0p28,CDF_RUN_1:31,1.1105250120162964,0.2263136792031131,2.51472,1.4283135460654597
lambda1_start_expansion48_s343_cont120000,early_0p18_0p28,CDF_RUN_1:32,0.8471863269805908,0.5139631863662977,2.180565,1.5324938783985123
lambda1_start_expansion48_s343_cont120000,early_0p18_0p28,CDF_RUN_1:33,0.7916499376296997,0.8606209544870957,1.75218,1.6183022367203772
lambda1_start_expansion48_s343_cont120000,early_0p18_0p28,CDF_RUN_1:34,0.6527471542358398,0.9935104948187734,1.478605,1.4732455912309568
lambda1_start_expansion48_s343_cont120000,early_0p18_0p28,CDF_RUN_1:35,0.3897225856781006,1.0,1.20233,1.20233
lambda1_start_expansion48_s343_cont120000,early_0p18_0p28,CDF_RUN_2:36,1.8815176486968994,0.0629515791727313,3.27554,1.9692735571135136
lambda1_start_expansion48_s343_cont120000,early_0p18_0p28,CDF_RUN_2:37,1.6832126379013062,0.1155267912377162,2.91722,1.8257735488082867
lambda1_start_expansion48_s343_cont120000,early_0p18_0p28,CDF_RUN_2:38,1.495293378829956,0.1846215696118183,2.90854,1.7562091882789683
lambda1_start_expansion48_s343_cont120000,early_0p18_0p28,CDF_RUN_2:39,1.3340086936950684,0.2680057887944079,2.8682,1.7451808449028448
lambda1_start_expansion48_s343_cont120000,early_0p18_0p28,CDF_RUN_2:40,1.209031343460083,0.3622378472320013,2.4889,1.6726482103448164
lambda1_start_expansion48_s343_cont120000,early_0p18_0p28,CDF_RUN_2:41,1.1222342252731323,0.4630252256673241,2.31978,1.6767281278629906
lambda1_start_expansion48_s343_cont120000,early_0p18_0p28,CDF_RUN_2:42,1.0687193870544434,0.5655850454883751,2.33764,1.7864019096483927
lambda1_start_expansion48_s343_cont120000,early_0p18_0p28,CDF_RUN_2:43,1.0391935110092163,0.6650046270774903,2.08436,1.7342340622544223
lambda1_start_expansion48_s343_cont120000,early_0p18_0p28,CDF_RUN_2:44,1.022711992263794,0.7566020481604062,2.07474,1.818678537639119
lambda1_start_expansion48_s343_cont120000,early_0p18_0p28,CDF_RUN_2:45,1.0089771747589111,0.8362867021553243,1.95146,1.7971630285178142
lambda1_start_expansion48_s343_cont120000,early_0p18_0p28,CDF_RUN_2:46,0.9898310899734497,0.9009198565219744,1.909664,1.8185268232987597
lambda1_start_expansion48_s343_cont120000,early_0p18_0p28,CDF_RUN_2:47,0.959952712059021,0.9486752111106782,1.854624,1.8087051850210918
lambda1_start_expansion48_s343_cont120000,early_0p18_0p28,CDF_RUN_2:48,0.9168964624404907,0.979399456511414,1.824972,1.8062651503975844
lambda1_start_expansion48_s343_cont120000,early_0p18_0p28,CDF_RUN_2:49,0.8608095645904541,0.99497283240288,1.69753,1.693323666139261
lambda1_start_expansion48_s343_cont120000,early_0p18_0p28,CDF_RUN_2:50,0.7570056915283203,0.9998348419300568,1.6449,1.6447533570896993
lambda1_start_expansion48_s343_cont120000,early_0p18_0p28,CDF_RUN_2:51,0.60723876953125,1.0,1.42279,1.42279
lambda1_start_expansion48_s343_cont120000,early_0p18_0p28,D0_RUN_1:14,1.2661104202270508,0.1879104824806516,2.589585,1.5148051670630633
lambda1_start_expansion48_s343_cont120000,early_0p18_0p28,D0_RUN_1:15,0.7798981666564941,0.7792496753543665,1.790634,1.5675137366584462
lambda1_start_expansion48_s343_cont120000,central_0p20_0p30,CDF_RUN_1:30,1.4619473218917847,0.0012197116639461,2.72209,1.4634843326145095
lambda1_start_expansion48_s343_cont120000,central_0p20_0p30,CDF_RUN_1:31,1.1105250120162964,0.0258850748744865,2.51472,1.146872704418633
lambda1_start_expansion48_s343_cont120000,central_0p20_0p30,CDF_RUN_1:32,0.8471863269805908,0.1831302917603498,2.180565,1.0913683523976632
lambda1_start_expansion48_s343_cont120000,central_0p20_0p30,CDF_RUN_1:33,0.7916499376296997,0.549777686123881,1.75218,1.3197279327720706
lambda1_start_expansion48_s343_cont120000,central_0p20_0p30,CDF_RUN_1:34,0.6527471542358398,0.8825037510074896,1.478605,1.381569800921676
lambda1_start_expansion48_s343_cont120000,central_0p20_0p30,CDF_RUN_1:35,0.3897225856781006,0.9960358801988642,1.20233,1.199108726858337
lambda1_start_expansion48_s343_cont120000,central_0p20_0p30,CDF_RUN_2:36,1.8815176486968994,5.164127530589625e-05,3.27554,1.8815896377889256
lambda1_start_expansion48_s343_cont120000,central_0p20_0p30,CDF_RUN_2:37,1.6832126379013062,0.0023877817219835,2.91722,1.6861591781253185
lambda1_start_expansion48_s343_cont120000,central_0p20_0p30,CDF_RUN_2:38,1.495293378829956,0.0134170653158552,2.90854,1.5142550010536062
lambda1_start_expansion48_s343_cont120000,central_0p20_0p30,CDF_RUN_2:39,1.3340086936950684,0.0383530844331178,2.8682,1.3928496624023368
lambda1_start_expansion48_s343_cont120000,central_0p20_0p30,CDF_RUN_2:40,1.209031343460083,0.0798964211082592,2.4889,1.3112882686062584
lambda1_start_expansion48_s343_cont120000,central_0p20_0p30,CDF_RUN_2:41,1.1222342252731323,0.1385843072813845,2.31978,1.2881952769014042
lambda1_start_expansion48_s343_cont120000,central_0p20_0p30,CDF_RUN_2:42,1.0687193870544434,0.2131511831472797,2.33764,1.3391913170237602
lambda1_start_expansion48_s343_cont120000,central_0p20_0p30,CDF_RUN_2:43,1.0391935110092163,0.3008892555044757,2.08436,1.35367287775988
lambda1_start_expansion48_s343_cont120000,central_0p20_0p30,CDF_RUN_2:44,1.022711992263794,0.3980090561043118,2.07474,1.4414286666181808
lambda1_start_expansion48_s343_cont120000,central_0p20_0p30,CDF_RUN_2:45,1.0089771747589111,0.4999999999999999,1.95146,1.4802185873794556
lambda1_start_expansion48_s343_cont120000,central_0p20_0p30,CDF_RUN_2:46,0.9898310899734497,0.6019909438956881,1.909664,1.54356217170665
lambda1_start_expansion48_s343_cont120000,central_0p20_0p30,CDF_RUN_2:47,0.959952712059021,0.6991107444955241,1.854624,1.5854270222502083
lambda1_start_expansion48_s343_cont120000,central_0p20_0p30,CDF_RUN_2:48,0.9168964624404907,0.7868488168527201,1.824972,1.6314146247820884
lambda1_start_expansion48_s343_cont120000,central_0p20_0p30,CDF_RUN_2:49,0.8608095645904541,0.8614156927186152,1.69753,1.5815736780705896
lambda1_start_expansion48_s343_cont120000,central_0p20_0p30,CDF_RUN_2:50,0.7570056915283203,0.9408752472293116,1.6449,1.5924034685251107
lambda1_start_expansion48_s343_cont120000,central_0p20_0p30,CDF_RUN_2:51,0.60723876953125,0.9920975764810804,1.42279,1.41634516877546
lambda1_start_expansion48_s343_cont120000,central_0p20_0p30,D0_RUN_1:14,1.2661104202270508,0.0206608071262849,2.589585,1.2934544732562807
lambda1_start_expansion48_s343_cont120000,central_0p20_0p30,D0_RUN_1:15,0.7798981666564941,0.4999999999999999,1.790634,1.285266083328247
lambda1_start_expansion48_s343_cont120000,late_0p22_0p32,CDF_RUN_1:30,1.4619473218917847,0.0,2.72209,1.4619473218917847
lambda1_start_expansion48_s343_cont120000,late_0p22_0p32,CDF_RUN_1:31,1.1105250120162964,0.0,2.51472,1.1105250120162964
lambda1_start_expansion48_s343_cont120000,late_0p22_0p32,CDF_RUN_1:32,0.8471863269805908,0.0193207037777613,2.180565,0.8729481413455833
lambda1_start_expansion48_s343_cont120000,late_0p22_0p32,CDF_RUN_1:33,0.7916499376296997,0.2102966915212009,1.75218,0.9936462318528267
lambda1_start_expansion48_s343_cont120000,late_0p22_0p32,CDF_RUN_1:34,0.6527471542358398,0.5852865232044726,1.478605,1.1361106214442807
lambda1_start_expansion48_s343_cont120000,late_0p22_0p32,CDF_RUN_1:35,0.3897225856781006,0.9023365088655396,1.20233,1.1229679229955765
lambda1_start_expansion48_s343_cont120000,late_0p22_0p32,CDF_RUN_2:36,1.8815176486968994,0.0,3.27554,1.8815176486968994
lambda1_start_expansion48_s343_cont120000,late_0p22_0p32,CDF_RUN_2:37,1.6832126379013062,0.0,2.91722,1.6832126379013062
lambda1_start_expansion48_s343_cont120000,late_0p22_0p32,CDF_RUN_2:38,1.495293378829956,0.0,2.90854,1.495293378829956
lambda1_start_expansion48_s343_cont120000,late_0p22_0p32,CDF_RUN_2:39,1.3340086936950684,0.0,2.8682,1.3340086936950684
lambda1_start_expansion48_s343_cont120000,late_0p22_0p32,CDF_RUN_2:40,1.209031343460083,0.0003303151612864,2.4889,1.2094541034817934
lambda1_start_expansion48_s343_cont120000,late_0p22_0p32,CDF_RUN_2:41,1.1222342252731323,0.0050271675971199,2.31978,1.1282544885879071
lambda1_start_expansion48_s343_cont120000,late_0p22_0p32,CDF_RUN_2:42,1.0687193870544434,0.0206005434885857,2.33764,1.0948598413249913
lambda1_start_expansion48_s343_cont120000,late_0p22_0p32,CDF_RUN_2:43,1.0391935110092163,0.0513247888893216,2.08436,1.0928364604108618
lambda1_start_expansion48_s343_cont120000,late_0p22_0p32,CDF_RUN_2:44,1.022711992263794,0.0990801434780254,2.07474,1.1269470782131985
lambda1_start_expansion48_s343_cont120000,late_0p22_0p32,CDF_RUN_2:45,1.0089771747589111,0.1637132978446752,1.95146,1.1632741462410965
lambda1_start_expansion48_s343_cont120000,late_0p22_0p32,CDF_RUN_2:46,0.9898310899734497,0.2433979518395934,1.909664,1.213716536308565
lambda1_start_expansion48_s343_cont120000,late_0p22_0p32,CDF_RUN_2:47,0.959952712059021,0.3349953729225092,1.854624,1.2596634538058709
lambda1_start_expansion48_s343_cont120000,late_0p22_0p32,CDF_RUN_2:48,0.9168964624404907,0.4344149545116246,1.824972,1.3113780557825239
lambda1_start_expansion48_s343_cont120000,late_0p22_0p32,CDF_RUN_2:49,0.8608095645904541,0.5369747743326755,1.69753,1.310107331574033
lambda1_start_expansion48_s343_cont120000,late_0p22_0p32,CDF_RUN_2:50,0.7570056915283203,0.6848781819867951,1.6449,1.365105131310827
lambda1_start_expansion48_s343_cont120000,late_0p22_0p32,CDF_RUN_2:51,0.60723876953125,0.8499258195752324,1.42279,1.3003968174929916
lambda1_start_expansion48_s343_cont120000,late_0p22_0p32,D0_RUN_1:14,1.2661104202270508,2.671437209028174e-06,2.589585,1.2661139558062884
lambda1_start_expansion48_s343_cont120000,late_0p22_0p32,D0_RUN_1:15,0.7798981666564941,0.2207503246456333,1.790634,1.0030184299980478
lambda1_start_expansion48_s344_cont120000,early_0p18_0p28,CDF_RUN_1:30,1.486471176147461,0.0892391852052237,2.72209,1.5967367932122984
lambda1_start_expansion48_s344_cont120000,early_0p18_0p28,CDF_RUN_1:31,1.1398869752883911,0.2263136792031131,2.51472,1.45103049540082
lambda1_start_expansion48_s344_cont120000,early_0p18_0p28,CDF_RUN_1:32,0.8720980882644653,0.5139631863662977,2.180565,1.5446019114749299
lambda1_start_expansion48_s344_cont120000,early_0p18_0p28,CDF_RUN_1:33,0.7999163866043091,0.8606209544870957,1.75218,1.6194544064882395
lambda1_start_expansion48_s344_cont120000,early_0p18_0p28,CDF_RUN_1:34,0.6533032655715942,0.9935104948187734,1.478605,1.4732492001183515
lambda1_start_expansion48_s344_cont120000,early_0p18_0p28,CDF_RUN_1:35,0.3982490301132202,1.0,1.20233,1.20233
lambda1_start_expansion48_s344_cont120000,early_0p18_0p28,CDF_RUN_2:36,1.888583779335022,0.0629515791727313,3.27554,1.9758948636693254
lambda1_start_expansion48_s344_cont120000,early_0p18_0p28,CDF_RUN_2:37,1.6840382814407349,0.1155267912377162,2.91722,1.8265038083988991
lambda1_start_expansion48_s344_cont120000,early_0p18_0p28,CDF_RUN_2:38,1.4882028102874756,0.1846215696118183,2.90854,1.7504276916302408
lambda1_start_expansion48_s344_cont120000,early_0p18_0p28,CDF_RUN_2:39,1.3201894760131836,0.2680057887944079,2.8682,1.735065257556315
lambda1_start_expansion48_s344_cont120000,early_0p18_0p28,CDF_RUN_2:40,1.191725492477417,0.3622378472320013,2.4889,1.6616111935666291
lambda1_start_expansion48_s344_cont120000,early_0p18_0p28,CDF_RUN_2:41,1.1053763628005981,0.4630252256673241,2.31978,1.6676758809660703
lambda1_start_expansion48_s344_cont120000,early_0p18_0p28,CDF_RUN_2:42,1.0555974245071411,0.5655850454883751,2.33764,1.7807015328853033
lambda1_start_expansion48_s344_cont120000,early_0p18_0p28,CDF_RUN_2:43,1.0316113233566284,0.6650046270774903,2.08436,1.7316940644741752
lambda1_start_expansion48_s344_cont120000,early_0p18_0p28,CDF_RUN_2:44,1.0207804441452026,0.7566020481604062,2.07474,1.8182084027831742
lambda1_start_expansion48_s344_cont120000,early_0p18_0p28,CDF_RUN_2:45,1.0114961862564087,0.8362867021553243,1.95146,1.797575424197378
lambda1_start_expansion48_s344_cont120000,early_0p18_0p28,CDF_RUN_2:46,0.994951605796814,0.9009198565219744,1.909664,1.81903416474122
lambda1_start_expansion48_s344_cont120000,early_0p18_0p28,CDF_RUN_2:47,0.9658074378967285,0.9486752111106782,1.854624,1.8090056775887169
lambda1_start_expansion48_s344_cont120000,early_0p18_0p28,CDF_RUN_2:48,0.9220383167266846,0.979399456511414,1.824972,1.806371075390419
lambda1_start_expansion48_s344_cont120000,early_0p18_0p28,CDF_RUN_2:49,0.8643707036972046,0.99497283240288,1.69753,1.6933415685823874
lambda1_start_expansion48_s344_cont120000,early_0p18_0p28,CDF_RUN_2:50,0.7576777935028076,0.9998348419300568,1.6449,1.6447534680927642
lambda1_start_expansion48_s344_cont120000,early_0p18_0p28,CDF_RUN_2:51,0.6045358180999756,1.0,1.42279,1.42279
lambda1_start_expansion48_s344_cont120000,early_0p18_0p28,D0_RUN_1:14,1.2877914905548096,0.1879104824806516,2.589585,1.5324121370048363
lambda1_start_expansion48_s344_cont120000,early_0p18_0p28,D0_RUN_1:15,0.7899030447006226,0.7792496753543665,1.790634,1.5697223167347276
lambda1_start_expansion48_s344_cont120000,central_0p20_0p30,CDF_RUN_1:30,1.486471176147461,0.0012197116639461,2.72209,1.4879782748391053
lambda1_start_expansion48_s344_cont120000,central_0p20_0p30,CDF_RUN_1:31,1.1398869752883911,0.0258850748744865,2.51472,1.1754746310729678
lambda1_start_expansion48_s344_cont120000,central_0p20_0p30,CDF_RUN_1:32,0.8720980882644653,0.1831302917603498,2.180565,1.1117180155693576
lambda1_start_expansion48_s344_cont120000,central_0p20_0p30,CDF_RUN_1:33,0.7999163866043091,0.549777686123881,1.75218,1.323449672556958
lambda1_start_expansion48_s344_cont120000,central_0p20_0p30,CDF_RUN_1:34,0.6533032655715942,0.8825037510074896,1.478605,1.3816351419176494
lambda1_start_expansion48_s344_cont120000,central_0p20_0p30,CDF_RUN_1:35,0.3982490301132202,0.9960358801988642,1.20233,1.1991425267055553
lambda1_start_expansion48_s344_cont120000,central_0p20_0p30,CDF_RUN_2:36,1.888583779335022,5.164127530589625e-05,3.27554,1.8886554035230507
lambda1_start_expansion48_s344_cont120000,central_0p20_0p30,CDF_RUN_2:37,1.6840382814407349,0.0023877817219835,2.91722,1.686982850208195
lambda1_start_expansion48_s344_cont120000,central_0p20_0p30,CDF_RUN_2:38,1.4882028102874756,0.0134170653158552,2.90854,1.5072595671323867
lambda1_start_expansion48_s344_cont120000,central_0p20_0p30,CDF_RUN_2:39,1.3201894760131836,0.0383530844331178,2.8682,1.379560454343005
lambda1_start_expansion48_s344_cont120000,central_0p20_0p30,CDF_RUN_2:40,1.191725492477417,0.0798964211082592,2.4889,1.2953650931813399
lambda1_start_expansion48_s344_cont120000,central_0p20_0p30,CDF_RUN_2:41,1.1053763628005981,0.1385843072813845,2.31978,1.273673649621871
lambda1_start_expansion48_s344_cont120000,central_0p20_0p30,CDF_RUN_2:42,1.0555974245071411,0.2131511831472797,2.33764,1.3288663163186296
lambda1_start_expansion48_s344_cont120000,central_0p20_0p30,CDF_RUN_2:43,1.0316113233566284,0.3008892555044757,2.08436,1.3483720889051747
lambda1_start_expansion48_s344_cont120000,central_0p20_0p30,CDF_RUN_2:44,1.0207804441452026,0.3980090561043118,2.07474,1.4402658921430902
lambda1_start_expansion48_s344_cont120000,central_0p20_0p30,CDF_RUN_2:45,1.0114961862564087,0.4999999999999999,1.95146,1.4814780931282043
lambda1_start_expansion48_s344_cont120000,central_0p20_0p30,CDF_RUN_2:46,0.994951605796814,0.6019909438956881,1.909664,1.5456001833762745
lambda1_start_expansion48_s344_cont120000,central_0p20_0p30,CDF_RUN_2:47,0.9658074378967285,0.6991107444955241,1.854624,1.5871886463486988
lambda1_start_expansion48_s344_cont120000,central_0p20_0p30,CDF_RUN_2:48,0.9220383167266846,0.7868488168527201,1.824972,1.6325106171067616
lambda1_start_expansion48_s344_cont120000,central_0p20_0p30,CDF_RUN_2:49,0.8643707036972046,0.8614156927186152,1.69753,1.582067196066831
lambda1_start_expansion48_s344_cont120000,central_0p20_0p30,CDF_RUN_2:50,0.7576777935028076,0.9408752472293116,1.6449,1.592443206388189
lambda1_start_expansion48_s344_cont120000,central_0p20_0p30,CDF_RUN_2:51,0.6045358180999756,0.9920975764810804,1.42279,1.4163238089084988
lambda1_start_expansion48_s344_cont120000,central_0p20_0p30,D0_RUN_1:14,1.2877914905548096,0.0206608071262849,2.589585,1.3146875951717063
lambda1_start_expansion48_s344_cont120000,central_0p20_0p30,D0_RUN_1:15,0.7899030447006226,0.4999999999999999,1.790634,1.2902685223503112
lambda1_start_expansion48_s344_cont120000,late_0p22_0p32,CDF_RUN_1:30,1.486471176147461,0.0,2.72209,1.486471176147461
lambda1_start_expansion48_s344_cont120000,late_0p22_0p32,CDF_RUN_1:31,1.1398869752883911,0.0,2.51472,1.1398869752883911
lambda1_start_expansion48_s344_cont120000,late_0p22_0p32,CDF_RUN_1:32,0.8720980882644653,0.0193207037777613,2.180565,0.8973785898691098
lambda1_start_expansion48_s344_cont120000,late_0p22_0p32,CDF_RUN_1:33,0.7999163866043091,0.2102966915212009,1.75218,1.0001742739574468
lambda1_start_expansion48_s344_cont120000,late_0p22_0p32,CDF_RUN_1:34,0.6533032655715942,0.5852865232044726,1.478605,1.1363412483098168
lambda1_start_expansion48_s344_cont120000,late_0p22_0p32,CDF_RUN_1:35,0.3982490301132202,0.9023365088655396,1.20233,1.1238006453260743
lambda1_start_expansion48_s344_cont120000,late_0p22_0p32,CDF_RUN_2:36,1.888583779335022,0.0,3.27554,1.888583779335022
lambda1_start_expansion48_s344_cont120000,late_0p22_0p32,CDF_RUN_2:37,1.6840382814407349,0.0,2.91722,1.6840382814407349
lambda1_start_expansion48_s344_cont120000,late_0p22_0p32,CDF_RUN_2:38,1.4882028102874756,0.0,2.90854,1.4882028102874756
lambda1_start_expansion48_s344_cont120000,late_0p22_0p32,CDF_RUN_2:39,1.3201894760131836,0.0,2.8682,1.3201894760131836
lambda1_start_expansion48_s344_cont120000,late_0p22_0p32,CDF_RUN_2:40,1.191725492477417,0.0003303151612864,2.4889,1.1921539688840859
lambda1_start_expansion48_s344_cont120000,late_0p22_0p32,CDF_RUN_2:41,1.1053763628005981,0.0050271675971199,2.31978,1.1114813734153515
lambda1_start_expansion48_s344_cont120000,late_0p22_0p32,CDF_RUN_2:42,1.0555974245071411,0.0206005434885857,2.33764,1.0820081983378003
lambda1_start_expansion48_s344_cont120000,late_0p22_0p32,CDF_RUN_2:43,1.0316113233566284,0.0513247888893216,2.08436,1.0856434269388622
lambda1_start_expansion48_s344_cont120000,late_0p22_0p32,CDF_RUN_2:44,1.0207804441452026,0.0990801434780254,2.07474,1.1252069081593319
lambda1_start_expansion48_s344_cont120000,late_0p22_0p32,CDF_RUN_2:45,1.0114961862564087,0.1637132978446752,1.95146,1.1653807620590302
lambda1_start_expansion48_s344_cont120000,late_0p22_0p32,CDF_RUN_2:46,0.994951605796814,0.2433979518395934,1.909664,1.2175907290681602
lambda1_start_expansion48_s344_cont120000,late_0p22_0p32,CDF_RUN_2:47,0.9658074378967285,0.3349953729225092,1.854624,1.2635568735782163
lambda1_start_expansion48_s344_cont120000,late_0p22_0p32,CDF_RUN_2:48,0.9220383167266846,0.4344149545116246,1.824972,1.3142862116728755
lambda1_start_expansion48_s344_cont120000,late_0p22_0p32,CDF_RUN_2:49,0.8643707036972046,0.5369747743326755,1.69753,1.3117562288125688
lambda1_start_expansion48_s344_cont120000,late_0p22_0p32,CDF_RUN_2:50,0.7576777935028076,0.6848781819867951,1.6449,1.3653169253069177
lambda1_start_expansion48_s344_cont120000,late_0p22_0p32,CDF_RUN_2:51,0.6045358180999756,0.8499258195752324,1.42279,1.2999911742722152
lambda1_start_expansion48_s344_cont120000,late_0p22_0p32,D0_RUN_1:14,1.2877914905548096,2.671437209028174e-06,2.589585,1.2877949682144292
lambda1_start_expansion48_s344_cont120000,late_0p22_0p32,D0_RUN_1:15,0.7899030447006226,0.2207503246456333,1.790634,1.010814727965895
lambda1_start_expansion48_s345_cont120000,early_0p18_0p28,CDF_RUN_1:30,1.459359049797058,0.0892391852052237,2.72209,1.5720441309265865
lambda1_start_expansion48_s345_cont120000,early_0p18_0p28,CDF_RUN_1:31,1.1125324964523315,0.2263136792031131,2.51472,1.4298667093128326
lambda1_start_expansion48_s345_cont120000,early_0p18_0p28,CDF_RUN_1:32,0.8492153882980347,0.5139631863662977,2.180565,1.53348007689591
lambda1_start_expansion48_s345_cont120000,early_0p18_0p28,CDF_RUN_1:33,0.7898232936859131,0.8606209544870957,1.75218,1.6180476408310003
lambda1_start_expansion48_s345_cont120000,early_0p18_0p28,CDF_RUN_1:34,0.6521812677383423,0.9935104948187734,1.478605,1.4732419189075994
lambda1_start_expansion48_s345_cont120000,early_0p18_0p28,CDF_RUN_1:35,0.3902554512023926,1.0,1.20233,1.20233
lambda1_start_expansion48_s345_cont120000,early_0p18_0p28,CDF_RUN_2:36,1.883546233177185,0.0629515791727313,3.27554,1.9711744389972798
lambda1_start_expansion48_s345_cont120000,early_0p18_0p28,CDF_RUN_2:37,1.6840274333953857,0.1155267912377162,2.91722,1.8264942135934203
lambda1_start_expansion48_s345_cont120000,early_0p18_0p28,CDF_RUN_2:38,1.4950978755950928,0.1846215696118183,2.90854,1.7560497791581897
lambda1_start_expansion48_s345_cont120000,early_0p18_0p28,CDF_RUN_2:39,1.3330504894256592,0.2680057887944079,2.8682,1.7444794449244847
lambda1_start_expansion48_s345_cont120000,early_0p18_0p28,CDF_RUN_2:40,1.2076069116592407,0.3622378472320013,2.4889,1.6717397616530398
lambda1_start_expansion48_s345_cont120000,early_0p18_0p28,CDF_RUN_2:41,1.1207008361816406,0.4630252256673241,2.31978,1.6759047366016229
lambda1_start_expansion48_s345_cont120000,early_0p18_0p28,CDF_RUN_2:42,1.0674571990966797,0.5655850454883751,2.33764,1.7858535963241358
lambda1_start_expansion48_s345_cont120000,early_0p18_0p28,CDF_RUN_2:43,1.0385546684265137,0.6650046270774903,2.08436,1.734020052945191
lambda1_start_expansion48_s345_cont120000,early_0p18_0p28,CDF_RUN_2:44,1.0229284763336182,0.7566020481604062,2.07474,1.81873122941832
lambda1_start_expansion48_s345_cont120000,early_0p18_0p28,CDF_RUN_2:45,1.01012122631073,0.8362867021553243,1.95146,1.7973503249702667
lambda1_start_expansion48_s345_cont120000,early_0p18_0p28,CDF_RUN_2:46,0.9917885065078735,0.9009198565219744,1.909664,1.8187207644098367
lambda1_start_expansion48_s345_cont120000,early_0p18_0p28,CDF_RUN_2:47,0.9624491930007935,0.9486752111106782,1.854624,1.8088333163783945
lambda1_start_expansion48_s345_cont120000,early_0p18_0p28,CDF_RUN_2:48,0.9195644855499268,0.979399456511414,1.824972,1.8063201131236788
lambda1_start_expansion48_s345_cont120000,early_0p18_0p28,CDF_RUN_2:49,0.8632630109786987,0.99497283240288,1.69753,1.6933360000254454
lambda1_start_expansion48_s345_cont120000,early_0p18_0p28,CDF_RUN_2:50,0.7585773468017578,0.9998348419300568,1.6449,1.6447536166612509
lambda1_start_expansion48_s345_cont120000,early_0p18_0p28,CDF_RUN_2:51,0.6073472499847412,1.0,1.42279,1.42279
lambda1_start_expansion48_s345_cont120000,early_0p18_0p28,D0_RUN_1:14,1.2664765119552612,0.1879104824806516,2.589585,1.5151024663179937
lambda1_start_expansion48_s345_cont120000,early_0p18_0p28,D0_RUN_1:15,0.7804268598556519,0.7792496753543665,1.790634,1.5676304458537982
lambda1_start_expansion48_s345_cont120000,central_0p20_0p30,CDF_RUN_1:30,1.459359049797058,0.0012197116639461,2.72209,1.4608992174654463
lambda1_start_expansion48_s345_cont120000,central_0p20_0p30,CDF_RUN_1:31,1.1125324964523315,0.0258850748744865,2.51472,1.1488282249697321
lambda1_start_expansion48_s345_cont120000,central_0p20_0p30,CDF_RUN_1:32,0.8492153882980347,0.1831302917603498,2.180565,1.0930258311240442
lambda1_start_expansion48_s345_cont120000,central_0p20_0p30,CDF_RUN_1:33,0.7898232936859131,0.549777686123881,1.75218,1.3189055369090712
lambda1_start_expansion48_s345_cont120000,central_0p20_0p30,CDF_RUN_1:34,0.6521812677383423,0.8825037510074896,1.478605,1.3815033113808646
lambda1_start_expansion48_s345_cont120000,central_0p20_0p30,CDF_RUN_1:35,0.3902554512023926,0.9960358801988642,1.20233,1.199110839201113
lambda1_start_expansion48_s345_cont120000,central_0p20_0p30,CDF_RUN_2:36,1.883546233177185,5.164127530589625e-05,3.27554,1.8836181175105218
lambda1_start_expansion48_s345_cont120000,central_0p20_0p30,CDF_RUN_2:37,1.6840274333953857,0.0023877817219835,2.91722,1.6869720280656102
lambda1_start_expansion48_s345_cont120000,central_0p20_0p30,CDF_RUN_2:38,1.4950978755950928,0.0134170653158552,2.90854,1.5140621208984146
lambda1_start_expansion48_s345_cont120000,central_0p20_0p30,CDF_RUN_2:39,1.3330504894256592,0.0383530844331178,2.8682,1.3919282082221764
lambda1_start_expansion48_s345_cont120000,central_0p20_0p30,CDF_RUN_2:40,1.2076069116592407,0.0798964211082592,2.4889,1.3099776438084159
lambda1_start_expansion48_s345_cont120000,central_0p20_0p30,CDF_RUN_2:41,1.1207008361816406,0.1385843072813845,2.31978,1.2868743914749499
lambda1_start_expansion48_s345_cont120000,central_0p20_0p30,CDF_RUN_2:42,1.0674571990966797,0.2131511831472797,2.33764,1.3381981659225481
lambda1_start_expansion48_s345_cont120000,central_0p20_0p30,CDF_RUN_2:43,1.0385546684265137,0.3008892555044757,2.08436,1.3532262560462713
lambda1_start_expansion48_s345_cont120000,central_0p20_0p30,CDF_RUN_2:44,1.0229284763336182,0.3980090561043118,2.07474,1.4415589880677127
lambda1_start_expansion48_s345_cont120000,central_0p20_0p30,CDF_RUN_2:45,1.01012122631073,0.4999999999999999,1.95146,1.480790613155365
lambda1_start_expansion48_s345_cont120000,central_0p20_0p30,CDF_RUN_2:46,0.9917885065078735,0.6019909438956881,1.909664,1.5443412412139192
lambda1_start_expansion48_s345_cont120000,central_0p20_0p30,CDF_RUN_2:47,0.9624491930007935,0.6991107444955241,1.854624,1.5861781865421594
lambda1_start_expansion48_s345_cont120000,central_0p20_0p30,CDF_RUN_2:48,0.9195644855499268,0.7868488168527201,1.824972,1.631983317064529
lambda1_start_expansion48_s345_cont120000,central_0p20_0p30,CDF_RUN_2:49,0.8632630109786987,0.8614156927186152,1.69753,1.5819136872387565
lambda1_start_expansion48_s345_cont120000,central_0p20_0p30,CDF_RUN_2:50,0.7585773468017578,0.9408752472293116,1.6449,1.5924963922545934
lambda1_start_expansion48_s345_cont120000,central_0p20_0p30,CDF_RUN_2:51,0.6073472499847412,0.9920975764810804,1.42279,1.4163460260339469
lambda1_start_expansion48_s345_cont120000,central_0p20_0p30,D0_RUN_1:14,1.2664765119552612,0.0206608071262849,2.589585,1.293813001233904
lambda1_start_expansion48_s345_cont120000,central_0p20_0p30,D0_RUN_1:15,0.7804268598556519,0.4999999999999999,1.790634,1.2855304299278258
lambda1_start_expansion48_s345_cont120000,late_0p22_0p32,CDF_RUN_1:30,1.459359049797058,0.0,2.72209,1.459359049797058
lambda1_start_expansion48_s345_cont120000,late_0p22_0p32,CDF_RUN_1:31,1.1125324964523315,0.0,2.51472,1.1125324964523315
lambda1_start_expansion48_s345_cont120000,late_0p22_0p32,CDF_RUN_1:32,0.8492153882980347,0.0193207037777613,2.180565,0.8749379997703659
lambda1_start_expansion48_s345_cont120000,late_0p22_0p32,CDF_RUN_1:33,0.7898232936859131,0.2102966915212009,1.75218,0.9922037250870055
lambda1_start_expansion48_s345_cont120000,late_0p22_0p32,CDF_RUN_1:34,0.6521812677383423,0.5852865232044726,1.478605,1.135875940687432
lambda1_start_expansion48_s345_cont120000,late_0p22_0p32,CDF_RUN_1:35,0.3902554512023926,0.9023365088655396,1.20233,1.123019964502984
lambda1_start_expansion48_s345_cont120000,late_0p22_0p32,CDF_RUN_2:36,1.883546233177185,0.0,3.27554,1.883546233177185
lambda1_start_expansion48_s345_cont120000,late_0p22_0p32,CDF_RUN_2:37,1.6840274333953857,0.0,2.91722,1.6840274333953857
lambda1_start_expansion48_s345_cont120000,late_0p22_0p32,CDF_RUN_2:38,1.4950978755950928,0.0,2.90854,1.4950978755950928
lambda1_start_expansion48_s345_cont120000,late_0p22_0p32,CDF_RUN_2:39,1.3330504894256592,0.0,2.8682,1.3330504894256592
lambda1_start_expansion48_s345_cont120000,late_0p22_0p32,CDF_RUN_2:40,1.2076069116592407,0.0003303151612864,2.4889,1.2080301421923711
lambda1_start_expansion48_s345_cont120000,late_0p22_0p32,CDF_RUN_2:41,1.1207008361816406,0.0050271675971199,2.31978,1.1267288081003701
lambda1_start_expansion48_s345_cont120000,late_0p22_0p32,CDF_RUN_2:42,1.0674571990966797,0.0206005434885857,2.33764,1.0936236551251421
lambda1_start_expansion48_s345_cont120000,late_0p22_0p32,CDF_RUN_2:43,1.0385546684265137,0.0513247888893216,2.08436,1.09223040628885
lambda1_start_expansion48_s345_cont120000,late_0p22_0p32,CDF_RUN_2:44,1.0229284763336182,0.0990801434780254,2.07474,1.1271421130103239
lambda1_start_expansion48_s345_cont120000,late_0p22_0p32,CDF_RUN_2:45,1.01012122631073,0.1637132978446752,1.95146,1.1642309013404628
lambda1_start_expansion48_s345_cont120000,late_0p22_0p32,CDF_RUN_2:46,0.9917885065078735,0.2433979518395934,1.909664,1.2151975216676132
lambda1_start_expansion48_s345_cont120000,late_0p22_0p32,CDF_RUN_2:47,0.9624491930007935,0.3349953729225092,1.854624,1.2613236251835602
lambda1_start_expansion48_s345_cont120000,late_0p22_0p32,CDF_RUN_2:48,0.9195644855499268,0.4344149545116246,1.824972,1.3128870497542384
lambda1_start_expansion48_s345_cont120000,late_0p22_0p32,CDF_RUN_2:49,0.8632630109786987,0.5369747743326755,1.69753,1.3112433391416125
lambda1_start_expansion48_s345_cont120000,late_0p22_0p32,CDF_RUN_2:50,0.7585773468017578,0.6848781819867951,1.6449,1.3656003941778825
lambda1_start_expansion48_s345_cont120000,late_0p22_0p32,CDF_RUN_2:51,0.6073472499847412,0.8499258195752324,1.42279,1.3004130976081414
lambda1_start_expansion48_s345_cont120000,late_0p22_0p32,D0_RUN_1:14,1.2664765119552612,2.671437209028174e-06,2.589585,1.2664800465565078
lambda1_start_expansion48_s345_cont120000,late_0p22_0p32,D0_RUN_1:15,0.7804268598556519,0.2207503246456333,1.790634,1.0034304140018535
lambda1_start_expansion48_s346_cont120000,early_0p18_0p28,CDF_RUN_1:30,1.4566969871520996,0.0892391852052237,2.72209,1.5696196285830295
lambda1_start_expansion48_s346_cont120000,early_0p18_0p28,CDF_RUN_1:31,1.092162847518921,0.2263136792031131,2.51472,1.414106990573618
lambda1_start_expansion48_s346_cont120000,early_0p18_0p28,CDF_RUN_1:32,0.8277188539505005,0.5139631863662977,2.180565,1.523031969837467
lambda1_start_expansion48_s346_cont120000,early_0p18_0p28,CDF_RUN_1:33,0.7903043031692505,0.8606209544870957,1.75218,1.6181146834736706
lambda1_start_expansion48_s346_cont120000,early_0p18_0p28,CDF_RUN_1:34,0.6532756090164185,0.9935104948187734,1.478605,1.4732490206409934
lambda1_start_expansion48_s346_cont120000,early_0p18_0p28,CDF_RUN_1:35,0.38398516178131104,1.0,1.20233,1.20233
lambda1_start_expansion48_s346_cont120000,early_0p18_0p28,CDF_RUN_2:36,1.863158941268921,0.0629515791727313,3.27554,1.9520705593096965
lambda1_start_expansion48_s346_cont120000,early_0p18_0p28,CDF_RUN_2:37,1.656284213066101,0.1155267912377162,2.91722,1.801956078487379
lambda1_start_expansion48_s346_cont120000,early_0p18_0p28,CDF_RUN_2:38,1.457885503768921,0.1846215696118183,2.90854,1.7257076138275442
lambda1_start_expansion48_s346_cont120000,early_0p18_0p28,CDF_RUN_2:39,1.287986159324646,0.2680057887944079,2.8682,1.7114926161586852
lambda1_start_expansion48_s346_cont120000,early_0p18_0p28,CDF_RUN_2:40,1.1590107679367065,0.3622378472320013,2.4889,1.6407469804163335
lambda1_start_expansion48_s346_cont120000,early_0p18_0p28,CDF_RUN_2:41,1.0739063024520874,0.4630252256673241,2.31978,1.650777252412193
lambda1_start_expansion48_s346_cont120000,early_0p18_0p28,CDF_RUN_2:42,1.0271310806274414,0.5655850454883751,2.33764,1.7683353274036913
lambda1_start_expansion48_s346_cont120000,early_0p18_0p28,CDF_RUN_2:43,1.007562279701233,0.6650046270774903,2.08436,1.7236377461264063
lambda1_start_expansion48_s346_cont120000,early_0p18_0p28,CDF_RUN_2:44,1.0019639730453491,0.7566020481604062,2.07474,1.813628512256621
lambda1_start_expansion48_s346_cont120000,early_0p18_0p28,CDF_RUN_2:45,0.9980059862136841,0.8362867021553243,1.95146,1.7953668990597993
lambda1_start_expansion48_s346_cont120000,early_0p18_0p28,CDF_RUN_2:46,0.986174464225769,0.9009198565219744,1.909664,1.818164524295034
lambda1_start_expansion48_s346_cont120000,early_0p18_0p28,CDF_RUN_2:47,0.9605827331542969,0.9486752111106782,1.854624,1.8087375207208025
lambda1_start_expansion48_s346_cont120000,early_0p18_0p28,CDF_RUN_2:48,0.9189059734344482,0.979399456511414,1.824972,1.806306547416206
lambda1_start_expansion48_s346_cont120000,early_0p18_0p28,CDF_RUN_2:49,0.861818790435791,0.99497283240288,1.69753,1.693328739686729
lambda1_start_expansion48_s346_cont120000,early_0p18_0p28,CDF_RUN_2:50,0.7535779476165771,0.9998348419300568,1.6449,1.6447527909701305
lambda1_start_expansion48_s346_cont120000,early_0p18_0p28,CDF_RUN_2:51,0.5964739322662354,1.0,1.42279,1.42279
lambda1_start_expansion48_s346_cont120000,early_0p18_0p28,D0_RUN_1:14,1.2522220611572266,0.1879104824806516,2.589585,1.5035265762469145
lambda1_start_expansion48_s346_cont120000,early_0p18_0p28,D0_RUN_1:15,0.7696808576583862,0.7792496753543665,1.790634,1.5652582623801092
lambda1_start_expansion48_s346_cont120000,central_0p20_0p30,CDF_RUN_1:30,1.4566969871520996,0.0012197116639461,2.72209,1.458240401769346
lambda1_start_expansion48_s346_cont120000,central_0p20_0p30,CDF_RUN_1:31,1.092162847518921,0.0258850748744865,2.51472,1.1289858459241298
lambda1_start_expansion48_s346_cont120000,central_0p20_0p30,CDF_RUN_1:32,0.8277188539505005,0.1831302917603498,2.180565,1.0754659633834103
lambda1_start_expansion48_s346_cont120000,central_0p20_0p30,CDF_RUN_1:33,0.7903043031692505,0.549777686123881,1.75218,1.3191220981116556
lambda1_start_expansion48_s346_cont120000,central_0p20_0p30,CDF_RUN_1:34,0.6532756090164185,0.8825037510074896,1.478605,1.3816318923761561
lambda1_start_expansion48_s346_cont120000,central_0p20_0p30,CDF_RUN_1:35,0.38398516178131104,0.9960358801988642,1.20233,1.1990859830226601
lambda1_start_expansion48_s346_cont120000,central_0p20_0p30,CDF_RUN_2:36,1.863158941268921,5.164127530589625e-05,3.27554,1.8632318784280117
lambda1_start_expansion48_s346_cont120000,central_0p20_0p30,CDF_RUN_2:37,1.656284213066101,0.0023877817219835,2.91722,1.6592950524907368
lambda1_start_expansion48_s346_cont120000,central_0p20_0p30,CDF_RUN_2:38,1.457885503768921,0.0134170653158552,2.90854,1.4773490298955922
lambda1_start_expansion48_s346_cont120000,central_0p20_0p30,CDF_RUN_2:39,1.287986159324646,0.0383530844331178,2.8682,1.3485922341784493
lambda1_start_expansion48_s346_cont120000,central_0p20_0p30,CDF_RUN_2:40,1.1590107679367065,0.0798964211082592,2.4889,1.265264158048975
lambda1_start_expansion48_s346_cont120000,central_0p20_0p30,CDF_RUN_2:41,1.0739063024520874,0.1385843072813845,2.31978,1.246564845786862
lambda1_start_expansion48_s346_cont120000,central_0p20_0p30,CDF_RUN_2:42,1.0271310806274414,0.2131511831472797,2.33764,1.3064676073167654
lambda1_start_expansion48_s346_cont120000,central_0p20_0p30,CDF_RUN_2:43,1.007562279701233,0.3008892555044757,2.08436,1.3315591440908456
lambda1_start_expansion48_s346_cont120000,central_0p20_0p30,CDF_RUN_2:44,1.0019639730453491,0.3980090561043118,2.07474,1.4289385469449034
lambda1_start_expansion48_s346_cont120000,central_0p20_0p30,CDF_RUN_2:45,0.9980059862136841,0.4999999999999999,1.95146,1.474732993106842
lambda1_start_expansion48_s346_cont120000,central_0p20_0p30,CDF_RUN_2:46,0.986174464225769,0.6019909438956881,1.909664,1.5421068015442891
lambda1_start_expansion48_s346_cont120000,central_0p20_0p30,CDF_RUN_2:47,0.9605827331542969,0.6991107444955241,1.854624,1.5856165888285179
lambda1_start_expansion48_s346_cont120000,central_0p20_0p30,CDF_RUN_2:48,0.9189059734344482,0.7868488168527201,1.824972,1.631842954427998
lambda1_start_expansion48_s346_cont120000,central_0p20_0p30,CDF_RUN_2:49,0.861818790435791,0.8614156927186152,1.69753,1.5817135409352558
lambda1_start_expansion48_s346_cont120000,central_0p20_0p30,CDF_RUN_2:50,0.7535779476165771,0.9408752472293116,1.6449,1.5922008040137676
lambda1_start_expansion48_s346_cont120000,central_0p20_0p30,CDF_RUN_2:51,0.5964739322662354,0.9920975764810804,1.42279,1.4162601004722795
lambda1_start_expansion48_s346_cont120000,central_0p20_0p30,D0_RUN_1:14,1.2522220611572266,0.0206608071262849,2.589585,1.2798530588944987
lambda1_start_expansion48_s346_cont120000,central_0p20_0p30,D0_RUN_1:15,0.7696808576583862,0.4999999999999999,1.790634,1.280157428829193
lambda1_start_expansion48_s346_cont120000,late_0p22_0p32,CDF_RUN_1:30,1.4566969871520996,0.0,2.72209,1.4566969871520996
lambda1_start_expansion48_s346_cont120000,late_0p22_0p32,CDF_RUN_1:31,1.092162847518921,0.0,2.51472,1.092162847518921
lambda1_start_expansion48_s346_cont120000,late_0p22_0p32,CDF_RUN_1:32,0.8277188539505005,0.0193207037777613,2.180565,0.8538567935952089
lambda1_start_expansion48_s346_cont120000,late_0p22_0p32,CDF_RUN_1:33,0.7903043031692505,0.2102966915212009,1.75218,0.9925835798674068
lambda1_start_expansion48_s346_cont120000,late_0p22_0p32,CDF_RUN_1:34,0.6532756090164185,0.5852865232044726,1.478605,1.1363297787636637
lambda1_start_expansion48_s346_cont120000,late_0p22_0p32,CDF_RUN_1:35,0.38398516178131104,0.9023365088655396,1.20233,1.1224075861476976
lambda1_start_expansion48_s346_cont120000,late_0p22_0p32,CDF_RUN_2:36,1.863158941268921,0.0,3.27554,1.863158941268921
lambda1_start_expansion48_s346_cont120000,late_0p22_0p32,CDF_RUN_2:37,1.656284213066101,0.0,2.91722,1.656284213066101
lambda1_start_expansion48_s346_cont120000,late_0p22_0p32,CDF_RUN_2:38,1.457885503768921,0.0,2.90854,1.457885503768921
lambda1_start_expansion48_s346_cont120000,late_0p22_0p32,CDF_RUN_2:39,1.287986159324646,0.0,2.8682,1.287986159324646
lambda1_start_expansion48_s346_cont120000,late_0p22_0p32,CDF_RUN_2:40,1.1590107679367065,0.0003303151612864,2.4889,1.1594500505128886
lambda1_start_expansion48_s346_cont120000,late_0p22_0p32,CDF_RUN_2:41,1.0739063024520874,0.0050271675971199,2.31978,1.0801695183345044
lambda1_start_expansion48_s346_cont120000,late_0p22_0p32,CDF_RUN_2:42,1.0271310806274414,0.0206005434885857,2.33764,1.0541282766131554
lambda1_start_expansion48_s346_cont120000,late_0p22_0p32,CDF_RUN_2:43,1.007562279701233,0.0513247888893216,2.08436,1.06282869537207
lambda1_start_expansion48_s346_cont120000,late_0p22_0p32,CDF_RUN_2:44,1.0019639730453491,0.0990801434780254,2.07474,1.1082547757158019
lambda1_start_expansion48_s346_cont120000,late_0p22_0p32,CDF_RUN_2:45,0.9980059862136841,0.1637132978446752,1.95146,1.1540990871538843
lambda1_start_expansion48_s346_cont120000,late_0p22_0p32,CDF_RUN_2:46,0.986174464225769,0.2433979518395934,1.909664,1.2109499257785137
lambda1_start_expansion48_s346_cont120000,late_0p22_0p32,CDF_RUN_2:47,0.9605827331542969,0.3349953729225092,1.854624,1.2600824207493857
lambda1_start_expansion48_s346_cont120000,late_0p22_0p32,CDF_RUN_2:48,0.9189059734344482,0.4344149545116246,1.824972,1.3125146051494507
lambda1_start_expansion48_s346_cont120000,late_0p22_0p32,CDF_RUN_2:49,0.861818790435791,0.5369747743326755,1.69753,1.3105746285988193
lambda1_start_expansion48_s346_cont120000,late_0p22_0p32,CDF_RUN_2:50,0.7535779476165771,0.6848781819867951,1.6449,1.3640249744176747
lambda1_start_expansion48_s346_cont120000,late_0p22_0p32,CDF_RUN_2:51,0.5964739322662354,0.8499258195752324,1.42279,1.2987812933630385
lambda1_start_expansion48_s346_cont120000,late_0p22_0p32,D0_RUN_1:14,1.2522220611572266,2.671437209028174e-06,2.589585,1.2522256338383435
lambda1_start_expansion48_s346_cont120000,late_0p22_0p32,D0_RUN_1:15,0.7696808576583862,0.2207503246456333,1.790634,0.9950565952782771
lambda1_start_expansion48_s347_cont120000,early_0p18_0p28,CDF_RUN_1:30,1.4644157886505127,0.0892391852052237,2.72209,1.5766496105249632
lambda1_start_expansion48_s347_cont120000,early_0p18_0p28,CDF_RUN_1:31,1.1121152639389038,0.2263136792031131,2.51472,1.429543902224602
lambda1_start_expansion48_s347_cont120000,early_0p18_0p28,CDF_RUN_1:32,0.8479092121124268,0.5139631863662977,2.180565,1.532845227184613
lambda1_start_expansion48_s347_cont120000,early_0p18_0p28,CDF_RUN_1:33,0.7922202348709106,0.8606209544870957,1.75218,1.6183817242055158
lambda1_start_expansion48_s347_cont120000,early_0p18_0p28,CDF_RUN_1:34,0.6522971391677856,0.9935104948187734,1.478605,1.473242670855841
lambda1_start_expansion48_s347_cont120000,early_0p18_0p28,CDF_RUN_1:35,0.3901028633117676,1.0,1.20233,1.20233
lambda1_start_expansion48_s347_cont120000,early_0p18_0p28,CDF_RUN_2:36,1.889838695526123,0.0629515791727313,3.27554,1.9770707809044674
lambda1_start_expansion48_s347_cont120000,early_0p18_0p28,CDF_RUN_2:37,1.6913418769836426,0.1155267912377162,2.91722,1.8329636429842366
lambda1_start_expansion48_s347_cont120000,early_0p18_0p28,CDF_RUN_2:38,1.5026583671569824,0.1846215696118183,2.90854,1.7622144409008864
lambda1_start_expansion48_s347_cont120000,early_0p18_0p28,CDF_RUN_2:39,1.3403940200805664,0.2680057887944079,2.8682,1.7498548668536875
lambda1_start_expansion48_s347_cont120000,early_0p18_0p28,CDF_RUN_2:40,1.2145723104476929,0.3622378472320013,2.4889,1.6761820293792506
lambda1_start_expansion48_s347_cont120000,early_0p18_0p28,CDF_RUN_2:41,1.127238392829895,0.4630252256673241,2.31978,1.6794152396075064
lambda1_start_expansion48_s347_cont120000,early_0p18_0p28,CDF_RUN_2:42,1.073464274406433,0.5655850454883751,2.33764,1.7884631596715703
lambda1_start_expansion48_s347_cont120000,early_0p18_0p28,CDF_RUN_2:43,1.043797254562378,0.6650046270774903,2.08436,1.7357762950428532
lambda1_start_expansion48_s347_cont120000,early_0p18_0p28,CDF_RUN_2:44,1.0270793437957764,0.7566020481604062,2.07474,1.819741542056967
lambda1_start_expansion48_s347_cont120000,early_0p18_0p28,CDF_RUN_2:45,1.0128960609436035,0.8362867021553243,1.95146,1.797804602298988
lambda1_start_expansion48_s347_cont120000,early_0p18_0p28,CDF_RUN_2:46,0.993096113204956,0.9009198565219744,1.909664,1.8188503222689965
lambda1_start_expansion48_s347_cont120000,early_0p18_0p28,CDF_RUN_2:47,0.9624652862548828,0.9486752111106782,1.854624,1.808834142361263
lambda1_start_expansion48_s347_cont120000,early_0p18_0p28,CDF_RUN_2:48,0.9187197685241699,0.979399456511414,1.824972,1.8063027114938541
lambda1_start_expansion48_s347_cont120000,early_0p18_0p28,CDF_RUN_2:49,0.8621456623077393,0.99497283240288,1.69753,1.693330382926412
lambda1_start_expansion48_s347_cont120000,early_0p18_0p28,CDF_RUN_2:50,0.7581517696380615,0.9998348419300568,1.6449,1.644753546373748
lambda1_start_expansion48_s347_cont120000,early_0p18_0p28,CDF_RUN_2:51,0.6087839603424072,1.0,1.42279,1.42279
lambda1_start_expansion48_s347_cont120000,early_0p18_0p28,D0_RUN_1:14,1.268811583518982,0.1879104824806516,2.589585,1.5169987534575489
lambda1_start_expansion48_s347_cont120000,early_0p18_0p28,D0_RUN_1:15,0.780497670173645,0.7792496753543665,1.790634,1.5676460772544836
lambda1_start_expansion48_s347_cont120000,central_0p20_0p30,CDF_RUN_1:30,1.4644157886505127,0.0012197116639461,2.72209,1.46594978855554
lambda1_start_expansion48_s347_cont120000,central_0p20_0p30,CDF_RUN_1:31,1.1121152639389038,0.0258850748744865,2.51472,1.1484217925511546
lambda1_start_expansion48_s347_cont120000,central_0p20_0p30,CDF_RUN_1:32,0.8479092121124268,0.1831302917603498,2.180565,1.091958855364397
lambda1_start_expansion48_s347_cont120000,central_0p20_0p30,CDF_RUN_1:33,0.7922202348709106,0.549777686123881,1.75218,1.3199846933156056
lambda1_start_expansion48_s347_cont120000,central_0p20_0p30,CDF_RUN_1:34,0.6522971391677856,0.8825037510074896,1.478605,1.3815169258391895
lambda1_start_expansion48_s347_cont120000,central_0p20_0p30,CDF_RUN_1:35,0.3901028633117676,0.9960358801988642,1.20233,1.1991102343244344
lambda1_start_expansion48_s347_cont120000,central_0p20_0p30,CDF_RUN_2:36,1.889838695526123,5.164127530589625e-05,3.27554,1.8899102549086793
lambda1_start_expansion48_s347_cont120000,central_0p20_0p30,CDF_RUN_2:37,1.6913418769836426,0.0023877817219835,2.91722,1.6942690063591606
lambda1_start_expansion48_s347_cont120000,central_0p20_0p30,CDF_RUN_2:38,1.5026583671569824,0.0134170653158552,2.90854,1.5215211728511984
lambda1_start_expansion48_s347_cont120000,central_0p20_0p30,CDF_RUN_2:39,1.3403940200805664,0.0383530844331178,2.8682,1.3989900918258387
lambda1_start_expansion48_s347_cont120000,central_0p20_0p30,CDF_RUN_2:40,1.2145723104476929,0.0798964211082592,2.4889,1.316386532162079
lambda1_start_expansion48_s347_cont120000,central_0p20_0p30,CDF_RUN_2:41,1.127238392829895,0.1385843072813845,2.31978,1.292505945363793
lambda1_start_expansion48_s347_cont120000,central_0p20_0p30,CDF_RUN_2:42,1.073464274406433,0.2131511831472797,2.33764,1.3429248260227729
lambda1_start_expansion48_s347_cont120000,central_0p20_0p30,CDF_RUN_2:43,1.043797254562378,0.3008892555044757,2.08436,1.3568914043427973
lambda1_start_expansion48_s347_cont120000,central_0p20_0p30,CDF_RUN_2:44,1.0270793437957764,0.3980090561043118,2.07474,1.4440577726892432
lambda1_start_expansion48_s347_cont120000,central_0p20_0p30,CDF_RUN_2:45,1.0128960609436035,0.4999999999999999,1.95146,1.4821780304718017
lambda1_start_expansion48_s347_cont120000,central_0p20_0p30,CDF_RUN_2:46,0.993096113204956,0.6019909438956881,1.909664,1.5448616805211808
lambda1_start_expansion48_s347_cont120000,central_0p20_0p30,CDF_RUN_2:47,0.9624652862548828,0.6991107444955241,1.854624,1.5861830288294008
lambda1_start_expansion48_s347_cont120000,central_0p20_0p30,CDF_RUN_2:48,0.9187197685241699,0.7868488168527201,1.824972,1.6318032646310643
lambda1_start_expansion48_s347_cont120000,central_0p20_0p30,CDF_RUN_2:49,0.8621456623077393,0.8614156927186152,1.69753,1.5817588402471996
lambda1_start_expansion48_s347_cont120000,central_0p20_0p30,CDF_RUN_2:50,0.7581517696380615,0.9408752472293116,1.6449,1.592471230110005
lambda1_start_expansion48_s347_cont120000,central_0p20_0p30,CDF_RUN_2:51,0.6087839603424072,0.9920975764810804,1.42279,1.4163573795276672
lambda1_start_expansion48_s347_cont120000,central_0p20_0p30,D0_RUN_1:14,1.268811583518982,0.0206608071262849,2.589585,1.2960998283344207
lambda1_start_expansion48_s347_cont120000,central_0p20_0p30,D0_RUN_1:15,0.780497670173645,0.4999999999999999,1.790634,1.2855658350868224
lambda1_start_expansion48_s347_cont120000,late_0p22_0p32,CDF_RUN_1:30,1.4644157886505127,0.0,2.72209,1.4644157886505127
lambda1_start_expansion48_s347_cont120000,late_0p22_0p32,CDF_RUN_1:31,1.1121152639389038,0.0,2.51472,1.1121152639389038
lambda1_start_expansion48_s347_cont120000,late_0p22_0p32,CDF_RUN_1:32,0.8479092121124268,0.0193207037777613,2.180565,0.8736570598279217
lambda1_start_expansion48_s347_cont120000,late_0p22_0p32,CDF_RUN_1:33,0.7922202348709106,0.2102966915212009,1.75218,0.9940965974710272
lambda1_start_expansion48_s347_cont120000,late_0p22_0p32,CDF_RUN_1:34,0.6522971391677856,0.5852865232044726,1.478605,1.1359239941307975
lambda1_start_expansion48_s347_cont120000,late_0p22_0p32,CDF_RUN_1:35,0.3901028633117676,0.9023365088655396,1.20233,1.1230050622368806
lambda1_start_expansion48_s347_cont120000,late_0p22_0p32,CDF_RUN_2:36,1.889838695526123,0.0,3.27554,1.889838695526123
lambda1_start_expansion48_s347_cont120000,late_0p22_0p32,CDF_RUN_2:37,1.6913418769836426,0.0,2.91722,1.6913418769836426
lambda1_start_expansion48_s347_cont120000,late_0p22_0p32,CDF_RUN_2:38,1.5026583671569824,0.0,2.90854,1.5026583671569824
lambda1_start_expansion48_s347_cont120000,late_0p22_0p32,CDF_RUN_2:39,1.3403940200805664,0.0,2.8682,1.3403940200805664
lambda1_start_expansion48_s347_cont120000,late_0p22_0p32,CDF_RUN_2:40,1.2145723104476929,0.0003303151612864,2.4889,1.2149932402039991
lambda1_start_expansion48_s347_cont120000,late_0p22_0p32,CDF_RUN_2:41,1.127238392829895,0.0050271675971199,2.31978,1.1332334993556779
lambda1_start_expansion48_s347_cont120000,late_0p22_0p32,CDF_RUN_2:42,1.073464274406433,0.0206005434885857,2.33764,1.099506981418738
lambda1_start_expansion48_s347_cont120000,late_0p22_0p32,CDF_RUN_2:43,1.043797254562378,0.0513247888893216,2.08436,1.0972039177980568
lambda1_start_expansion48_s347_cont120000,late_0p22_0p32,CDF_RUN_2:44,1.0270793437957764,0.0990801434780254,2.07474,1.130881711928773
lambda1_start_expansion48_s347_cont120000,late_0p22_0p32,CDF_RUN_2:45,1.0128960609436035,0.1637132978446752,1.95146,1.166551458644615
lambda1_start_expansion48_s347_cont120000,late_0p22_0p32,CDF_RUN_2:46,0.993096113204956,0.2433979518395934,1.909664,1.216186859572814
lambda1_start_expansion48_s347_cont120000,late_0p22_0p32,CDF_RUN_2:47,0.9624652862548828,0.3349953729225092,1.854624,1.2613343272719946
lambda1_start_expansion48_s347_cont120000,late_0p22_0p32,CDF_RUN_2:48,0.9187197685241699,0.4344149545116246,1.824972,1.312409290436801
lambda1_start_expansion48_s347_cont120000,late_0p22_0p32,CDF_RUN_2:49,0.8621456623077393,0.5369747743326755,1.69753,1.3107259785210925
lambda1_start_expansion48_s347_cont120000,late_0p22_0p32,CDF_RUN_2:50,0.7581517696380615,0.6848781819867951,1.6449,1.3654662855283537
lambda1_start_expansion48_s347_cont120000,late_0p22_0p32,CDF_RUN_2:51,0.6087839603424072,0.8499258195752324,1.42279,1.300628710737576
lambda1_start_expansion48_s347_cont120000,late_0p22_0p32,D0_RUN_1:14,1.268811583518982,2.671437209028174e-06,2.589585,1.2688151118822315
lambda1_start_expansion48_s347_cont120000,late_0p22_0p32,D0_RUN_1:15,0.780497670173645,0.2207503246456333,1.790634,1.0034855929191615
lambda1_start_expansion48_s348_cont120000,early_0p18_0p28,CDF_RUN_1:30,1.4560601711273193,0.0892391852052237,2.72209,1.5690396415014263
lambda1_start_expansion48_s348_cont120000,early_0p18_0p28,CDF_RUN_1:31,1.107420563697815,0.2263136792031131,2.51472,1.4259116768678295
lambda1_start_expansion48_s348_cont120000,early_0p18_0p28,CDF_RUN_1:32,0.8457015752792358,0.5139631863662977,2.180565,1.5317722344125484
lambda1_start_expansion48_s348_cont120000,early_0p18_0p28,CDF_RUN_1:33,0.7894123792648315,0.8606209544870957,1.75218,1.6179903679712024
lambda1_start_expansion48_s348_cont120000,early_0p18_0p28,CDF_RUN_1:34,0.6522363424301147,0.9935104948187734,1.478605,1.473242276315097
lambda1_start_expansion48_s348_cont120000,early_0p18_0p28,CDF_RUN_1:35,0.38894128799438477,1.0,1.20233,1.20233
lambda1_start_expansion48_s348_cont120000,early_0p18_0p28,CDF_RUN_2:36,1.8807806968688965,0.0629515791727313,3.27554,1.9685829975668576
lambda1_start_expansion48_s348_cont120000,early_0p18_0p28,CDF_RUN_2:37,1.6785073280334473,0.1155267912377162,2.91722,1.8216118282912408
lambda1_start_expansion48_s348_cont120000,early_0p18_0p28,CDF_RUN_2:38,1.488248586654663,0.1846215696118183,2.90854,1.750465016692667
lambda1_start_expansion48_s348_cont120000,early_0p18_0p28,CDF_RUN_2:39,1.326302170753479,0.2680057887944079,2.8682,1.739539714721078
lambda1_start_expansion48_s348_cont120000,early_0p18_0p28,CDF_RUN_2:40,1.2019729614257812,0.3622378472320013,2.4889,1.668146641423561
lambda1_start_expansion48_s348_cont120000,early_0p18_0p28,CDF_RUN_2:41,1.1166155338287354,0.4630252256673241,2.31978,1.6737110322925908
lambda1_start_expansion48_s348_cont120000,early_0p18_0p28,CDF_RUN_2:42,1.064879298210144,0.5655850454883751,2.33764,1.784733717627776
lambda1_start_expansion48_s348_cont120000,early_0p18_0p28,CDF_RUN_2:43,1.0371778011322021,0.6650046270774903,2.08436,1.7335588087724685
lambda1_start_expansion48_s348_cont120000,early_0p18_0p28,CDF_RUN_2:44,1.0223983526229858,0.7566020481604062,2.07474,1.8186021983929306
lambda1_start_expansion48_s348_cont120000,early_0p18_0p28,CDF_RUN_2:45,1.0101454257965088,0.8362867021553243,1.95146,1.7973542867478898
lambda1_start_expansion48_s348_cont120000,early_0p18_0p28,CDF_RUN_2:46,0.9921715259552002,0.9009198565219744,1.909664,1.8187587140316326
lambda1_start_expansion48_s348_cont120000,early_0p18_0p28,CDF_RUN_2:47,0.9630390405654907,0.9486752111106782,1.854624,1.8088635901801293
lambda1_start_expansion48_s348_cont120000,early_0p18_0p28,CDF_RUN_2:48,0.920209527015686,0.979399456511414,1.824972,1.8063334013284462
lambda1_start_expansion48_s348_cont120000,early_0p18_0p28,CDF_RUN_2:49,0.8637821674346924,0.99497283240288,1.69753,1.6933386099119587
lambda1_start_expansion48_s348_cont120000,early_0p18_0p28,CDF_RUN_2:50,0.7585381269454956,0.9998348419300568,1.6449,1.644753610183775
lambda1_start_expansion48_s348_cont120000,early_0p18_0p28,CDF_RUN_2:51,0.6062583923339844,1.0,1.42279,1.42279
lambda1_start_expansion48_s348_cont120000,early_0p18_0p28,D0_RUN_1:14,1.2620618343353271,0.1879104824806516,2.589585,1.511517352899618
lambda1_start_expansion48_s348_cont120000,early_0p18_0p28,D0_RUN_1:15,0.7788714170455933,0.7792496753543665,1.790634,1.56728708134851
lambda1_start_expansion48_s348_cont120000,central_0p20_0p30,CDF_RUN_1:30,1.4560601711273193,0.0012197116639461,2.72209,1.457604362476499
lambda1_start_expansion48_s348_cont120000,central_0p20_0p30,CDF_RUN_1:31,1.107420563697815,0.0258850748744865,2.51472,1.1438486149773195
lambda1_start_expansion48_s348_cont120000,central_0p20_0p30,CDF_RUN_1:32,0.8457015752792358,0.1831302917603498,2.180565,1.0901555037085693
lambda1_start_expansion48_s348_cont120000,central_0p20_0p30,CDF_RUN_1:33,0.7894123792648315,0.549777686123881,1.75218,1.3187205340676067
lambda1_start_expansion48_s348_cont120000,central_0p20_0p30,CDF_RUN_1:34,0.6522363424301147,0.8825037510074896,1.478605,1.3815097824505622
lambda1_start_expansion48_s348_cont120000,central_0p20_0p30,CDF_RUN_1:35,0.38894128799438477,0.9960358801988642,1.20233,1.1991056297007183
lambda1_start_expansion48_s348_cont120000,central_0p20_0p30,CDF_RUN_2:36,1.8807806968688965,5.164127530589625e-05,3.27554,1.880852724018055
lambda1_start_expansion48_s348_cont120000,central_0p20_0p30,CDF_RUN_2:37,1.6785073280334473,0.0023877817219835,2.91722,1.6814651035103585
lambda1_start_expansion48_s348_cont120000,central_0p20_0p30,CDF_RUN_2:38,1.488248586654663,0.0134170653158552,2.90854,1.5073047293150659
lambda1_start_expansion48_s348_cont120000,central_0p20_0p30,CDF_RUN_2:39,1.326302170753479,0.0383530844331178,2.8682,1.385438708385812
lambda1_start_expansion48_s348_cont120000,central_0p20_0p30,CDF_RUN_2:40,1.2019729614257812,0.0798964211082592,2.4889,1.3047938260353118
lambda1_start_expansion48_s348_cont120000,central_0p20_0p30,CDF_RUN_2:41,1.1166155338287354,0.1385843072813845,2.31978,1.283355247918657
lambda1_start_expansion48_s348_cont120000,central_0p20_0p30,CDF_RUN_2:42,1.064879298210144,0.2131511831472797,2.33764,1.3361697476600138
lambda1_start_expansion48_s348_cont120000,central_0p20_0p30,CDF_RUN_2:43,1.0371778011322021,0.3008892555044757,2.08436,1.3522636733270739
lambda1_start_expansion48_s348_cont120000,central_0p20_0p30,CDF_RUN_2:44,1.0223983526229858,0.3980090561043118,2.07474,1.4412398583947676
lambda1_start_expansion48_s348_cont120000,central_0p20_0p30,CDF_RUN_2:45,1.0101454257965088,0.4999999999999999,1.95146,1.4808027128982544
lambda1_start_expansion48_s348_cont120000,central_0p20_0p30,CDF_RUN_2:46,0.9921715259552002,0.6019909438956881,1.909664,1.5444936864226193
lambda1_start_expansion48_s348_cont120000,central_0p20_0p30,CDF_RUN_2:47,0.9630390405654907,0.6991107444955241,1.854624,1.586355665336762
lambda1_start_expansion48_s348_cont120000,central_0p20_0p30,CDF_RUN_2:48,0.920209527015686,0.7868488168527201,1.824972,1.6321208084161347
lambda1_start_expansion48_s348_cont120000,central_0p20_0p30,CDF_RUN_2:49,0.8637821674346924,0.8614156927186152,1.69753,1.581985634176581
lambda1_start_expansion48_s348_cont120000,central_0p20_0p30,CDF_RUN_2:50,0.7585381269454956,0.9408752472293116,1.6449,1.5924940733902881
lambda1_start_expansion48_s348_cont120000,central_0p20_0p30,CDF_RUN_2:51,0.6062583923339844,0.9920975764810804,1.42279,1.416337421419639
lambda1_start_expansion48_s348_cont120000,central_0p20_0p30,D0_RUN_1:14,1.2620618343353271,0.0206608071262849,2.589585,1.2894895344168003
lambda1_start_expansion48_s348_cont120000,central_0p20_0p30,D0_RUN_1:15,0.7788714170455933,0.4999999999999999,1.790634,1.2847527085227965
lambda1_start_expansion48_s348_cont120000,late_0p22_0p32,CDF_RUN_1:30,1.4560601711273193,0.0,2.72209,1.4560601711273193
lambda1_start_expansion48_s348_cont120000,late_0p22_0p32,CDF_RUN_1:31,1.107420563697815,0.0,2.51472,1.107420563697815
lambda1_start_expansion48_s348_cont120000,late_0p22_0p32,CDF_RUN_1:32,0.8457015752792358,0.0193207037777613,2.180565,0.8714920760920337
lambda1_start_expansion48_s348_cont120000,late_0p22_0p32,CDF_RUN_1:33,0.7894123792648315,0.2102966915212009,1.75218,0.9918792246091759
lambda1_start_expansion48_s348_cont120000,late_0p22_0p32,CDF_RUN_1:34,0.6522363424301147,0.5852865232044726,1.478605,1.1358987809043402
lambda1_start_expansion48_s348_cont120000,late_0p22_0p32,CDF_RUN_1:35,0.38894128799438477,0.9023365088655396,1.20233,1.1228916187361695
lambda1_start_expansion48_s348_cont120000,late_0p22_0p32,CDF_RUN_2:36,1.8807806968688965,0.0,3.27554,1.8807806968688965
lambda1_start_expansion48_s348_cont120000,late_0p22_0p32,CDF_RUN_2:37,1.6785073280334473,0.0,2.91722,1.6785073280334473
lambda1_start_expansion48_s348_cont120000,late_0p22_0p32,CDF_RUN_2:38,1.488248586654663,0.0,2.90854,1.488248586654663
lambda1_start_expansion48_s348_cont120000,late_0p22_0p32,CDF_RUN_2:39,1.326302170753479,0.0,2.8682,1.326302170753479
lambda1_start_expansion48_s348_cont120000,late_0p22_0p32,CDF_RUN_2:40,1.2019729614257812,0.0003303151612864,2.4889,1.2023980529380918
lambda1_start_expansion48_s348_cont120000,late_0p22_0p32,CDF_RUN_2:41,1.1166155338287354,0.0050271675971199,2.31978,1.1226640432470778
lambda1_start_expansion48_s348_cont120000,late_0p22_0p32,CDF_RUN_2:42,1.064879298210144,0.0206005434885857,2.33764,1.091098860397929
lambda1_start_expansion48_s348_cont120000,late_0p22_0p32,CDF_RUN_2:43,1.0371778011322021,0.0513247888893216,2.08436,1.0909242064177476
lambda1_start_expansion48_s348_cont120000,late_0p22_0p32,CDF_RUN_2:44,1.0223983526229858,0.0990801434780254,2.07474,1.126664514033002
lambda1_start_expansion48_s348_cont120000,late_0p22_0p32,CDF_RUN_2:45,1.0101454257965088,0.1637132978446752,1.95146,1.1642511390486185
lambda1_start_expansion48_s348_cont120000,late_0p22_0p32,CDF_RUN_2:46,0.9921715259552002,0.2433979518395934,1.909664,1.2154873149659458
lambda1_start_expansion48_s348_cont120000,late_0p22_0p32,CDF_RUN_2:47,0.9630390405654907,0.3349953729225092,1.854624,1.2617158765433545
lambda1_start_expansion48_s348_cont120000,late_0p22_0p32,CDF_RUN_2:48,0.920209527015686,0.4344149545116246,1.824972,1.3132518755609919
lambda1_start_expansion48_s348_cont120000,late_0p22_0p32,CDF_RUN_2:49,0.8637821674346924,0.5369747743326755,1.69753,1.3114837216768058
lambda1_start_expansion48_s348_cont120000,late_0p22_0p32,CDF_RUN_2:50,0.7585381269454956,0.6848781819867951,1.6449,1.365588035145475
lambda1_start_expansion48_s348_cont120000,late_0p22_0p32,CDF_RUN_2:51,0.6062583923339844,0.8499258195752324,1.42279,1.3002496881886048
lambda1_start_expansion48_s348_cont120000,late_0p22_0p32,D0_RUN_1:14,1.2620618343353271,2.671437209028174e-06,2.589585,1.2620653807301079
lambda1_start_expansion48_s348_cont120000,late_0p22_0p32,D0_RUN_1:15,0.7788714170455933,0.2207503246456333,1.790634,1.002218335697083
lambda1_start_expansion48_s349_cont160000,early_0p18_0p28,CDF_RUN_1:30,1.4756968021392822,0.0892391852052237,2.72209,1.5869239155617059
lambda1_start_expansion48_s349_cont160000,early_0p18_0p28,CDF_RUN_1:31,1.1291542053222656,0.2263136792031131,2.51472,1.442726698093769
lambda1_start_expansion48_s349_cont160000,early_0p18_0p28,CDF_RUN_1:32,0.8638119697570801,0.5139631863662977,2.180565,1.540574552838209
lambda1_start_expansion48_s349_cont160000,early_0p18_0p28,CDF_RUN_1:33,0.7962615489959717,0.8606209544870957,1.75218,1.6189449987108846
lambda1_start_expansion48_s349_cont160000,early_0p18_0p28,CDF_RUN_1:34,0.6529147624969482,0.9935104948187734,1.478605,1.4732466789256355
lambda1_start_expansion48_s349_cont160000,early_0p18_0p28,CDF_RUN_1:35,0.39521193504333496,1.0,1.20233,1.20233
lambda1_start_expansion48_s349_cont160000,early_0p18_0p28,CDF_RUN_2:36,1.8857617378234863,0.0629515791727313,3.27554,1.973250474127432
lambda1_start_expansion48_s349_cont160000,early_0p18_0p28,CDF_RUN_2:37,1.6804628372192383,0.1155267912377162,2.91722,1.8233414237755614
lambda1_start_expansion48_s349_cont160000,early_0p18_0p28,CDF_RUN_2:38,1.4854977130889893,0.1846215696118183,2.90854,1.7482220137224915
lambda1_start_expansion48_s349_cont160000,early_0p18_0p28,CDF_RUN_2:39,1.3191468715667725,0.2680057887944079,2.8682,1.7343020771369648
lambda1_start_expansion48_s349_cont160000,early_0p18_0p28,CDF_RUN_2:40,1.1922481060028076,0.3622378472320013,2.4889,1.6619444966936476
lambda1_start_expansion48_s349_cont160000,early_0p18_0p28,CDF_RUN_2:41,1.1067785024642944,0.4630252256673241,2.31978,1.6684287945955667
lambda1_start_expansion48_s349_cont160000,early_0p18_0p28,CDF_RUN_2:42,1.0570663213729858,0.5655850454883751,2.33764,1.7813396436504614
lambda1_start_expansion48_s349_cont160000,early_0p18_0p28,CDF_RUN_2:43,1.0325714349746704,0.6650046270774903,2.08436,1.7320156974237084
lambda1_start_expansion48_s349_cont160000,early_0p18_0p28,CDF_RUN_2:44,1.0210845470428467,0.7566020481604062,2.07474,1.8182824208056092
lambda1_start_expansion48_s349_cont160000,early_0p18_0p28,CDF_RUN_2:45,1.0113627910614014,0.8362867021553243,1.95146,1.7975535856300868
lambda1_start_expansion48_s349_cont160000,early_0p18_0p28,CDF_RUN_2:46,0.9947627782821655,0.9009198565219744,1.909664,1.8190154556839762
lambda1_start_expansion48_s349_cont160000,early_0p18_0p28,CDF_RUN_2:47,0.9658912420272827,0.9486752111106782,1.854624,1.8090099788180256
lambda1_start_expansion48_s349_cont160000,early_0p18_0p28,CDF_RUN_2:48,0.9225248098373413,0.979399456511414,1.824972,1.806381097412902
lambda1_start_expansion48_s349_cont160000,early_0p18_0p28,CDF_RUN_2:49,0.8651716709136963,0.99497283240288,1.69753,1.6933455951788245
lambda1_start_expansion48_s349_cont160000,early_0p18_0p28,CDF_RUN_2:50,0.7584718465805054,0.9998348419300568,1.6449,1.644753599237038
lambda1_start_expansion48_s349_cont160000,early_0p18_0p28,CDF_RUN_2:51,0.6047112941741943,1.0,1.42279,1.42279
lambda1_start_expansion48_s349_cont160000,early_0p18_0p28,D0_RUN_1:14,1.2793811559677124,0.1879104824806516,2.589585,1.525582192447824
lambda1_start_expansion48_s349_cont160000,early_0p18_0p28,D0_RUN_1:15,0.7866981029510498,0.7792496753543665,1.790634,1.569014824803039
lambda1_start_expansion48_s349_cont160000,central_0p20_0p30,CDF_RUN_1:30,1.4756968021392822,0.0012197116639461,2.72209,1.477217042460576
lambda1_start_expansion48_s349_cont160000,central_0p20_0p30,CDF_RUN_1:31,1.1291542053222656,0.0258850748744865,2.51472,1.1650196796610262
lambda1_start_expansion48_s349_cont160000,central_0p20_0p30,CDF_RUN_1:32,0.8638119697570801,0.1831302917603498,2.180565,1.1049493363617908
lambda1_start_expansion48_s349_cont160000,central_0p20_0p30,CDF_RUN_1:33,0.7962615489959717,0.549777686123881,1.75218,1.321804183112091
lambda1_start_expansion48_s349_cont160000,central_0p20_0p30,CDF_RUN_1:34,0.6529147624969482,0.8825037510074896,1.478605,1.3815894942636564
lambda1_start_expansion48_s349_cont160000,central_0p20_0p30,CDF_RUN_1:35,0.39521193504333496,0.9960358801988642,1.20233,1.199130487296851
lambda1_start_expansion48_s349_cont160000,central_0p20_0p30,CDF_RUN_2:36,1.8857617378234863,5.164127530589625e-05,3.27554,1.8858335077453376
lambda1_start_expansion48_s349_cont160000,central_0p20_0p30,CDF_RUN_2:37,1.6804628372192383,0.0023877817219835,2.91722,1.6834159433670584
lambda1_start_expansion48_s349_cont160000,central_0p20_0p30,CDF_RUN_2:38,1.4854977130889893,0.0134170653158552,2.90854,1.5045907643996983
lambda1_start_expansion48_s349_cont160000,central_0p20_0p30,CDF_RUN_2:39,1.3191468715667725,0.0383530844331178,2.8682,1.3785578369929574
lambda1_start_expansion48_s349_cont160000,central_0p20_0p30,CDF_RUN_2:40,1.1922481060028076,0.0798964211082592,2.4889,1.2958459517564291
lambda1_start_expansion48_s349_cont160000,central_0p20_0p30,CDF_RUN_2:41,1.1067785024642944,0.1385843072813845,2.31978,1.2748814747315622
lambda1_start_expansion48_s349_cont160000,central_0p20_0p30,CDF_RUN_2:42,1.0570663213729858,0.2131511831472797,2.33764,1.3300221160795982
lambda1_start_expansion48_s349_cont160000,central_0p20_0p30,CDF_RUN_2:43,1.0325714349746704,0.3008892555044757,2.08436,1.3490433132532629
lambda1_start_expansion48_s349_cont160000,central_0p20_0p30,CDF_RUN_2:44,1.0210845470428467,0.3980090561043118,2.07474,1.4404489593334844
lambda1_start_expansion48_s349_cont160000,central_0p20_0p30,CDF_RUN_2:45,1.0113627910614014,0.4999999999999999,1.95146,1.4814113955307007
lambda1_start_expansion48_s349_cont160000,central_0p20_0p30,CDF_RUN_2:46,0.9947627782821655,0.6019909438956881,1.909664,1.545525028315403
lambda1_start_expansion48_s349_cont160000,central_0p20_0p30,CDF_RUN_2:47,0.9658912420272827,0.6991107444955241,1.854624,1.5872138621111496
lambda1_start_expansion48_s349_cont160000,central_0p20_0p30,CDF_RUN_2:48,0.9225248098373413,0.7868488168527201,1.824972,1.632614313688891
lambda1_start_expansion48_s349_cont160000,central_0p20_0p30,CDF_RUN_2:49,0.8651716709136963,0.8614156927186152,1.69753,1.5821781975536837
lambda1_start_expansion48_s349_cont160000,central_0p20_0p30,CDF_RUN_2:50,0.7584718465805054,0.9408752472293116,1.6449,1.5924901545800947
lambda1_start_expansion48_s349_cont160000,central_0p20_0p30,CDF_RUN_2:51,0.6047112941741943,0.9920975764810804,1.42279,1.416325195594755
lambda1_start_expansion48_s349_cont160000,central_0p20_0p30,D0_RUN_1:14,1.2793811559677124,0.0206608071262849,2.589585,1.3064510248853807
lambda1_start_expansion48_s349_cont160000,central_0p20_0p30,D0_RUN_1:15,0.7866981029510498,0.4999999999999999,1.790634,1.2886660514755248
lambda1_start_expansion48_s349_cont160000,late_0p22_0p32,CDF_RUN_1:30,1.4756968021392822,0.0,2.72209,1.4756968021392822
lambda1_start_expansion48_s349_cont160000,late_0p22_0p32,CDF_RUN_1:31,1.1291542053222656,0.0,2.51472,1.1291542053222656
lambda1_start_expansion48_s349_cont160000,late_0p22_0p32,CDF_RUN_1:32,0.8638119697570801,0.0193207037777613,2.180565,0.8892525650028731
lambda1_start_expansion48_s349_cont160000,late_0p22_0p32,CDF_RUN_1:33,0.7962615489959717,0.2102966915212009,1.75218,0.99728803660619
lambda1_start_expansion48_s349_cont160000,late_0p22_0p32,CDF_RUN_1:34,0.6529147624969482,0.5852865232044726,1.478605,1.1361801308489845
lambda1_start_expansion48_s349_cont160000,late_0p22_0p32,CDF_RUN_1:35,0.39521193504333496,0.9023365088655396,1.20233,1.123504032018642
lambda1_start_expansion48_s349_cont160000,late_0p22_0p32,CDF_RUN_2:36,1.8857617378234863,0.0,3.27554,1.8857617378234863
lambda1_start_expansion48_s349_cont160000,late_0p22_0p32,CDF_RUN_2:37,1.6804628372192383,0.0,2.91722,1.6804628372192383
lambda1_start_expansion48_s349_cont160000,late_0p22_0p32,CDF_RUN_2:38,1.4854977130889893,0.0,2.90854,1.4854977130889893
lambda1_start_expansion48_s349_cont160000,late_0p22_0p32,CDF_RUN_2:39,1.3191468715667725,0.0,2.8682,1.3191468715667725
lambda1_start_expansion48_s349_cont160000,late_0p22_0p32,CDF_RUN_2:40,1.1922481060028076,0.0003303151612864,2.4889,1.1926764097823055
lambda1_start_expansion48_s349_cont160000,late_0p22_0p32,CDF_RUN_2:41,1.1067785024642944,0.0050271675971199,2.31978,1.112876464287964
lambda1_start_expansion48_s349_cont160000,late_0p22_0p32,CDF_RUN_2:42,1.0570663213729858,0.0206005434885857,2.33764,1.0834468351298798
lambda1_start_expansion48_s349_cont160000,late_0p22_0p32,CDF_RUN_2:43,1.0325714349746704,0.0513247888893216,2.08436,1.086554261030798
lambda1_start_expansion48_s349_cont160000,late_0p22_0p32,CDF_RUN_2:44,1.0210845470428467,0.0990801434780254,2.07474,1.1254808804982452
lambda1_start_expansion48_s349_cont160000,late_0p22_0p32,CDF_RUN_2:45,1.0113627910614014,0.1637132978446752,1.95146,1.165269205431314
lambda1_start_expansion48_s349_cont160000,late_0p22_0p32,CDF_RUN_2:46,0.9947627782821655,0.2433979518395934,1.909664,1.217447861783828
lambda1_start_expansion48_s349_cont160000,late_0p22_0p32,CDF_RUN_2:47,0.9658912420272827,0.3349953729225092,1.854624,1.2636126037128033
lambda1_start_expansion48_s349_cont160000,late_0p22_0p32,CDF_RUN_2:48,0.9225248098373413,0.4344149545116246,1.824972,1.314561364900996
lambda1_start_expansion48_s349_cont160000,late_0p22_0p32,CDF_RUN_2:49,0.8651716709136963,0.5369747743326755,1.69753,1.312127096838737
lambda1_start_expansion48_s349_cont160000,late_0p22_0p32,CDF_RUN_2:50,0.7584718465805054,0.6848781819867951,1.6449,1.3655671487563608
lambda1_start_expansion48_s349_cont160000,late_0p22_0p32,CDF_RUN_2:51,0.6047112941741943,0.8499258195752324,1.42279,1.3000175087002377
lambda1_start_expansion48_s349_cont160000,late_0p22_0p32,D0_RUN_1:14,1.2793811559677124,2.671437209028174e-06,2.589585,1.2793846560950128
lambda1_start_expansion48_s349_cont160000,late_0p22_0p32,D0_RUN_1:15,0.7866981029510498,0.2207503246456333,1.790634,1.0083172781480108
lambda1_start_expansion48_s350_cont120000,early_0p18_0p28,CDF_RUN_1:30,1.4548625946044922,0.0892391852052237,2.72209,1.5679489357317171
lambda1_start_expansion48_s350_cont120000,early_0p18_0p28,CDF_RUN_1:31,1.1022740602493286,0.2263136792031131,2.51472,1.4219298975498016
lambda1_start_expansion48_s350_cont120000,early_0p18_0p28,CDF_RUN_1:32,0.8388209342956543,0.5139631863662977,2.180565,1.528427989593131
lambda1_start_expansion48_s350_cont120000,early_0p18_0p28,CDF_RUN_1:33,0.7884489297866821,0.8606209544870957,1.75218,1.6178560833025382
lambda1_start_expansion48_s350_cont120000,early_0p18_0p28,CDF_RUN_1:34,0.6519777774810791,0.9935104948187734,1.478605,1.4732405983565204
lambda1_start_expansion48_s350_cont120000,early_0p18_0p28,CDF_RUN_1:35,0.3869972229003906,1.0,1.20233,1.20233
lambda1_start_expansion48_s350_cont120000,early_0p18_0p28,CDF_RUN_2:36,1.8763483762741089,0.0629515791727313,3.27554,1.9644296985529117
lambda1_start_expansion48_s350_cont120000,early_0p18_0p28,CDF_RUN_2:37,1.6740443706512451,0.1155267912377162,2.91722,1.817664462054835
lambda1_start_expansion48_s350_cont120000,early_0p18_0p28,CDF_RUN_2:38,1.4816398620605469,0.1846215696118183,2.90854,1.7450764052062486
lambda1_start_expansion48_s350_cont120000,early_0p18_0p28,CDF_RUN_2:39,1.3167482614517212,0.2680057887944079,2.8682,1.7325463084178083
lambda1_start_expansion48_s350_cont120000,early_0p18_0p28,CDF_RUN_2:40,1.1900620460510254,0.3622378472320013,2.4889,1.6605503103927193
lambda1_start_expansion48_s350_cont120000,early_0p18_0p28,CDF_RUN_2:41,1.1038644313812256,0.4630252256673241,2.31978,1.6668640119333464
lambda1_start_expansion48_s350_cont120000,early_0p18_0p28,CDF_RUN_2:42,1.053033709526062,0.5655850454883751,2.33764,1.7795878167584172
lambda1_start_expansion48_s350_cont120000,early_0p18_0p28,CDF_RUN_2:43,1.0275905132293701,0.6650046270774903,2.08436,1.7303471116861437
lambda1_start_expansion48_s350_cont120000,early_0p18_0p28,CDF_RUN_2:44,1.0156811475753784,0.7566020481604062,2.07474,1.8169672444422564
lambda1_start_expansion48_s350_cont120000,early_0p18_0p28,CDF_RUN_2:45,1.0061498880386353,0.8362867021553243,1.95146,1.7967001640848852
lambda1_start_expansion48_s350_cont120000,early_0p18_0p28,CDF_RUN_2:46,0.9902161359786987,0.9009198565219744,1.909664,1.8185649737122054
lambda1_start_expansion48_s350_cont120000,early_0p18_0p28,CDF_RUN_2:47,0.9622352123260498,0.9486752111106782,1.854624,1.8088223338654368
lambda1_start_expansion48_s350_cont120000,early_0p18_0p28,CDF_RUN_2:48,0.9197356700897217,0.979399456511414,1.824972,1.8063236396182354
lambda1_start_expansion48_s350_cont120000,early_0p18_0p28,CDF_RUN_2:49,0.8630588054656982,0.99497283240288,1.69753,1.693334973450107
lambda1_start_expansion48_s350_cont120000,early_0p18_0p28,CDF_RUN_2:50,0.7569046020507812,0.9998348419300568,1.6449,1.6447533403939563
lambda1_start_expansion48_s350_cont120000,early_0p18_0p28,CDF_RUN_2:51,0.6033568382263184,1.0,1.42279,1.42279
lambda1_start_expansion48_s350_cont120000,early_0p18_0p28,D0_RUN_1:14,1.2583003044128418,0.1879104824806516,2.589585,1.5084626538797323
lambda1_start_expansion48_s350_cont120000,early_0p18_0p28,D0_RUN_1:15,0.7748878002166748,0.7792496753543665,1.790634,1.5664076966402627
lambda1_start_expansion48_s350_cont120000,central_0p20_0p30,CDF_RUN_1:30,1.4548625946044922,0.0012197116639461,2.72209,1.4564082466517252
lambda1_start_expansion48_s350_cont120000,central_0p20_0p30,CDF_RUN_1:31,1.1022740602493286,0.0258850748744865,2.51472,1.138835329155939
lambda1_start_expansion48_s350_cont120000,central_0p20_0p30,CDF_RUN_1:32,0.8388209342956543,0.1831302917603498,2.180565,1.0845349165158091
lambda1_start_expansion48_s350_cont120000,central_0p20_0p30,CDF_RUN_1:33,0.7884489297866821,0.549777686123881,1.75218,1.3182867676142516
lambda1_start_expansion48_s350_cont120000,central_0p20_0p30,CDF_RUN_1:34,0.6519777774810791,0.8825037510074896,1.478605,1.3814794020389296
lambda1_start_expansion48_s350_cont120000,central_0p20_0p30,CDF_RUN_1:35,0.3869972229003906,0.9960358801988642,1.20233,1.1990979231937844
lambda1_start_expansion48_s350_cont120000,central_0p20_0p30,CDF_RUN_2:36,1.8763483762741089,5.164127530589625e-05,3.27554,1.8764206323139556
lambda1_start_expansion48_s350_cont120000,central_0p20_0p30,CDF_RUN_2:37,1.6740443706512451,0.0023877817219835,2.91722,1.6770128026962194
lambda1_start_expansion48_s350_cont120000,central_0p20_0p30,CDF_RUN_2:38,1.4816398620605469,0.0134170653158552,2.90854,1.5007846744104834
lambda1_start_expansion48_s350_cont120000,central_0p20_0p30,CDF_RUN_2:39,1.3167482614517212,0.0383530844331178,2.8682,1.3762512209741706
lambda1_start_expansion48_s350_cont120000,central_0p20_0p30,CDF_RUN_2:40,1.1900620460510254,0.0798964211082592,2.4889,1.2938345501711224
lambda1_start_expansion48_s350_cont120000,central_0p20_0p30,CDF_RUN_2:41,1.1038644313812256,0.1385843072813845,2.31978,1.2723712481709093
lambda1_start_expansion48_s350_cont120000,central_0p20_0p30,CDF_RUN_2:42,1.053033709526062,0.2131511831472797,2.33764,1.32684906021902
lambda1_start_expansion48_s350_cont120000,central_0p20_0p30,CDF_RUN_2:43,1.0275905132293701,0.3008892555044757,2.08436,1.3455610973436318
lambda1_start_expansion48_s350_cont120000,central_0p20_0p30,CDF_RUN_2:44,1.0156811475753784,0.3980090561043118,2.07474,1.4371961617878177
lambda1_start_expansion48_s350_cont120000,central_0p20_0p30,CDF_RUN_2:45,1.0061498880386353,0.4999999999999999,1.95146,1.4788049440193176
lambda1_start_expansion48_s350_cont120000,central_0p20_0p30,CDF_RUN_2:46,0.9902161359786987,0.6019909438956881,1.909664,1.543715423503756
lambda1_start_expansion48_s350_cont120000,central_0p20_0p30,CDF_RUN_2:47,0.9622352123260498,0.6991107444955241,1.854624,1.5861138020562433
lambda1_start_expansion48_s350_cont120000,central_0p20_0p30,CDF_RUN_2:48,0.9197356700897217,0.7868488168527201,1.824972,1.6320198052517227
lambda1_start_expansion48_s350_cont120000,central_0p20_0p30,CDF_RUN_2:49,0.8630588054656982,0.8614156927186152,1.69753,1.581885387559194
lambda1_start_expansion48_s350_cont120000,central_0p20_0p30,CDF_RUN_2:50,0.7569046020507812,0.9408752472293116,1.6449,1.5923974916347434
lambda1_start_expansion48_s350_cont120000,central_0p20_0p30,CDF_RUN_2:51,0.6033568382263184,0.9920975764810804,1.42279,1.416314492110217
lambda1_start_expansion48_s350_cont120000,central_0p20_0p30,D0_RUN_1:14,1.2583003044128418,0.0206608071262849,2.589585,1.285805720738543
lambda1_start_expansion48_s350_cont120000,central_0p20_0p30,D0_RUN_1:15,0.7748878002166748,0.4999999999999999,1.790634,1.2827609001083373
lambda1_start_expansion48_s350_cont120000,late_0p22_0p32,CDF_RUN_1:30,1.4548625946044922,0.0,2.72209,1.4548625946044922
lambda1_start_expansion48_s350_cont120000,late_0p22_0p32,CDF_RUN_1:31,1.1022740602493286,0.0,2.51472,1.1022740602493286
lambda1_start_expansion48_s350_cont120000,late_0p22_0p32,CDF_RUN_1:32,0.8388209342956543,0.0193207037777613,2.180565,0.864744373934697
lambda1_start_expansion48_s350_cont120000,late_0p22_0p32,CDF_RUN_1:33,0.7884489297866821,0.2102966915212009,1.75218,0.9911183853687291
lambda1_start_expansion48_s350_cont120000,late_0p22_0p32,CDF_RUN_1:34,0.6519777774810791,0.5852865232044726,1.478605,1.1357915505353482
lambda1_start_expansion48_s350_cont120000,late_0p22_0p32,CDF_RUN_1:35,0.3869972229003906,0.9023365088655396,1.20233,1.1227017545520974
lambda1_start_expansion48_s350_cont120000,late_0p22_0p32,CDF_RUN_2:36,1.8763483762741089,0.0,3.27554,1.8763483762741089
lambda1_start_expansion48_s350_cont120000,late_0p22_0p32,CDF_RUN_2:37,1.6740443706512451,0.0,2.91722,1.6740443706512451
lambda1_start_expansion48_s350_cont120000,late_0p22_0p32,CDF_RUN_2:38,1.4816398620605469,0.0,2.90854,1.4816398620605469
lambda1_start_expansion48_s350_cont120000,late_0p22_0p32,CDF_RUN_2:39,1.3167482614517212,0.0,2.8682,1.3167482614517212
lambda1_start_expansion48_s350_cont120000,late_0p22_0p32,CDF_RUN_2:40,1.1900620460510254,0.0003303151612864,2.4889,1.190491071919269
lambda1_start_expansion48_s350_cont120000,late_0p22_0p32,CDF_RUN_2:41,1.1038644313812256,0.0050271675971199,2.31978,1.1099770427286195
lambda1_start_expansion48_s350_cont120000,late_0p22_0p32,CDF_RUN_2:42,1.053033709526062,0.0206005434885857,2.33764,1.0794972972786812
lambda1_start_expansion48_s350_cont120000,late_0p22_0p32,CDF_RUN_2:43,1.0275905132293701,0.0513247888893216,2.08436,1.0818289840425495
lambda1_start_expansion48_s350_cont120000,late_0p22_0p32,CDF_RUN_2:44,1.0156811475753784,0.0990801434780254,2.07474,1.1206128506252828
lambda1_start_expansion48_s350_cont120000,late_0p22_0p32,CDF_RUN_2:45,1.0061498880386353,0.1637132978446752,1.95146,1.1609097239537494
lambda1_start_expansion48_s350_cont120000,late_0p22_0p32,CDF_RUN_2:46,0.9902161359786987,0.2433979518395934,1.909664,1.2140078629047724
lambda1_start_expansion48_s350_cont120000,late_0p22_0p32,CDF_RUN_2:47,0.9622352123260498,0.3349953729225092,1.854624,1.2611813270447505
lambda1_start_expansion48_s350_cont120000,late_0p22_0p32,CDF_RUN_2:48,0.9197356700897217,0.4344149545116246,1.824972,1.3129838691699653
lambda1_start_expansion48_s350_cont120000,late_0p22_0p32,CDF_RUN_2:49,0.8630588054656982,0.5369747743326755,1.69753,1.311148786837873
lambda1_start_expansion48_s350_cont120000,late_0p22_0p32,CDF_RUN_2:50,0.7569046020507812,0.6848781819867951,1.6449,1.3650732758108828
lambda1_start_expansion48_s350_cont120000,late_0p22_0p32,CDF_RUN_2:51,0.6033568382263184,0.8499258195752324,1.42279,1.2998142398339387
lambda1_start_expansion48_s350_cont120000,late_0p22_0p32,D0_RUN_1:14,1.2583003044128418,2.671437209028174e-06,2.589585,1.2583038608563135
lambda1_start_expansion48_s350_cont120000,late_0p22_0p32,D0_RUN_1:15,0.7748878002166748,0.2207503246456333,1.790634,0.9991141035764122
lambda1_start_expansion96_s351_cont120000,early_0p18_0p28,CDF_RUN_1:30,1.4571783542633057,0.0892391852052237,2.72209,1.5700580388854468
lambda1_start_expansion96_s351_cont120000,early_0p18_0p28,CDF_RUN_1:31,1.1024223566055298,0.2263136792031131,2.51472,1.4220446324120186
lambda1_start_expansion96_s351_cont120000,early_0p18_0p28,CDF_RUN_1:32,0.8390651941299438,0.5139631863662977,2.180565,1.5285467088646878
lambda1_start_expansion96_s351_cont120000,early_0p18_0p28,CDF_RUN_1:33,0.7895786762237549,0.8606209544870957,1.75218,1.6180135462826088
lambda1_start_expansion96_s351_cont120000,early_0p18_0p28,CDF_RUN_1:34,0.6521010398864746,0.9935104948187734,1.478605,1.4732413982685388
lambda1_start_expansion96_s351_cont120000,early_0p18_0p28,CDF_RUN_1:35,0.3872189521789551,1.0,1.20233,1.20233
lambda1_start_expansion96_s351_cont120000,early_0p18_0p28,CDF_RUN_2:36,1.8750137090682983,0.0629515791727313,3.27554,1.963179050755377
lambda1_start_expansion96_s351_cont120000,early_0p18_0p28,CDF_RUN_2:37,1.6700060367584229,0.1155267912377162,2.91722,1.814092663918597
lambda1_start_expansion96_s351_cont120000,early_0p18_0p28,CDF_RUN_2:38,1.4752689599990845,0.1846215696118183,2.90854,1.7398817090832166
lambda1_start_expansion96_s351_cont120000,early_0p18_0p28,CDF_RUN_2:39,1.3091106414794922,0.2680057887944079,2.8682,1.7269556148107483
lambda1_start_expansion96_s351_cont120000,early_0p18_0p28,CDF_RUN_2:40,1.1824229955673218,0.3622378472320013,2.4889,1.6556784131111288
lambda1_start_expansion96_s351_cont120000,early_0p18_0p28,CDF_RUN_2:41,1.0972908735275269,0.4630252256673241,2.31978,1.6633341771882937
lambda1_start_expansion96_s351_cont120000,early_0p18_0p28,CDF_RUN_2:42,1.048147201538086,0.5655850454883751,2.33764,1.7774650446130997
lambda1_start_expansion96_s351_cont120000,early_0p18_0p28,CDF_RUN_2:43,1.024509072303772,0.6650046270774903,2.08436,1.7293148432341343
lambda1_start_expansion96_s351_cont120000,early_0p18_0p28,CDF_RUN_2:44,1.0141478776931763,0.7566020481604062,2.07474,1.816594049693311
lambda1_start_expansion96_s351_cont120000,early_0p18_0p28,CDF_RUN_2:45,1.0057151317596436,0.8362867021553243,1.95146,1.796628988700693
lambda1_start_expansion96_s351_cont120000,early_0p18_0p28,CDF_RUN_2:46,0.9904052019119263,0.9009198565219744,1.909664,1.8185837063919963
lambda1_start_expansion96_s351_cont120000,early_0p18_0p28,CDF_RUN_2:47,0.9626519680023193,0.9486752111106782,1.854624,1.8088437237625399
lambda1_start_expansion96_s351_cont120000,early_0p18_0p28,CDF_RUN_2:48,0.920099139213562,0.979399456511414,1.824972,1.8063311272797278
lambda1_start_expansion96_s351_cont120000,early_0p18_0p28,CDF_RUN_2:49,0.8631799221038818,0.99497283240288,1.69753,1.6933355823237461
lambda1_start_expansion96_s351_cont120000,early_0p18_0p28,CDF_RUN_2:50,0.7564411163330078,0.9998348419300568,1.6449,1.6447532638455495
lambda1_start_expansion96_s351_cont120000,early_0p18_0p28,CDF_RUN_2:51,0.6019620895385742,1.0,1.42279,1.42279
lambda1_start_expansion96_s351_cont120000,early_0p18_0p28,D0_RUN_1:14,1.2588582038879395,0.1879104824806516,2.589585,1.5089157181952886
lambda1_start_expansion96_s351_cont120000,early_0p18_0p28,D0_RUN_1:15,0.7749875783920288,0.7792496753543665,1.790634,1.5664297227048645
lambda1_start_expansion96_s351_cont120000,central_0p20_0p30,CDF_RUN_1:30,1.4571783542633057,0.0012197116639461,2.72209,1.458721181751472
lambda1_start_expansion96_s351_cont120000,central_0p20_0p30,CDF_RUN_1:31,1.1024223566055298,0.0258850748744865,2.51472,1.1389797868498563
lambda1_start_expansion96_s351_cont120000,central_0p20_0p30,CDF_RUN_1:32,0.8390651941299438,0.1831302917603498,2.180565,1.0847344449753797
lambda1_start_expansion96_s351_cont120000,central_0p20_0p30,CDF_RUN_1:33,0.7895786762237549,0.549777686123881,1.75218,1.3187954046692438
lambda1_start_expansion96_s351_cont120000,central_0p20_0p30,CDF_RUN_1:34,0.6521010398864746,0.8825037510074896,1.478605,1.3814938849092053
lambda1_start_expansion96_s351_cont120000,central_0p20_0p30,CDF_RUN_1:35,0.3872189521789551,0.9960358801988642,1.20233,1.199098802155208
lambda1_start_expansion96_s351_cont120000,central_0p20_0p30,CDF_RUN_2:36,1.8750137090682983,5.164127530589625e-05,3.27554,1.8750860340320616
lambda1_start_expansion96_s351_cont120000,central_0p20_0p30,CDF_RUN_2:37,1.6700060367584229,0.0023877817219835,2.91722,1.6729841114632538
lambda1_start_expansion96_s351_cont120000,central_0p20_0p30,CDF_RUN_2:38,1.4752689599990845,0.0134170653158552,2.90854,1.4944992511581006
lambda1_start_expansion96_s351_cont120000,central_0p20_0p30,CDF_RUN_2:39,1.3091106414794922,0.0383530844331178,2.8682,1.3689065272856047
lambda1_start_expansion96_s351_cont120000,central_0p20_0p30,CDF_RUN_2:40,1.1824229955673218,0.0798964211082592,2.4889,1.2868058324817322
lambda1_start_expansion96_s351_cont120000,central_0p20_0p30,CDF_RUN_2:41,1.0972908735275269,0.1385843072813845,2.31978,1.2667086822787395
lambda1_start_expansion96_s351_cont120000,central_0p20_0p30,CDF_RUN_2:42,1.048147201538086,0.2131511831472797,2.33764,1.3230041171901397
lambda1_start_expansion96_s351_cont120000,central_0p20_0p30,CDF_RUN_2:43,1.024509072303772,0.3008892555044757,2.08436,1.343406828884018
lambda1_start_expansion96_s351_cont120000,central_0p20_0p30,CDF_RUN_2:44,1.0141478776931763,0.3980090561043118,2.07474,1.4362731472041839
lambda1_start_expansion96_s351_cont120000,central_0p20_0p30,CDF_RUN_2:45,1.0057151317596436,0.4999999999999999,1.95146,1.4785875658798218
lambda1_start_expansion96_s351_cont120000,central_0p20_0p30,CDF_RUN_2:46,0.9904052019119263,0.6019909438956881,1.909664,1.5437906734573814
lambda1_start_expansion96_s351_cont120000,central_0p20_0p30,CDF_RUN_2:47,0.9626519680023193,0.6991107444955241,1.854624,1.5862391993614033
lambda1_start_expansion96_s351_cont120000,central_0p20_0p30,CDF_RUN_2:48,0.920099139213562,0.7868488168527201,1.824972,1.6320972791255068
lambda1_start_expansion96_s351_cont120000,central_0p20_0p30,CDF_RUN_2:49,0.8631799221038818,0.8614156927186152,1.69753,1.5819021724245972
lambda1_start_expansion96_s351_cont120000,central_0p20_0p30,CDF_RUN_2:50,0.7564411163330078,0.9408752472293116,1.6449,1.5923700881562675
lambda1_start_expansion96_s351_cont120000,central_0p20_0p30,CDF_RUN_2:51,0.6019620895385742,0.9920975764810804,1.42279,1.416303470215384
lambda1_start_expansion96_s351_cont120000,central_0p20_0p30,D0_RUN_1:14,1.2588582038879395,0.0206608071262849,2.589585,1.2863520935601898
lambda1_start_expansion96_s351_cont120000,central_0p20_0p30,D0_RUN_1:15,0.7749875783920288,0.4999999999999999,1.790634,1.2828107891960143
lambda1_start_expansion96_s351_cont120000,late_0p22_0p32,CDF_RUN_1:30,1.4571783542633057,0.0,2.72209,1.4571783542633057
lambda1_start_expansion96_s351_cont120000,late_0p22_0p32,CDF_RUN_1:31,1.1024223566055298,0.0,2.51472,1.1024223566055298
lambda1_start_expansion96_s351_cont120000,late_0p22_0p32,CDF_RUN_1:32,0.8390651941299438,0.0193207037777613,2.180565,0.8649839144970836
lambda1_start_expansion96_s351_cont120000,late_0p22_0p32,CDF_RUN_1:33,0.7895786762237549,0.2102966915212009,1.75218,0.9920105498678276
lambda1_start_expansion96_s351_cont120000,late_0p22_0p32,CDF_RUN_1:34,0.6521010398864746,0.5852865232044726,1.478605,1.135842669116048
lambda1_start_expansion96_s351_cont120000,late_0p22_0p32,CDF_RUN_1:35,0.3872189521789551,0.9023365088655396,1.20233,1.1227234094075287
lambda1_start_expansion96_s351_cont120000,late_0p22_0p32,CDF_RUN_2:36,1.8750137090682983,0.0,3.27554,1.8750137090682983
lambda1_start_expansion96_s351_cont120000,late_0p22_0p32,CDF_RUN_2:37,1.6700060367584229,0.0,2.91722,1.6700060367584229
lambda1_start_expansion96_s351_cont120000,late_0p22_0p32,CDF_RUN_2:38,1.4752689599990845,0.0,2.90854,1.4752689599990845
lambda1_start_expansion96_s351_cont120000,late_0p22_0p32,CDF_RUN_2:39,1.3091106414794922,0.0,2.8682,1.3091106414794922
lambda1_start_expansion96_s351_cont120000,late_0p22_0p32,CDF_RUN_2:40,1.1824229955673218,0.0003303151612864,2.4889,1.1828545447297578
lambda1_start_expansion96_s351_cont120000,late_0p22_0p32,CDF_RUN_2:41,1.0972908735275269,0.0050271675971199,2.31978,1.103436531251961
lambda1_start_expansion96_s351_cont120000,late_0p22_0p32,CDF_RUN_2:42,1.048147201538086,0.0206005434885857,2.33764,1.0747114540110188
lambda1_start_expansion96_s351_cont120000,late_0p22_0p32,CDF_RUN_2:43,1.024509072303772,0.0513247888893216,2.08436,1.0789056974219327
lambda1_start_expansion96_s351_cont120000,late_0p22_0p32,CDF_RUN_2:44,1.0141478776931763,0.0990801434780254,2.07474,1.1192314973429998
lambda1_start_expansion96_s351_cont120000,late_0p22_0p32,CDF_RUN_2:45,1.0057151317596436,0.1637132978446752,1.95146,1.16054614305895
lambda1_start_expansion96_s351_cont120000,late_0p22_0p32,CDF_RUN_2:46,0.9904052019119263,0.2433979518395934,1.909664,1.2141509105770898
lambda1_start_expansion96_s351_cont120000,late_0p22_0p32,CDF_RUN_2:47,0.9626519680023193,0.3349953729225092,1.854624,1.2614584714978307
lambda1_start_expansion96_s351_cont120000,late_0p22_0p32,CDF_RUN_2:48,0.920099139213562,0.4344149545116246,1.824972,1.313189441870906
lambda1_start_expansion96_s351_cont120000,late_0p22_0p32,CDF_RUN_2:49,0.8631799221038818,0.5369747743326755,1.69753,1.3112048668966
lambda1_start_expansion96_s351_cont120000,late_0p22_0p32,CDF_RUN_2:50,0.7564411163330078,0.6848781819867951,1.6449,1.364927221348875
lambda1_start_expansion96_s351_cont120000,late_0p22_0p32,CDF_RUN_2:51,0.6019620895385742,0.8499258195752324,1.42279,1.299604924067727
lambda1_start_expansion96_s351_cont120000,late_0p22_0p32,D0_RUN_1:14,1.2588582038879395,2.671437209028174e-06,2.589585,1.2588617588410178
lambda1_start_expansion96_s351_cont120000,late_0p22_0p32,D0_RUN_1:15,0.7749875783920288,0.2207503246456333,1.790634,0.9991918556871642
lambda1_start_expansion96_s352_cont120000,early_0p18_0p28,CDF_RUN_1:30,1.4705567359924316,0.0892391852052237,2.72209,1.5822425447297013
lambda1_start_expansion96_s352_cont120000,early_0p18_0p28,CDF_RUN_1:31,1.1301923990249634,0.2263136792031131,2.51472,1.4435299343598835
lambda1_start_expansion96_s352_cont120000,early_0p18_0p28,CDF_RUN_1:32,0.8663003444671631,0.5139631863662977,2.180565,1.5417839945534246
lambda1_start_expansion96_s352_cont120000,early_0p18_0p28,CDF_RUN_1:33,0.7938553094863892,0.8606209544870957,1.75218,1.6186096193447637
lambda1_start_expansion96_s352_cont120000,early_0p18_0p28,CDF_RUN_1:34,0.6522121429443359,0.9935104948187734,1.478605,1.4732421192724086
lambda1_start_expansion96_s352_cont120000,early_0p18_0p28,CDF_RUN_1:35,0.39562785625457764,1.0,1.20233,1.20233
lambda1_start_expansion96_s352_cont120000,early_0p18_0p28,CDF_RUN_2:36,1.8753142356872559,0.0629515791727313,3.27554,1.9634606587490877
lambda1_start_expansion96_s352_cont120000,early_0p18_0p28,CDF_RUN_2:37,1.6732358932495117,0.1155267912377162,2.91722,1.8169493854531122
lambda1_start_expansion96_s352_cont120000,early_0p18_0p28,CDF_RUN_2:38,1.4824707508087158,0.1846215696118183,2.90854,1.7457538939695578
lambda1_start_expansion96_s352_cont120000,early_0p18_0p28,CDF_RUN_2:39,1.3197307586669922,0.2680057887944079,2.8682,1.7347294791143235
lambda1_start_expansion96_s352_cont120000,early_0p18_0p28,CDF_RUN_2:40,1.1947598457336426,0.3622378472320013,2.4889,1.6635463892315778
lambda1_start_expansion96_s352_cont120000,early_0p18_0p28,CDF_RUN_2:41,1.109238624572754,0.4630252256673241,2.31978,1.6697498181095876
lambda1_start_expansion96_s352_cont120000,early_0p18_0p28,CDF_RUN_2:42,1.0579335689544678,0.5655850454883751,2.33764,1.7817163889691212
lambda1_start_expansion96_s352_cont120000,early_0p18_0p28,CDF_RUN_2:43,1.0311638116836548,0.6650046270774903,2.08436,1.7315441501344002
lambda1_start_expansion96_s352_cont120000,early_0p18_0p28,CDF_RUN_2:44,1.0175992250442505,0.7566020481604062,2.07474,1.8174341005696495
lambda1_start_expansion96_s352_cont120000,early_0p18_0p28,CDF_RUN_2:45,1.0065906047821045,0.8362867021553243,1.95146,1.796772315276374
lambda1_start_expansion96_s352_cont120000,early_0p18_0p28,CDF_RUN_2:46,0.9896873235702515,0.9009198565219744,1.909664,1.8185125789029035
lambda1_start_expansion96_s352_cont120000,early_0p18_0p28,CDF_RUN_2:47,0.9613288640975952,0.9486752111106782,1.854624,1.808775815733951
lambda1_start_expansion96_s352_cont120000,early_0p18_0p28,CDF_RUN_2:48,0.9189422130584717,0.979399456511414,1.824972,1.8063072939721567
lambda1_start_expansion96_s352_cont120000,early_0p18_0p28,CDF_RUN_2:49,0.8626682758331299,0.99497283240288,1.69753,1.6933330101921926
lambda1_start_expansion96_s352_cont120000,early_0p18_0p28,CDF_RUN_2:50,0.7572505474090576,0.9998348419300568,1.6449,1.644753397529624
lambda1_start_expansion96_s352_cont120000,early_0p18_0p28,CDF_RUN_2:51,0.6044256687164307,1.0,1.42279,1.42279
lambda1_start_expansion96_s352_cont120000,early_0p18_0p28,D0_RUN_1:14,1.276355266571045,0.1879104824806516,2.589585,1.5231248993876174
lambda1_start_expansion96_s352_cont120000,early_0p18_0p28,D0_RUN_1:15,0.7865283489227295,0.7792496753543665,1.790634,1.5689773515461773
lambda1_start_expansion96_s352_cont120000,central_0p20_0p30,CDF_RUN_1:30,1.4705567359924316,0.0012197116639461,2.72209,1.4720832457123583
lambda1_start_expansion96_s352_cont120000,central_0p20_0p30,CDF_RUN_1:31,1.1301923990249634,0.0258850748744865,2.51472,1.1660309996419953
lambda1_start_expansion96_s352_cont120000,central_0p20_0p30,CDF_RUN_1:32,0.8663003444671631,0.1831302917603498,2.180565,1.1069820142852071
lambda1_start_expansion96_s352_cont120000,central_0p20_0p30,CDF_RUN_1:33,0.7938553094863892,0.549777686123881,1.75218,1.3207208403923465
lambda1_start_expansion96_s352_cont120000,central_0p20_0p30,CDF_RUN_1:34,0.6522121429443359,0.8825037510074896,1.478605,1.3815069391017556
lambda1_start_expansion96_s352_cont120000,central_0p20_0p30,CDF_RUN_1:35,0.39562785625457764,0.9960358801988642,1.20233,1.19913213605836
lambda1_start_expansion96_s352_cont120000,central_0p20_0p30,CDF_RUN_2:36,1.8753142356872559,5.164127530589625e-05,3.27554,1.8753865451314413
lambda1_start_expansion96_s352_cont120000,central_0p20_0p30,CDF_RUN_2:37,1.6732358932495117,0.0023877817219835,2.91722,1.6762062557620485
lambda1_start_expansion96_s352_cont120000,central_0p20_0p30,CDF_RUN_2:38,1.4824707508087158,0.0134170653158552,2.90854,1.5016044150700478
lambda1_start_expansion96_s352_cont120000,central_0p20_0p30,CDF_RUN_2:39,1.3197307586669922,0.0383530844331178,2.8682,1.379119330221923
lambda1_start_expansion96_s352_cont120000,central_0p20_0p30,CDF_RUN_2:40,1.1947598457336426,0.0798964211082592,2.4889,1.2981570124720148
lambda1_start_expansion96_s352_cont120000,central_0p20_0p30,CDF_RUN_2:41,1.109238624572754,0.1385843072813845,2.31978,1.2770006625217931
lambda1_start_expansion96_s352_cont120000,central_0p20_0p30,CDF_RUN_2:42,1.0579335689544678,0.2131511831472797,2.33764,1.3307045088130058
lambda1_start_expansion96_s352_cont120000,central_0p20_0p30,CDF_RUN_2:43,1.0311638116836548,0.3008892555044757,2.08436,1.3480592286863116
lambda1_start_expansion96_s352_cont120000,central_0p20_0p30,CDF_RUN_2:44,1.0175992250442505,0.3980090561043118,2.07474,1.438350827053769
lambda1_start_expansion96_s352_cont120000,central_0p20_0p30,CDF_RUN_2:45,1.0065906047821045,0.4999999999999999,1.95146,1.4790253023910522
lambda1_start_expansion96_s352_cont120000,central_0p20_0p30,CDF_RUN_2:46,0.9896873235702515,0.6019909438956881,1.909664,1.5435049513762138
lambda1_start_expansion96_s352_cont120000,central_0p20_0p30,CDF_RUN_2:47,0.9613288640975952,0.6991107444955241,1.854624,1.5858410916125558
lambda1_start_expansion96_s352_cont120000,central_0p20_0p30,CDF_RUN_2:48,0.9189422130584717,0.7868488168527201,1.824972,1.6318506789467353
lambda1_start_expansion96_s352_cont120000,central_0p20_0p30,CDF_RUN_2:49,0.8626682758331299,0.8614156927186152,1.69753,1.5818312662805918
lambda1_start_expansion96_s352_cont120000,central_0p20_0p30,CDF_RUN_2:50,0.7572505474090576,0.9408752472293116,1.6449,1.5924179455685237
lambda1_start_expansion96_s352_cont120000,central_0p20_0p30,CDF_RUN_2:51,0.6044256687164307,0.9920975764810804,1.42279,1.4163229384614198
lambda1_start_expansion96_s352_cont120000,central_0p20_0p30,D0_RUN_1:14,1.276355266571045,0.0206608071262849,2.589585,1.3034876528059232
lambda1_start_expansion96_s352_cont120000,central_0p20_0p30,D0_RUN_1:15,0.7865283489227295,0.4999999999999999,1.790634,1.2885811744613647
lambda1_start_expansion96_s352_cont120000,late_0p22_0p32,CDF_RUN_1:30,1.4705567359924316,0.0,2.72209,1.4705567359924316
lambda1_start_expansion96_s352_cont120000,late_0p22_0p32,CDF_RUN_1:31,1.1301923990249634,0.0,2.51472,1.1301923990249634
lambda1_start_expansion96_s352_cont120000,late_0p22_0p32,CDF_RUN_1:32,0.8663003444671631,0.0193207037777613,2.180565,0.8916928625622945
lambda1_start_expansion96_s352_cont120000,late_0p22_0p32,CDF_RUN_1:33,0.7938553094863892,0.2102966915212009,1.75218,0.9953878213044802
lambda1_start_expansion96_s352_cont120000,late_0p22_0p32,CDF_RUN_1:34,0.6522121429443359,0.5852865232044726,1.478605,1.135888745051456
lambda1_start_expansion96_s352_cont120000,late_0p22_0p32,CDF_RUN_1:35,0.39562785625457764,0.9023365088655396,1.20233,1.1235446523361687
lambda1_start_expansion96_s352_cont120000,late_0p22_0p32,CDF_RUN_2:36,1.8753142356872559,0.0,3.27554,1.8753142356872559
lambda1_start_expansion96_s352_cont120000,late_0p22_0p32,CDF_RUN_2:37,1.6732358932495117,0.0,2.91722,1.6732358932495117
lambda1_start_expansion96_s352_cont120000,late_0p22_0p32,CDF_RUN_2:38,1.4824707508087158,0.0,2.90854,1.4824707508087158
lambda1_start_expansion96_s352_cont120000,late_0p22_0p32,CDF_RUN_2:39,1.3197307586669922,0.0,2.8682,1.3197307586669922
lambda1_start_expansion96_s352_cont120000,late_0p22_0p32,CDF_RUN_2:40,1.1947598457336426,0.0003303151612864,2.4889,1.1951873198474263
lambda1_start_expansion96_s352_cont120000,late_0p22_0p32,CDF_RUN_2:41,1.109238624572754,0.0050271675971199,2.31978,1.1153242189502746
lambda1_start_expansion96_s352_cont120000,late_0p22_0p32,CDF_RUN_2:42,1.0579335689544678,0.0206005434885857,2.33764,1.0842962169398442
lambda1_start_expansion96_s352_cont120000,late_0p22_0p32,CDF_RUN_2:43,1.0311638116836548,0.0513247888893216,2.08436,1.0852188837080294
lambda1_start_expansion96_s352_cont120000,late_0p22_0p32,CDF_RUN_2:44,1.0175992250442505,0.0990801434780254,2.07474,1.1223408847033371
lambda1_start_expansion96_s352_cont120000,late_0p22_0p32,CDF_RUN_2:45,1.0065906047821045,0.1637132978446752,1.95146,1.16127828950573
lambda1_start_expansion96_s352_cont120000,late_0p22_0p32,CDF_RUN_2:46,0.9896873235702515,0.2433979518395934,1.909664,1.2136077623534485
lambda1_start_expansion96_s352_cont120000,late_0p22_0p32,CDF_RUN_2:47,0.9613288640975952,0.3349953729225092,1.854624,1.260578601279085
lambda1_start_expansion96_s352_cont120000,late_0p22_0p32,CDF_RUN_2:48,0.9189422130584717,0.4344149545116246,1.824972,1.3125351017388525
lambda1_start_expansion96_s352_cont120000,late_0p22_0p32,CDF_RUN_2:49,0.8626682758331299,0.5369747743326755,1.69753,1.3109679617666232
lambda1_start_expansion96_s352_cont120000,late_0p22_0p32,CDF_RUN_2:50,0.7572505474090576,0.6848781819867951,1.6449,1.3651822907411162
lambda1_start_expansion96_s352_cont120000,late_0p22_0p32,CDF_RUN_2:51,0.6044256687164307,0.8499258195752324,1.42279,1.2999746436937554
lambda1_start_expansion96_s352_cont120000,late_0p22_0p32,D0_RUN_1:14,1.276355266571045,2.671437209028174e-06,2.589585,1.2763587747818188
lambda1_start_expansion96_s352_cont120000,late_0p22_0p32,D0_RUN_1:15,0.7865283489227295,0.2207503246456333,1.790634,1.008184997376552
lambda1_start_expansion96_s353_cont120000,early_0p18_0p28,CDF_RUN_1:30,1.4627494812011719,0.0892391852052237,2.72209,1.575132002994703
lambda1_start_expansion96_s353_cont120000,early_0p18_0p28,CDF_RUN_1:31,1.1178994178771973,0.2263136792031131,2.51472,1.434019023004043
lambda1_start_expansion96_s353_cont120000,early_0p18_0p28,CDF_RUN_1:32,0.8548697233200073,0.5139631863662977,2.180565,1.536228291873207
lambda1_start_expansion96_s353_cont120000,early_0p18_0p28,CDF_RUN_1:33,0.7910794019699097,0.8606209544870957,1.75218,1.6182227160046847
lambda1_start_expansion96_s353_cont120000,early_0p18_0p28,CDF_RUN_1:34,0.6515166759490967,0.9935104948187734,1.478605,1.4732376060357395
lambda1_start_expansion96_s353_cont120000,early_0p18_0p28,CDF_RUN_1:35,0.3919336795806885,1.0,1.20233,1.20233
lambda1_start_expansion96_s353_cont120000,early_0p18_0p28,CDF_RUN_2:36,1.8847010135650635,0.0629515791727313,3.27554,1.9722565241361436
lambda1_start_expansion96_s353_cont120000,early_0p18_0p28,CDF_RUN_2:37,1.68531334400177,0.1155267912377162,2.91722,1.8276315670736305
lambda1_start_expansion96_s353_cont120000,early_0p18_0p28,CDF_RUN_2:38,1.4971020221710205,0.1846215696118183,2.90854,1.7576839170475376
lambda1_start_expansion96_s353_cont120000,early_0p18_0p28,CDF_RUN_2:39,1.3360720872879028,0.2680057887944079,2.8682,1.7466912370682381
lambda1_start_expansion96_s353_cont120000,early_0p18_0p28,CDF_RUN_2:40,1.211559534072876,0.3622378472320013,2.4889,1.674260594632639
lambda1_start_expansion96_s353_cont120000,early_0p18_0p28,CDF_RUN_2:41,1.1251490116119385,0.4630252256673241,2.31978,1.678293294599499
lambda1_start_expansion96_s353_cont120000,early_0p18_0p28,CDF_RUN_2:42,1.0717899799346924,0.5655850454883751,2.33764,1.78773582111479
lambda1_start_expansion96_s353_cont120000,early_0p18_0p28,CDF_RUN_2:43,1.042184591293335,0.6650046270774903,2.08436,1.7352360603096417
lambda1_start_expansion96_s353_cont120000,early_0p18_0p28,CDF_RUN_2:44,1.0254619121551514,0.7566020481604062,2.07474,1.8193478625083983
lambda1_start_expansion96_s353_cont120000,early_0p18_0p28,CDF_RUN_2:45,1.011435866355896,0.8362867021553243,1.95146,1.7975655490275395
lambda1_start_expansion96_s353_cont120000,early_0p18_0p28,CDF_RUN_2:46,0.9920226335525513,0.9009198565219744,1.909664,1.8187439617510153
lambda1_start_expansion96_s353_cont120000,early_0p18_0p28,CDF_RUN_2:47,0.961920976638794,0.9486752111106782,1.854624,1.8088062057851269
lambda1_start_expansion96_s353_cont120000,early_0p18_0p28,CDF_RUN_2:48,0.9186676740646362,0.979399456511414,1.824972,1.806301638319675
lambda1_start_expansion96_s353_cont120000,early_0p18_0p28,CDF_RUN_2:49,0.8623722791671753,0.99497283240288,1.69753,1.6933315221673446
lambda1_start_expansion96_s353_cont120000,early_0p18_0p28,CDF_RUN_2:50,0.758223295211792,0.9998348419300568,1.6449,1.6447535581867736
lambda1_start_expansion96_s353_cont120000,early_0p18_0p28,CDF_RUN_2:51,0.6080331802368164,1.0,1.42279,1.42279
lambda1_start_expansion96_s353_cont120000,early_0p18_0p28,D0_RUN_1:14,1.2708542346954346,0.1879104824806516,2.589585,1.5186575690658946
lambda1_start_expansion96_s353_cont120000,early_0p18_0p28,D0_RUN_1:15,0.7831239700317383,0.7792496753543665,1.790634,1.5682258338007744
lambda1_start_expansion96_s353_cont120000,central_0p20_0p30,CDF_RUN_1:30,1.4627494812011719,0.0012197116639461,2.72209,1.4642855135208308
lambda1_start_expansion96_s353_cont120000,central_0p20_0p30,CDF_RUN_1:31,1.1178994178771973,0.0258850748744865,2.51472,1.1540562232316698
lambda1_start_expansion96_s353_cont120000,central_0p20_0p30,CDF_RUN_1:32,0.8548697233200073,0.1831302917603498,2.180565,1.0976446861237321
lambda1_start_expansion96_s353_cont120000,central_0p20_0p30,CDF_RUN_1:33,0.7910794019699097,0.549777686123881,1.75218,1.319471064887171
lambda1_start_expansion96_s353_cont120000,central_0p20_0p30,CDF_RUN_1:34,0.6515166759490967,0.8825037510074896,1.478605,1.381425224338517
lambda1_start_expansion96_s353_cont120000,central_0p20_0p30,CDF_RUN_1:35,0.3919336795806885,0.9960358801988642,1.20233,1.1991174918994583
lambda1_start_expansion96_s353_cont120000,central_0p20_0p30,CDF_RUN_2:36,1.8847010135650635,5.164127530589625e-05,3.27554,1.8847728382640683
lambda1_start_expansion96_s353_cont120000,central_0p20_0p30,CDF_RUN_2:37,1.68531334400177,0.0023877817219835,2.91722,1.6882548681981524
lambda1_start_expansion96_s353_cont120000,central_0p20_0p30,CDF_RUN_2:38,1.4971020221710205,0.0134170653158552,2.90854,1.5160393777088306
lambda1_start_expansion96_s353_cont120000,central_0p20_0p30,CDF_RUN_2:39,1.3360720872879028,0.0383530844331178,2.8682,1.3948339184864864
lambda1_start_expansion96_s353_cont120000,central_0p20_0p30,CDF_RUN_2:40,1.211559534072876,0.0798964211082592,2.4889,1.3136144658372095
lambda1_start_expansion96_s353_cont120000,central_0p20_0p30,CDF_RUN_2:41,1.1251490116119385,0.1385843072813845,2.31978,1.2907061195945737
lambda1_start_expansion96_s353_cont120000,central_0p20_0p30,CDF_RUN_2:42,1.0717899799346924,0.2131511831472797,2.33764,1.3416074093986206
lambda1_start_expansion96_s353_cont120000,central_0p20_0p30,CDF_RUN_2:43,1.042184591293335,0.3008892555044757,2.08436,1.355763974124156
lambda1_start_expansion96_s353_cont120000,central_0p20_0p30,CDF_RUN_2:44,1.0254619121551514,0.3980090561043118,2.07474,1.4430840934892166
lambda1_start_expansion96_s353_cont120000,central_0p20_0p30,CDF_RUN_2:45,1.011435866355896,0.4999999999999999,1.95146,1.481447933177948
lambda1_start_expansion96_s353_cont120000,central_0p20_0p30,CDF_RUN_2:46,0.9920226335525513,0.6019909438956881,1.909664,1.5444344258979799
lambda1_start_expansion96_s353_cont120000,central_0p20_0p30,CDF_RUN_2:47,0.961920976638794,0.6991107444955241,1.854624,1.586019251914252
lambda1_start_expansion96_s353_cont120000,central_0p20_0p30,CDF_RUN_2:48,0.9186676740646362,0.7868488168527201,1.824972,1.6317921606353791
lambda1_start_expansion96_s353_cont120000,central_0p20_0p30,CDF_RUN_2:49,0.8623722791671753,0.8614156927186152,1.69753,1.581790245787683
lambda1_start_expansion96_s353_cont120000,central_0p20_0p30,CDF_RUN_2:50,0.758223295211792,0.9408752472293116,1.6449,1.5924754590418686
lambda1_start_expansion96_s353_cont120000,central_0p20_0p30,CDF_RUN_2:51,0.6080331802368164,0.9920975764810804,1.42279,1.4163514465453033
lambda1_start_expansion96_s353_cont120000,central_0p20_0p30,D0_RUN_1:14,1.2708542346954346,0.0206608071262849,2.589585,1.2981002766888903
lambda1_start_expansion96_s353_cont120000,central_0p20_0p30,D0_RUN_1:15,0.7831239700317383,0.4999999999999999,1.790634,1.286878985015869
lambda1_start_expansion96_s353_cont120000,late_0p22_0p32,CDF_RUN_1:30,1.4627494812011719,0.0,2.72209,1.4627494812011719
lambda1_start_expansion96_s353_cont120000,late_0p22_0p32,CDF_RUN_1:31,1.1178994178771973,0.0,2.51472,1.1178994178771973
lambda1_start_expansion96_s353_cont120000,late_0p22_0p32,CDF_RUN_1:32,0.8548697233200073,0.0193207037777613,2.180565,0.8804830890603188
lambda1_start_expansion96_s353_cont120000,late_0p22_0p32,CDF_RUN_1:33,0.7910794019699097,0.2102966915212009,1.75218,0.9931956779546853
lambda1_start_expansion96_s353_cont120000,late_0p22_0p32,CDF_RUN_1:34,0.6515166759490967,0.5852865232044726,1.478605,1.135600325515864
lambda1_start_expansion96_s353_cont120000,late_0p22_0p32,CDF_RUN_1:35,0.3919336795806885,0.9023365088655396,1.20233,1.1231838661453293
lambda1_start_expansion96_s353_cont120000,late_0p22_0p32,CDF_RUN_2:36,1.8847010135650635,0.0,3.27554,1.8847010135650635
lambda1_start_expansion96_s353_cont120000,late_0p22_0p32,CDF_RUN_2:37,1.68531334400177,0.0,2.91722,1.68531334400177
lambda1_start_expansion96_s353_cont120000,late_0p22_0p32,CDF_RUN_2:38,1.4971020221710205,0.0,2.90854,1.4971020221710205
lambda1_start_expansion96_s353_cont120000,late_0p22_0p32,CDF_RUN_2:39,1.3360720872879028,0.0,2.8682,1.3360720872879028
lambda1_start_expansion96_s353_cont120000,late_0p22_0p32,CDF_RUN_2:40,1.211559534072876,0.0003303151612864,2.4889,1.2119814589948963
lambda1_start_expansion96_s353_cont120000,late_0p22_0p32,CDF_RUN_2:41,1.1251490116119385,0.0050271675971199,2.31978,1.131154621807278
lambda1_start_expansion96_s353_cont120000,late_0p22_0p32,CDF_RUN_2:42,1.0717899799346924,0.0206005434885857,2.33764,1.097867178323075
lambda1_start_expansion96_s353_cont120000,late_0p22_0p32,CDF_RUN_2:43,1.042184591293335,0.0513247888893216,2.08436,1.0956740241308471
lambda1_start_expansion96_s353_cont120000,late_0p22_0p32,CDF_RUN_2:44,1.0254619121551514,0.0990801434780254,2.07474,1.129424535647167
lambda1_start_expansion96_s353_cont120000,late_0p22_0p32,CDF_RUN_2:45,1.011435866355896,0.1637132978446752,1.95146,1.165330317328356
lambda1_start_expansion96_s353_cont120000,late_0p22_0p32,CDF_RUN_2:46,0.9920226335525513,0.2433979518395934,1.909664,1.215374662669146
lambda1_start_expansion96_s353_cont120000,late_0p22_0p32,CDF_RUN_2:47,0.961920976638794,0.3349953729225092,1.854624,1.2609723588587327
lambda1_start_expansion96_s353_cont120000,late_0p22_0p32,CDF_RUN_2:48,0.9186676740646362,0.4344149545116246,1.824972,1.312379826589536
lambda1_start_expansion96_s353_cont120000,late_0p22_0p32,CDF_RUN_2:49,0.8623722791671753,0.5369747743326755,1.69753,1.310830907843573
lambda1_start_expansion96_s353_cont120000,late_0p22_0p32,CDF_RUN_2:50,0.758223295211792,0.6848781819867951,1.6449,1.3654888247971821
lambda1_start_expansion96_s353_cont120000,late_0p22_0p32,CDF_RUN_2:51,0.6080331802368164,0.8499258195752324,1.42279,1.30051603802855
lambda1_start_expansion96_s353_cont120000,late_0p22_0p32,D0_RUN_1:14,1.2708542346954346,2.671437209028174e-06,2.589585,1.2708577576018698
lambda1_start_expansion96_s353_cont120000,late_0p22_0p32,D0_RUN_1:15,0.7831239700317383,0.2207503246456333,1.790634,1.005532136230964
lambda1_start_expansion96_s354_cont120000,early_0p18_0p28,CDF_RUN_1:30,1.4677643775939941,0.0892391852052237,2.72209,1.5796993741195413
lambda1_start_expansion96_s354_cont120000,early_0p18_0p28,CDF_RUN_1:31,1.1201331615447998,0.2263136792031131,2.51472,1.4357472399238338
lambda1_start_expansion96_s354_cont120000,early_0p18_0p28,CDF_RUN_1:32,0.8551948070526123,0.5139631863662977,2.180565,1.5363862945347666
lambda1_start_expansion96_s354_cont120000,early_0p18_0p28,CDF_RUN_1:33,0.7926726341247559,0.8606209544870957,1.75218,1.6184447791817076
lambda1_start_expansion96_s354_cont120000,early_0p18_0p28,CDF_RUN_1:34,0.6516406536102295,0.9935104948187734,1.478605,1.4732384105894138
lambda1_start_expansion96_s354_cont120000,early_0p18_0p28,CDF_RUN_1:35,0.3923755884170532,1.0,1.20233,1.20233
lambda1_start_expansion96_s354_cont120000,early_0p18_0p28,CDF_RUN_2:36,1.8977553844451904,0.0629515791727313,3.27554,1.98448910175426
lambda1_start_expansion96_s354_cont120000,early_0p18_0p28,CDF_RUN_2:37,1.7009310722351074,0.1155267912377162,2.91722,1.8414450292777478
lambda1_start_expansion96_s354_cont120000,early_0p18_0p28,CDF_RUN_2:38,1.514134168624878,0.1846215696118183,2.90854,1.7715715618892254
lambda1_start_expansion96_s354_cont120000,early_0p18_0p28,CDF_RUN_2:39,1.353285312652588,0.2680057887944079,2.8682,1.759291218391365
lambda1_start_expansion96_s354_cont120000,early_0p18_0p28,CDF_RUN_2:40,1.227925419807434,0.3622378472320013,2.4889,1.6846981371506657
lambda1_start_expansion96_s354_cont120000,early_0p18_0p28,CDF_RUN_2:41,1.139949917793274,0.4630252256673241,2.31978,1.686241007856141
lambda1_start_expansion96_s354_cont120000,early_0p18_0p28,CDF_RUN_2:42,1.0845755338668823,0.5655850454883751,2.33764,1.7932900569446482
lambda1_start_expansion96_s354_cont120000,early_0p18_0p28,CDF_RUN_2:43,1.0526797771453857,0.6650046270774903,2.08436,1.7387518990080406
lambda1_start_expansion96_s354_cont120000,early_0p18_0p28,CDF_RUN_2:44,1.0335369110107422,0.7566020481604062,2.07474,1.821313300690956
lambda1_start_expansion96_s354_cont120000,early_0p18_0p28,CDF_RUN_2:45,1.0171104669570923,0.8362867021553243,1.95146,1.7984945566059127
lambda1_start_expansion96_s354_cont120000,early_0p18_0p28,CDF_RUN_2:46,0.9955195188522339,0.9009198565219744,1.909664,1.819090433648234
lambda1_start_expansion96_s354_cont120000,early_0p18_0p28,CDF_RUN_2:47,0.9637010097503662,0.9486752111106782,1.854624,1.8088975656087944
lambda1_start_expansion96_s354_cont120000,early_0p18_0p28,CDF_RUN_2:48,0.9193885326385498,0.979399456511414,1.824972,1.806316488398076
lambda1_start_expansion96_s354_cont120000,early_0p18_0p28,CDF_RUN_2:49,0.8628048896789551,0.99497283240288,1.69753,1.6933336969728916
lambda1_start_expansion96_s354_cont120000,early_0p18_0p28,CDF_RUN_2:50,0.7595975399017334,0.9998348419300568,1.6449,1.644753785154374
lambda1_start_expansion96_s354_cont120000,early_0p18_0p28,CDF_RUN_2:51,0.611823558807373,1.0,1.42279,1.42279
lambda1_start_expansion96_s354_cont120000,early_0p18_0p28,D0_RUN_1:14,1.275456428527832,0.1879104824806516,2.589585,1.5223949624347766
lambda1_start_expansion96_s354_cont120000,early_0p18_0p28,D0_RUN_1:15,0.7841823101043701,0.7792496753543665,1.790634,1.5684594627153934
lambda1_start_expansion96_s354_cont120000,central_0p20_0p30,CDF_RUN_1:30,1.4677643775939941,0.0012197116639461,2.72209,1.469294293186029
lambda1_start_expansion96_s354_cont120000,central_0p20_0p30,CDF_RUN_1:31,1.1201331615447998,0.0258850748744865,2.51472,1.1562321462771858
lambda1_start_expansion96_s354_cont120000,central_0p20_0p30,CDF_RUN_1:32,0.8551948070526123,0.1831302917603498,2.180565,1.0979102371775387
lambda1_start_expansion96_s354_cont120000,central_0p20_0p30,CDF_RUN_1:33,0.7926726341247559,0.549777686123881,1.75218,1.3201883735544677
lambda1_start_expansion96_s354_cont120000,central_0p20_0p30,CDF_RUN_1:34,0.6516406536102295,0.8825037510074896,1.478605,1.381439791248659
lambda1_start_expansion96_s354_cont120000,central_0p20_0p30,CDF_RUN_1:35,0.3923755884170532,0.9960358801988642,1.20233,1.1991192436790268
lambda1_start_expansion96_s354_cont120000,central_0p20_0p30,CDF_RUN_2:36,1.8977553844451904,5.164127530589625e-05,3.27554,1.8978265349998347
lambda1_start_expansion96_s354_cont120000,central_0p20_0p30,CDF_RUN_2:37,1.7009310722351074,0.0023877817219835,2.91722,1.7038353047054755
lambda1_start_expansion96_s354_cont120000,central_0p20_0p30,CDF_RUN_2:38,1.514134168624878,0.0134170653158552,2.90854,1.5328430027412474
lambda1_start_expansion96_s354_cont120000,central_0p20_0p30,CDF_RUN_2:39,1.353285312652588,0.0383530844331178,2.8682,1.4113869635653935
lambda1_start_expansion96_s354_cont120000,central_0p20_0p30,CDF_RUN_2:40,1.227925419807434,0.0798964211082592,2.4889,1.3286727758733097
lambda1_start_expansion96_s354_cont120000,central_0p20_0p30,CDF_RUN_2:41,1.139949917793274,0.1385843072813845,2.31978,1.303455852445632
lambda1_start_expansion96_s354_cont120000,central_0p20_0p30,CDF_RUN_2:42,1.0845755338668823,0.2131511831472797,2.33764,1.3516677073829708
lambda1_start_expansion96_s354_cont120000,central_0p20_0p30,CDF_RUN_2:43,1.0526797771453857,0.3008892555044757,2.08436,1.3631012713188022
lambda1_start_expansion96_s354_cont120000,central_0p20_0p30,CDF_RUN_2:44,1.0335369110107422,0.3980090561043118,2.07474,1.4479451696722503
lambda1_start_expansion96_s354_cont120000,central_0p20_0p30,CDF_RUN_2:45,1.0171104669570923,0.4999999999999999,1.95146,1.4842852334785461
lambda1_start_expansion96_s354_cont120000,central_0p20_0p30,CDF_RUN_2:46,0.9955195188522339,0.6019909438956881,1.909664,1.5458262179154116
lambda1_start_expansion96_s354_cont120000,central_0p20_0p30,CDF_RUN_2:47,0.9637010097503662,0.6991107444955241,1.854624,1.5865548447519662
lambda1_start_expansion96_s354_cont120000,central_0p20_0p30,CDF_RUN_2:48,0.9193885326385498,0.7868488168527201,1.824972,1.6319458124932908
lambda1_start_expansion96_s354_cont120000,central_0p20_0p30,CDF_RUN_2:49,0.8628048896789551,0.8614156927186152,1.69753,1.5818501988157805
lambda1_start_expansion96_s354_cont120000,central_0p20_0p30,CDF_RUN_2:50,0.7595975399017334,0.9408752472293116,1.6449,1.5925567109194079
lambda1_start_expansion96_s354_cont120000,central_0p20_0p30,CDF_RUN_2:51,0.611823558807373,0.9920975764810804,1.42279,1.416381399722065
lambda1_start_expansion96_s354_cont120000,central_0p20_0p30,D0_RUN_1:14,1.275456428527832,0.0206608071262849,2.589585,1.302607385482159
lambda1_start_expansion96_s354_cont120000,central_0p20_0p30,D0_RUN_1:15,0.7841823101043701,0.4999999999999999,1.790634,1.287408155052185
lambda1_start_expansion96_s354_cont120000,late_0p22_0p32,CDF_RUN_1:30,1.4677643775939941,0.0,2.72209,1.4677643775939941
lambda1_start_expansion96_s354_cont120000,late_0p22_0p32,CDF_RUN_1:31,1.1201331615447998,0.0,2.51472,1.1201331615447998
lambda1_start_expansion96_s354_cont120000,late_0p22_0p32,CDF_RUN_1:32,0.8551948070526123,0.0193207037777613,2.180565,0.8808018919464231
lambda1_start_expansion96_s354_cont120000,late_0p22_0p32,CDF_RUN_1:33,0.7926726341247559,0.2102966915212009,1.75218,0.9944538586585421
lambda1_start_expansion96_s354_cont120000,late_0p22_0p32,CDF_RUN_1:34,0.6516406536102295,0.5852865232044726,1.478605,1.1356517407227573
lambda1_start_expansion96_s354_cont120000,late_0p22_0p32,CDF_RUN_1:35,0.3923755884170532,0.9023365088655396,1.20233,1.1232270245050517
lambda1_start_expansion96_s354_cont120000,late_0p22_0p32,CDF_RUN_2:36,1.8977553844451904,0.0,3.27554,1.8977553844451904
lambda1_start_expansion96_s354_cont120000,late_0p22_0p32,CDF_RUN_2:37,1.7009310722351074,0.0,2.91722,1.7009310722351074
lambda1_start_expansion96_s354_cont120000,late_0p22_0p32,CDF_RUN_2:38,1.514134168624878,0.0,2.90854,1.514134168624878
lambda1_start_expansion96_s354_cont120000,late_0p22_0p32,CDF_RUN_2:39,1.353285312652588,0.0,2.8682,1.353285312652588
lambda1_start_expansion96_s354_cont120000,late_0p22_0p32,CDF_RUN_2:40,1.227925419807434,0.0003303151612864,2.4889,1.2283419388292685
lambda1_start_expansion96_s354_cont120000,late_0p22_0p32,CDF_RUN_2:41,1.139949917793274,0.0050271675971199,2.31978,1.1458811213526507
lambda1_start_expansion96_s354_cont120000,late_0p22_0p32,CDF_RUN_2:42,1.0845755338668823,0.0206005434885857,2.33764,1.1103893428954592
lambda1_start_expansion96_s354_cont120000,late_0p22_0p32,CDF_RUN_2:43,1.0526797771453857,0.0513247888893216,2.08436,1.1056305467846872
lambda1_start_expansion96_s354_cont120000,late_0p22_0p32,CDF_RUN_2:44,1.0335369110107422,0.0990801434780254,2.07474,1.136699462457561
lambda1_start_expansion96_s354_cont120000,late_0p22_0p32,CDF_RUN_2:45,1.0171104669570923,0.1637132978446752,1.95146,1.170075910351179
lambda1_start_expansion96_s354_cont120000,late_0p22_0p32,CDF_RUN_2:46,0.9955195188522339,0.2433979518395934,1.909664,1.218020413249068
lambda1_start_expansion96_s354_cont120000,late_0p22_0p32,CDF_RUN_2:47,0.9637010097503662,0.3349953729225092,1.854624,1.2621560891142791
lambda1_start_expansion96_s354_cont120000,late_0p22_0p32,CDF_RUN_2:48,0.9193885326385498,0.4344149545116246,1.824972,1.3127875334188535
lambda1_start_expansion96_s354_cont120000,late_0p22_0p32,CDF_RUN_2:49,0.8628048896789551,0.5369747743326755,1.69753,1.3110312174234158
lambda1_start_expansion96_s354_cont120000,late_0p22_0p32,CDF_RUN_2:50,0.7595975399017334,0.6848781819867951,1.6449,1.3659218792822714
lambda1_start_expansion96_s354_cont120000,late_0p22_0p32,CDF_RUN_2:51,0.611823558807373,0.8499258195752324,1.42279,1.301084875986026
lambda1_start_expansion96_s354_cont120000,late_0p22_0p32,D0_RUN_1:14,1.275456428527832,2.671437209028174e-06,2.589585,1.2754599391397954
lambda1_start_expansion96_s354_cont120000,late_0p22_0p32,D0_RUN_1:15,0.7841823101043701,0.2207503246456333,1.790634,1.0063568473889768
lambda1_start_expansion96_s355_cont120000,early_0p18_0p28,CDF_RUN_1:30,1.5067923069000244,0.0892391852052237,2.72209,1.6152444828140542
lambda1_start_expansion96_s355_cont120000,early_0p18_0p28,CDF_RUN_1:31,1.1646740436553955,0.2263136792031131,2.51472,1.4702079111290285
lambda1_start_expansion96_s355_cont120000,early_0p18_0p28,CDF_RUN_1:32,0.8945703506469727,0.5139631863662977,2.180565,1.5555242582784643
lambda1_start_expansion96_s355_cont120000,early_0p18_0p28,CDF_RUN_1:33,0.8070733547210693,0.8606209544870957,1.75218,1.6204519378731197
lambda1_start_expansion96_s355_cont120000,early_0p18_0p28,CDF_RUN_1:34,0.653484582901001,0.9935104948187734,1.478605,1.4732503767781002
lambda1_start_expansion96_s355_cont120000,early_0p18_0p28,CDF_RUN_1:35,0.4057735800743103,1.0,1.20233,1.20233
lambda1_start_expansion96_s355_cont120000,early_0p18_0p28,CDF_RUN_2:36,1.9034204483032227,0.0629515791727313,3.27554,1.9897975408963149
lambda1_start_expansion96_s355_cont120000,early_0p18_0p28,CDF_RUN_2:37,1.7043824195861816,0.1155267912377162,2.91722,1.8444976535439055
lambda1_start_expansion96_s355_cont120000,early_0p18_0p28,CDF_RUN_2:38,1.5139915943145752,0.1846215696118183,2.90854,1.771455309871877
lambda1_start_expansion96_s355_cont120000,early_0p18_0p28,CDF_RUN_2:39,1.3500185012817383,0.2680057887944079,2.8682,1.7568999313788023
lambda1_start_expansion96_s355_cont120000,early_0p18_0p28,CDF_RUN_2:40,1.2232275009155273,0.3622378472320013,2.4889,1.681701982284634
lambda1_start_expansion96_s355_cont120000,early_0p18_0p28,CDF_RUN_2:41,1.135752558708191,0.4630252256673241,2.31978,1.6839871319086352
lambda1_start_expansion96_s355_cont120000,early_0p18_0p28,CDF_RUN_2:42,1.0822076797485352,0.5655850454883751,2.33764,1.7922614257055363
lambda1_start_expansion96_s355_cont120000,early_0p18_0p28,CDF_RUN_2:43,1.0524604320526123,0.6650046270774903,2.08436,1.7386784194168883
lambda1_start_expansion96_s355_cont120000,early_0p18_0p28,CDF_RUN_2:44,1.0348600149154663,0.7566020481604062,2.07474,1.821635341471437
lambda1_start_expansion96_s355_cont120000,early_0p18_0p28,CDF_RUN_2:45,1.0188864469528198,0.8362867021553243,1.95146,1.7987853081479195
lambda1_start_expansion96_s355_cont120000,early_0p18_0p28,CDF_RUN_2:46,0.9967137575149536,0.9009198565219744,1.909664,1.8192087589862833
lambda1_start_expansion96_s355_cont120000,early_0p18_0p28,CDF_RUN_2:47,0.9637203216552734,0.9486752111106782,1.854624,1.8088985567882367
lambda1_start_expansion96_s355_cont120000,early_0p18_0p28,CDF_RUN_2:48,0.918218731880188,0.979399456511414,1.824972,1.8062923898666805
lambda1_start_expansion96_s355_cont120000,early_0p18_0p28,CDF_RUN_2:49,0.860882043838501,0.99497283240288,1.69753,1.6933240305045882
lambda1_start_expansion96_s355_cont120000,early_0p18_0p28,CDF_RUN_2:50,0.7577377557754517,0.9998348419300568,1.6449,1.6447534779960173
lambda1_start_expansion96_s355_cont120000,early_0p18_0p28,CDF_RUN_2:51,0.611175537109375,1.0,1.42279,1.42279
lambda1_start_expansion96_s355_cont120000,early_0p18_0p28,D0_RUN_1:14,1.3106510639190674,0.1879104824806516,2.589585,1.5509761569089142
lambda1_start_expansion96_s355_cont120000,early_0p18_0p28,D0_RUN_1:15,0.8019247055053711,0.7792496753543665,1.790634,1.5723761022601555
lambda1_start_expansion96_s355_cont120000,central_0p20_0p30,CDF_RUN_1:30,1.5067923069000244,0.0012197116639461,2.72209,1.5082746196714651
lambda1_start_expansion96_s355_cont120000,central_0p20_0p30,CDF_RUN_1:31,1.1646740436553955,0.0258850748744865,2.51472,1.1996200843193732
lambda1_start_expansion96_s355_cont120000,central_0p20_0p30,CDF_RUN_1:32,0.8945703506469727,0.1831302917603498,2.180565,1.1300749259852414
lambda1_start_expansion96_s355_cont120000,central_0p20_0p30,CDF_RUN_1:33,0.8070733547210693,0.549777686123881,1.75218,1.3266718993028235
lambda1_start_expansion96_s355_cont120000,central_0p20_0p30,CDF_RUN_1:34,0.653484582901001,0.8825037510074896,1.478605,1.381656446023732
lambda1_start_expansion96_s355_cont120000,central_0p20_0p30,CDF_RUN_1:35,0.4057735800743103,0.9960358801988642,1.20233,1.1991723549230509
lambda1_start_expansion96_s355_cont120000,central_0p20_0p30,CDF_RUN_2:36,1.9034204483032227,5.164127530589625e-05,3.27554,1.9034913063067445
lambda1_start_expansion96_s355_cont120000,central_0p20_0p30,CDF_RUN_2:37,1.7043824195861816,0.0023877817219835,2.91722,1.7072784109924286
lambda1_start_expansion96_s355_cont120000,central_0p20_0p30,CDF_RUN_2:38,1.5139915943145752,0.0134170653158552,2.90854,1.5327023413597782
lambda1_start_expansion96_s355_cont120000,central_0p20_0p30,CDF_RUN_2:39,1.3500185012817383,0.0383530844331178,2.8682,1.408245444486877
lambda1_start_expansion96_s355_cont120000,central_0p20_0p30,CDF_RUN_2:40,1.2232275009155273,0.0798964211082592,2.4889,1.3243502038875232
lambda1_start_expansion96_s355_cont120000,central_0p20_0p30,CDF_RUN_2:41,1.135752558708191,0.1385843072813845,2.31978,1.2998401814617666
lambda1_start_expansion96_s355_cont120000,central_0p20_0p30,CDF_RUN_2:42,1.0822076797485352,0.2131511831472797,2.33764,1.3498045641714695
lambda1_start_expansion96_s355_cont120000,central_0p20_0p30,CDF_RUN_2:43,1.0524604320526123,0.3008892555044757,2.08436,1.362947924807692
lambda1_start_expansion96_s355_cont120000,central_0p20_0p30,CDF_RUN_2:44,1.0348600149154663,0.3980090561043118,2.07474,1.4487416662407275
lambda1_start_expansion96_s355_cont120000,central_0p20_0p30,CDF_RUN_2:45,1.0188864469528198,0.4999999999999999,1.95146,1.48517322347641
lambda1_start_expansion96_s355_cont120000,central_0p20_0p30,CDF_RUN_2:46,0.9967137575149536,0.6019909438956881,1.909664,1.546301535718324
lambda1_start_expansion96_s355_cont120000,central_0p20_0p30,CDF_RUN_2:47,0.9637203216552734,0.6991107444955241,1.854624,1.586560655496656
lambda1_start_expansion96_s355_cont120000,central_0p20_0p30,CDF_RUN_2:48,0.918218731880188,0.7868488168527201,1.824972,1.6316964680775994
lambda1_start_expansion96_s355_cont120000,central_0p20_0p30,CDF_RUN_2:49,0.860882043838501,0.8614156927186152,1.69753,1.5815837225569722
lambda1_start_expansion96_s355_cont120000,central_0p20_0p30,CDF_RUN_2:50,0.7577377557754517,0.9408752472293116,1.6449,1.5924467516427345
lambda1_start_expansion96_s355_cont120000,central_0p20_0p30,CDF_RUN_2:51,0.611175537109375,0.9920975764810804,1.42279,1.4163762787801577
lambda1_start_expansion96_s355_cont120000,central_0p20_0p30,D0_RUN_1:14,1.3106510639190674,0.0206608071262849,2.589585,1.337074871299696
lambda1_start_expansion96_s355_cont120000,central_0p20_0p30,D0_RUN_1:15,0.8019247055053711,0.4999999999999999,1.790634,1.2962793527526855
lambda1_start_expansion96_s355_cont120000,late_0p22_0p32,CDF_RUN_1:30,1.5067923069000244,0.0,2.72209,1.5067923069000244
lambda1_start_expansion96_s355_cont120000,late_0p22_0p32,CDF_RUN_1:31,1.1646740436553955,0.0,2.51472,1.1646740436553955
lambda1_start_expansion96_s355_cont120000,late_0p22_0p32,CDF_RUN_1:32,0.8945703506469727,0.0193207037777613,2.180565,0.9194166723269085
lambda1_start_expansion96_s355_cont120000,late_0p22_0p32,CDF_RUN_1:33,0.8070733547210693,0.2102966915212009,1.75218,1.0058261553579297
lambda1_start_expansion96_s355_cont120000,late_0p22_0p32,CDF_RUN_1:34,0.653484582901001,0.5852865232044726,1.478605,1.1364164430498984
lambda1_start_expansion96_s355_cont120000,late_0p22_0p32,CDF_RUN_1:35,0.4057735800743103,0.9023365088655396,1.20233,1.12453551914449
lambda1_start_expansion96_s355_cont120000,late_0p22_0p32,CDF_RUN_2:36,1.9034204483032227,0.0,3.27554,1.9034204483032227
lambda1_start_expansion96_s355_cont120000,late_0p22_0p32,CDF_RUN_2:37,1.7043824195861816,0.0,2.91722,1.7043824195861816
lambda1_start_expansion96_s355_cont120000,late_0p22_0p32,CDF_RUN_2:38,1.5139915943145752,0.0,2.90854,1.5139915943145752
lambda1_start_expansion96_s355_cont120000,late_0p22_0p32,CDF_RUN_2:39,1.3500185012817383,0.0,2.8682,1.3500185012817383
lambda1_start_expansion96_s355_cont120000,late_0p22_0p32,CDF_RUN_2:40,1.2232275009155273,0.0003303151612864,2.4889,1.2236455717311983
lambda1_start_expansion96_s355_cont120000,late_0p22_0p32,CDF_RUN_2:41,1.135752558708191,0.0050271675971199,2.31978,1.1417048630951538
lambda1_start_expansion96_s355_cont120000,late_0p22_0p32,CDF_RUN_2:42,1.0822076797485352,0.0206005434885857,2.33764,1.1080702678588517
lambda1_start_expansion96_s355_cont120000,late_0p22_0p32,CDF_RUN_2:43,1.0524604320526123,0.0513247888893216,2.08436,1.1054224595324942
lambda1_start_expansion96_s355_cont120000,late_0p22_0p32,CDF_RUN_2:44,1.0348600149154663,0.0990801434780254,2.07474,1.1378914730375689
lambda1_start_expansion96_s355_cont120000,late_0p22_0p32,CDF_RUN_2:45,1.0188864469528198,0.1637132978446752,1.95146,1.1715611388048999
lambda1_start_expansion96_s355_cont120000,late_0p22_0p32,CDF_RUN_2:46,0.9967137575149536,0.2433979518395934,1.909664,1.218923976667274
lambda1_start_expansion96_s355_cont120000,late_0p22_0p32,CDF_RUN_2:47,0.9637203216552734,0.3349953729225092,1.854624,1.2621689316204003
lambda1_start_expansion96_s355_cont120000,late_0p22_0p32,CDF_RUN_2:48,0.918218731880188,0.4344149545116246,1.824972,1.3121259116037232
lambda1_start_expansion96_s355_cont120000,late_0p22_0p32,CDF_RUN_2:49,0.860882043838501,0.5369747743326755,1.69753,1.310140891294216
lambda1_start_expansion96_s355_cont120000,late_0p22_0p32,CDF_RUN_2:50,0.7577377557754517,0.6848781819867951,1.6449,1.3653358207272854
lambda1_start_expansion96_s355_cont120000,late_0p22_0p32,CDF_RUN_2:51,0.611175537109375,0.8499258195752324,1.42279,1.3009876246608016
lambda1_start_expansion96_s355_cont120000,late_0p22_0p32,D0_RUN_1:14,1.3106510639190674,2.671437209028174e-06,2.589585,1.3106544805107723
lambda1_start_expansion96_s355_cont120000,late_0p22_0p32,D0_RUN_1:15,0.8019247055053711,0.2207503246456333,1.790634,1.0201826032452155
lambda1_start_expansion96_s356_cont120000,early_0p18_0p28,CDF_RUN_1:30,1.4682806730270386,0.0892391852052237,2.72209,1.5801695957688155
lambda1_start_expansion96_s356_cont120000,early_0p18_0p28,CDF_RUN_1:31,1.12092924118042,0.2263136792031131,2.51472,1.436363155848178
lambda1_start_expansion96_s356_cont120000,early_0p18_0p28,CDF_RUN_1:32,0.8553023338317871,0.5139631863662977,2.180565,1.5364385565078968
lambda1_start_expansion96_s356_cont120000,early_0p18_0p28,CDF_RUN_1:33,0.792899489402771,0.8606209544870957,1.75218,1.6184763980538268
lambda1_start_expansion96_s356_cont120000,early_0p18_0p28,CDF_RUN_1:34,0.6523945331573486,0.9935104948187734,1.478605,1.4732433028946408
lambda1_start_expansion96_s356_cont120000,early_0p18_0p28,CDF_RUN_1:35,0.3924679756164551,1.0,1.20233,1.20233
lambda1_start_expansion96_s356_cont120000,early_0p18_0p28,CDF_RUN_2:36,1.8971118927001953,0.0629515791727313,3.27554,1.983886118830797
lambda1_start_expansion96_s356_cont120000,early_0p18_0p28,CDF_RUN_2:37,1.6995065212249756,0.1155267912377162,2.91722,1.840185052074771
lambda1_start_expansion96_s356_cont120000,early_0p18_0p28,CDF_RUN_2:38,1.5111522674560547,0.1846215696118183,2.90854,1.7691401839946177
lambda1_start_expansion96_s356_cont120000,early_0p18_0p28,CDF_RUN_2:39,1.3485219478607178,0.2680057887944079,2.8682,1.7558044629378555
lambda1_start_expansion96_s356_cont120000,early_0p18_0p28,CDF_RUN_2:40,1.221788763999939,0.3622378472320013,2.4889,1.6807844103320815
lambda1_start_expansion96_s356_cont120000,early_0p18_0p28,CDF_RUN_2:41,1.1333123445510864,0.4630252256673241,2.31978,1.6826767984623006
lambda1_start_expansion96_s356_cont120000,early_0p18_0p28,CDF_RUN_2:42,1.0784661769866943,0.5655850454883751,2.33764,1.790636060953446
lambda1_start_expansion96_s356_cont120000,early_0p18_0p28,CDF_RUN_2:43,1.0479627847671509,0.6650046270774903,2.08436,1.7371717283872212
lambda1_start_expansion96_s356_cont120000,early_0p18_0p28,CDF_RUN_2:44,1.0306949615478516,0.7566020481604062,2.07474,1.8206215760124569
lambda1_start_expansion96_s356_cont120000,early_0p18_0p28,CDF_RUN_2:45,1.0161716938018799,0.8362867021553243,1.95146,1.7983408669567449
lambda1_start_expansion96_s356_cont120000,early_0p18_0p28,CDF_RUN_2:46,0.9961256980895996,0.9009198565219744,1.909664,1.8191504939740457
lambda1_start_expansion96_s356_cont120000,early_0p18_0p28,CDF_RUN_2:47,0.9652554988861084,0.9486752111106782,1.854624,1.808977349435517
lambda1_start_expansion96_s356_cont120000,early_0p18_0p28,CDF_RUN_2:48,0.9212478399276733,0.979399456511414,1.824972,1.8063547911387443
lambda1_start_expansion96_s356_cont120000,early_0p18_0p28,CDF_RUN_2:49,0.8644089698791504,0.99497283240288,1.69753,1.6933417609528973
lambda1_start_expansion96_s356_cont120000,early_0p18_0p28,CDF_RUN_2:50,0.7601350545883179,0.9998348419300568,1.6449,1.6447538739292624
lambda1_start_expansion96_s356_cont120000,early_0p18_0p28,CDF_RUN_2:51,0.6106963157653809,1.0,1.42279,1.42279
lambda1_start_expansion96_s356_cont120000,early_0p18_0p28,D0_RUN_1:14,1.275399923324585,0.1879104824806516,2.589585,1.5223490751515345
lambda1_start_expansion96_s356_cont120000,early_0p18_0p28,D0_RUN_1:15,0.7839603424072266,0.7792496753543665,1.790634,1.568410463274188
lambda1_start_expansion96_s356_cont120000,central_0p20_0p30,CDF_RUN_1:30,1.4682806730270386,0.0012197116639461,2.72209,1.469809958887512
lambda1_start_expansion96_s356_cont120000,central_0p20_0p30,CDF_RUN_1:31,1.12092924118042,0.0258850748744865,2.51472,1.157007619331832
lambda1_start_expansion96_s356_cont120000,central_0p20_0p30,CDF_RUN_1:32,0.8553023338317871,0.1831302917603498,2.180565,1.097998072546271
lambda1_start_expansion96_s356_cont120000,central_0p20_0p30,CDF_RUN_1:33,0.792899489402771,0.549777686123881,1.75218,1.3202905088626506
lambda1_start_expansion96_s356_cont120000,central_0p20_0p30,CDF_RUN_1:34,0.6523945331573486,0.8825037510074896,1.478605,1.3815283692676377
lambda1_start_expansion96_s356_cont120000,central_0p20_0p30,CDF_RUN_1:35,0.3924679756164551,0.9960358801988642,1.20233,1.1991196099129533
lambda1_start_expansion96_s356_cont120000,central_0p20_0p30,CDF_RUN_2:36,1.8971118927001953,5.164127530589625e-05,3.27554,1.897183076485574
lambda1_start_expansion96_s356_cont120000,central_0p20_0p30,CDF_RUN_2:37,1.6995065212249756,0.0023877817219835,2.91722,1.7024141552122076
lambda1_start_expansion96_s356_cont120000,central_0p20_0p30,CDF_RUN_2:38,1.5111522674560547,0.0134170653158552,2.90854,1.5299011099351716
lambda1_start_expansion96_s356_cont120000,central_0p20_0p30,CDF_RUN_2:39,1.3485219478607178,0.0383530844331178,2.8682,1.4068062885055717
lambda1_start_expansion96_s356_cont120000,central_0p20_0p30,CDF_RUN_2:40,1.221788763999939,0.0798964211082592,2.4889,1.3230264169024064
lambda1_start_expansion96_s356_cont120000,central_0p20_0p30,CDF_RUN_2:41,1.1333123445510864,0.1385843072813845,2.31978,1.2977381426932424
lambda1_start_expansion96_s356_cont120000,central_0p20_0p30,CDF_RUN_2:42,1.0784661769866943,0.2131511831472797,2.33764,1.346860567150064
lambda1_start_expansion96_s356_cont120000,central_0p20_0p30,CDF_RUN_2:43,1.0479627847671509,0.3008892555044757,2.08436,1.3598035712654748
lambda1_start_expansion96_s356_cont120000,central_0p20_0p30,CDF_RUN_2:44,1.0306949615478516,0.3980090561043118,2.07474,1.446234341832581
lambda1_start_expansion96_s356_cont120000,central_0p20_0p30,CDF_RUN_2:45,1.0161716938018799,0.4999999999999999,1.95146,1.48381584690094
lambda1_start_expansion96_s356_cont120000,central_0p20_0p30,CDF_RUN_2:46,0.9961256980895996,0.6019909438956881,1.909664,1.5460674827415055
lambda1_start_expansion96_s356_cont120000,central_0p20_0p30,CDF_RUN_2:47,0.9652554988861084,0.6991107444955241,1.854624,1.5870225738307095
lambda1_start_expansion96_s356_cont120000,central_0p20_0p30,CDF_RUN_2:48,0.9212478399276733,0.7868488168527201,1.824972,1.6323421260418018
lambda1_start_expansion96_s356_cont120000,central_0p20_0p30,CDF_RUN_2:49,0.8644089698791504,0.8614156927186152,1.69753,1.5820724991591484
lambda1_start_expansion96_s356_cont120000,central_0p20_0p30,CDF_RUN_2:50,0.7601350545883179,0.9408752472293116,1.6449,1.5925884913423627
lambda1_start_expansion96_s356_cont120000,central_0p20_0p30,CDF_RUN_2:51,0.6106963157653809,0.9920975764810804,1.42279,1.4163724917701384
lambda1_start_expansion96_s356_cont120000,central_0p20_0p30,D0_RUN_1:14,1.275399923324585,0.0206608071262849,2.589585,1.3025520477220176
lambda1_start_expansion96_s356_cont120000,central_0p20_0p30,D0_RUN_1:15,0.7839603424072266,0.4999999999999999,1.790634,1.2872971712036132
lambda1_start_expansion96_s356_cont120000,late_0p22_0p32,CDF_RUN_1:30,1.4682806730270386,0.0,2.72209,1.4682806730270386
lambda1_start_expansion96_s356_cont120000,late_0p22_0p32,CDF_RUN_1:31,1.12092924118042,0.0,2.51472,1.12092924118042
lambda1_start_expansion96_s356_cont120000,late_0p22_0p32,CDF_RUN_1:32,0.8553023338317871,0.0193207037777613,2.180565,0.8809073412325493
lambda1_start_expansion96_s356_cont120000,late_0p22_0p32,CDF_RUN_1:33,0.792899489402771,0.2102966915212009,1.75218,0.9946330070221365
lambda1_start_expansion96_s356_cont120000,late_0p22_0p32,CDF_RUN_1:34,0.6523945331573486,0.5852865232044726,1.478605,1.1359643847308283
lambda1_start_expansion96_s356_cont120000,late_0p22_0p32,CDF_RUN_1:35,0.3924679756164551,0.9023365088655396,1.20233,1.1232360473614815
lambda1_start_expansion96_s356_cont120000,late_0p22_0p32,CDF_RUN_2:36,1.8971118927001953,0.0,3.27554,1.8971118927001953
lambda1_start_expansion96_s356_cont120000,late_0p22_0p32,CDF_RUN_2:37,1.6995065212249756,0.0,2.91722,1.6995065212249756
lambda1_start_expansion96_s356_cont120000,late_0p22_0p32,CDF_RUN_2:38,1.5111522674560547,0.0,2.90854,1.5111522674560547
lambda1_start_expansion96_s356_cont120000,late_0p22_0p32,CDF_RUN_2:39,1.3485219478607178,0.0,2.8682,1.3485219478607178
lambda1_start_expansion96_s356_cont120000,late_0p22_0p32,CDF_RUN_2:40,1.221788763999939,0.0003303151612864,2.4889,1.2222073100522262
lambda1_start_expansion96_s356_cont120000,late_0p22_0p32,CDF_RUN_2:41,1.1333123445510864,0.0050271675971199,2.31978,1.13927691630359
lambda1_start_expansion96_s356_cont120000,late_0p22_0p32,CDF_RUN_2:42,1.0784661769866943,0.0206005434885857,2.33764,1.1044058420873688
lambda1_start_expansion96_s356_cont120000,late_0p22_0p32,CDF_RUN_2:43,1.0479627847671509,0.0513247888893216,2.08436,1.1011556530444577
lambda1_start_expansion96_s356_cont120000,late_0p22_0p32,CDF_RUN_2:44,1.0306949615478516,0.0990801434780254,2.07474,1.134139093755211
lambda1_start_expansion96_s356_cont120000,late_0p22_0p32,CDF_RUN_2:45,1.0161716938018799,0.1637132978446752,1.95146,1.1692908268451345
lambda1_start_expansion96_s356_cont120000,late_0p22_0p32,CDF_RUN_2:46,0.9961256980895996,0.2433979518395934,1.909664,1.2184790497016111
lambda1_start_expansion96_s356_cont120000,late_0p22_0p32,CDF_RUN_2:47,0.9652554988861084,0.3349953729225092,1.854624,1.2631898315822894
lambda1_start_expansion96_s356_cont120000,late_0p22_0p32,CDF_RUN_2:48,0.9212478399276733,0.4344149545116246,1.824972,1.3138391298165493
lambda1_start_expansion96_s356_cont120000,late_0p22_0p32,CDF_RUN_2:49,0.8644089698791504,0.5369747743326755,1.69753,1.3117739470200998
lambda1_start_expansion96_s356_cont120000,late_0p22_0p32,CDF_RUN_2:50,0.7601350545883179,0.6848781819867951,1.6449,1.3660912618875167
lambda1_start_expansion96_s356_cont120000,late_0p22_0p32,CDF_RUN_2:51,0.6106963157653809,0.8499258195752324,1.42279,1.3009157059103595
lambda1_start_expansion96_s356_cont120000,late_0p22_0p32,D0_RUN_1:14,1.275399923324585,2.671437209028174e-06,2.589585,1.2754034340874985
lambda1_start_expansion96_s356_cont120000,late_0p22_0p32,D0_RUN_1:15,0.7839603424072266,0.2207503246456333,1.790634,1.0061838791330384
lambda1_start_expansion96_s357_cont120000,early_0p18_0p28,CDF_RUN_1:30,1.4629746675491333,0.0892391852052237,2.72209,1.575337093896453
lambda1_start_expansion96_s357_cont120000,early_0p18_0p28,CDF_RUN_1:31,1.1323268413543701,0.2263136792031131,2.51472,1.4451813231926756
lambda1_start_expansion96_s357_cont120000,early_0p18_0p28,CDF_RUN_1:32,0.868545413017273,0.5139631863662977,2.180565,1.5428751805179093
lambda1_start_expansion96_s357_cont120000,early_0p18_0p28,CDF_RUN_1:33,0.7893612384796143,0.8606209544870957,1.75218,1.6179832400173721
lambda1_start_expansion96_s357_cont120000,early_0p18_0p28,CDF_RUN_1:34,0.650855541229248,0.9935104948187734,1.478605,1.4732333155985495
lambda1_start_expansion96_s357_cont120000,early_0p18_0p28,CDF_RUN_1:35,0.39605456590652466,1.0,1.20233,1.20233
lambda1_start_expansion96_s357_cont120000,early_0p18_0p28,CDF_RUN_2:36,1.868369698524475,0.0629515791727313,3.27554,1.9569532911673277
lambda1_start_expansion96_s357_cont120000,early_0p18_0p28,CDF_RUN_2:37,1.6734185218811035,0.1155267912377162,2.91722,1.817110915584908
lambda1_start_expansion96_s357_cont120000,early_0p18_0p28,CDF_RUN_2:38,1.4902980327606201,0.1846215696118183,2.90854,1.7521360908417074
lambda1_start_expansion96_s357_cont120000,early_0p18_0p28,CDF_RUN_2:39,1.3330398797988892,0.2680057887944079,2.8682,1.7444716787391061
lambda1_start_expansion96_s357_cont120000,early_0p18_0p28,CDF_RUN_2:40,1.20993173122406,0.3622378472320013,2.4889,1.6732224435834961
lambda1_start_expansion96_s357_cont120000,early_0p18_0p28,CDF_RUN_2:41,1.1226578950881958,0.4630252256673241,2.31978,1.676955627866326
lambda1_start_expansion96_s357_cont120000,early_0p18_0p28,CDF_RUN_2:42,1.067121148109436,0.5655850454883751,2.33764,1.7857076107497987
lambda1_start_expansion96_s357_cont120000,early_0p18_0p28,CDF_RUN_2:43,1.0352483987808228,0.6650046270774903,2.08436,1.7329124679122505
lambda1_start_expansion96_s357_cont120000,early_0p18_0p28,CDF_RUN_2:44,1.0171623229980469,0.7566020481604062,2.07474,1.817327759506449
lambda1_start_expansion96_s357_cont120000,early_0p18_0p28,CDF_RUN_2:45,1.0030978918075562,0.8362867021553243,1.95146,1.7962005117168858
lambda1_start_expansion96_s357_cont120000,early_0p18_0p28,CDF_RUN_2:46,0.9848282337188721,0.9009198565219744,1.909664,1.8180311395832562
lambda1_start_expansion96_s357_cont120000,early_0p18_0p28,CDF_RUN_2:47,0.9565328359603882,0.9486752111106782,1.854624,1.8085296606023018
lambda1_start_expansion96_s357_cont120000,early_0p18_0p28,CDF_RUN_2:48,0.9151346683502197,0.979399456511414,1.824972,1.8062288564818096
lambda1_start_expansion96_s357_cont120000,early_0p18_0p28,CDF_RUN_2:49,0.8602919578552246,0.99497283240288,1.69753,1.6933210640434537
lambda1_start_expansion96_s357_cont120000,early_0p18_0p28,CDF_RUN_2:50,0.7571041584014893,0.9998348419300568,1.6449,1.6447533733522979
lambda1_start_expansion96_s357_cont120000,early_0p18_0p28,CDF_RUN_2:51,0.6067521572113037,1.0,1.42279,1.42279
lambda1_start_expansion96_s357_cont120000,early_0p18_0p28,D0_RUN_1:14,1.273783802986145,0.1879104824806516,2.589585,1.5210366407656375
lambda1_start_expansion96_s357_cont120000,early_0p18_0p28,D0_RUN_1:15,0.7861168384552002,0.7792496753543665,1.790634,1.5688865104768752
lambda1_start_expansion96_s357_cont120000,central_0p20_0p30,CDF_RUN_1:30,1.4629746675491333,0.0012197116639461,2.72209,1.464510425206377
lambda1_start_expansion96_s357_cont120000,central_0p20_0p30,CDF_RUN_1:31,1.1323268413543701,0.0258850748744865,2.51472,1.1681101917718901
lambda1_start_expansion96_s357_cont120000,central_0p20_0p30,CDF_RUN_1:32,0.868545413017273,0.1831302917603498,2.180565,1.1088159427767135
lambda1_start_expansion96_s357_cont120000,central_0p20_0p30,CDF_RUN_1:33,0.7893612384796143,0.549777686123881,1.75218,1.3186975093449527
lambda1_start_expansion96_s357_cont120000,central_0p20_0p30,CDF_RUN_1:34,0.650855541229248,0.8825037510074896,1.478605,1.381347543488856
lambda1_start_expansion96_s357_cont120000,central_0p20_0p30,CDF_RUN_1:35,0.39605456590652466,0.9960358801988642,1.20233,1.1991338275865406
lambda1_start_expansion96_s357_cont120000,central_0p20_0p30,CDF_RUN_2:36,1.868369698524475,5.164127530589625e-05,3.27554,1.868442366593416
lambda1_start_expansion96_s357_cont120000,central_0p20_0p30,CDF_RUN_2:37,1.6734185218811035,0.0023877817219835,2.91722,1.676388448316332
lambda1_start_expansion96_s357_cont120000,central_0p20_0p30,CDF_RUN_2:38,1.4902980327606201,0.0134170653158552,2.90854,1.509326677868758
lambda1_start_expansion96_s357_cont120000,central_0p20_0p30,CDF_RUN_2:39,1.3330398797988892,0.0383530844331178,2.8682,1.3919180055073177
lambda1_start_expansion96_s357_cont120000,central_0p20_0p30,CDF_RUN_2:40,1.20993173122406,0.0798964211082592,2.4889,1.3121167186102838
lambda1_start_expansion96_s357_cont120000,central_0p20_0p30,CDF_RUN_2:41,1.1226578950881958,0.1385843072813845,2.31978,1.288560232728631
lambda1_start_expansion96_s357_cont120000,central_0p20_0p30,CDF_RUN_2:42,1.067121148109436,0.2131511831472797,2.33764,1.3379337446008333
lambda1_start_expansion96_s357_cont120000,central_0p20_0p30,CDF_RUN_2:43,1.0352483987808228,0.3008892555044757,2.08436,1.3509148074127695
lambda1_start_expansion96_s357_cont120000,central_0p20_0p30,CDF_RUN_2:44,1.0171623229980469,0.3980090561043118,2.07474,1.438087815978585
lambda1_start_expansion96_s357_cont120000,central_0p20_0p30,CDF_RUN_2:45,1.0030978918075562,0.4999999999999999,1.95146,1.477278945903778
lambda1_start_expansion96_s357_cont120000,central_0p20_0p30,CDF_RUN_2:46,0.9848282337188721,0.6019909438956881,1.909664,1.5415709896109402
lambda1_start_expansion96_s357_cont120000,central_0p20_0p30,CDF_RUN_2:47,0.9565328359603882,0.6991107444955241,1.854624,1.584398018276973
lambda1_start_expansion96_s357_cont120000,central_0p20_0p30,CDF_RUN_2:48,0.9151346683502197,0.7868488168527201,1.824972,1.6310390962872852
lambda1_start_expansion96_s357_cont120000,central_0p20_0p30,CDF_RUN_2:49,0.8602919578552246,0.8614156927186152,1.69753,1.5815019458997435
lambda1_start_expansion96_s357_cont120000,central_0p20_0p30,CDF_RUN_2:50,0.7571041584014893,0.9408752472293116,1.6449,1.592409290354643
lambda1_start_expansion96_s357_cont120000,central_0p20_0p30,CDF_RUN_2:51,0.6067521572113037,0.9920975764810804,1.42279,1.4163413233588182
lambda1_start_expansion96_s357_cont120000,central_0p20_0p30,D0_RUN_1:14,1.273783802986145,0.0206608071262849,2.589585,1.300969317734183
lambda1_start_expansion96_s357_cont120000,central_0p20_0p30,D0_RUN_1:15,0.7861168384552002,0.4999999999999999,1.790634,1.2883754192276
lambda1_start_expansion96_s357_cont120000,late_0p22_0p32,CDF_RUN_1:30,1.4629746675491333,0.0,2.72209,1.4629746675491333
lambda1_start_expansion96_s357_cont120000,late_0p22_0p32,CDF_RUN_1:31,1.1323268413543701,0.0,2.51472,1.1323268413543701
lambda1_start_expansion96_s357_cont120000,late_0p22_0p32,CDF_RUN_1:32,0.868545413017273,0.0193207037777613,2.180565,0.893894554807987
lambda1_start_expansion96_s357_cont120000,late_0p22_0p32,CDF_RUN_1:33,0.7893612384796143,0.2102966915212009,1.75218,0.9918388385618915
lambda1_start_expansion96_s357_cont120000,late_0p22_0p32,CDF_RUN_1:34,0.650855541229248,0.5852865232044726,1.478605,1.1353261440375655
lambda1_start_expansion96_s357_cont120000,late_0p22_0p32,CDF_RUN_1:35,0.39605456590652466,0.9023365088655396,1.20233,1.1235863262904786
lambda1_start_expansion96_s357_cont120000,late_0p22_0p32,CDF_RUN_2:36,1.868369698524475,0.0,3.27554,1.868369698524475
lambda1_start_expansion96_s357_cont120000,late_0p22_0p32,CDF_RUN_2:37,1.6734185218811035,0.0,2.91722,1.6734185218811035
lambda1_start_expansion96_s357_cont120000,late_0p22_0p32,CDF_RUN_2:38,1.4902980327606201,0.0,2.90854,1.4902980327606201
lambda1_start_expansion96_s357_cont120000,late_0p22_0p32,CDF_RUN_2:39,1.3330398797988892,0.0,2.8682,1.3330398797988892
lambda1_start_expansion96_s357_cont120000,late_0p22_0p32,CDF_RUN_2:40,1.20993173122406,0.0003303151612864,2.4889,1.210354193834041
lambda1_start_expansion96_s357_cont120000,late_0p22_0p32,CDF_RUN_2:41,1.1226578950881958,0.0050271675971199,2.31978,1.1286760285438047
lambda1_start_expansion96_s357_cont120000,late_0p22_0p32,CDF_RUN_2:42,1.067121148109436,0.0206005434885857,2.33764,1.0932945269708756
lambda1_start_expansion96_s357_cont120000,late_0p22_0p32,CDF_RUN_2:43,1.0352483987808228,0.0513247888893216,2.08436,1.0890938302347353
lambda1_start_expansion96_s357_cont120000,late_0p22_0p32,CDF_RUN_2:44,1.0171623229980469,0.0990801434780254,2.07474,1.1219472709745573
lambda1_start_expansion96_s357_cont120000,late_0p22_0p32,CDF_RUN_2:45,1.0030978918075562,0.1637132978446752,1.95146,1.15835738009067
lambda1_start_expansion96_s357_cont120000,late_0p22_0p32,CDF_RUN_2:46,0.9848282337188721,0.2433979518395934,1.909664,1.2099313650196994
lambda1_start_expansion96_s357_cont120000,late_0p22_0p32,CDF_RUN_2:47,0.9565328359603882,0.3349953729225092,1.854624,1.2573892203762482
lambda1_start_expansion96_s357_cont120000,late_0p22_0p32,CDF_RUN_2:48,0.9151346683502197,0.4344149545116246,1.824972,1.310381611391837
lambda1_start_expansion96_s357_cont120000,late_0p22_0p32,CDF_RUN_2:49,0.8602919578552246,0.5369747743326755,1.69753,1.3098676665986464
lambda1_start_expansion96_s357_cont120000,late_0p22_0p32,CDF_RUN_2:50,0.7571041584014893,0.6848781819867951,1.6449,1.365136160370914
lambda1_start_expansion96_s357_cont120000,late_0p22_0p32,CDF_RUN_2:51,0.6067521572113037,0.8499258195752324,1.42279,1.3003237895478912
lambda1_start_expansion96_s357_cont120000,late_0p22_0p32,D0_RUN_1:14,1.273783802986145,2.671437209028174e-06,2.589585,1.2737873180664225
lambda1_start_expansion96_s357_cont120000,late_0p22_0p32,D0_RUN_1:15,0.7861168384552002,0.2207503246456333,1.790634,1.0078643279783248
lambda1_start_expansion96_s358_cont120000,early_0p18_0p28,CDF_RUN_1:30,1.454918622970581,0.0892391852052237,2.72209,1.5679999641720677
lambda1_start_expansion96_s358_cont120000,early_0p18_0p28,CDF_RUN_1:31,1.1102956533432007,0.2263136792031131,2.51472,1.4281360943975292
lambda1_start_expansion96_s358_cont120000,early_0p18_0p28,CDF_RUN_1:32,0.848198652267456,0.5139631863662977,2.180565,1.532985905755301
lambda1_start_expansion96_s358_cont120000,early_0p18_0p28,CDF_RUN_1:33,0.7880498170852661,0.8606209544870957,1.75218,1.6178004553551626
lambda1_start_expansion96_s358_cont120000,early_0p18_0p28,CDF_RUN_1:34,0.6513233184814453,0.9935104948187734,1.478605,1.4732363512414515
lambda1_start_expansion96_s358_cont120000,early_0p18_0p28,CDF_RUN_1:35,0.3896557092666626,1.0,1.20233,1.20233
lambda1_start_expansion96_s358_cont120000,early_0p18_0p28,CDF_RUN_2:36,1.8765034675598145,0.0629515791727313,3.27554,1.9645750265972661
lambda1_start_expansion96_s358_cont120000,early_0p18_0p28,CDF_RUN_2:37,1.6785036325454712,0.1155267912377162,2.91722,1.8216085597311327
lambda1_start_expansion96_s358_cont120000,early_0p18_0p28,CDF_RUN_2:38,1.4919567108154297,0.1846215696118183,2.90854,1.7534885411505574
lambda1_start_expansion96_s358_cont120000,early_0p18_0p28,CDF_RUN_2:39,1.3322594165802002,0.2680057887944079,2.8682,1.7439003841809668
lambda1_start_expansion96_s358_cont120000,early_0p18_0p28,CDF_RUN_2:40,1.2083872556686401,0.3622378472320013,2.4889,1.672237435528374
lambda1_start_expansion96_s358_cont120000,early_0p18_0p28,CDF_RUN_2:41,1.1219342947006226,0.4630252256673241,2.31978,1.6765670727115018
lambda1_start_expansion96_s358_cont120000,early_0p18_0p28,CDF_RUN_2:42,1.0681312084197998,0.5655850454883751,2.33764,1.7861463960535795
lambda1_start_expansion96_s358_cont120000,early_0p18_0p28,CDF_RUN_2:43,1.038058876991272,0.6650046270774903,2.08436,1.7338539651084506
lambda1_start_expansion96_s358_cont120000,early_0p18_0p28,CDF_RUN_2:44,1.0211656093597412,0.7566020481604062,2.07474,1.8183021512075128
lambda1_start_expansion96_s358_cont120000,early_0p18_0p28,CDF_RUN_2:45,1.0073908567428589,0.8362867021553243,1.95146,1.7969033271639758
lambda1_start_expansion96_s358_cont120000,early_0p18_0p28,CDF_RUN_2:46,0.988594651222229,0.9009198565219744,1.909664,1.818404316769887
lambda1_start_expansion96_s358_cont120000,early_0p18_0p28,CDF_RUN_2:47,0.9592810869216919,0.9486752111106782,1.854624,1.8086707140027056
lambda1_start_expansion96_s358_cont120000,early_0p18_0p28,CDF_RUN_2:48,0.9167808294296265,0.979399456511414,1.824972,1.8062627682947152
lambda1_start_expansion96_s358_cont120000,early_0p18_0p28,CDF_RUN_2:49,0.8610420227050781,0.99497283240288,1.69753,1.6933248347451626
lambda1_start_expansion96_s358_cont120000,early_0p18_0p28,CDF_RUN_2:50,0.7571980953216553,0.9998348419300568,1.6449,1.6447533888667385
lambda1_start_expansion96_s358_cont120000,early_0p18_0p28,CDF_RUN_2:51,0.6068251132965088,1.0,1.42279,1.42279
lambda1_start_expansion96_s358_cont120000,early_0p18_0p28,D0_RUN_1:14,1.2631714344024658,0.1879104824806516,2.589585,1.51241844748278
lambda1_start_expansion96_s358_cont120000,early_0p18_0p28,D0_RUN_1:15,0.7794092893600464,0.7792496753543665,1.790634,1.5674058168365437
lambda1_start_expansion96_s358_cont120000,central_0p20_0p30,CDF_RUN_1:30,1.454918622970581,0.0012197116639461,2.72209,1.4564642066793625
lambda1_start_expansion96_s358_cont120000,central_0p20_0p30,CDF_RUN_1:31,1.1102956533432007,0.0258850748744865,2.51472,1.1466492827119636
lambda1_start_expansion96_s358_cont120000,central_0p20_0p30,CDF_RUN_1:32,0.848198652267456,0.1831302917603498,2.180565,1.0921952902593886
lambda1_start_expansion96_s358_cont120000,central_0p20_0p30,CDF_RUN_1:33,0.7880498170852661,0.549777686123881,1.75218,1.3181070781703226
lambda1_start_expansion96_s358_cont120000,central_0p20_0p30,CDF_RUN_1:34,0.6513233184814453,0.8825037510074896,1.478605,1.3814025055613532
lambda1_start_expansion96_s358_cont120000,central_0p20_0p30,CDF_RUN_1:35,0.3896557092666626,0.9960358801988642,1.20233,1.19910846175223
lambda1_start_expansion96_s358_cont120000,central_0p20_0p30,CDF_RUN_2:36,1.8765034675598145,5.164127530589625e-05,3.27554,1.8765757155905494
lambda1_start_expansion96_s358_cont120000,central_0p20_0p30,CDF_RUN_2:37,1.6785036325454712,0.0023877817219835,2.91722,1.681461416846401
lambda1_start_expansion96_s358_cont120000,central_0p20_0p30,CDF_RUN_2:38,1.4919567108154297,0.0134170653158552,2.90854,1.5109631013317681
lambda1_start_expansion96_s358_cont120000,central_0p20_0p30,CDF_RUN_2:39,1.3322594165802002,0.0383530844331178,2.8682,1.391167475460352
lambda1_start_expansion96_s358_cont120000,central_0p20_0p30,CDF_RUN_2:40,1.2083872556686401,0.0798964211082592,2.4889,1.310695641124231
lambda1_start_expansion96_s358_cont120000,central_0p20_0p30,CDF_RUN_2:41,1.1219342947006226,0.1385843072813845,2.31978,1.2879369119995183
lambda1_start_expansion96_s358_cont120000,central_0p20_0p30,CDF_RUN_2:42,1.0681312084197998,0.2131511831472797,2.33764,1.3387285093609929
lambda1_start_expansion96_s358_cont120000,central_0p20_0p30,CDF_RUN_2:43,1.038058876991272,0.3008892555044757,2.08436,1.352879642926865
lambda1_start_expansion96_s358_cont120000,central_0p20_0p30,CDF_RUN_2:44,1.0211656093597412,0.3980090561043118,2.07474,1.440497758114146
lambda1_start_expansion96_s358_cont120000,central_0p20_0p30,CDF_RUN_2:45,1.0073908567428589,0.4999999999999999,1.95146,1.4794254283714294
lambda1_start_expansion96_s358_cont120000,central_0p20_0p30,CDF_RUN_2:46,0.988594651222229,0.6019909438956881,1.909664,1.543070057886346
lambda1_start_expansion96_s358_cont120000,central_0p20_0p30,CDF_RUN_2:47,0.9592810869216919,0.6991107444955241,1.854624,1.5852249374626592
lambda1_start_expansion96_s358_cont120000,central_0p20_0p30,CDF_RUN_2:48,0.9167808294296265,0.7868488168527201,1.824972,1.631389977469012
lambda1_start_expansion96_s358_cont120000,central_0p20_0p30,CDF_RUN_2:49,0.8610420227050781,0.8614156927186152,1.69753,1.5816058931173766
lambda1_start_expansion96_s358_cont120000,central_0p20_0p30,CDF_RUN_2:50,0.7571980953216553,0.9408752472293116,1.6449,1.5924148443518238
lambda1_start_expansion96_s358_cont120000,central_0p20_0p30,CDF_RUN_2:51,0.6068251132965088,0.9920975764810804,1.42279,1.4163418998887018
lambda1_start_expansion96_s358_cont120000,central_0p20_0p30,D0_RUN_1:14,1.2631714344024658,0.0206608071262849,2.589585,1.2905762092509643
lambda1_start_expansion96_s358_cont120000,central_0p20_0p30,D0_RUN_1:15,0.7794092893600464,0.4999999999999999,1.790634,1.2850216446800231
lambda1_start_expansion96_s358_cont120000,late_0p22_0p32,CDF_RUN_1:30,1.454918622970581,0.0,2.72209,1.454918622970581
lambda1_start_expansion96_s358_cont120000,late_0p22_0p32,CDF_RUN_1:31,1.1102956533432007,0.0,2.51472,1.1102956533432007
lambda1_start_expansion96_s358_cont120000,late_0p22_0p32,CDF_RUN_1:32,0.848198652267456,0.0193207037777613,2.180565,0.8739409077954543
lambda1_start_expansion96_s358_cont120000,late_0p22_0p32,CDF_RUN_1:33,0.7880498170852661,0.2102966915212009,1.75218,0.9908032047479649
lambda1_start_expansion96_s358_cont120000,late_0p22_0p32,CDF_RUN_1:34,0.6513233184814453,0.5852865232044726,1.478605,1.1355201375681898
lambda1_start_expansion96_s358_cont120000,late_0p22_0p32,CDF_RUN_1:35,0.3896557092666626,0.9023365088655396,1.20233,1.122961391611761
lambda1_start_expansion96_s358_cont120000,late_0p22_0p32,CDF_RUN_2:36,1.8765034675598145,0.0,3.27554,1.8765034675598145
lambda1_start_expansion96_s358_cont120000,late_0p22_0p32,CDF_RUN_2:37,1.6785036325454712,0.0,2.91722,1.6785036325454712
lambda1_start_expansion96_s358_cont120000,late_0p22_0p32,CDF_RUN_2:38,1.4919567108154297,0.0,2.90854,1.4919567108154297
lambda1_start_expansion96_s358_cont120000,late_0p22_0p32,CDF_RUN_2:39,1.3322594165802002,0.0,2.8682,1.3322594165802002
lambda1_start_expansion96_s358_cont120000,late_0p22_0p32,CDF_RUN_2:40,1.2083872556686401,0.0003303151612864,2.4889,1.2088102284423132
lambda1_start_expansion96_s358_cont120000,late_0p22_0p32,CDF_RUN_2:41,1.1219342947006226,0.0050271675971199,2.31978,1.1279560658166528
lambda1_start_expansion96_s358_cont120000,late_0p22_0p32,CDF_RUN_2:42,1.0681312084197998,0.0206005434885857,2.33764,1.0942837794898896
lambda1_start_expansion96_s358_cont120000,late_0p22_0p32,CDF_RUN_2:43,1.038058876991272,0.0513247888893216,2.08436,1.0917600612443552
lambda1_start_expansion96_s358_cont120000,late_0p22_0p32,CDF_RUN_2:44,1.0211656093597412,0.0990801434780254,2.07474,1.1255539111491513
lambda1_start_expansion96_s358_cont120000,late_0p22_0p32,CDF_RUN_2:45,1.0073908567428589,0.1637132978446752,1.95146,1.1619475295788826
lambda1_start_expansion96_s358_cont120000,late_0p22_0p32,CDF_RUN_2:46,0.988594651222229,0.2433979518395934,1.909664,1.2127810442169666
lambda1_start_expansion96_s358_cont120000,late_0p22_0p32,CDF_RUN_2:47,0.9592810869216919,0.3349953729225092,1.854624,1.2592168199818854
lambda1_start_expansion96_s358_cont120000,late_0p22_0p32,CDF_RUN_2:48,0.9167808294296265,0.4344149545116246,1.824972,1.3113126554808143
lambda1_start_expansion96_s358_cont120000,late_0p22_0p32,CDF_RUN_2:49,0.8610420227050781,0.5369747743326755,1.69753,1.3102149655450148
lambda1_start_expansion96_s358_cont120000,late_0p22_0p32,CDF_RUN_2:50,0.7571980953216553,0.6848781819867951,1.6449,1.3651657619439752
lambda1_start_expansion96_s358_cont120000,late_0p22_0p32,CDF_RUN_2:51,0.6068251132965088,0.8499258195752324,1.42279,1.3003347383725852
lambda1_start_expansion96_s358_cont120000,late_0p22_0p32,D0_RUN_1:14,1.2631714344024658,2.671437209028174e-06,2.589585,1.2631749778330197
lambda1_start_expansion96_s358_cont120000,late_0p22_0p32,D0_RUN_1:15,0.7794092893600464,0.2207503246456333,1.790634,1.0026374725235028
lambda1_start_expansion96_s359_cont120000,early_0p18_0p28,CDF_RUN_1:30,1.4462922811508179,0.0892391852052237,2.72209,1.560143430067602
lambda1_start_expansion96_s359_cont120000,early_0p18_0p28,CDF_RUN_1:31,1.1061480045318604,0.2263136792031131,2.51472,1.424927115248726
lambda1_start_expansion96_s359_cont120000,early_0p18_0p28,CDF_RUN_1:32,0.8443670272827148,0.5139631863662977,2.180565,1.5311235949566782
lambda1_start_expansion96_s359_cont120000,early_0p18_0p28,CDF_RUN_1:33,0.7839041948318481,0.8606209544870957,1.75218,1.617222642482424
lambda1_start_expansion96_s359_cont120000,early_0p18_0p28,CDF_RUN_1:34,0.6509225368499756,0.9935104948187734,1.478605,1.4732337503669775
lambda1_start_expansion96_s359_cont120000,early_0p18_0p28,CDF_RUN_1:35,0.38831233978271484,1.0,1.20233,1.20233
lambda1_start_expansion96_s359_cont120000,early_0p18_0p28,CDF_RUN_2:36,1.8648688793182373,0.0629515791727313,3.27554,1.9536728540585209
lambda1_start_expansion96_s359_cont120000,early_0p18_0p28,CDF_RUN_2:37,1.6672680377960205,0.1155267912377162,2.91722,1.8116709771907333
lambda1_start_expansion96_s359_cont120000,early_0p18_0p28,CDF_RUN_2:38,1.4817276000976562,0.1846215696118183,2.90854,1.7451479449092324
lambda1_start_expansion96_s359_cont120000,early_0p18_0p28,CDF_RUN_2:39,1.3228693008422852,0.2680057887944079,2.8682,1.7370268738182624
lambda1_start_expansion96_s359_cont120000,early_0p18_0p28,CDF_RUN_2:40,1.1993086338043213,0.3622378472320013,2.4889,1.6664474341040194
lambda1_start_expansion96_s359_cont120000,early_0p18_0p28,CDF_RUN_2:41,1.1127427816390991,0.4630252256673241,2.31978,1.6716314620595145
lambda1_start_expansion96_s359_cont120000,early_0p18_0p28,CDF_RUN_2:42,1.0588446855545044,0.5655850454883751,2.33764,1.782112191645481
lambda1_start_expansion96_s359_cont120000,early_0p18_0p28,CDF_RUN_2:43,1.029176115989685,0.6650046270774903,2.08436,1.7308782812741423
lambda1_start_expansion96_s359_cont120000,early_0p18_0p28,CDF_RUN_2:44,1.0134440660476685,0.7566020481604062,2.07474,1.8164227433803135
lambda1_start_expansion96_s359_cont120000,early_0p18_0p28,CDF_RUN_2:45,1.0015236139297485,0.8362867021553243,1.95146,1.795942781493786
lambda1_start_expansion96_s359_cont120000,early_0p18_0p28,CDF_RUN_2:46,0.9849194288253784,0.9009198565219744,1.909664,1.8180401752074933
lambda1_start_expansion96_s359_cont120000,early_0p18_0p28,CDF_RUN_2:47,0.9576590061187744,0.9486752111106782,1.854624,1.8085874610479344
lambda1_start_expansion96_s359_cont120000,early_0p18_0p28,CDF_RUN_2:48,0.9166347980499268,0.979399456511414,1.824972,1.8062597599689272
lambda1_start_expansion96_s359_cont120000,early_0p18_0p28,CDF_RUN_2:49,0.861554741859436,0.99497283240288,1.69753,1.6933274122702817
lambda1_start_expansion96_s359_cont120000,early_0p18_0p28,CDF_RUN_2:50,0.7571594715118408,0.9998348419300568,1.6449,1.6447533824877045
lambda1_start_expansion96_s359_cont120000,early_0p18_0p28,CDF_RUN_2:51,0.6046860218048096,1.0,1.42279,1.42279
lambda1_start_expansion96_s359_cont120000,early_0p18_0p28,D0_RUN_1:14,1.2554349899291992,0.1879104824806516,2.589585,1.5061357620231695
lambda1_start_expansion96_s359_cont120000,early_0p18_0p28,D0_RUN_1:15,0.7758102416992188,0.7792496753543665,1.790634,1.5666113258970007
lambda1_start_expansion96_s359_cont120000,central_0p20_0p30,CDF_RUN_1:30,1.4462922811508179,0.0012197116639461,2.72209,1.4478483865093341
lambda1_start_expansion96_s359_cont120000,central_0p20_0p30,CDF_RUN_1:31,1.1061480045318604,0.0258850748744865,2.51472,1.1426089961006578
lambda1_start_expansion96_s359_cont120000,central_0p20_0p30,CDF_RUN_1:32,0.8443670272827148,0.1831302917603498,2.180565,1.0890653518760192
lambda1_start_expansion96_s359_cont120000,central_0p20_0p30,CDF_RUN_1:33,0.7839041948318481,0.549777686123881,1.75218,1.3162406265269326
lambda1_start_expansion96_s359_cont120000,central_0p20_0p30,CDF_RUN_1:34,0.6509225368499756,0.8825037510074896,1.478605,1.3813554152229903
lambda1_start_expansion96_s359_cont120000,central_0p20_0p30,CDF_RUN_1:35,0.38831233978271484,0.9960358801988642,1.20233,1.1991031364746585
lambda1_start_expansion96_s359_cont120000,central_0p20_0p30,CDF_RUN_2:36,1.8648688793182373,5.164127530589625e-05,3.27554,1.8649417281739467
lambda1_start_expansion96_s359_cont120000,central_0p20_0p30,CDF_RUN_2:37,1.6672680377960205,0.0023877817219835,2.91722,1.6702526502447286
lambda1_start_expansion96_s359_cont120000,central_0p20_0p30,CDF_RUN_2:38,1.4817276000976562,0.0134170653158552,2.90854,1.5008712352606182
lambda1_start_expansion96_s359_cont120000,central_0p20_0p30,CDF_RUN_2:39,1.3228693008422852,0.0383530844331178,2.8682,1.38213749962417
lambda1_start_expansion96_s359_cont120000,central_0p20_0p30,CDF_RUN_2:40,1.1993086338043213,0.0798964211082592,2.4889,1.3023423686554665
lambda1_start_expansion96_s359_cont120000,central_0p20_0p30,CDF_RUN_2:41,1.1127427816390991,0.1385843072813845,2.31978,1.2800191984084939
lambda1_start_expansion96_s359_cont120000,central_0p20_0p30,CDF_RUN_2:42,1.0588446855545044,0.2131511831472797,2.33764,1.3314214198317593
lambda1_start_expansion96_s359_cont120000,central_0p20_0p30,CDF_RUN_2:43,1.029176115989685,0.3008892555044757,2.08436,1.3466696092698698
lambda1_start_expansion96_s359_cont120000,central_0p20_0p30,CDF_RUN_2:44,1.0134440660476685,0.3980090561043118,2.07474,1.4358494589673798
lambda1_start_expansion96_s359_cont120000,central_0p20_0p30,CDF_RUN_2:45,1.0015236139297485,0.4999999999999999,1.95146,1.4764918069648743
lambda1_start_expansion96_s359_cont120000,central_0p20_0p30,CDF_RUN_2:46,0.9849194288253784,0.6019909438956881,1.909664,1.541607286089202
lambda1_start_expansion96_s359_cont120000,central_0p20_0p30,CDF_RUN_2:47,0.9576590061187744,0.6991107444955241,1.854624,1.5847368707775011
lambda1_start_expansion96_s359_cont120000,central_0p20_0p30,CDF_RUN_2:48,0.9166347980499268,0.7868488168527201,1.824972,1.6313588507076522
lambda1_start_expansion96_s359_cont120000,central_0p20_0p30,CDF_RUN_2:49,0.861554741859436,0.8614156927186152,1.69753,1.5816769479462132
lambda1_start_expansion96_s359_cont120000,central_0p20_0p30,CDF_RUN_2:50,0.7571594715118408,0.9408752472293116,1.6449,1.5924125607286175
lambda1_start_expansion96_s359_cont120000,central_0p20_0p30,CDF_RUN_2:51,0.6046860218048096,0.9920975764810804,1.42279,1.4163249958817887
lambda1_start_expansion96_s359_cont120000,central_0p20_0p30,D0_RUN_1:14,1.2554349899291992,0.0206608071262849,2.589585,1.2829996059648032
lambda1_start_expansion96_s359_cont120000,central_0p20_0p30,D0_RUN_1:15,0.7758102416992188,0.4999999999999999,1.790634,1.2832221208496093
lambda1_start_expansion96_s359_cont120000,late_0p22_0p32,CDF_RUN_1:30,1.4462922811508179,0.0,2.72209,1.4462922811508179
lambda1_start_expansion96_s359_cont120000,late_0p22_0p32,CDF_RUN_1:31,1.1061480045318604,0.0,2.51472,1.1061480045318604
lambda1_start_expansion96_s359_cont120000,late_0p22_0p32,CDF_RUN_1:32,0.8443670272827148,0.0193207037777613,2.180565,0.8701833125020307
lambda1_start_expansion96_s359_cont120000,late_0p22_0p32,CDF_RUN_1:33,0.7839041948318481,0.2102966915212009,1.75218,0.9875293931387374
lambda1_start_expansion96_s359_cont120000,late_0p22_0p32,CDF_RUN_1:34,0.6509225368499756,0.5852865232044726,1.478605,1.1353539280243674
lambda1_start_expansion96_s359_cont120000,late_0p22_0p32,CDF_RUN_1:35,0.38831233978271484,0.9023365088655396,1.20233,1.1228301934580749
lambda1_start_expansion96_s359_cont120000,late_0p22_0p32,CDF_RUN_2:36,1.8648688793182373,0.0,3.27554,1.8648688793182373
lambda1_start_expansion96_s359_cont120000,late_0p22_0p32,CDF_RUN_2:37,1.6672680377960205,0.0,2.91722,1.6672680377960205
lambda1_start_expansion96_s359_cont120000,late_0p22_0p32,CDF_RUN_2:38,1.4817276000976562,0.0,2.90854,1.4817276000976562
lambda1_start_expansion96_s359_cont120000,late_0p22_0p32,CDF_RUN_2:39,1.3228693008422852,0.0,2.8682,1.3228693008422852
lambda1_start_expansion96_s359_cont120000,late_0p22_0p32,CDF_RUN_2:40,1.1993086338043213,0.0003303151612864,2.4889,1.1997346053844398
lambda1_start_expansion96_s359_cont120000,late_0p22_0p32,CDF_RUN_2:41,1.1127427816390991,0.0050271675971199,2.31978,1.118810760031761
lambda1_start_expansion96_s359_cont120000,late_0p22_0p32,CDF_RUN_2:42,1.0588446855545044,0.0206005434885857,2.33764,1.0851885640427386
lambda1_start_expansion96_s359_cont120000,late_0p22_0p32,CDF_RUN_2:43,1.029176115989685,0.0513247888893216,2.08436,1.0833332060759289
lambda1_start_expansion96_s359_cont120000,late_0p22_0p32,CDF_RUN_2:44,1.0134440660476685,0.0990801434780254,2.07474,1.1185974194563104
lambda1_start_expansion96_s359_cont120000,late_0p22_0p32,CDF_RUN_2:45,1.0015236139297485,0.1637132978446752,1.95146,1.157040832435962
lambda1_start_expansion96_s359_cont120000,late_0p22_0p32,CDF_RUN_2:46,0.9849194288253784,0.2433979518395934,1.909664,1.2100003634240644
lambda1_start_expansion96_s359_cont120000,late_0p22_0p32,CDF_RUN_2:47,0.9576590061187744,0.3349953729225092,1.854624,1.2581381287424516
lambda1_start_expansion96_s359_cont120000,late_0p22_0p32,CDF_RUN_2:48,0.9166347980499268,0.4344149545116246,1.824972,1.3112300623162843
lambda1_start_expansion96_s359_cont120000,late_0p22_0p32,CDF_RUN_2:49,0.861554741859436,0.5369747743326755,1.69753,1.3104523674471655
lambda1_start_expansion96_s359_cont120000,late_0p22_0p32,CDF_RUN_2:50,0.7571594715118408,0.6848781819867951,1.6449,1.365153590738808
lambda1_start_expansion96_s359_cont120000,late_0p22_0p32,CDF_RUN_2:51,0.6046860218048096,0.8499258195752324,1.42279,1.3000137159701148
lambda1_start_expansion96_s359_cont120000,late_0p22_0p32,D0_RUN_1:14,1.2554349899291992,2.671437209028174e-06,2.589585,1.2554385540271786
lambda1_start_expansion96_s359_cont120000,late_0p22_0p32,D0_RUN_1:15,0.7758102416992188,0.2207503246456333,1.790634,0.9998329158022179
lambda1_start_expansion96_s360_cont120000,early_0p18_0p28,CDF_RUN_1:30,1.4783906936645508,0.0892391852052237,2.72209,1.5893774064022281
lambda1_start_expansion96_s360_cont120000,early_0p18_0p28,CDF_RUN_1:31,1.1332616806030273,0.2263136792031131,2.51472,1.4459045955315055
lambda1_start_expansion96_s360_cont120000,early_0p18_0p28,CDF_RUN_1:32,0.8671958446502686,0.5139631863662977,2.180565,1.5422192406090296
lambda1_start_expansion96_s360_cont120000,early_0p18_0p28,CDF_RUN_1:33,0.7968649864196777,0.8606209544870957,1.75218,1.6190291052430275
lambda1_start_expansion96_s360_cont120000,early_0p18_0p28,CDF_RUN_1:34,0.6525309085845947,0.9935104948187734,1.478605,1.4732441879036826
lambda1_start_expansion96_s360_cont120000,early_0p18_0p28,CDF_RUN_1:35,0.3963198661804199,1.0,1.20233,1.20233
lambda1_start_expansion96_s360_cont120000,early_0p18_0p28,CDF_RUN_2:36,1.9207499027252197,0.0629515791727313,3.27554,2.0060360787962455
lambda1_start_expansion96_s360_cont120000,early_0p18_0p28,CDF_RUN_2:37,1.7277109622955322,0.1155267912377162,2.91722,1.8651311245697928
lambda1_start_expansion96_s360_cont120000,early_0p18_0p28,CDF_RUN_2:38,1.5443861484527588,0.1846215696118183,2.90854,1.796238373717418
lambda1_start_expansion96_s360_cont120000,early_0p18_0p28,CDF_RUN_2:39,1.3855712413787842,0.2680057887944079,2.8682,1.782924331322337
lambda1_start_expansion96_s360_cont120000,early_0p18_0p28,CDF_RUN_2:40,1.2602156400680542,0.3622378472320013,2.4889,1.7052916175374317
lambda1_start_expansion96_s360_cont120000,early_0p18_0p28,CDF_RUN_2:41,1.1701600551605225,0.4630252256673241,2.31978,1.7024630895514783
lambda1_start_expansion96_s360_cont120000,early_0p18_0p28,CDF_RUN_2:42,1.1109763383865356,0.5655850454883751,2.33764,1.8047589612391237
lambda1_start_expansion96_s360_cont120000,early_0p18_0p28,CDF_RUN_2:43,1.0741740465164185,0.6650046270774903,2.08436,1.7459523797916865
lambda1_start_expansion96_s360_cont120000,early_0p18_0p28,CDF_RUN_2:44,1.0497360229492188,0.7566020481604062,2.07474,1.8252561313584017
lambda1_start_expansion96_s360_cont120000,early_0p18_0p28,CDF_RUN_2:45,1.0283052921295166,0.8362867021553243,1.95146,1.8003272983536849
lambda1_start_expansion96_s360_cont120000,early_0p18_0p28,CDF_RUN_2:46,1.0025463104248047,0.9009198565219744,1.909664,1.8197866491654346
lambda1_start_expansion96_s360_cont120000,early_0p18_0p28,CDF_RUN_2:47,0.9677544832229614,0.9486752111106782,1.854624,1.8091056092790438
lambda1_start_expansion96_s360_cont120000,early_0p18_0p28,CDF_RUN_2:48,0.9218355417251587,0.979399456511414,1.824972,1.8063668981151817
lambda1_start_expansion96_s360_cont120000,early_0p18_0p28,CDF_RUN_2:49,0.8649821281433105,0.99497283240288,1.69753,1.693344642315551
lambda1_start_expansion96_s360_cont120000,early_0p18_0p28,CDF_RUN_2:50,0.7634512186050415,0.9998348419300568,1.6449,1.644754421620511
lambda1_start_expansion96_s360_cont120000,early_0p18_0p28,CDF_RUN_2:51,0.6195065975189209,1.0,1.42279,1.42279
lambda1_start_expansion96_s360_cont120000,early_0p18_0p28,D0_RUN_1:14,1.2889965772628784,0.1879104824806516,2.589585,1.5333907752881606
lambda1_start_expansion96_s360_cont120000,early_0p18_0p28,D0_RUN_1:15,0.7917488813400269,0.7792496753543665,1.790634,1.5701297857721188
lambda1_start_expansion96_s360_cont120000,central_0p20_0p30,CDF_RUN_1:30,1.4783906936645508,0.0012197116639461,2.72209,1.4799076482149298
lambda1_start_expansion96_s360_cont120000,central_0p20_0p30,CDF_RUN_1:31,1.1332616806030273,0.0258850748744865,2.51472,1.1690208326366
lambda1_start_expansion96_s360_cont120000,central_0p20_0p30,CDF_RUN_1:32,0.8671958446502686,0.1831302917603498,2.180565,1.1077135212585092
lambda1_start_expansion96_s360_cont120000,central_0p20_0p30,CDF_RUN_1:33,0.7968649864196777,0.549777686123881,1.75218,1.3220758641052712
lambda1_start_expansion96_s360_cont120000,central_0p20_0p30,CDF_RUN_1:34,0.6525309085845947,0.8825037510074896,1.478605,1.3815443928687938
lambda1_start_expansion96_s360_cont120000,central_0p20_0p30,CDF_RUN_1:35,0.3963198661804199,0.9960358801988642,1.20233,1.1991348792686096
lambda1_start_expansion96_s360_cont120000,central_0p20_0p30,CDF_RUN_2:36,1.9207499027252197,5.164127530589625e-05,3.27554,1.9208198658136149
lambda1_start_expansion96_s360_cont120000,central_0p20_0p30,CDF_RUN_2:37,1.7277109622955322,0.0023877817219835,2.91722,1.730551250233897
lambda1_start_expansion96_s360_cont120000,central_0p20_0p30,CDF_RUN_2:38,1.5443861484527588,0.0134170653158552,2.90854,1.5626890897798436
lambda1_start_expansion96_s360_cont120000,central_0p20_0p30,CDF_RUN_2:39,1.3855712413787842,0.0383530844331178,2.8682,1.4424346273411524
lambda1_start_expansion96_s360_cont120000,central_0p20_0p30,CDF_RUN_2:40,1.2602156400680542,0.0798964211082592,2.4889,1.3583831230983088
lambda1_start_expansion96_s360_cont120000,central_0p20_0p30,CDF_RUN_2:41,1.1701600551605225,0.1385843072813845,2.31978,1.3294793388529649
lambda1_start_expansion96_s360_cont120000,central_0p20_0p30,CDF_RUN_2:42,1.1109763383865356,0.2131511831472797,2.33764,1.37244114918322
lambda1_start_expansion96_s360_cont120000,central_0p20_0p30,CDF_RUN_2:43,1.0741740465164185,0.3008892555044757,2.08436,1.3781281459811723
lambda1_start_expansion96_s360_cont120000,central_0p20_0p30,CDF_RUN_2:44,1.0497360229492188,0.3980090561043118,2.07474,1.4576968883583659
lambda1_start_expansion96_s360_cont120000,central_0p20_0p30,CDF_RUN_2:45,1.0283052921295166,0.4999999999999999,1.95146,1.4898826460647583
lambda1_start_expansion96_s360_cont120000,central_0p20_0p30,CDF_RUN_2:46,1.0025463104248047,0.6019909438956881,1.909664,1.5486229445966522
lambda1_start_expansion96_s360_cont120000,central_0p20_0p30,CDF_RUN_2:47,0.9677544832229614,0.6991107444955241,1.854624,1.5877744913673426
lambda1_start_expansion96_s360_cont120000,central_0p20_0p30,CDF_RUN_2:48,0.9218355417251587,0.7868488168527201,1.824972,1.6324673953752735
lambda1_start_expansion96_s360_cont120000,central_0p20_0p30,CDF_RUN_2:49,0.8649821281433105,0.8614156927186152,1.69753,1.5821519299001496
lambda1_start_expansion96_s360_cont120000,central_0p20_0p30,CDF_RUN_2:50,0.7634512186050415,0.9408752472293116,1.6449,1.5927845587199987
lambda1_start_expansion96_s360_cont120000,central_0p20_0p30,CDF_RUN_2:51,0.6195065975189209,0.9920975764810804,1.42279,1.4164421143478758
lambda1_start_expansion96_s360_cont120000,central_0p20_0p30,D0_RUN_1:14,1.2889965772628784,0.0206608071262849,2.589585,1.315867783815729
lambda1_start_expansion96_s360_cont120000,central_0p20_0p30,D0_RUN_1:15,0.7917488813400269,0.4999999999999999,1.790634,1.2911914406700133
lambda1_start_expansion96_s360_cont120000,late_0p22_0p32,CDF_RUN_1:30,1.4783906936645508,0.0,2.72209,1.4783906936645508
lambda1_start_expansion96_s360_cont120000,late_0p22_0p32,CDF_RUN_1:31,1.1332616806030273,0.0,2.51472,1.1332616806030273
lambda1_start_expansion96_s360_cont120000,late_0p22_0p32,CDF_RUN_1:32,0.8671958446502686,0.0193207037777613,2.180565,0.8925710610516293
lambda1_start_expansion96_s360_cont120000,late_0p22_0p32,CDF_RUN_1:33,0.7968649864196777,0.2102966915212009,1.75218,0.9977645731361506
lambda1_start_expansion96_s360_cont120000,late_0p22_0p32,CDF_RUN_1:34,0.6525309085845947,0.5852865232044726,1.478605,1.136020941458411
lambda1_start_expansion96_s360_cont120000,late_0p22_0p32,CDF_RUN_1:35,0.3963198661804199,0.9023365088655396,1.20233,1.1236122364414263
lambda1_start_expansion96_s360_cont120000,late_0p22_0p32,CDF_RUN_2:36,1.9207499027252197,0.0,3.27554,1.9207499027252197
lambda1_start_expansion96_s360_cont120000,late_0p22_0p32,CDF_RUN_2:37,1.7277109622955322,0.0,2.91722,1.7277109622955322
lambda1_start_expansion96_s360_cont120000,late_0p22_0p32,CDF_RUN_2:38,1.5443861484527588,0.0,2.90854,1.5443861484527588
lambda1_start_expansion96_s360_cont120000,late_0p22_0p32,CDF_RUN_2:39,1.3855712413787842,0.0,2.8682,1.3855712413787842
lambda1_start_expansion96_s360_cont120000,late_0p22_0p32,CDF_RUN_2:40,1.2602156400680542,0.0003303151612864,2.4889,1.2606214931405753
lambda1_start_expansion96_s360_cont120000,late_0p22_0p32,CDF_RUN_2:41,1.1701600551605225,0.0050271675971199,2.31978,1.1759393872962223
lambda1_start_expansion96_s360_cont120000,late_0p22_0p32,CDF_RUN_2:42,1.1109763383865356,0.0206005434885857,2.33764,1.1362462764934718
lambda1_start_expansion96_s360_cont120000,late_0p22_0p32,CDF_RUN_2:43,1.0741740465164185,0.0513247888893216,2.08436,1.1260216273179213
lambda1_start_expansion96_s360_cont120000,late_0p22_0p32,CDF_RUN_2:44,1.0497360229492188,0.0990801434780254,2.07474,1.1512935640609567
lambda1_start_expansion96_s360_cont120000,late_0p22_0p32,CDF_RUN_2:45,1.0283052921295166,0.1637132978446752,1.95146,1.1794379937758313
lambda1_start_expansion96_s360_cont120000,late_0p22_0p32,CDF_RUN_2:46,1.0025463104248047,0.2433979518395934,1.909664,1.2233368981448713
lambda1_start_expansion96_s360_cont120000,late_0p22_0p32,CDF_RUN_2:47,0.9677544832229614,0.3349953729225092,1.854624,1.264851667729291
lambda1_start_expansion96_s360_cont120000,late_0p22_0p32,CDF_RUN_2:48,0.9218355417251587,0.4344149545116246,1.824972,1.3141715251644137
lambda1_start_expansion96_s360_cont120000,late_0p22_0p32,CDF_RUN_2:49,0.8649821281433105,0.5369747743326755,1.69753,1.3120393337547056
lambda1_start_expansion96_s360_cont120000,late_0p22_0p32,CDF_RUN_2:50,0.7634512186050415,0.6848781819867951,1.6449,1.3671362575212966
lambda1_start_expansion96_s360_cont120000,late_0p22_0p32,CDF_RUN_2:51,0.6195065975189209,0.8499258195752324,1.42279,1.3022379017238335
lambda1_start_expansion96_s360_cont120000,late_0p22_0p32,D0_RUN_1:14,1.2889965772628784,2.671437209028174e-06,2.589585,1.2890000517031845
lambda1_start_expansion96_s360_cont120000,late_0p22_0p32,D0_RUN_1:15,0.7917488813400269,0.2207503246456333,1.790634,1.0122530955679079
lambda1_start_expansion96_s361_cont120000,early_0p18_0p28,CDF_RUN_1:30,1.4822642803192139,0.0892391852052237,2.72209,1.5929053173400074
lambda1_start_expansion96_s361_cont120000,early_0p18_0p28,CDF_RUN_1:31,1.130446195602417,0.2263136792031131,2.51472,1.4437262933001245
lambda1_start_expansion96_s361_cont120000,early_0p18_0p28,CDF_RUN_1:32,0.8628562688827515,0.5139631863662977,2.180565,1.5401100470304636
lambda1_start_expansion96_s361_cont120000,early_0p18_0p28,CDF_RUN_1:33,0.7986159324645996,0.8606209544870957,1.75218,1.6192731504315134
lambda1_start_expansion96_s361_cont120000,early_0p18_0p28,CDF_RUN_1:34,0.6530003547668457,0.9935104948187734,1.478605,1.4732472343771146
lambda1_start_expansion96_s361_cont120000,early_0p18_0p28,CDF_RUN_1:35,0.3954315185546875,1.0,1.20233,1.20233
lambda1_start_expansion96_s361_cont120000,early_0p18_0p28,CDF_RUN_2:36,1.919562816619873,0.0629515791727313,3.27554,2.004923721635844
lambda1_start_expansion96_s361_cont120000,early_0p18_0p28,CDF_RUN_2:37,1.7253124713897705,0.1155267912377162,2.91722,1.8630097236221865
lambda1_start_expansion96_s361_cont120000,early_0p18_0p28,CDF_RUN_2:38,1.5399482250213623,0.1846215696118183,2.90854,1.7926197866757427
lambda1_start_expansion96_s361_cont120000,early_0p18_0p28,CDF_RUN_2:39,1.379295825958252,0.2680057887944079,2.8682,1.778330763561597
lambda1_start_expansion96_s361_cont120000,early_0p18_0p28,CDF_RUN_2:40,1.253049373626709,0.3622378472320013,2.4889,1.7007212440244903
lambda1_start_expansion96_s361_cont120000,early_0p18_0p28,CDF_RUN_2:41,1.1632872819900513,0.4630252256673241,2.31978,1.698772583729225
lambda1_start_expansion96_s361_cont120000,early_0p18_0p28,CDF_RUN_2:42,1.105360984802246,0.5655850454883751,2.33764,1.8023195676672379
lambda1_start_expansion96_s361_cont120000,early_0p18_0p28,CDF_RUN_2:43,1.0702624320983887,0.6650046270774903,2.08436,1.7446420070609896
lambda1_start_expansion96_s361_cont120000,early_0p18_0p28,CDF_RUN_2:44,1.0474367141723633,0.7566020481604062,2.07474,1.8246964843114684
lambda1_start_expansion96_s361_cont120000,early_0p18_0p28,CDF_RUN_2:45,1.0271430015563965,0.8362867021553243,1.95146,1.8001370159309056
lambda1_start_expansion96_s361_cont120000,early_0p18_0p28,CDF_RUN_2:46,1.0019240379333496,0.9009198565219744,1.909664,1.8197249943176987
lambda1_start_expansion96_s361_cont120000,early_0p18_0p28,CDF_RUN_2:47,0.9671738147735596,0.9486752111106782,1.854624,1.8090758065934636
lambda1_start_expansion96_s361_cont120000,early_0p18_0p28,CDF_RUN_2:48,0.9210131168365479,0.979399456511414,1.824972,1.8063499557154978
lambda1_start_expansion96_s361_cont120000,early_0p18_0p28,CDF_RUN_2:49,0.863845705986023,0.99497283240288,1.69753,1.6933389293309051
lambda1_start_expansion96_s361_cont120000,early_0p18_0p28,CDF_RUN_2:50,0.7620089054107666,0.9998348419300568,1.6449,1.6447541834108477
lambda1_start_expansion96_s361_cont120000,early_0p18_0p28,CDF_RUN_2:51,0.6179382801055908,1.0,1.42279,1.42279
lambda1_start_expansion96_s361_cont120000,early_0p18_0p28,D0_RUN_1:14,1.2884244918823242,0.1879104824806516,2.589585,1.5329261907474865
lambda1_start_expansion96_s361_cont120000,early_0p18_0p28,D0_RUN_1:15,0.7897680997848511,0.7792496753543665,1.790634,1.5696925276007618
lambda1_start_expansion96_s361_cont120000,central_0p20_0p30,CDF_RUN_1:30,1.4822642803192139,0.0012197116639461,2.72209,1.483776510210769
lambda1_start_expansion96_s361_cont120000,central_0p20_0p30,CDF_RUN_1:31,1.130446195602417,0.0258850748744865,2.51472,1.1662782266760385
lambda1_start_expansion96_s361_cont120000,central_0p20_0p30,CDF_RUN_1:32,0.8628562688827515,0.1831302917603498,2.180565,1.1041686532674135
lambda1_start_expansion96_s361_cont120000,central_0p20_0p30,CDF_RUN_1:33,0.7986159324645996,0.549777686123881,1.75218,1.3228641790850884
lambda1_start_expansion96_s361_cont120000,central_0p20_0p30,CDF_RUN_1:34,0.6530003547668457,0.8825037510074896,1.478605,1.381599551034312
lambda1_start_expansion96_s361_cont120000,central_0p20_0p30,CDF_RUN_1:35,0.3954315185546875,0.9960358801988642,1.20233,1.1991313577521963
lambda1_start_expansion96_s361_cont120000,central_0p20_0p30,CDF_RUN_2:36,1.919562816619873,5.164127530589625e-05,3.27554,1.9196328410109087
lambda1_start_expansion96_s361_cont120000,central_0p20_0p30,CDF_RUN_2:37,1.7253124713897705,0.0023877817219835,2.91722,1.7281584864008805
lambda1_start_expansion96_s361_cont120000,central_0p20_0p30,CDF_RUN_2:38,1.5399482250213623,0.0134170653158552,2.90854,1.5583107102569929
lambda1_start_expansion96_s361_cont120000,central_0p20_0p30,CDF_RUN_2:39,1.379295825958252,0.0383530844331178,2.8682,1.4363998934580966
lambda1_start_expansion96_s361_cont120000,central_0p20_0p30,CDF_RUN_2:40,1.253049373626709,0.0798964211082592,2.4889,1.3517894156983354
lambda1_start_expansion96_s361_cont120000,central_0p20_0p30,CDF_RUN_2:41,1.1632872819900513,0.1385843072813845,2.31978,1.3235590241914257
lambda1_start_expansion96_s361_cont120000,central_0p20_0p30,CDF_RUN_2:42,1.105360984802246,0.2131511831472797,2.33764,1.3680227148592121
lambda1_start_expansion96_s361_cont120000,central_0p20_0p30,CDF_RUN_2:43,1.0702624320983887,0.3008892555044757,2.08436,1.375393494313204
lambda1_start_expansion96_s361_cont120000,central_0p20_0p30,CDF_RUN_2:44,1.0474367141723633,0.3980090561043118,2.07474,1.456312725297479
lambda1_start_expansion96_s361_cont120000,central_0p20_0p30,CDF_RUN_2:45,1.0271430015563965,0.4999999999999999,1.95146,1.4893015007781982
lambda1_start_expansion96_s361_cont120000,central_0p20_0p30,CDF_RUN_2:46,1.0019240379333496,0.6019909438956881,1.909664,1.5483752745096884
lambda1_start_expansion96_s361_cont120000,central_0p20_0p30,CDF_RUN_2:47,0.9671738147735596,0.6991107444955241,1.854624,1.587599774469907
lambda1_start_expansion96_s361_cont120000,central_0p20_0p30,CDF_RUN_2:48,0.9210131168365479,0.7868488168527201,1.824972,1.6322920945372164
lambda1_start_expansion96_s361_cont120000,central_0p20_0p30,CDF_RUN_2:49,0.863845705986023,0.8614156927186152,1.69753,1.5819944396227028
lambda1_start_expansion96_s361_cont120000,central_0p20_0p30,CDF_RUN_2:50,0.7620089054107666,0.9408752472293116,1.6449,1.5926992823089692
lambda1_start_expansion96_s361_cont120000,central_0p20_0p30,CDF_RUN_2:51,0.6179382801055908,0.9920975764810804,1.42279,1.4164297208394636
lambda1_start_expansion96_s361_cont120000,central_0p20_0p30,D0_RUN_1:14,1.2884244918823242,0.0206608071262849,2.589585,1.3153075181808824
lambda1_start_expansion96_s361_cont120000,central_0p20_0p30,D0_RUN_1:15,0.7897680997848511,0.4999999999999999,1.790634,1.2902010498924255
lambda1_start_expansion96_s361_cont120000,late_0p22_0p32,CDF_RUN_1:30,1.4822642803192139,0.0,2.72209,1.4822642803192139
lambda1_start_expansion96_s361_cont120000,late_0p22_0p32,CDF_RUN_1:31,1.130446195602417,0.0,2.51472,1.130446195602417
lambda1_start_expansion96_s361_cont120000,late_0p22_0p32,CDF_RUN_1:32,0.8628562688827515,0.0193207037777613,2.180565,0.8883153289420376
lambda1_start_expansion96_s361_cont120000,late_0p22_0p32,CDF_RUN_1:33,0.7986159324645996,0.2102966915212009,1.75218,0.9991473010207934
lambda1_start_expansion96_s361_cont120000,late_0p22_0p32,CDF_RUN_1:34,0.6530003547668457,0.5852865232044726,1.478605,1.1362156271168207
lambda1_start_expansion96_s361_cont120000,late_0p22_0p32,CDF_RUN_1:35,0.3954315185546875,0.9023365088655396,1.20233,1.1235254773109562
lambda1_start_expansion96_s361_cont120000,late_0p22_0p32,CDF_RUN_2:36,1.919562816619873,0.0,3.27554,1.919562816619873
lambda1_start_expansion96_s361_cont120000,late_0p22_0p32,CDF_RUN_2:37,1.7253124713897705,0.0,2.91722,1.7253124713897705
lambda1_start_expansion96_s361_cont120000,late_0p22_0p32,CDF_RUN_2:38,1.5399482250213623,0.0,2.90854,1.5399482250213623
lambda1_start_expansion96_s361_cont120000,late_0p22_0p32,CDF_RUN_2:39,1.379295825958252,0.0,2.8682,1.379295825958252
lambda1_start_expansion96_s361_cont120000,late_0p22_0p32,CDF_RUN_2:40,1.253049373626709,0.0003303151612864,2.4889,1.2534575938256853
lambda1_start_expansion96_s361_cont120000,late_0p22_0p32,CDF_RUN_2:41,1.1632872819900513,0.0050271675971199,2.31978,1.1691011647083362
lambda1_start_expansion96_s361_cont120000,late_0p22_0p32,CDF_RUN_2:42,1.105360984802246,0.0206005434885857,2.33764,1.130746602244899
lambda1_start_expansion96_s361_cont120000,late_0p22_0p32,CDF_RUN_2:43,1.0702624320983887,0.0513247888893216,2.08436,1.1223107756841133
lambda1_start_expansion96_s361_cont120000,late_0p22_0p32,CDF_RUN_2:44,1.0474367141723633,0.0990801434780254,2.07474,1.1492220711276124
lambda1_start_expansion96_s361_cont120000,late_0p22_0p32,CDF_RUN_2:45,1.0271430015563965,0.1637132978446752,1.95146,1.1784659856254904
lambda1_start_expansion96_s361_cont120000,late_0p22_0p32,CDF_RUN_2:46,1.0019240379333496,0.2433979518395934,1.909664,1.2228660855033224
lambda1_start_expansion96_s361_cont120000,late_0p22_0p32,CDF_RUN_2:47,0.9671738147735596,0.3349953729225092,1.854624,1.2644655205236408
lambda1_start_expansion96_s361_cont120000,late_0p22_0p32,CDF_RUN_2:48,0.9210131168365479,0.4344149545116246,1.824972,1.313706373946378
lambda1_start_expansion96_s361_cont120000,late_0p22_0p32,CDF_RUN_2:49,0.863845705986023,0.5369747743326755,1.69753,1.3115131416288741
lambda1_start_expansion96_s361_cont120000,late_0p22_0p32,CDF_RUN_2:50,0.7620089054107666,0.6848781819867951,1.6449,1.3666817531653723
lambda1_start_expansion96_s361_cont120000,late_0p22_0p32,CDF_RUN_2:51,0.6179382801055908,0.8499258195752324,1.42279,1.302002537773382
lambda1_start_expansion96_s361_cont120000,late_0p22_0p32,D0_RUN_1:14,1.2884244918823242,2.671437209028174e-06,2.589585,1.2884279678509205
lambda1_start_expansion96_s361_cont120000,late_0p22_0p32,D0_RUN_1:15,0.7897680997848511,0.2207503246456333,1.790634,1.0107095721840893
lambda1_start_expansion96_s362_cont120000,early_0p18_0p28,CDF_RUN_1:30,1.457944393157959,0.0892391852052237,2.72209,1.5707557170933057
lambda1_start_expansion96_s362_cont120000,early_0p18_0p28,CDF_RUN_1:31,1.1001074314117432,0.2263136792031131,2.51472,1.4202536064559177
lambda1_start_expansion96_s362_cont120000,early_0p18_0p28,CDF_RUN_1:32,0.8352587223052979,0.5139631863662977,2.180565,1.5266966234278503
lambda1_start_expansion96_s362_cont120000,early_0p18_0p28,CDF_RUN_1:33,0.7899479866027832,0.8606209544870957,1.75218,1.6180650204107359
lambda1_start_expansion96_s362_cont120000,early_0p18_0p28,CDF_RUN_1:34,0.6529393196105957,0.9935104948187734,1.478605,1.473246838289152
lambda1_start_expansion96_s362_cont120000,early_0p18_0p28,CDF_RUN_1:35,0.3862309455871582,1.0,1.20233,1.20233
lambda1_start_expansion96_s362_cont120000,early_0p18_0p28,CDF_RUN_2:36,1.8768984079360962,0.0629515791727313,3.27554,1.9649451048531819
lambda1_start_expansion96_s362_cont120000,early_0p18_0p28,CDF_RUN_2:37,1.6744756698608398,0.1155267912377162,2.91722,1.8180459346506819
lambda1_start_expansion96_s362_cont120000,early_0p18_0p28,CDF_RUN_2:38,1.480790615081787,0.1846215696118183,2.90854,1.7443839475376957
lambda1_start_expansion96_s362_cont120000,early_0p18_0p28,CDF_RUN_2:39,1.3142060041427612,0.2680057887944079,2.8682,1.7306853907842545
lambda1_start_expansion96_s362_cont120000,early_0p18_0p28,CDF_RUN_2:40,1.186150312423706,0.3622378472320013,2.4889,1.658055554733505
lambda1_start_expansion96_s362_cont120000,early_0p18_0p28,CDF_RUN_2:41,1.0993856191635132,0.4630252256673241,2.31978,1.6644590027534618
lambda1_start_expansion96_s362_cont120000,early_0p18_0p28,CDF_RUN_2:42,1.0488849878311157,0.5655850454883751,2.33764,1.7777855500120254
lambda1_start_expansion96_s362_cont120000,early_0p18_0p28,CDF_RUN_2:43,1.0244287252426147,0.6650046270774903,2.08436,1.7292879273404187
lambda1_start_expansion96_s362_cont120000,early_0p18_0p28,CDF_RUN_2:44,1.013761281967163,0.7566020481604062,2.07474,1.8164999530854096
lambda1_start_expansion96_s362_cont120000,early_0p18_0p28,CDF_RUN_2:45,1.0053465366363525,0.8362867021553243,1.95146,1.7965686447774893
lambda1_start_expansion96_s362_cont120000,early_0p18_0p28,CDF_RUN_2:46,0.9901634454727173,0.9009198565219744,1.909664,1.8185597531293127
lambda1_start_expansion96_s362_cont120000,early_0p18_0p28,CDF_RUN_2:47,0.962509036064148,0.9486752111106782,1.854624,1.8088363878109877
lambda1_start_expansion96_s362_cont120000,early_0p18_0p28,CDF_RUN_2:48,0.9199966192245483,0.979399456511414,1.824972,1.8063290153122358
lambda1_start_expansion96_s362_cont120000,early_0p18_0p28,CDF_RUN_2:49,0.8631105422973633,0.99497283240288,1.69753,1.6933352335398308
lambda1_start_expansion96_s362_cont120000,early_0p18_0p28,CDF_RUN_2:50,0.7565662860870361,0.9998348419300568,1.6449,1.6447532845183446
lambda1_start_expansion96_s362_cont120000,early_0p18_0p28,CDF_RUN_2:51,0.6026179790496826,1.0,1.42279,1.42279
lambda1_start_expansion96_s362_cont120000,early_0p18_0p28,D0_RUN_1:14,1.2583667039871216,0.1879104824806516,2.589585,1.5085165762779726
lambda1_start_expansion96_s362_cont120000,early_0p18_0p28,D0_RUN_1:15,0.7737107276916504,0.7792496753543665,1.790634,1.566147857498232
lambda1_start_expansion96_s362_cont120000,central_0p20_0p30,CDF_RUN_1:30,1.457944393157959,0.0012197116639461,2.72209,1.4594862862995504
lambda1_start_expansion96_s362_cont120000,central_0p20_0p30,CDF_RUN_1:31,1.1001074314117432,0.0258850748744865,2.51472,1.1367247836680396
lambda1_start_expansion96_s362_cont120000,central_0p20_0p30,CDF_RUN_1:32,0.8352587223052979,0.1831302917603498,2.180565,1.081625053446559
lambda1_start_expansion96_s362_cont120000,central_0p20_0p30,CDF_RUN_1:33,0.7899479866027832,0.549777686123881,1.75218,1.3189616764426284
lambda1_start_expansion96_s362_cont120000,central_0p20_0p30,CDF_RUN_1:34,0.6529393196105957,0.8825037510074896,1.478605,1.3815923796323961
lambda1_start_expansion96_s362_cont120000,central_0p20_0p30,CDF_RUN_1:35,0.3862309455871582,0.9960358801988642,1.20233,1.1990948855787138
lambda1_start_expansion96_s362_cont120000,central_0p20_0p30,CDF_RUN_2:36,1.8768984079360962,5.164127530589625e-05,3.27554,1.8769706355716063
lambda1_start_expansion96_s362_cont120000,central_0p20_0p30,CDF_RUN_2:37,1.6744756698608398,0.0023877817219835,2.91722,1.677443072057445
lambda1_start_expansion96_s362_cont120000,central_0p20_0p30,CDF_RUN_2:38,1.480790615081787,0.0134170653158552,2.90854,1.499946821833907
lambda1_start_expansion96_s362_cont120000,central_0p20_0p30,CDF_RUN_2:39,1.3142060041427612,0.0383530844331178,2.8682,1.373806467074432
lambda1_start_expansion96_s362_cont120000,central_0p20_0p30,CDF_RUN_2:40,1.186150312423706,0.0798964211082592,2.4889,1.290235350060955
lambda1_start_expansion96_s362_cont120000,central_0p20_0p30,CDF_RUN_2:41,1.0993856191635132,0.1385843072813845,2.31978,1.2685131290418319
lambda1_start_expansion96_s362_cont120000,central_0p20_0p30,CDF_RUN_2:42,1.0488849878311157,0.2131511831472797,2.33764,1.3235846434619003
lambda1_start_expansion96_s362_cont120000,central_0p20_0p30,CDF_RUN_2:43,1.0244287252426147,0.3008892555044757,2.08436,1.3433506573902743
lambda1_start_expansion96_s362_cont120000,central_0p20_0p30,CDF_RUN_2:44,1.013761281967163,0.3980090561043118,2.07474,1.4360404200781751
lambda1_start_expansion96_s362_cont120000,central_0p20_0p30,CDF_RUN_2:45,1.0053465366363525,0.4999999999999999,1.95146,1.4784032683181763
lambda1_start_expansion96_s362_cont120000,central_0p20_0p30,CDF_RUN_2:46,0.9901634454727173,0.6019909438956881,1.909664,1.5436944522052047
lambda1_start_expansion96_s362_cont120000,central_0p20_0p30,CDF_RUN_2:47,0.962509036064148,0.6991107444955241,1.854624,1.586196192676939
lambda1_start_expansion96_s362_cont120000,central_0p20_0p30,CDF_RUN_2:48,0.9199966192245483,0.7868488168527201,1.824972,1.6320754268685524
lambda1_start_expansion96_s362_cont120000,central_0p20_0p30,CDF_RUN_2:49,0.8631105422973633,0.8614156927186152,1.69753,1.5818925574721714
lambda1_start_expansion96_s362_cont120000,central_0p20_0p30,CDF_RUN_2:50,0.7565662860870361,0.9408752472293116,1.6449,1.5923774887870288
lambda1_start_expansion96_s362_cont120000,central_0p20_0p30,CDF_RUN_2:51,0.6026179790496826,0.9920975764810804,1.42279,1.4163086533320823
lambda1_start_expansion96_s362_cont120000,central_0p20_0p30,D0_RUN_1:14,1.2583667039871216,0.0206608071262849,2.589585,1.2858707484440253
lambda1_start_expansion96_s362_cont120000,central_0p20_0p30,D0_RUN_1:15,0.7737107276916504,0.4999999999999999,1.790634,1.2821723638458251
lambda1_start_expansion96_s362_cont120000,late_0p22_0p32,CDF_RUN_1:30,1.457944393157959,0.0,2.72209,1.457944393157959
lambda1_start_expansion96_s362_cont120000,late_0p22_0p32,CDF_RUN_1:31,1.1001074314117432,0.0,2.51472,1.1001074314117432
lambda1_start_expansion96_s362_cont120000,late_0p22_0p32,CDF_RUN_1:32,0.8352587223052979,0.0193207037777613,2.180565,0.8612509863869999
lambda1_start_expansion96_s362_cont120000,late_0p22_0p32,CDF_RUN_1:33,0.7899479866027832,0.2102966915212009,1.75218,0.9923021954960018
lambda1_start_expansion96_s362_cont120000,late_0p22_0p32,CDF_RUN_1:34,0.6529393196105957,0.5852865232044726,1.478605,1.1361903150149653
lambda1_start_expansion96_s362_cont120000,late_0p22_0p32,CDF_RUN_1:35,0.3862309455871582,0.9023365088655396,1.20233,1.12262691723451
lambda1_start_expansion96_s362_cont120000,late_0p22_0p32,CDF_RUN_2:36,1.8768984079360962,0.0,3.27554,1.8768984079360962
lambda1_start_expansion96_s362_cont120000,late_0p22_0p32,CDF_RUN_2:37,1.6744756698608398,0.0,2.91722,1.6744756698608398
lambda1_start_expansion96_s362_cont120000,late_0p22_0p32,CDF_RUN_2:38,1.480790615081787,0.0,2.90854,1.480790615081787
lambda1_start_expansion96_s362_cont120000,late_0p22_0p32,CDF_RUN_2:39,1.3142060041427612,0.0,2.8682,1.3142060041427612
lambda1_start_expansion96_s362_cont120000,late_0p22_0p32,CDF_RUN_2:40,1.186150312423706,0.0003303151612864,2.4889,1.1865806303968736
lambda1_start_expansion96_s362_cont120000,late_0p22_0p32,CDF_RUN_2:41,1.0993856191635132,0.0050271675971199,2.31978,1.1055207462505616
lambda1_start_expansion96_s362_cont120000,late_0p22_0p32,CDF_RUN_2:42,1.0488849878311157,0.0206005434885857,2.33764,1.0754340415054338
lambda1_start_expansion96_s362_cont120000,late_0p22_0p32,CDF_RUN_2:43,1.0244287252426147,0.0513247888893216,2.08436,1.0788294741567273
lambda1_start_expansion96_s362_cont120000,late_0p22_0p32,CDF_RUN_2:44,1.013761281967163,0.0990801434780254,2.07474,1.118883205576988
lambda1_start_expansion96_s362_cont120000,late_0p22_0p32,CDF_RUN_2:45,1.0053465366363525,0.1637132978446752,1.95146,1.1602378918588625
lambda1_start_expansion96_s362_cont120000,late_0p22_0p32,CDF_RUN_2:46,0.9901634454727173,0.2433979518395934,1.909664,1.2139679971600283
lambda1_start_expansion96_s362_cont120000,late_0p22_0p32,CDF_RUN_2:47,0.962509036064148,0.3349953729225092,1.854624,1.2613634210975895
lambda1_start_expansion96_s362_cont120000,late_0p22_0p32,CDF_RUN_2:48,0.9199966192245483,0.4344149545116246,1.824972,1.3131314580982563
lambda1_start_expansion96_s362_cont120000,late_0p22_0p32,CDF_RUN_2:49,0.8631105422973633,0.5369747743326755,1.69753,1.31117274229603
lambda1_start_expansion96_s362_cont120000,late_0p22_0p32,CDF_RUN_2:50,0.7565662860870361,0.6848781819867951,1.6449,1.3649666650693246
lambda1_start_expansion96_s362_cont120000,late_0p22_0p32,CDF_RUN_2:51,0.6026179790496826,0.8499258195752324,1.42279,1.2997033561485558
lambda1_start_expansion96_s362_cont120000,late_0p22_0p32,D0_RUN_1:14,1.2583667039871216,2.671437209028174e-06,2.589585,1.258370260253211
lambda1_start_expansion96_s362_cont120000,late_0p22_0p32,D0_RUN_1:15,0.7737107276916504,0.2207503246456333,1.790634,0.9981968701934183
lambda1_start_expansion96_s363_cont120000,early_0p18_0p28,CDF_RUN_1:30,1.4640854597091675,0.0892391852052237,2.72209,1.5763487598691934
lambda1_start_expansion96_s363_cont120000,early_0p18_0p28,CDF_RUN_1:31,1.1116060018539429,0.2263136792031131,2.51472,1.4291498931157671
lambda1_start_expansion96_s363_cont120000,early_0p18_0p28,CDF_RUN_1:32,0.8481982946395874,0.5139631863662977,2.180565,1.5329857319349913
lambda1_start_expansion96_s363_cont120000,early_0p18_0p28,CDF_RUN_1:33,0.7924466133117676,0.8606209544870957,1.75218,1.6184132766165271
lambda1_start_expansion96_s363_cont120000,early_0p18_0p28,CDF_RUN_1:34,0.6524907350540161,0.9935104948187734,1.478605,1.4732439271973476
lambda1_start_expansion96_s363_cont120000,early_0p18_0p28,CDF_RUN_1:35,0.3901398181915283,1.0,1.20233,1.20233
lambda1_start_expansion96_s363_cont120000,early_0p18_0p28,CDF_RUN_2:36,1.887955665588379,0.0629515791727313,3.27554,1.9753062906749337
lambda1_start_expansion96_s363_cont120000,early_0p18_0p28,CDF_RUN_2:37,1.684897780418396,0.1155267912377162,2.91722,1.827264012217599
lambda1_start_expansion96_s363_cont120000,early_0p18_0p28,CDF_RUN_2:38,1.49253511428833,0.1846215696118183,2.90854,1.753960158866422
lambda1_start_expansion96_s363_cont120000,early_0p18_0p28,CDF_RUN_2:39,1.32828950881958,0.2680057887944079,2.8682,1.7409944346811725
lambda1_start_expansion96_s363_cont120000,early_0p18_0p28,CDF_RUN_2:40,1.2023714780807495,0.3622378472320013,2.4889,1.6684008002633475
lambda1_start_expansion96_s363_cont120000,early_0p18_0p28,CDF_RUN_2:41,1.1165369749069214,0.4630252256673241,2.31978,1.673668848133278
lambda1_start_expansion96_s363_cont120000,early_0p18_0p28,CDF_RUN_2:42,1.0652912855148315,0.5655850454883751,2.33764,1.7849126910740012
lambda1_start_expansion96_s363_cont120000,early_0p18_0p28,CDF_RUN_2:43,1.038538932800293,0.6650046270774903,2.08436,1.7340147815832172
lambda1_start_expansion96_s363_cont120000,early_0p18_0p28,CDF_RUN_2:44,1.02460515499115,0.7566020481604062,2.07474,1.8191393295694565
lambda1_start_expansion96_s363_cont120000,early_0p18_0p28,CDF_RUN_2:45,1.0127164125442505,0.8362867021553243,1.95146,1.7977751914670774
lambda1_start_expansion96_s363_cont120000,early_0p18_0p28,CDF_RUN_2:46,0.9945383071899414,0.9009198565219744,1.909664,1.8189932150559518
lambda1_start_expansion96_s363_cont120000,early_0p18_0p28,CDF_RUN_2:47,0.964795708656311,0.9486752111106782,1.854624,1.8089537507990394
lambda1_start_expansion96_s363_cont120000,early_0p18_0p28,CDF_RUN_2:48,0.9212340116500854,0.979399456511414,1.824972,1.8063545062687105
lambda1_start_expansion96_s363_cont120000,early_0p18_0p28,CDF_RUN_2:49,0.8642218112945557,0.99497283240288,1.69753,1.6933408200753253
lambda1_start_expansion96_s363_cont120000,early_0p18_0p28,CDF_RUN_2:50,0.7586784362792969,0.9998348419300568,1.6449,1.6447536333569939
lambda1_start_expansion96_s363_cont120000,early_0p18_0p28,CDF_RUN_2:51,0.6067137718200684,1.0,1.42279,1.42279
lambda1_start_expansion96_s363_cont120000,early_0p18_0p28,D0_RUN_1:14,1.2682127952575684,0.1879104824806516,2.589585,1.516512483787241
lambda1_start_expansion96_s363_cont120000,early_0p18_0p28,D0_RUN_1:15,0.7806841135025024,0.7792496753543665,1.790634,1.5676872346798567
lambda1_start_expansion96_s363_cont120000,central_0p20_0p30,CDF_RUN_1:30,1.4640854597091675,0.0012197116639461,2.72209,1.4656198625202574
lambda1_start_expansion96_s363_cont120000,central_0p20_0p30,CDF_RUN_1:31,1.1116060018539429,0.0258850748744865,2.51472,1.1479257127533935
lambda1_start_expansion96_s363_cont120000,central_0p20_0p30,CDF_RUN_1:32,0.8481982946395874,0.1831302917603498,2.180565,1.0921949981240158
lambda1_start_expansion96_s363_cont120000,central_0p20_0p30,CDF_RUN_1:33,0.7924466133117676,0.549777686123881,1.75218,1.32008661394106
lambda1_start_expansion96_s363_cont120000,central_0p20_0p30,CDF_RUN_1:34,0.6524907350540161,0.8825037510074896,1.478605,1.3815396726296418
lambda1_start_expansion96_s363_cont120000,central_0p20_0p30,CDF_RUN_1:35,0.3901398181915283,0.9960358801988642,1.20233,1.199110380818005
lambda1_start_expansion96_s363_cont120000,central_0p20_0p30,CDF_RUN_2:36,1.887955665588379,5.164127530589625e-05,3.27554,1.8880273222130024
lambda1_start_expansion96_s363_cont120000,central_0p20_0p30,CDF_RUN_2:37,1.684897780418396,0.0023877817219835,2.91722,1.687840296889907
lambda1_start_expansion96_s363_cont120000,central_0p20_0p30,CDF_RUN_2:38,1.49253511428833,0.0134170653158552,2.90854,1.5115337443274937
lambda1_start_expansion96_s363_cont120000,central_0p20_0p30,CDF_RUN_2:39,1.32828950881958,0.0383530844331178,2.8682,1.3873498259072665
lambda1_start_expansion96_s363_cont120000,central_0p20_0p30,CDF_RUN_2:40,1.2023714780807495,0.0798964211082592,2.4889,1.3051605026357964
lambda1_start_expansion96_s363_cont120000,central_0p20_0p30,CDF_RUN_2:41,1.1165369749069214,0.1385843072813845,2.31978,1.2832875760306033
lambda1_start_expansion96_s363_cont120000,central_0p20_0p30,CDF_RUN_2:42,1.0652912855148315,0.2131511831472797,2.33764,1.3364939193832657
lambda1_start_expansion96_s363_cont120000,central_0p20_0p30,CDF_RUN_2:43,1.038538932800293,0.3008892555044757,2.08436,1.3532152551009091
lambda1_start_expansion96_s363_cont120000,central_0p20_0p30,CDF_RUN_2:44,1.02460515499115,0.3980090561043118,2.07474,1.44256833343537
lambda1_start_expansion96_s363_cont120000,central_0p20_0p30,CDF_RUN_2:45,1.0127164125442505,0.4999999999999999,1.95146,1.4820882062721252
lambda1_start_expansion96_s363_cont120000,central_0p20_0p30,CDF_RUN_2:46,0.9945383071899414,0.6019909438956881,1.909664,1.545435686787864
lambda1_start_expansion96_s363_cont120000,central_0p20_0p30,CDF_RUN_2:47,0.964795708656311,0.6991107444955241,1.854624,1.5868842278907775
lambda1_start_expansion96_s363_cont120000,central_0p20_0p30,CDF_RUN_2:48,0.9212340116500854,0.7868488168527201,1.824972,1.6323391785280732
lambda1_start_expansion96_s363_cont120000,central_0p20_0p30,CDF_RUN_2:49,0.8642218112945557,0.8614156927186152,1.69753,1.5820465619163506
lambda1_start_expansion96_s363_cont120000,central_0p20_0p30,CDF_RUN_2:50,0.7586784362792969,0.9408752472293116,1.6449,1.5925023691449607
lambda1_start_expansion96_s363_cont120000,central_0p20_0p30,CDF_RUN_2:51,0.6067137718200684,0.9920975764810804,1.42279,1.4163410200211997
lambda1_start_expansion96_s363_cont120000,central_0p20_0p30,D0_RUN_1:14,1.2682127952575684,0.0206608071262849,2.589585,1.2955134115217857
lambda1_start_expansion96_s363_cont120000,central_0p20_0p30,D0_RUN_1:15,0.7806841135025024,0.4999999999999999,1.790634,1.2856590567512511
lambda1_start_expansion96_s363_cont120000,late_0p22_0p32,CDF_RUN_1:30,1.4640854597091675,0.0,2.72209,1.4640854597091675
lambda1_start_expansion96_s363_cont120000,late_0p22_0p32,CDF_RUN_1:31,1.1116060018539429,0.0,2.51472,1.1116060018539429
lambda1_start_expansion96_s363_cont120000,late_0p22_0p32,CDF_RUN_1:32,0.8481982946395874,0.0193207037777613,2.180565,0.8739405570772077
lambda1_start_expansion96_s363_cont120000,late_0p22_0p32,CDF_RUN_1:33,0.7924466133117676,0.2102966915212009,1.75218,0.9942753692747401
lambda1_start_expansion96_s363_cont120000,late_0p22_0p32,CDF_RUN_1:34,0.6524907350540161,0.5852865232044726,1.478605,1.1360042809538695
lambda1_start_expansion96_s363_cont120000,late_0p22_0p32,CDF_RUN_1:35,0.3901398181915283,0.9023365088655396,1.20233,1.1230086713794525
lambda1_start_expansion96_s363_cont120000,late_0p22_0p32,CDF_RUN_2:36,1.887955665588379,0.0,3.27554,1.887955665588379
lambda1_start_expansion96_s363_cont120000,late_0p22_0p32,CDF_RUN_2:37,1.684897780418396,0.0,2.91722,1.684897780418396
lambda1_start_expansion96_s363_cont120000,late_0p22_0p32,CDF_RUN_2:38,1.49253511428833,0.0,2.90854,1.49253511428833
lambda1_start_expansion96_s363_cont120000,late_0p22_0p32,CDF_RUN_2:39,1.32828950881958,0.0,2.8682,1.32828950881958
lambda1_start_expansion96_s363_cont120000,late_0p22_0p32,CDF_RUN_2:40,1.2023714780807495,0.0003303151612864,2.4889,1.202796437956967
lambda1_start_expansion96_s363_cont120000,late_0p22_0p32,CDF_RUN_2:41,1.1165369749069214,0.0050271675971199,2.31978,1.12258587925413
lambda1_start_expansion96_s363_cont120000,late_0p22_0p32,CDF_RUN_2:42,1.0652912855148315,0.0206005434885857,2.33764,1.0915023605402294
lambda1_start_expansion96_s363_cont120000,late_0p22_0p32,CDF_RUN_2:43,1.038538932800293,0.0513247888893216,2.08436,1.092215478290323
lambda1_start_expansion96_s363_cont120000,late_0p22_0p32,CDF_RUN_2:44,1.02460515499115,0.0990801434780254,2.07474,1.1286526661059006
lambda1_start_expansion96_s363_cont120000,late_0p22_0p32,CDF_RUN_2:45,1.0127164125442505,0.1637132978446752,1.95146,1.1664012210771726
lambda1_start_expansion96_s363_cont120000,late_0p22_0p32,CDF_RUN_2:46,0.9945383071899414,0.2433979518395934,1.909664,1.2172780264956986
lambda1_start_expansion96_s363_cont120000,late_0p22_0p32,CDF_RUN_2:47,0.964795708656311,0.3349953729225092,1.854624,1.2628840689519891
lambda1_start_expansion96_s363_cont120000,late_0p22_0p32,CDF_RUN_2:48,0.9212340116500854,0.4344149545116246,1.824972,1.3138313087495406
lambda1_start_expansion96_s363_cont120000,late_0p22_0p32,CDF_RUN_2:49,0.8642218112945557,0.5369747743326755,1.69753,1.311687287874232
lambda1_start_expansion96_s363_cont120000,late_0p22_0p32,CDF_RUN_2:50,0.7586784362792969,0.6848781819867951,1.6449,1.3656322496778266
lambda1_start_expansion96_s363_cont120000,late_0p22_0p32,CDF_RUN_2:51,0.6067137718200684,0.8499258195752324,1.42279,1.3003180288917613
lambda1_start_expansion96_s363_cont120000,late_0p22_0p32,D0_RUN_1:14,1.2682127952575684,2.671437209028174e-06,2.589585,1.2682163252204433
lambda1_start_expansion96_s363_cont120000,late_0p22_0p32,D0_RUN_1:15,0.7806841135025024,0.2207503246456333,1.790634,1.0036308788226456
lambda1_start_expansion96_s364_cont120000,early_0p18_0p28,CDF_RUN_1:30,1.4656615257263184,0.0892391852052237,2.72209,1.577784179039144
lambda1_start_expansion96_s364_cont120000,early_0p18_0p28,CDF_RUN_1:31,1.1127798557281494,0.2263136792031131,2.51472,1.4300580878008553
lambda1_start_expansion96_s364_cont120000,early_0p18_0p28,CDF_RUN_1:32,0.8475179672241211,0.5139631863662977,2.180565,1.5326550677657504
lambda1_start_expansion96_s364_cont120000,early_0p18_0p28,CDF_RUN_1:33,0.792657732963562,0.8606209544870957,1.75218,1.6184427022720833
lambda1_start_expansion96_s364_cont120000,early_0p18_0p28,CDF_RUN_1:34,0.6529684066772461,0.9935104948187734,1.478605,1.4732470270498217
lambda1_start_expansion96_s364_cont120000,early_0p18_0p28,CDF_RUN_1:35,0.39010047912597656,1.0,1.20233,1.20233
lambda1_start_expansion96_s364_cont120000,early_0p18_0p28,CDF_RUN_2:36,1.8905420303344727,0.0629515791727313,3.27554,1.9777298396759442
lambda1_start_expansion96_s364_cont120000,early_0p18_0p28,CDF_RUN_2:37,1.6912050247192383,0.1155267912377162,2.91722,1.8328426008228125
lambda1_start_expansion96_s364_cont120000,early_0p18_0p28,CDF_RUN_2:38,1.5010533332824707,0.1846215696118183,2.90854,1.760905730899567
lambda1_start_expansion96_s364_cont120000,early_0p18_0p28,CDF_RUN_2:39,1.3372242450714111,0.2680057887944079,2.8682,1.747534609896162
lambda1_start_expansion96_s364_cont120000,early_0p18_0p28,CDF_RUN_2:40,1.2102634906768799,0.3622378472320013,2.4889,1.6734340272063277
lambda1_start_expansion96_s364_cont120000,early_0p18_0p28,CDF_RUN_2:41,1.1225683689117432,0.4630252256673241,2.31978,1.6769075545679284
lambda1_start_expansion96_s364_cont120000,early_0p18_0p28,CDF_RUN_2:42,1.0692827701568604,0.5655850454883751,2.33764,1.7866466516932018
lambda1_start_expansion96_s364_cont120000,early_0p18_0p28,CDF_RUN_2:43,1.0407553911209106,0.6650046270774903,2.08436,1.7347572848648998
lambda1_start_expansion96_s364_cont120000,early_0p18_0p28,CDF_RUN_2:44,1.0254987478256226,0.7566020481604062,2.07474,1.8193568282351458
lambda1_start_expansion96_s364_cont120000,early_0p18_0p28,CDF_RUN_2:45,1.0127320289611816,0.8362867021553243,1.95146,1.7977777480821937
lambda1_start_expansion96_s364_cont120000,early_0p18_0p28,CDF_RUN_2:46,0.9940178394317627,0.9009198565219744,1.909664,1.8189416470357958
lambda1_start_expansion96_s364_cont120000,early_0p18_0p28,CDF_RUN_2:47,0.9639952182769775,0.9486752111106782,1.854624,1.8089126657993122
lambda1_start_expansion96_s364_cont120000,early_0p18_0p28,CDF_RUN_2:48,0.9203763008117676,0.979399456511414,1.824972,1.8063368369592852
lambda1_start_expansion96_s364_cont120000,early_0p18_0p28,CDF_RUN_2:49,0.8635332584381104,0.99497283240288,1.69753,1.6933373586047165
lambda1_start_expansion96_s364_cont120000,early_0p18_0p28,CDF_RUN_2:50,0.758702278137207,0.9998348419300568,1.6449,1.644753637294669
lambda1_start_expansion96_s364_cont120000,early_0p18_0p28,CDF_RUN_2:51,0.6081020832061768,1.0,1.42279,1.42279
lambda1_start_expansion96_s364_cont120000,early_0p18_0p28,D0_RUN_1:14,1.2695918083190918,0.1879104824806516,2.589585,1.5176323658390265
lambda1_start_expansion96_s364_cont120000,early_0p18_0p28,D0_RUN_1:15,0.78046715259552,0.7792496753543665,1.790634,1.567639340489205
lambda1_start_expansion96_s364_cont120000,central_0p20_0p30,CDF_RUN_1:30,1.4656615257263184,0.0012197116639461,2.72209,1.467194006191304
lambda1_start_expansion96_s364_cont120000,central_0p20_0p30,CDF_RUN_1:31,1.1127798557281494,0.0258850748744865,2.51472,1.1490691813321745
lambda1_start_expansion96_s364_cont120000,central_0p20_0p30,CDF_RUN_1:32,0.8475179672241211,0.1831302917603498,2.180565,1.0916392592666364
lambda1_start_expansion96_s364_cont120000,central_0p20_0p30,CDF_RUN_1:33,0.792657732963562,0.549777686123881,1.75218,1.3201816647191955
lambda1_start_expansion96_s364_cont120000,central_0p20_0p30,CDF_RUN_1:34,0.6529684066772461,0.8825037510074896,1.478605,1.3815957972536217
lambda1_start_expansion96_s364_cont120000,central_0p20_0p30,CDF_RUN_1:35,0.39010047912597656,0.9960358801988642,1.20233,1.1991102248732364
lambda1_start_expansion96_s364_cont120000,central_0p20_0p30,CDF_RUN_2:36,1.8905420303344727,5.164127530589625e-05,3.27554,1.8906135533959223
lambda1_start_expansion96_s364_cont120000,central_0p20_0p30,CDF_RUN_2:37,1.6912050247192383,0.0023877817219835,2.91722,1.6941324808680918
lambda1_start_expansion96_s364_cont120000,central_0p20_0p30,CDF_RUN_2:38,1.5010533332824707,0.0134170653158552,2.90854,1.519937673821015
lambda1_start_expansion96_s364_cont120000,central_0p20_0p30,CDF_RUN_2:39,1.3372242450714111,0.0383530844331178,2.8682,1.3959418874652436
lambda1_start_expansion96_s364_cont120000,central_0p20_0p30,CDF_RUN_2:40,1.2102634906768799,0.0798964211082592,2.4889,1.3124219716701546
lambda1_start_expansion96_s364_cont120000,central_0p20_0p30,CDF_RUN_2:41,1.1225683689117432,0.1385843072813845,2.31978,1.2884831134753258
lambda1_start_expansion96_s364_cont120000,central_0p20_0p30,CDF_RUN_2:42,1.0692827701568604,0.2131511831472797,2.33764,1.3396346143513318
lambda1_start_expansion96_s364_cont120000,central_0p20_0p30,CDF_RUN_2:43,1.0407553911209106,0.3008892555044757,2.08436,1.3547648049275796
lambda1_start_expansion96_s364_cont120000,central_0p20_0p30,CDF_RUN_2:44,1.0254987478256226,0.3980090561043118,2.07474,1.4431062682292528
lambda1_start_expansion96_s364_cont120000,central_0p20_0p30,CDF_RUN_2:45,1.0127320289611816,0.4999999999999999,1.95146,1.4820960144805908
lambda1_start_expansion96_s364_cont120000,central_0p20_0p30,CDF_RUN_2:46,0.9940178394317627,0.6019909438956881,1.909664,1.5452285359066986
lambda1_start_expansion96_s364_cont120000,central_0p20_0p30,CDF_RUN_2:47,0.9639952182769775,0.6991107444955241,1.854624,1.5866433689365014
lambda1_start_expansion96_s364_cont120000,central_0p20_0p30,CDF_RUN_2:48,0.9203763008117676,0.7868488168527201,1.824972,1.6321563564480874
lambda1_start_expansion96_s364_cont120000,central_0p20_0p30,CDF_RUN_2:49,0.8635332584381104,0.8614156927186152,1.69753,1.5819511392957135
lambda1_start_expansion96_s364_cont120000,central_0p20_0p30,CDF_RUN_2:50,0.758702278137207,0.9408752472293116,1.6449,1.5925037787889151
lambda1_start_expansion96_s364_cont120000,central_0p20_0p30,CDF_RUN_2:51,0.6081020832061768,0.9920975764810804,1.42279,1.416351991045749
lambda1_start_expansion96_s364_cont120000,central_0p20_0p30,D0_RUN_1:14,1.2695918083190918,0.0206608071262849,2.589585,1.2968639330604204
lambda1_start_expansion96_s364_cont120000,central_0p20_0p30,D0_RUN_1:15,0.78046715259552,0.4999999999999999,1.790634,1.28555057629776
lambda1_start_expansion96_s364_cont120000,late_0p22_0p32,CDF_RUN_1:30,1.4656615257263184,0.0,2.72209,1.4656615257263184
lambda1_start_expansion96_s364_cont120000,late_0p22_0p32,CDF_RUN_1:31,1.1127798557281494,0.0,2.51472,1.1127798557281494
lambda1_start_expansion96_s364_cont120000,late_0p22_0p32,CDF_RUN_1:32,0.8475179672241211,0.0193207037777613,2.180565,0.8732733740662075
lambda1_start_expansion96_s364_cont120000,late_0p22_0p32,CDF_RUN_1:33,0.792657732963562,0.2102966915212009,1.75218,0.9944420911622471
lambda1_start_expansion96_s364_cont120000,late_0p22_0p32,CDF_RUN_1:34,0.6529684066772461,0.5852865232044726,1.478605,1.1362023778135057
lambda1_start_expansion96_s364_cont120000,late_0p22_0p32,CDF_RUN_1:35,0.39010047912597656,0.9023365088655396,1.20233,1.1230048293889727
lambda1_start_expansion96_s364_cont120000,late_0p22_0p32,CDF_RUN_2:36,1.8905420303344727,0.0,3.27554,1.8905420303344727
lambda1_start_expansion96_s364_cont120000,late_0p22_0p32,CDF_RUN_2:37,1.6912050247192383,0.0,2.91722,1.6912050247192383
lambda1_start_expansion96_s364_cont120000,late_0p22_0p32,CDF_RUN_2:38,1.5010533332824707,0.0,2.90854,1.5010533332824707
lambda1_start_expansion96_s364_cont120000,late_0p22_0p32,CDF_RUN_2:39,1.3372242450714111,0.0,2.8682,1.3372242450714111
lambda1_start_expansion96_s364_cont120000,late_0p22_0p32,CDF_RUN_2:40,1.2102634906768799,0.0003303151612864,2.4889,1.2106858437016836
lambda1_start_expansion96_s364_cont120000,late_0p22_0p32,CDF_RUN_2:41,1.1225683689117432,0.0050271675971199,2.31978,1.128586952430445
lambda1_start_expansion96_s364_cont120000,late_0p22_0p32,CDF_RUN_2:42,1.0692827701568604,0.0206005434885857,2.33764,1.0954116184293061
lambda1_start_expansion96_s364_cont120000,late_0p22_0p32,CDF_RUN_2:43,1.0407553911209106,0.0513247888893216,2.08436,1.094318177355553
lambda1_start_expansion96_s364_cont120000,late_0p22_0p32,CDF_RUN_2:44,1.0254987478256226,0.0990801434780254,2.07474,1.1294577216341228
lambda1_start_expansion96_s364_cont120000,late_0p22_0p32,CDF_RUN_2:45,1.0127320289611816,0.1637132978446752,1.95146,1.1664142808789875
lambda1_start_expansion96_s364_cont120000,late_0p22_0p32,CDF_RUN_2:46,0.9940178394317627,0.2433979518395934,1.909664,1.216884239523859
lambda1_start_expansion96_s364_cont120000,late_0p22_0p32,CDF_RUN_2:47,0.9639952182769775,0.3349953729225092,1.854624,1.2623517391458015
lambda1_start_expansion96_s364_cont120000,late_0p22_0p32,CDF_RUN_2:48,0.9203763008117676,0.4344149545116246,1.824972,1.3133462003260348
lambda1_start_expansion96_s364_cont120000,late_0p22_0p32,CDF_RUN_2:49,0.8635332584381104,0.5369747743326755,1.69753,1.3113684705324926
lambda1_start_expansion96_s364_cont120000,late_0p22_0p32,CDF_RUN_2:50,0.758702278137207,0.6848781819867951,1.6449,1.3656397627674361
lambda1_start_expansion96_s364_cont120000,late_0p22_0p32,CDF_RUN_2:51,0.6081020832061768,0.8499258195752324,1.42279,1.3005263785852057
lambda1_start_expansion96_s364_cont120000,late_0p22_0p32,D0_RUN_1:14,1.2695918083190918,2.671437209028174e-06,2.589585,1.2695953345980198
lambda1_start_expansion96_s364_cont120000,late_0p22_0p32,D0_RUN_1:15,0.78046715259552,0.2207503246456333,1.790634,1.003461812106315
lambda1_start_expansion96_s365_cont120000,early_0p18_0p28,CDF_RUN_1:30,1.4653080701828003,0.0892391852052237,2.72209,1.5774622655803359
lambda1_start_expansion96_s365_cont120000,early_0p18_0p28,CDF_RUN_1:31,1.1170878410339355,0.2263136792031131,2.51472,1.4333911171021358
lambda1_start_expansion96_s365_cont120000,early_0p18_0p28,CDF_RUN_1:32,0.854192852973938,0.5139631863662977,2.180565,1.5358993079669603
lambda1_start_expansion96_s365_cont120000,early_0p18_0p28,CDF_RUN_1:33,0.7929046154022217,0.8606209544870957,1.75218,1.6184771125107376
lambda1_start_expansion96_s365_cont120000,early_0p18_0p28,CDF_RUN_1:34,0.6525745391845703,0.9935104948187734,1.478605,1.4732444710446873
lambda1_start_expansion96_s365_cont120000,early_0p18_0p28,CDF_RUN_1:35,0.3918517827987671,1.0,1.20233,1.20233
lambda1_start_expansion96_s365_cont120000,early_0p18_0p28,CDF_RUN_2:36,1.878434181213379,0.0629515791727313,3.27554,1.9663841987774084
lambda1_start_expansion96_s365_cont120000,early_0p18_0p28,CDF_RUN_2:37,1.6752253770828247,0.1155267912377162,2.91722,1.8187090306029432
lambda1_start_expansion96_s365_cont120000,early_0p18_0p28,CDF_RUN_2:38,1.4836504459381104,0.1846215696118183,2.90854,1.7467157919325003
lambda1_start_expansion96_s365_cont120000,early_0p18_0p28,CDF_RUN_2:39,1.3206688165664673,0.2680057887944079,2.8682,1.735416132066515
lambda1_start_expansion96_s365_cont120000,early_0p18_0p28,CDF_RUN_2:40,1.1959846019744873,0.3622378472320013,2.4889,1.664327492408355
lambda1_start_expansion96_s365_cont120000,early_0p18_0p28,CDF_RUN_2:41,1.1110353469848633,0.4630252256673241,2.31978,1.6707146127213686
lambda1_start_expansion96_s365_cont120000,early_0p18_0p28,CDF_RUN_2:42,1.0602692365646362,0.5655850454883751,2.33764,1.7827310379077468
lambda1_start_expansion96_s365_cont120000,early_0p18_0p28,CDF_RUN_2:43,1.0337529182434082,0.6650046270774903,2.08436,1.732411488851921
lambda1_start_expansion96_s365_cont120000,early_0p18_0p28,CDF_RUN_2:44,1.0200550556182861,0.7566020481604062,2.07474,1.8180318447014348
lambda1_start_expansion96_s365_cont120000,early_0p18_0p28,CDF_RUN_2:45,1.0085822343826294,0.8362867021553243,1.95146,1.7970983715263609
lambda1_start_expansion96_s365_cont120000,early_0p18_0p28,CDF_RUN_2:46,0.9910323619842529,0.9009198565219744,1.909664,1.818645845501946
lambda1_start_expansion96_s365_cont120000,early_0p18_0p28,CDF_RUN_2:47,0.962043285369873,0.9486752111106782,1.854624,1.8088124832549288
lambda1_start_expansion96_s365_cont120000,early_0p18_0p28,CDF_RUN_2:48,0.9191876649856567,0.979399456511414,1.824972,1.8063123504152572
lambda1_start_expansion96_s365_cont120000,early_0p18_0p28,CDF_RUN_2:49,0.8626747131347656,0.99497283240288,1.69753,1.6933330425535869
lambda1_start_expansion96_s365_cont120000,early_0p18_0p28,CDF_RUN_2:50,0.7573075294494629,0.9998348419300568,1.6449,1.6447534069406677
lambda1_start_expansion96_s365_cont120000,early_0p18_0p28,CDF_RUN_2:51,0.6048777103424072,1.0,1.42279,1.42279
lambda1_start_expansion96_s365_cont120000,early_0p18_0p28,D0_RUN_1:14,1.269299030303955,0.1879104824806516,2.589585,1.5173946038819737
lambda1_start_expansion96_s365_cont120000,early_0p18_0p28,D0_RUN_1:15,0.7823394536972046,0.7792496753543665,1.790634,1.5680526515652362
lambda1_start_expansion96_s365_cont120000,central_0p20_0p30,CDF_RUN_1:30,1.4653080701828003,0.0012197116639461,2.72209,1.466840981761635
lambda1_start_expansion96_s365_cont120000,central_0p20_0p30,CDF_RUN_1:31,1.1170878410339355,0.0258850748744865,2.51472,1.1532656541157622
lambda1_start_expansion96_s365_cont120000,central_0p20_0p30,CDF_RUN_1:32,0.854192852973938,0.1831302917603498,2.180565,1.0970917712416224
lambda1_start_expansion96_s365_cont120000,central_0p20_0p30,CDF_RUN_1:33,0.7929046154022217,0.549777686123881,1.75218,1.3202928167019843
lambda1_start_expansion96_s365_cont120000,central_0p20_0p30,CDF_RUN_1:34,0.6525745391845703,0.8825037510074896,1.478605,1.3815495193006322
lambda1_start_expansion96_s365_cont120000,central_0p20_0p30,CDF_RUN_1:35,0.3918517827987671,0.9960358801988642,1.20233,1.1991171672508034
lambda1_start_expansion96_s365_cont120000,central_0p20_0p30,CDF_RUN_2:36,1.878434181213379,5.164127530589625e-05,3.27554,1.8785063295395985
lambda1_start_expansion96_s365_cont120000,central_0p20_0p30,CDF_RUN_2:37,1.6752253770828247,0.0023877817219835,2.91722,1.6781909891422282
lambda1_start_expansion96_s365_cont120000,central_0p20_0p30,CDF_RUN_2:38,1.4836504459381104,0.0134170653158552,2.90854,1.5027682821528385
lambda1_start_expansion96_s365_cont120000,central_0p20_0p30,CDF_RUN_2:39,1.3206688165664673,0.0383530844331178,2.8682,1.3800214107075763
lambda1_start_expansion96_s365_cont120000,central_0p20_0p30,CDF_RUN_2:40,1.1959846019744873,0.0798964211082592,2.4889,1.2992839150724862
lambda1_start_expansion96_s365_cont120000,central_0p20_0p30,CDF_RUN_2:41,1.1110353469848633,0.1385843072813845,2.31978,1.2785483874030437
lambda1_start_expansion96_s365_cont120000,central_0p20_0p30,CDF_RUN_2:42,1.0602692365646362,0.2131511831472797,2.33764,1.332542326108628
lambda1_start_expansion96_s365_cont120000,central_0p20_0p30,CDF_RUN_2:43,1.0337529182434082,0.3008892555044757,2.08436,1.3498693009008789
lambda1_start_expansion96_s365_cont120000,central_0p20_0p30,CDF_RUN_2:44,1.0200550556182861,0.3980090561043118,2.07474,1.4398292148190808
lambda1_start_expansion96_s365_cont120000,central_0p20_0p30,CDF_RUN_2:45,1.0085822343826294,0.4999999999999999,1.95146,1.4800211171913147
lambda1_start_expansion96_s365_cont120000,central_0p20_0p30,CDF_RUN_2:46,0.9910323619842529,0.6019909438956881,1.909664,1.5440402888457945
lambda1_start_expansion96_s365_cont120000,central_0p20_0p30,CDF_RUN_2:47,0.962043285369873,0.6991107444955241,1.854624,1.586056053297288
lambda1_start_expansion96_s365_cont120000,central_0p20_0p30,CDF_RUN_2:48,0.9191876649856567,0.7868488168527201,1.824972,1.6319029973154207
lambda1_start_expansion96_s365_cont120000,central_0p20_0p30,CDF_RUN_2:49,0.8626747131347656,0.8614156927186152,1.69753,1.5818321583895798
lambda1_start_expansion96_s365_cont120000,central_0p20_0p30,CDF_RUN_2:50,0.7573075294494629,0.9408752472293116,1.6449,1.592421314617575
lambda1_start_expansion96_s365_cont120000,central_0p20_0p30,CDF_RUN_2:51,0.6048777103424072,0.9920975764810804,1.42279,1.4163265106857965
lambda1_start_expansion96_s365_cont120000,central_0p20_0p30,D0_RUN_1:14,1.269299030303955,0.0206608071262849,2.589585,1.2965772040753851
lambda1_start_expansion96_s365_cont120000,central_0p20_0p30,D0_RUN_1:15,0.7823394536972046,0.4999999999999999,1.790634,1.2864867268486022
lambda1_start_expansion96_s365_cont120000,late_0p22_0p32,CDF_RUN_1:30,1.4653080701828003,0.0,2.72209,1.4653080701828003
lambda1_start_expansion96_s365_cont120000,late_0p22_0p32,CDF_RUN_1:31,1.1170878410339355,0.0,2.51472,1.1170878410339355
lambda1_start_expansion96_s365_cont120000,late_0p22_0p32,CDF_RUN_1:32,0.854192852973938,0.0193207037777613,2.180565,0.8798192963257018
lambda1_start_expansion96_s365_cont120000,late_0p22_0p32,CDF_RUN_1:33,0.7929046154022217,0.2102966915212009,1.75218,0.9946370550408621
lambda1_start_expansion96_s365_cont120000,late_0p22_0p32,CDF_RUN_1:34,0.6525745391845703,0.5852865232044726,1.478605,1.1360390356562213
lambda1_start_expansion96_s365_cont120000,late_0p22_0p32,CDF_RUN_1:35,0.3918517827987671,0.9023365088655396,1.20233,1.1231758678196941
lambda1_start_expansion96_s365_cont120000,late_0p22_0p32,CDF_RUN_2:36,1.878434181213379,0.0,3.27554,1.878434181213379
lambda1_start_expansion96_s365_cont120000,late_0p22_0p32,CDF_RUN_2:37,1.6752253770828247,0.0,2.91722,1.6752253770828247
lambda1_start_expansion96_s365_cont120000,late_0p22_0p32,CDF_RUN_2:38,1.4836504459381104,0.0,2.90854,1.4836504459381104
lambda1_start_expansion96_s365_cont120000,late_0p22_0p32,CDF_RUN_2:39,1.3206688165664673,0.0,2.8682,1.3206688165664673
lambda1_start_expansion96_s365_cont120000,late_0p22_0p32,CDF_RUN_2:40,1.1959846019744873,0.0003303151612864,2.4889,1.1964116715327158
lambda1_start_expansion96_s365_cont120000,late_0p22_0p32,CDF_RUN_2:41,1.1110353469848633,0.0050271675971199,2.31978,1.117111908937693
lambda1_start_expansion96_s365_cont120000,late_0p22_0p32,CDF_RUN_2:42,1.0602692365646362,0.0206005434885857,2.33764,1.0865837685278346
lambda1_start_expansion96_s365_cont120000,late_0p22_0p32,CDF_RUN_2:43,1.0337529182434082,0.0513247888893216,2.08436,1.0876751049201916
lambda1_start_expansion96_s365_cont120000,late_0p22_0p32,CDF_RUN_2:44,1.0200550556182861,0.0990801434780254,2.07474,1.1245533912317396
lambda1_start_expansion96_s365_cont120000,late_0p22_0p32,CDF_RUN_2:45,1.0085822343826294,0.1637132978446752,1.95146,1.1629438628562678
lambda1_start_expansion96_s365_cont120000,late_0p22_0p32,CDF_RUN_2:46,0.9910323619842529,0.2433979518395934,1.909664,1.2146254211723364
lambda1_start_expansion96_s365_cont120000,late_0p22_0p32,CDF_RUN_2:47,0.962043285369873,0.3349953729225092,1.854624,1.2610536947308322
lambda1_start_expansion96_s365_cont120000,late_0p22_0p32,CDF_RUN_2:48,0.9191876649856567,0.4344149545116246,1.824972,1.3126739256782547
lambda1_start_expansion96_s365_cont120000,late_0p22_0p32,CDF_RUN_2:49,0.8626747131347656,0.5369747743326755,1.69753,1.3109709423996658
lambda1_start_expansion96_s365_cont120000,late_0p22_0p32,CDF_RUN_2:50,0.7573075294494629,0.6848781819867951,1.6449,1.3652002470252826
lambda1_start_expansion96_s365_cont120000,late_0p22_0p32,CDF_RUN_2:51,0.6048777103424072,0.8499258195752324,1.42279,1.3000424834702917
lambda1_start_expansion96_s365_cont120000,late_0p22_0p32,D0_RUN_1:14,1.269299030303955,2.671437209028174e-06,2.589585,1.2693025573650212
lambda1_start_expansion96_s365_cont120000,late_0p22_0p32,D0_RUN_1:15,0.7823394536972046,0.2207503246456333,1.790634,1.0049208021319682
lambda1_start_expansion96_s366_cont120000,early_0p18_0p28,CDF_RUN_1:30,1.4791200160980225,0.0892391852052237,2.72209,1.590041644695985
lambda1_start_expansion96_s366_cont120000,early_0p18_0p28,CDF_RUN_1:31,1.1428550481796265,0.2263136792031131,2.51472,1.4533268527958967
lambda1_start_expansion96_s366_cont120000,early_0p18_0p28,CDF_RUN_1:32,0.8776490688323975,0.5139631863662977,2.180565,1.5472998923827102
lambda1_start_expansion96_s366_cont120000,early_0p18_0p28,CDF_RUN_1:33,0.7966587543487549,0.8606209544870957,1.75218,1.6190003608138281
lambda1_start_expansion96_s366_cont120000,early_0p18_0p28,CDF_RUN_1:34,0.6522451639175415,0.9935104948187734,1.478605,1.4732423335621851
lambda1_start_expansion96_s366_cont120000,early_0p18_0p28,CDF_RUN_1:35,0.39926356077194214,1.0,1.20233,1.20233
lambda1_start_expansion96_s366_cont120000,early_0p18_0p28,CDF_RUN_2:36,1.892794132232666,0.0629515791727313,3.27554,1.9798401682031883
lambda1_start_expansion96_s366_cont120000,early_0p18_0p28,CDF_RUN_2:37,1.695868730545044,0.1155267912377162,2.91722,1.8369675236792862
lambda1_start_expansion96_s366_cont120000,early_0p18_0p28,CDF_RUN_2:38,1.5101029872894287,0.1846215696118183,2.90854,1.7682846235793166
lambda1_start_expansion96_s366_cont120000,early_0p18_0p28,CDF_RUN_2:39,1.3507304191589355,0.2680057887944079,2.8682,1.7574210511437647
lambda1_start_expansion96_s366_cont120000,early_0p18_0p28,CDF_RUN_2:40,1.2266203165054321,0.3622378472320013,2.4889,1.6838657916591964
lambda1_start_expansion96_s366_cont120000,early_0p18_0p28,CDF_RUN_2:41,1.1392830610275269,0.4630252256673241,2.31978,1.6858829225948417
lambda1_start_expansion96_s366_cont120000,early_0p18_0p28,CDF_RUN_2:42,1.083910346031189,0.5655850454883751,2.33764,1.7930010894012638
lambda1_start_expansion96_s366_cont120000,early_0p18_0p28,CDF_RUN_2:43,1.0516334772109985,0.6650046270774903,2.08436,1.7384013933713318
lambda1_start_expansion96_s366_cont120000,early_0p18_0p28,CDF_RUN_2:44,1.0320765972137451,0.7566020481604062,2.07474,1.820957863303724
lambda1_start_expansion96_s366_cont120000,early_0p18_0p28,CDF_RUN_2:45,1.015471339225769,0.8362867021553243,1.95146,1.798226209599429
lambda1_start_expansion96_s366_cont120000,early_0p18_0p28,CDF_RUN_2:46,0.9940353631973267,0.9009198565219744,1.909664,1.8189433832930022
lambda1_start_expansion96_s366_cont120000,early_0p18_0p28,CDF_RUN_2:47,0.9626190662384033,0.9486752111106782,1.854624,1.8088420350864527
lambda1_start_expansion96_s366_cont120000,early_0p18_0p28,CDF_RUN_2:48,0.9187941551208496,0.979399456511414,1.824972,1.806304243898174
lambda1_start_expansion96_s366_cont120000,early_0p18_0p28,CDF_RUN_2:49,0.8625949621200562,0.99497283240288,1.69753,1.69333264163187
lambda1_start_expansion96_s366_cont120000,early_0p18_0p28,CDF_RUN_2:50,0.7595318555831909,0.9998348419300568,1.6449,1.644753774306079
lambda1_start_expansion96_s366_cont120000,early_0p18_0p28,CDF_RUN_2:51,0.6114101409912109,1.0,1.42279,1.42279
lambda1_start_expansion96_s366_cont120000,early_0p18_0p28,D0_RUN_1:14,1.2896952629089355,0.1879104824806516,2.589585,1.5339581705773648
lambda1_start_expansion96_s366_cont120000,early_0p18_0p28,D0_RUN_1:15,0.793832540512085,0.7792496753543665,1.790634,1.5705897542108016
lambda1_start_expansion96_s366_cont120000,central_0p20_0p30,CDF_RUN_1:30,1.4791200160980225,0.0012197116639461,2.72209,1.4806360810853225
lambda1_start_expansion96_s366_cont120000,central_0p20_0p30,CDF_RUN_1:31,1.1428550481796265,0.0258850748744865,2.51472,1.1783658751751804
lambda1_start_expansion96_s366_cont120000,central_0p20_0p30,CDF_RUN_1:32,0.8776490688323975,0.1831302917603498,2.180565,1.1162524434463283
lambda1_start_expansion96_s366_cont120000,central_0p20_0p30,CDF_RUN_1:33,0.7966587543487549,0.549777686123881,1.75218,1.321983013825105
lambda1_start_expansion96_s366_cont120000,central_0p20_0p30,CDF_RUN_1:34,0.6522451639175415,0.8825037510074896,1.478605,1.3815108189422454
lambda1_start_expansion96_s366_cont120000,central_0p20_0p30,CDF_RUN_1:35,0.39926356077194214,0.9960358801988642,1.20233,1.1991465484266284
lambda1_start_expansion96_s366_cont120000,central_0p20_0p30,CDF_RUN_2:36,1.892794132232666,5.164127530589625e-05,3.27554,1.8928655389927016
lambda1_start_expansion96_s366_cont120000,central_0p20_0p30,CDF_RUN_2:37,1.695868730545044,0.0023877817219835,2.91722,1.6987850507823699
lambda1_start_expansion96_s366_cont120000,central_0p20_0p30,CDF_RUN_2:38,1.5101029872894287,0.0134170653158552,2.90854,1.5288659080290758
lambda1_start_expansion96_s366_cont120000,central_0p20_0p30,CDF_RUN_2:39,1.3507304191589355,0.0383530844331178,2.8682,1.4089300581176207
lambda1_start_expansion96_s366_cont120000,central_0p20_0p30,CDF_RUN_2:40,1.2266203165054321,0.0798964211082592,2.4889,1.327471945654314
lambda1_start_expansion96_s366_cont120000,central_0p20_0p30,CDF_RUN_2:41,1.1392830610275269,0.1385843072813845,2.31978,1.3028814115628218
lambda1_start_expansion96_s366_cont120000,central_0p20_0p30,CDF_RUN_2:42,1.083910346031189,0.2131511831472797,2.33764,1.3511443051214707
lambda1_start_expansion96_s366_cont120000,central_0p20_0p30,CDF_RUN_2:43,1.0516334772109985,0.3008892555044757,2.08436,1.3623697917927071
lambda1_start_expansion96_s366_cont120000,central_0p20_0p30,CDF_RUN_2:44,1.0320765972137451,0.3980090561043118,2.07474,1.4470660739912122
lambda1_start_expansion96_s366_cont120000,central_0p20_0p30,CDF_RUN_2:45,1.015471339225769,0.4999999999999999,1.95146,1.4834656696128845
lambda1_start_expansion96_s366_cont120000,central_0p20_0p30,CDF_RUN_2:46,0.9940353631973267,0.6019909438956881,1.909664,1.54523551052409
lambda1_start_expansion96_s366_cont120000,central_0p20_0p30,CDF_RUN_2:47,0.9626190662384033,0.6991107444955241,1.854624,1.5862292995741538
lambda1_start_expansion96_s366_cont120000,central_0p20_0p30,CDF_RUN_2:48,0.9187941551208496,0.7868488168527201,1.824972,1.6318191202221568
lambda1_start_expansion96_s366_cont120000,central_0p20_0p30,CDF_RUN_2:49,0.8625949621200562,0.8614156927186152,1.69753,1.5818211061504512
lambda1_start_expansion96_s366_cont120000,central_0p20_0p30,CDF_RUN_2:50,0.7595318555831909,0.9408752472293116,1.6449,1.5925528273503131
lambda1_start_expansion96_s366_cont120000,central_0p20_0p30,CDF_RUN_2:51,0.6114101409912109,0.9920975764810804,1.42279,1.4163781327193912
lambda1_start_expansion96_s366_cont120000,central_0p20_0p30,D0_RUN_1:14,1.2896952629089355,0.0206608071262849,2.589585,1.3165520340524113
lambda1_start_expansion96_s366_cont120000,central_0p20_0p30,D0_RUN_1:15,0.793832540512085,0.4999999999999999,1.790634,1.2922332702560424
lambda1_start_expansion96_s366_cont120000,late_0p22_0p32,CDF_RUN_1:30,1.4791200160980225,0.0,2.72209,1.4791200160980225
lambda1_start_expansion96_s366_cont120000,late_0p22_0p32,CDF_RUN_1:31,1.1428550481796265,0.0,2.51472,1.1428550481796265
lambda1_start_expansion96_s366_cont120000,late_0p22_0p32,CDF_RUN_1:32,0.8776490688323975,0.0193207037777613,2.180565,0.9028223215858128
lambda1_start_expansion96_s366_cont120000,late_0p22_0p32,CDF_RUN_1:33,0.7966587543487549,0.2102966915212009,1.75218,0.9976017109874284
lambda1_start_expansion96_s366_cont120000,late_0p22_0p32,CDF_RUN_1:34,0.6522451639175415,0.5852865232044726,1.478605,1.1359024392940615
lambda1_start_expansion96_s366_cont120000,late_0p22_0p32,CDF_RUN_1:35,0.39926356077194214,0.9023365088655396,1.20233,1.123899727932068
lambda1_start_expansion96_s366_cont120000,late_0p22_0p32,CDF_RUN_2:36,1.892794132232666,0.0,3.27554,1.892794132232666
lambda1_start_expansion96_s366_cont120000,late_0p22_0p32,CDF_RUN_2:37,1.695868730545044,0.0,2.91722,1.695868730545044
lambda1_start_expansion96_s366_cont120000,late_0p22_0p32,CDF_RUN_2:38,1.5101029872894287,0.0,2.90854,1.5101029872894287
lambda1_start_expansion96_s366_cont120000,late_0p22_0p32,CDF_RUN_2:39,1.3507304191589355,0.0,2.8682,1.3507304191589355
lambda1_start_expansion96_s366_cont120000,late_0p22_0p32,CDF_RUN_2:40,1.2266203165054321,0.0003303151612864,2.4889,1.227037266622674
lambda1_start_expansion96_s366_cont120000,late_0p22_0p32,CDF_RUN_2:41,1.1392830610275269,0.0050271675971199,2.31978,1.1452176169876287
lambda1_start_expansion96_s366_cont120000,late_0p22_0p32,CDF_RUN_2:42,1.083910346031189,0.0206005434885857,2.33764,1.1097378582907031
lambda1_start_expansion96_s366_cont120000,late_0p22_0p32,CDF_RUN_2:43,1.0516334772109985,0.0513247888893216,2.08436,1.1046379479735473
lambda1_start_expansion96_s366_cont120000,late_0p22_0p32,CDF_RUN_2:44,1.0320765972137451,0.0990801434780254,2.07474,1.1353838367610933
lambda1_start_expansion96_s366_cont120000,late_0p22_0p32,CDF_RUN_2:45,1.015471339225769,0.1637132978446752,1.95146,1.1687051296263393
lambda1_start_expansion96_s366_cont120000,late_0p22_0p32,CDF_RUN_2:46,0.9940353631973267,0.2433979518395934,1.909664,1.2168974980407763
lambda1_start_expansion96_s366_cont120000,late_0p22_0p32,CDF_RUN_2:47,0.9626190662384033,0.3349953729225092,1.854624,1.2614365916725876
lambda1_start_expansion96_s366_cont120000,late_0p22_0p32,CDF_RUN_2:48,0.9187941551208496,0.4344149545116246,1.824972,1.3124513623834677
lambda1_start_expansion96_s366_cont120000,late_0p22_0p32,CDF_RUN_2:49,0.8625949621200562,0.5369747743326755,1.69753,1.3109340156680829
lambda1_start_expansion96_s366_cont120000,late_0p22_0p32,CDF_RUN_2:50,0.7595318555831909,0.6848781819867951,1.6449,1.3659011807203973
lambda1_start_expansion96_s366_cont120000,late_0p22_0p32,CDF_RUN_2:51,0.6114101409912109,0.8499258195752324,1.42279,1.3010228326460926
lambda1_start_expansion96_s366_cont120000,late_0p22_0p32,D0_RUN_1:14,1.2896952629089355,2.671437209028174e-06,2.589585,1.289698735482747
lambda1_start_expansion96_s366_cont120000,late_0p22_0p32,D0_RUN_1:15,0.793832540512085,0.2207503246456333,1.790634,1.0138767863012834
lambda1_start_expansion96_s367_cont120000,early_0p18_0p28,CDF_RUN_1:30,1.462317705154419,0.0892391852052237,2.72209,1.5747387582905534
lambda1_start_expansion96_s367_cont120000,early_0p18_0p28,CDF_RUN_1:31,1.1099649667739868,0.2263136792031131,2.51472,1.4278802467224572
lambda1_start_expansion96_s367_cont120000,early_0p18_0p28,CDF_RUN_1:32,0.8465275764465332,0.5139631863662977,2.180565,1.5321737013879593
lambda1_start_expansion96_s367_cont120000,early_0p18_0p28,CDF_RUN_1:33,0.7918068170547485,0.8606209544870957,1.75218,1.618324102424901
lambda1_start_expansion96_s367_cont120000,early_0p18_0p28,CDF_RUN_1:34,0.652678370475769,0.9935104948187734,1.478605,1.4732451448583894
lambda1_start_expansion96_s367_cont120000,early_0p18_0p28,CDF_RUN_1:35,0.38955986499786377,1.0,1.20233,1.20233
lambda1_start_expansion96_s367_cont120000,early_0p18_0p28,CDF_RUN_2:36,1.8808821439743042,0.0629515791727313,3.27554,1.9686780584167773
lambda1_start_expansion96_s367_cont120000,early_0p18_0p28,CDF_RUN_2:37,1.6845483779907227,0.1155267912377162,2.91722,1.8269549751312453
lambda1_start_expansion96_s367_cont120000,early_0p18_0p28,CDF_RUN_2:38,1.4982850551605225,0.1846215696118183,2.90854,1.758648536629615
lambda1_start_expansion96_s367_cont120000,early_0p18_0p28,CDF_RUN_2:39,1.3379993438720703,0.2680057887944079,2.8682,1.7481019777313567
lambda1_start_expansion96_s367_cont120000,early_0p18_0p28,CDF_RUN_2:40,1.2132350206375122,0.3622378472320013,2.4889,1.6753291565510353
lambda1_start_expansion96_s367_cont120000,early_0p18_0p28,CDF_RUN_2:41,1.1259509325027466,0.4630252256673241,2.31978,1.6787239058888734
lambda1_start_expansion96_s367_cont120000,early_0p18_0p28,CDF_RUN_2:42,1.071459174156189,0.5655850454883751,2.33764,1.7875921141375692
lambda1_start_expansion96_s367_cont120000,early_0p18_0p28,CDF_RUN_2:43,1.0407336950302124,0.6650046270774903,2.08436,1.7347500167749053
lambda1_start_expansion96_s367_cont120000,early_0p18_0p28,CDF_RUN_2:44,1.023069143295288,0.7566020481604062,2.07474,1.818765467468682
lambda1_start_expansion96_s367_cont120000,early_0p18_0p28,CDF_RUN_2:45,1.0083383321762085,0.8362867021553243,1.95146,1.7970584414917963
lambda1_start_expansion96_s367_cont120000,early_0p18_0p28,CDF_RUN_2:46,0.9885004758834839,0.9009198565219744,1.909664,1.818394985863812
lambda1_start_expansion96_s367_cont120000,early_0p18_0p28,CDF_RUN_2:47,0.9582743644714355,0.9486752111106782,1.854624,1.808619044185476
lambda1_start_expansion96_s367_cont120000,early_0p18_0p28,CDF_RUN_2:48,0.9152021408081055,0.979399456511414,1.824972,1.8062302464511126
lambda1_start_expansion96_s367_cont120000,early_0p18_0p28,CDF_RUN_2:49,0.8593848943710327,0.99497283240288,1.69753,1.6933165040832974
lambda1_start_expansion96_s367_cont120000,early_0p18_0p28,CDF_RUN_2:50,0.7563695907592773,0.9998348419300568,1.6449,1.6447532520325239
lambda1_start_expansion96_s367_cont120000,early_0p18_0p28,CDF_RUN_2:51,0.6078221797943115,1.0,1.42279,1.42279
lambda1_start_expansion96_s367_cont120000,early_0p18_0p28,D0_RUN_1:14,1.2660516500473022,0.1879104824806516,2.589585,1.514757440416147
lambda1_start_expansion96_s367_cont120000,early_0p18_0p28,D0_RUN_1:15,0.7796201705932617,0.7792496753543665,1.790634,1.5674523689372375
lambda1_start_expansion96_s367_cont120000,central_0p20_0p30,CDF_RUN_1:30,1.462317705154419,0.0012197116639461,2.72209,1.4638542641163583
lambda1_start_expansion96_s367_cont120000,central_0p20_0p30,CDF_RUN_1:31,1.1099649667739868,0.0258850748744865,2.51472,1.1463271559893538
lambda1_start_expansion96_s367_cont120000,central_0p20_0p30,CDF_RUN_1:32,0.8465275764465332,0.1831302917603498,2.180565,1.090830239041105
lambda1_start_expansion96_s367_cont120000,central_0p20_0p30,CDF_RUN_1:33,0.7918068170547485,0.549777686123881,1.75218,1.3197985633898157
lambda1_start_expansion96_s367_cont120000,central_0p20_0p30,CDF_RUN_1:34,0.652678370475769,0.8825037510074896,1.478605,1.381561719087876
lambda1_start_expansion96_s367_cont120000,central_0p20_0p30,CDF_RUN_1:35,0.38955986499786377,0.9960358801988642,1.20233,1.1991080818140663
lambda1_start_expansion96_s367_cont120000,central_0p20_0p30,CDF_RUN_2:36,1.8808821439743042,5.164127530589625e-05,3.27554,1.880954165884605
lambda1_start_expansion96_s367_cont120000,central_0p20_0p30,CDF_RUN_2:37,1.6845483779907227,0.0023877817219835,2.91722,1.6874917287589641
lambda1_start_expansion96_s367_cont120000,central_0p20_0p30,CDF_RUN_2:38,1.4982850551605225,0.0134170653158552,2.90854,1.5172065378674415
lambda1_start_expansion96_s367_cont120000,central_0p20_0p30,CDF_RUN_2:39,1.3379993438720703,0.0383530844331178,2.8682,1.396687258836157
lambda1_start_expansion96_s367_cont120000,central_0p20_0p30,CDF_RUN_2:40,1.2132350206375122,0.0798964211082592,2.4889,1.3151560870217165
lambda1_start_expansion96_s367_cont120000,central_0p20_0p30,CDF_RUN_2:41,1.1259509325027466,0.1385843072813845,2.31978,1.2913969068342346
lambda1_start_expansion96_s367_cont120000,central_0p20_0p30,CDF_RUN_2:42,1.071459174156189,0.2131511831472797,2.33764,1.341347115263197
lambda1_start_expansion96_s367_cont120000,central_0p20_0p30,CDF_RUN_2:43,1.0407336950302124,0.3008892555044757,2.08436,1.3547496369574588
lambda1_start_expansion96_s367_cont120000,central_0p20_0p30,CDF_RUN_2:44,1.023069143295288,0.3980090561043118,2.07474,1.4416436683047436
lambda1_start_expansion96_s367_cont120000,central_0p20_0p30,CDF_RUN_2:45,1.0083383321762085,0.4999999999999999,1.95146,1.4798991660881042
lambda1_start_expansion96_s367_cont120000,central_0p20_0p30,CDF_RUN_2:46,0.9885004758834839,0.6019909438956881,1.909664,1.5430325752486638
lambda1_start_expansion96_s367_cont120000,central_0p20_0p30,CDF_RUN_2:47,0.9582743644714355,0.6991107444955241,1.854624,1.5849220254941019
lambda1_start_expansion96_s367_cont120000,central_0p20_0p30,CDF_RUN_2:48,0.9152021408081055,0.7868488168527201,1.824972,1.6310534781215136
lambda1_start_expansion96_s367_cont120000,central_0p20_0p30,CDF_RUN_2:49,0.8593848943710327,0.8614156927186152,1.69753,1.5813762411351266
lambda1_start_expansion96_s367_cont120000,central_0p20_0p30,CDF_RUN_2:50,0.7563695907592773,0.9408752472293116,1.6449,1.5923658592244039
lambda1_start_expansion96_s367_cont120000,central_0p20_0p30,CDF_RUN_2:51,0.6078221797943115,0.9920975764810804,1.42279,1.416349779130444
lambda1_start_expansion96_s367_cont120000,central_0p20_0p30,D0_RUN_1:14,1.2660516500473022,0.0206608071262849,2.589585,1.2933969173158808
lambda1_start_expansion96_s367_cont120000,central_0p20_0p30,D0_RUN_1:15,0.7796201705932617,0.4999999999999999,1.790634,1.2851270852966308
lambda1_start_expansion96_s367_cont120000,late_0p22_0p32,CDF_RUN_1:30,1.462317705154419,0.0,2.72209,1.462317705154419
lambda1_start_expansion96_s367_cont120000,late_0p22_0p32,CDF_RUN_1:31,1.1099649667739868,0.0,2.51472,1.1099649667739868
lambda1_start_expansion96_s367_cont120000,late_0p22_0p32,CDF_RUN_1:32,0.8465275764465332,0.0193207037777613,2.180565,0.8723021183354577
lambda1_start_expansion96_s367_cont120000,late_0p22_0p32,CDF_RUN_1:33,0.7918068170547485,0.2102966915212009,1.75218,0.99377012005382
lambda1_start_expansion96_s367_cont120000,late_0p22_0p32,CDF_RUN_1:34,0.652678370475769,0.5852865232044726,1.478605,1.1360820958919946
lambda1_start_expansion96_s367_cont120000,late_0p22_0p32,CDF_RUN_1:35,0.38955986499786377,0.9023365088655396,1.20233,1.1229520311258647
lambda1_start_expansion96_s367_cont120000,late_0p22_0p32,CDF_RUN_2:36,1.8808821439743042,0.0,3.27554,1.8808821439743042
lambda1_start_expansion96_s367_cont120000,late_0p22_0p32,CDF_RUN_2:37,1.6845483779907227,0.0,2.91722,1.6845483779907227
lambda1_start_expansion96_s367_cont120000,late_0p22_0p32,CDF_RUN_2:38,1.4982850551605225,0.0,2.90854,1.4982850551605225
lambda1_start_expansion96_s367_cont120000,late_0p22_0p32,CDF_RUN_2:39,1.3379993438720703,0.0,2.8682,1.3379993438720703
lambda1_start_expansion96_s367_cont120000,late_0p22_0p32,CDF_RUN_2:40,1.2132350206375122,0.0003303151612864,2.4889,1.2136563921209178
lambda1_start_expansion96_s367_cont120000,late_0p22_0p32,CDF_RUN_2:41,1.1259509325027466,0.0050271675971199,2.31978,1.1319525113073685
lambda1_start_expansion96_s367_cont120000,late_0p22_0p32,CDF_RUN_2:42,1.071459174156189,0.0206005434885857,2.33764,1.0975431873233978
lambda1_start_expansion96_s367_cont120000,late_0p22_0p32,CDF_RUN_2:43,1.0407336950302124,0.0513247888893216,2.08436,1.0942975948121296
lambda1_start_expansion96_s367_cont120000,late_0p22_0p32,CDF_RUN_2:44,1.023069143295288,0.0990801434780254,2.07474,1.1272688426692488
lambda1_start_expansion96_s367_cont120000,late_0p22_0p32,CDF_RUN_2:45,1.0083383321762085,0.1637132978446752,1.95146,1.1627398906844117
lambda1_start_expansion96_s367_cont120000,late_0p22_0p32,CDF_RUN_2:46,0.9885004758834839,0.2433979518395934,1.909664,1.2127097909627857
lambda1_start_expansion96_s367_cont120000,late_0p22_0p32,CDF_RUN_2:47,0.9582743644714355,0.3349953729225092,1.854624,1.258547344894282
lambda1_start_expansion96_s367_cont120000,late_0p22_0p32,CDF_RUN_2:48,0.9152021408081055,0.4344149545116246,1.824972,1.3104197728049995
lambda1_start_expansion96_s367_cont120000,late_0p22_0p32,CDF_RUN_2:49,0.8593848943710327,0.5369747743326755,1.69753,1.3094476733241838
lambda1_start_expansion96_s367_cont120000,late_0p22_0p32,CDF_RUN_2:50,0.7563695907592773,0.6848781819867951,1.6449,1.3649046820800466
lambda1_start_expansion96_s367_cont120000,late_0p22_0p32,CDF_RUN_2:51,0.6078221797943115,0.8499258195752324,1.42279,1.300484372310072
lambda1_start_expansion96_s367_cont120000,late_0p22_0p32,D0_RUN_1:14,1.2660516500473022,2.671437209028174e-06,2.589585,1.2660551857835407
lambda1_start_expansion96_s367_cont120000,late_0p22_0p32,D0_RUN_1:15,0.7796201705932617,0.2207503246456333,1.790634,1.002801801656024
lambda1_start_expansion96_s368_cont120000,early_0p18_0p28,CDF_RUN_1:30,1.4858031272888184,0.0892391852052237,2.72209,1.5961283604894783
lambda1_start_expansion96_s368_cont120000,early_0p18_0p28,CDF_RUN_1:31,1.1399223804473877,0.2263136792031131,2.51472,1.4510578878880214
lambda1_start_expansion96_s368_cont120000,early_0p18_0p28,CDF_RUN_1:32,0.8724249601364136,0.5139631863662977,2.180565,1.5447607832380381
lambda1_start_expansion96_s368_cont120000,early_0p18_0p28,CDF_RUN_1:33,0.799670934677124,0.8606209544870957,1.75218,1.619420195632909
lambda1_start_expansion96_s368_cont120000,early_0p18_0p28,CDF_RUN_1:34,0.6532880067825317,0.9935104948187734,1.478605,1.4732491010963609
lambda1_start_expansion96_s368_cont120000,early_0p18_0p28,CDF_RUN_1:35,0.39829039573669434,1.0,1.20233,1.20233
lambda1_start_expansion96_s368_cont120000,early_0p18_0p28,CDF_RUN_2:36,1.8879913091659546,0.0629515791727313,3.27554,1.9753396904330136
lambda1_start_expansion96_s368_cont120000,early_0p18_0p28,CDF_RUN_2:37,1.6839165687561035,0.1155267912377162,2.91722,1.826396156790176
lambda1_start_expansion96_s368_cont120000,early_0p18_0p28,CDF_RUN_2:38,1.4886581897735596,0.1846215696118183,2.90854,1.750798998240835
lambda1_start_expansion96_s368_cont120000,early_0p18_0p28,CDF_RUN_2:39,1.3211098909378052,0.2680057887944079,2.8682,1.7357389959530454
lambda1_start_expansion96_s368_cont120000,early_0p18_0p28,CDF_RUN_2:40,1.192855954170227,0.3622378472320013,2.4889,1.6623321592494573
lambda1_start_expansion96_s368_cont120000,early_0p18_0p28,CDF_RUN_2:41,1.106430172920227,0.4630252256673241,2.31978,1.6682417504172475
lambda1_start_expansion96_s368_cont120000,early_0p18_0p28,CDF_RUN_2:42,1.056356430053711,0.5655850454883751,2.33764,1.7810312562452904
lambda1_start_expansion96_s368_cont120000,early_0p18_0p28,CDF_RUN_2:43,1.0319746732711792,0.6650046270774903,2.08436,1.7318157850143014
lambda1_start_expansion96_s368_cont120000,early_0p18_0p28,CDF_RUN_2:44,1.0207734107971191,0.7566020481604062,2.07474,1.8182066908806562
lambda1_start_expansion96_s368_cont120000,early_0p18_0p28,CDF_RUN_2:45,1.0112321376800537,0.8362867021553243,1.95146,1.797532195934152
lambda1_start_expansion96_s368_cont120000,early_0p18_0p28,CDF_RUN_2:46,0.9945714473724365,0.9009198565219744,1.909664,1.8189964985899885
lambda1_start_expansion96_s368_cont120000,early_0p18_0p28,CDF_RUN_2:47,0.965437650680542,0.9486752111106782,1.854624,1.8089866983379121
lambda1_start_expansion96_s368_cont120000,early_0p18_0p28,CDF_RUN_2:48,0.921761155128479,0.979399456511414,1.824972,1.8063653657108618
lambda1_start_expansion96_s368_cont120000,early_0p18_0p28,CDF_RUN_2:49,0.8642199039459229,0.99497283240288,1.69753,1.693340810486764
lambda1_start_expansion96_s368_cont120000,early_0p18_0p28,CDF_RUN_2:50,0.7577025890350342,0.9998348419300568,1.6449,1.6447534721879464
lambda1_start_expansion96_s368_cont120000,early_0p18_0p28,CDF_RUN_2:51,0.6047153472900391,1.0,1.42279,1.42279
lambda1_start_expansion96_s368_cont120000,early_0p18_0p28,D0_RUN_1:14,1.2876551151275635,0.1879104824806516,2.589585,1.5323013879499223
lambda1_start_expansion96_s368_cont120000,early_0p18_0p28,D0_RUN_1:15,0.7900880575180054,0.7792496753543665,1.790634,1.5697631583742284
lambda1_start_expansion96_s368_cont120000,central_0p20_0p30,CDF_RUN_1:30,1.4858031272888184,0.0012197116639461,2.72209,1.4873110408074477
lambda1_start_expansion96_s368_cont120000,central_0p20_0p30,CDF_RUN_1:31,1.1399223804473877,0.0258850748744865,2.51472,1.1755091197667726
lambda1_start_expansion96_s368_cont120000,central_0p20_0p30,CDF_RUN_1:32,0.8724249601364136,0.1831302917603498,2.180565,1.1119850273000278
lambda1_start_expansion96_s368_cont120000,central_0p20_0p30,CDF_RUN_1:33,0.799670934677124,0.549777686123881,1.75218,1.3233391646223556
lambda1_start_expansion96_s368_cont120000,central_0p20_0p30,CDF_RUN_1:34,0.6532880067825317,0.8825037510074896,1.478605,1.3816333490671704
lambda1_start_expansion96_s368_cont120000,central_0p20_0p30,CDF_RUN_1:35,0.39829039573669434,0.9960358801988642,1.20233,1.1991426906838425
lambda1_start_expansion96_s368_cont120000,central_0p20_0p30,CDF_RUN_2:36,1.8879913091659546,5.164127530589625e-05,3.27554,1.8880629639498985
lambda1_start_expansion96_s368_cont120000,central_0p20_0p30,CDF_RUN_2:37,1.6839165687561035,0.0023877817219835,2.91722,1.6868614281468872
lambda1_start_expansion96_s368_cont120000,central_0p20_0p30,CDF_RUN_2:38,1.4886581897735596,0.0134170653158552,2.90854,1.5077088367621625
lambda1_start_expansion96_s368_cont120000,central_0p20_0p30,CDF_RUN_2:39,1.3211098909378052,0.0383530844331178,2.8682,1.380445568516309
lambda1_start_expansion96_s368_cont120000,central_0p20_0p30,CDF_RUN_2:40,1.192855954170227,0.0798964211082592,2.4889,1.2964052350306945
lambda1_start_expansion96_s368_cont120000,central_0p20_0p30,CDF_RUN_2:41,1.106430172920227,0.1385843072813845,2.31978,1.274581418196065
lambda1_start_expansion96_s368_cont120000,central_0p20_0p30,CDF_RUN_2:42,1.056356430053711,0.2131511831472797,2.33764,1.3294635389349327
lambda1_start_expansion96_s368_cont120000,central_0p20_0p30,CDF_RUN_2:43,1.0319746732711792,0.3008892555044757,2.08436,1.3486261107344486
lambda1_start_expansion96_s368_cont120000,central_0p20_0p30,CDF_RUN_2:44,1.0207734107971191,0.3980090561043118,2.07474,1.4402616581312386
lambda1_start_expansion96_s368_cont120000,central_0p20_0p30,CDF_RUN_2:45,1.0112321376800537,0.4999999999999999,1.95146,1.4813460688400268
lambda1_start_expansion96_s368_cont120000,central_0p20_0p30,CDF_RUN_2:46,0.9945714473724365,0.6019909438956881,1.909664,1.545448876880618
lambda1_start_expansion96_s368_cont120000,central_0p20_0p30,CDF_RUN_2:47,0.965437650680542,0.6991107444955241,1.854624,1.5870773813485255
lambda1_start_expansion96_s368_cont120000,central_0p20_0p30,CDF_RUN_2:48,0.921761155128479,0.7868488168527201,1.824972,1.632451539784181
lambda1_start_expansion96_s368_cont120000,central_0p20_0p30,CDF_RUN_2:49,0.8642199039459229,0.8614156927186152,1.69753,1.5820462975877616
lambda1_start_expansion96_s368_cont120000,central_0p20_0p30,CDF_RUN_2:50,0.7577025890350342,0.9408752472293116,1.6449,1.5924446724179018
lambda1_start_expansion96_s368_cont120000,central_0p20_0p30,CDF_RUN_2:51,0.6047153472900391,0.9920975764810804,1.42279,1.4163252276241929
lambda1_start_expansion96_s368_cont120000,central_0p20_0p30,D0_RUN_1:14,1.2876551151275635,0.0206608071262849,2.589585,1.3145540373708593
lambda1_start_expansion96_s368_cont120000,central_0p20_0p30,D0_RUN_1:15,0.7900880575180054,0.4999999999999999,1.790634,1.2903610287590026
lambda1_start_expansion96_s368_cont120000,late_0p22_0p32,CDF_RUN_1:30,1.4858031272888184,0.0,2.72209,1.4858031272888184
lambda1_start_expansion96_s368_cont120000,late_0p22_0p32,CDF_RUN_1:31,1.1399223804473877,0.0,2.51472,1.1399223804473877
lambda1_start_expansion96_s368_cont120000,late_0p22_0p32,CDF_RUN_1:32,0.8724249601364136,0.0193207037777613,2.180565,0.8976991463464469
lambda1_start_expansion96_s368_cont120000,late_0p22_0p32,CDF_RUN_1:33,0.799670934677124,0.2102966915212009,1.75218,0.9999804397584764
lambda1_start_expansion96_s368_cont120000,late_0p22_0p32,CDF_RUN_1:34,0.6532880067825317,0.5852865232044726,1.478605,1.136334920284353
lambda1_start_expansion96_s368_cont120000,late_0p22_0p32,CDF_RUN_1:35,0.39829039573669434,0.9023365088655396,1.20233,1.1238046852372756
lambda1_start_expansion96_s368_cont120000,late_0p22_0p32,CDF_RUN_2:36,1.8879913091659546,0.0,3.27554,1.8879913091659546
lambda1_start_expansion96_s368_cont120000,late_0p22_0p32,CDF_RUN_2:37,1.6839165687561035,0.0,2.91722,1.6839165687561035
lambda1_start_expansion96_s368_cont120000,late_0p22_0p32,CDF_RUN_2:38,1.4886581897735596,0.0,2.90854,1.4886581897735596
lambda1_start_expansion96_s368_cont120000,late_0p22_0p32,CDF_RUN_2:39,1.3211098909378052,0.0,2.8682,1.3211098909378052
lambda1_start_expansion96_s368_cont120000,late_0p22_0p32,CDF_RUN_2:40,1.192855954170227,0.0003303151612864,2.4889,1.1932840571682595
lambda1_start_expansion96_s368_cont120000,late_0p22_0p32,CDF_RUN_2:41,1.106430172920227,0.0050271675971199,2.31978,1.1125298858548938
lambda1_start_expansion96_s368_cont120000,late_0p22_0p32,CDF_RUN_2:42,1.056356430053711,0.0206005434885857,2.33764,1.0827515679575999
lambda1_start_expansion96_s368_cont120000,late_0p22_0p32,CDF_RUN_2:43,1.0319746732711792,0.0513247888893216,2.08436,1.0859881279957557
lambda1_start_expansion96_s368_cont120000,late_0p22_0p32,CDF_RUN_2:44,1.0207734107971191,0.0990801434780254,2.07474,1.1252005716763855
lambda1_start_expansion96_s368_cont120000,late_0p22_0p32,CDF_RUN_2:45,1.0112321376800537,0.1637132978446752,1.95146,1.1651599417459013
lambda1_start_expansion96_s368_cont120000,late_0p22_0p32,CDF_RUN_2:46,0.9945714473724365,0.2433979518395934,1.909664,1.2173031004256507
lambda1_start_expansion96_s368_cont120000,late_0p22_0p32,CDF_RUN_2:47,0.965437650680542,0.3349953729225092,1.854624,1.2633109633684183
lambda1_start_expansion96_s368_cont120000,late_0p22_0p32,CDF_RUN_2:48,0.921761155128479,0.4344149545116246,1.824972,1.3141294532177468
lambda1_start_expansion96_s368_cont120000,late_0p22_0p32,CDF_RUN_2:49,0.8642199039459229,0.5369747743326755,1.69753,1.3116864047237011
lambda1_start_expansion96_s368_cont120000,late_0p22_0p32,CDF_RUN_2:50,0.7577025890350342,0.6848781819867951,1.6449,1.3653247389201115
lambda1_start_expansion96_s368_cont120000,late_0p22_0p32,CDF_RUN_2:51,0.6047153472900391,0.8499258195752324,1.42279,1.3000181169682763
lambda1_start_expansion96_s368_cont120000,late_0p22_0p32,D0_RUN_1:14,1.2876551151275635,2.671437209028174e-06,2.589585,1.2876585931515014
lambda1_start_expansion96_s368_cont120000,late_0p22_0p32,D0_RUN_1:15,0.7900880575180054,0.2207503246456333,1.790634,1.0109588991437768
lambda1_start_expansion96_s369_cont120000,early_0p18_0p28,CDF_RUN_1:30,1.4592766761779785,0.0892391852052237,2.72209,1.571969108262156
lambda1_start_expansion96_s369_cont120000,early_0p18_0p28,CDF_RUN_1:31,1.1132631301879883,0.2263136792031131,2.51472,1.430431990639623
lambda1_start_expansion96_s369_cont120000,early_0p18_0p28,CDF_RUN_1:32,0.8504780530929565,0.5139631863662977,2.180565,1.5340937784695212
lambda1_start_expansion96_s369_cont120000,early_0p18_0p28,CDF_RUN_1:33,0.7899144887924194,0.8606209544870957,1.75218,1.6180603515179006
lambda1_start_expansion96_s369_cont120000,early_0p18_0p28,CDF_RUN_1:34,0.6521151065826416,0.9935104948187734,1.478605,1.4732414895544366
lambda1_start_expansion96_s369_cont120000,early_0p18_0p28,CDF_RUN_1:35,0.39058756828308105,1.0,1.20233,1.20233
lambda1_start_expansion96_s369_cont120000,early_0p18_0p28,CDF_RUN_2:36,1.8796637058258057,0.0629515791727313,3.27554,1.9675363228738512
lambda1_start_expansion96_s369_cont120000,early_0p18_0p28,CDF_RUN_2:37,1.679410696029663,0.1155267912377162,2.91722,1.822410833081547
lambda1_start_expansion96_s369_cont120000,early_0p18_0p28,CDF_RUN_2:38,1.4903607368469238,0.1846215696118183,2.90854,1.7521872184011766
lambda1_start_expansion96_s369_cont120000,early_0p18_0p28,CDF_RUN_2:39,1.3286887407302856,0.2680057887944079,2.8682,1.7412866701287377
lambda1_start_expansion96_s369_cont120000,early_0p18_0p28,CDF_RUN_2:40,1.2038726806640625,0.3622378472320013,2.4889,1.669358210454622
lambda1_start_expansion96_s369_cont120000,early_0p18_0p28,CDF_RUN_2:41,1.1176131963729858,0.4630252256673241,2.31978,1.67424675191215
lambda1_start_expansion96_s369_cont120000,early_0p18_0p28,CDF_RUN_2:42,1.064907193183899,0.5655850454883751,2.33764,1.7847458356215307
lambda1_start_expansion96_s369_cont120000,early_0p18_0p28,CDF_RUN_2:43,1.0364084243774414,0.6650046270774903,2.08436,1.7333010711195893
lambda1_start_expansion96_s369_cont120000,early_0p18_0p28,CDF_RUN_2:44,1.0211149454116821,0.7566020481604062,2.07474,1.818289819706323
lambda1_start_expansion96_s369_cont120000,early_0p18_0p28,CDF_RUN_2:45,1.0086243152618408,0.8362867021553243,1.95146,1.7971052607258728
lambda1_start_expansion96_s369_cont120000,early_0p18_0p28,CDF_RUN_2:46,0.9906297922134399,0.9009198565219744,1.909664,1.8186059588312942
lambda1_start_expansion96_s369_cont120000,early_0p18_0p28,CDF_RUN_2:47,0.9616198539733887,0.9486752111106782,1.854624,1.8087907507278953
lambda1_start_expansion96_s369_cont120000,early_0p18_0p28,CDF_RUN_2:48,0.9190003871917725,0.979399456511414,1.824972,1.8063084923909198
lambda1_start_expansion96_s369_cont120000,early_0p18_0p28,CDF_RUN_2:49,0.8628487586975098,0.99497283240288,1.69753,1.6933339175098003
lambda1_start_expansion96_s369_cont120000,early_0p18_0p28,CDF_RUN_2:50,0.7580941915512085,0.9998348419300568,1.6449,1.644753536864262
lambda1_start_expansion96_s369_cont120000,early_0p18_0p28,CDF_RUN_2:51,0.6064462661743164,1.0,1.42279,1.42279
lambda1_start_expansion96_s369_cont120000,early_0p18_0p28,D0_RUN_1:14,1.2661106586456299,0.1879104824806516,2.589585,1.5148053606802923
lambda1_start_expansion96_s369_cont120000,early_0p18_0p28,D0_RUN_1:15,0.780667781829834,0.7792496753543665,1.790634,1.5676836294578131
lambda1_start_expansion96_s369_cont120000,central_0p20_0p30,CDF_RUN_1:30,1.4592766761779785,0.0012197116639461,2.72209,1.4608169443184307
lambda1_start_expansion96_s369_cont120000,central_0p20_0p30,CDF_RUN_1:31,1.1132631301879883,0.0258850748744865,2.51472,1.1495399461964355
lambda1_start_expansion96_s369_cont120000,central_0p20_0p30,CDF_RUN_1:32,0.8504780530929565,0.1831302917603498,2.180565,1.0940572637466763
lambda1_start_expansion96_s369_cont120000,central_0p20_0p30,CDF_RUN_1:33,0.7899144887924194,0.549777686123881,1.75218,1.3189465949809365
lambda1_start_expansion96_s369_cont120000,central_0p20_0p30,CDF_RUN_1:34,0.6521151065826416,0.8825037510074896,1.478605,1.3814955376932407
lambda1_start_expansion96_s369_cont120000,central_0p20_0p30,CDF_RUN_1:35,0.39058756828308105,0.9960358801988642,1.20233,1.199112155753009
lambda1_start_expansion96_s369_cont120000,central_0p20_0p30,CDF_RUN_2:36,1.8796637058258057,5.164127530589625e-05,3.27554,1.8797357906578063
lambda1_start_expansion96_s369_cont120000,central_0p20_0p30,CDF_RUN_2:37,1.679410696029663,0.0023877817219835,2.91722,1.6823663144609846
lambda1_start_expansion96_s369_cont120000,central_0p20_0p30,CDF_RUN_2:38,1.4903607368469238,0.0134170653158552,2.90854,1.50938854065024
lambda1_start_expansion96_s369_cont120000,central_0p20_0p30,CDF_RUN_2:39,1.3286887407302856,0.0383530844331178,2.8682,1.3877337460427925
lambda1_start_expansion96_s369_cont120000,central_0p20_0p30,CDF_RUN_2:40,1.2038726806640625,0.0798964211082592,2.4889,1.306541764505344
lambda1_start_expansion96_s369_cont120000,central_0p20_0p30,CDF_RUN_2:41,1.1176131963729858,0.1385843072813845,2.31978,1.2842146500903118
lambda1_start_expansion96_s369_cont120000,central_0p20_0p30,CDF_RUN_2:42,1.064907193183899,0.2131511831472797,2.33764,1.336191696787109
lambda1_start_expansion96_s369_cont120000,central_0p20_0p30,CDF_RUN_2:43,1.0364084243774414,0.3008892555044757,2.08436,1.3517257937712555
lambda1_start_expansion96_s369_cont120000,central_0p20_0p30,CDF_RUN_2:44,1.0211149454116821,0.3980090561043118,2.07474,1.4404672588762324
lambda1_start_expansion96_s369_cont120000,central_0p20_0p30,CDF_RUN_2:45,1.0086243152618408,0.4999999999999999,1.95146,1.4800421576309204
lambda1_start_expansion96_s369_cont120000,central_0p20_0p30,CDF_RUN_2:46,0.9906297922134399,0.6019909438956881,1.909664,1.5438800624312972
lambda1_start_expansion96_s369_cont120000,central_0p20_0p30,CDF_RUN_2:47,0.9616198539733887,0.6991107444955241,1.854624,1.5859286473396426
lambda1_start_expansion96_s369_cont120000,central_0p20_0p30,CDF_RUN_2:48,0.9190003871917725,0.7868488168527201,1.824972,1.631863078832077
lambda1_start_expansion96_s369_cont120000,central_0p20_0p30,CDF_RUN_2:49,0.8628487586975098,0.8614156927186152,1.69753,1.581856278373328
lambda1_start_expansion96_s369_cont120000,central_0p20_0p30,CDF_RUN_2:50,0.7580941915512085,0.9408752472293116,1.6449,1.5924678258198548
lambda1_start_expansion96_s369_cont120000,central_0p20_0p30,CDF_RUN_2:51,0.6064462661743164,0.9920975764810804,1.42279,1.4163389060782932
lambda1_start_expansion96_s369_cont120000,central_0p20_0p30,D0_RUN_1:14,1.2661106586456299,0.0206608071262849,2.589585,1.2934547067489395
lambda1_start_expansion96_s369_cont120000,central_0p20_0p30,D0_RUN_1:15,0.780667781829834,0.4999999999999999,1.790634,1.285650890914917
lambda1_start_expansion96_s369_cont120000,late_0p22_0p32,CDF_RUN_1:30,1.4592766761779785,0.0,2.72209,1.4592766761779785
lambda1_start_expansion96_s369_cont120000,late_0p22_0p32,CDF_RUN_1:31,1.1132631301879883,0.0,2.51472,1.1132631301879883
lambda1_start_expansion96_s369_cont120000,late_0p22_0p32,CDF_RUN_1:32,0.8504780530929565,0.0193207037777613,2.180565,0.8761762689928145
lambda1_start_expansion96_s369_cont120000,late_0p22_0p32,CDF_RUN_1:33,0.7899144887924194,0.2102966915212009,1.75218,0.9922757421643307
lambda1_start_expansion96_s369_cont120000,late_0p22_0p32,CDF_RUN_1:34,0.6521151065826416,0.5852865232044726,1.478605,1.1358485027645224
lambda1_start_expansion96_s369_cont120000,late_0p22_0p32,CDF_RUN_1:35,0.39058756828308105,0.9023365088655396,1.20233,1.1230524002165494
lambda1_start_expansion96_s369_cont120000,late_0p22_0p32,CDF_RUN_2:36,1.8796637058258057,0.0,3.27554,1.8796637058258057
lambda1_start_expansion96_s369_cont120000,late_0p22_0p32,CDF_RUN_2:37,1.679410696029663,0.0,2.91722,1.679410696029663
lambda1_start_expansion96_s369_cont120000,late_0p22_0p32,CDF_RUN_2:38,1.4903607368469238,0.0,2.90854,1.4903607368469238
lambda1_start_expansion96_s369_cont120000,late_0p22_0p32,CDF_RUN_2:39,1.3286887407302856,0.0,2.8682,1.3286887407302856
lambda1_start_expansion96_s369_cont120000,late_0p22_0p32,CDF_RUN_2:40,1.2038726806640625,0.0003303151612864,2.4889,1.2042971446703064
lambda1_start_expansion96_s369_cont120000,late_0p22_0p32,CDF_RUN_2:41,1.1176131963729858,0.0050271675971199,2.31978,1.1236566903745127
lambda1_start_expansion96_s369_cont120000,late_0p22_0p32,CDF_RUN_2:42,1.064907193183899,0.0206005434885857,2.33764,1.0911261807200638
lambda1_start_expansion96_s369_cont120000,late_0p22_0p32,CDF_RUN_2:43,1.0364084243774414,0.0513247888893216,2.08436,1.0901943177625013
lambda1_start_expansion96_s369_cont120000,late_0p22_0p32,CDF_RUN_2:44,1.0211149454116821,0.0990801434780254,2.07474,1.1255082669923349
lambda1_start_expansion96_s369_cont120000,late_0p22_0p32,CDF_RUN_2:45,1.0086243152618408,0.1637132978446752,1.95146,1.1629790545359675
lambda1_start_expansion96_s369_cont120000,late_0p22_0p32,CDF_RUN_2:46,0.9906297922134399,0.2433979518395934,1.909664,1.214320836059212
lambda1_start_expansion96_s369_cont120000,late_0p22_0p32,CDF_RUN_2:47,0.9616198539733887,0.3349953729225092,1.854624,1.2607721108929202
lambda1_start_expansion96_s369_cont120000,late_0p22_0p32,CDF_RUN_2:48,0.9190003871917725,0.4344149545116246,1.824972,1.3125680041586818
lambda1_start_expansion96_s369_cont120000,late_0p22_0p32,CDF_RUN_2:49,0.8628487586975098,0.5369747743326755,1.69753,1.3110515298856318
lambda1_start_expansion96_s369_cont120000,late_0p22_0p32,CDF_RUN_2:50,0.7580941915512085,0.6848781819867951,1.6449,1.3654481414169468
lambda1_start_expansion96_s369_cont120000,late_0p22_0p32,CDF_RUN_2:51,0.6064462661743164,0.8499258195752324,1.42279,1.300277883201216
lambda1_start_expansion96_s369_cont120000,late_0p22_0p32,D0_RUN_1:14,1.2661106586456299,2.671437209028174e-06,2.589585,1.2661141942242307
lambda1_start_expansion96_s369_cont120000,late_0p22_0p32,D0_RUN_1:15,0.780667781829834,0.2207503246456333,1.790634,1.0036181523720207
lambda1_start_expansion96_s370_cont120000,early_0p18_0p28,CDF_RUN_1:30,1.457924246788025,0.0892391852052237,2.72209,1.5707373685690096
lambda1_start_expansion96_s370_cont120000,early_0p18_0p28,CDF_RUN_1:31,1.094130516052246,0.2263136792031131,2.51472,1.4156293488017142
lambda1_start_expansion96_s370_cont120000,early_0p18_0p28,CDF_RUN_1:32,0.8287404775619507,0.5139631863662977,2.180565,1.5235285165223091
lambda1_start_expansion96_s370_cont120000,early_0p18_0p28,CDF_RUN_1:33,0.7904171943664551,0.8606209544870957,1.75218,1.6181304181409837
lambda1_start_expansion96_s370_cont120000,early_0p18_0p28,CDF_RUN_1:34,0.6532707214355469,0.9935104948187734,1.478605,1.473248988923012
lambda1_start_expansion96_s370_cont120000,early_0p18_0p28,CDF_RUN_1:35,0.38437604904174805,1.0,1.20233,1.20233
lambda1_start_expansion96_s370_cont120000,early_0p18_0p28,CDF_RUN_2:36,1.8657279014587402,0.0629515791727313,3.27554,1.9544777993987348
lambda1_start_expansion96_s370_cont120000,early_0p18_0p28,CDF_RUN_2:37,1.6585280895233154,0.1155267912377162,2.91722,1.8039407270975574
lambda1_start_expansion96_s370_cont120000,early_0p18_0p28,CDF_RUN_2:38,1.4592556953430176,0.1846215696118183,2.90854,1.7268248384825624
lambda1_start_expansion96_s370_cont120000,early_0p18_0p28,CDF_RUN_2:39,1.2882721424102783,0.2680057887944079,2.8682,1.7117019541218708
lambda1_start_expansion96_s370_cont120000,early_0p18_0p28,CDF_RUN_2:40,1.1583867073059082,0.3622378472320013,2.4889,1.6403489781649778
lambda1_start_expansion96_s370_cont120000,early_0p18_0p28,CDF_RUN_2:41,1.0728358030319214,0.4630252256673241,2.31978,1.6502024212276263
lambda1_start_expansion96_s370_cont120000,early_0p18_0p28,CDF_RUN_2:42,1.0261591672897339,0.5655850454883751,2.33764,1.7679131137153017
lambda1_start_expansion96_s370_cont120000,early_0p18_0p28,CDF_RUN_2:43,1.0071216821670532,0.6650046270774903,2.08436,1.723490147991135
lambda1_start_expansion96_s370_cont120000,early_0p18_0p28,CDF_RUN_2:44,1.0022642612457275,0.7566020481604062,2.07474,1.8137016017895546
lambda1_start_expansion96_s370_cont120000,early_0p18_0p28,CDF_RUN_2:45,0.9990025758743286,0.8362867021553243,1.95146,1.7955300540397412
lambda1_start_expansion96_s370_cont120000,early_0p18_0p28,CDF_RUN_2:46,0.9876421689987183,0.9009198565219744,1.909664,1.8183099446945212
lambda1_start_expansion96_s370_cont120000,early_0p18_0p28,CDF_RUN_2:47,0.9622204303741455,0.9486752111106782,1.854624,1.808821575184876
lambda1_start_expansion96_s370_cont120000,early_0p18_0p28,CDF_RUN_2:48,0.9204295873641968,0.979399456511414,1.824972,1.8063379346912258
lambda1_start_expansion96_s370_cont120000,early_0p18_0p28,CDF_RUN_2:49,0.8630397319793701,0.99497283240288,1.69753,1.6933348775644947
lambda1_start_expansion96_s370_cont120000,early_0p18_0p28,CDF_RUN_2:50,0.7542233467102051,0.9998348419300568,1.6449,1.6447528975629992
lambda1_start_expansion96_s370_cont120000,early_0p18_0p28,CDF_RUN_2:51,0.5964984893798828,1.0,1.42279,1.42279
lambda1_start_expansion96_s370_cont120000,early_0p18_0p28,D0_RUN_1:14,1.2539738416671753,0.1879104824806516,2.589585,1.5049491788360383
lambda1_start_expansion96_s370_cont120000,early_0p18_0p28,D0_RUN_1:15,0.7701641321182251,0.7792496753543665,1.790634,1.5653649453740115
lambda1_start_expansion96_s370_cont120000,central_0p20_0p30,CDF_RUN_1:30,1.457924246788025,0.0012197116639461,2.72209,1.4594661645023788
lambda1_start_expansion96_s370_cont120000,central_0p20_0p30,CDF_RUN_1:31,1.094130516052246,0.0258850748744865,2.51472,1.1309025812101416
lambda1_start_expansion96_s370_cont120000,central_0p20_0p30,CDF_RUN_1:32,0.8287404775619507,0.1831302917603498,2.180565,1.0763004967648262
lambda1_start_expansion96_s370_cont120000,central_0p20_0p30,CDF_RUN_1:33,0.7904171943664551,0.549777686123881,1.75218,1.3191729242476773
lambda1_start_expansion96_s370_cont120000,central_0p20_0p30,CDF_RUN_1:34,0.6532707214355469,0.8825037510074896,1.478605,1.381631318103737
lambda1_start_expansion96_s370_cont120000,central_0p20_0p30,CDF_RUN_1:35,0.38437604904174805,0.9960358801988642,1.20233,1.199087532546589
lambda1_start_expansion96_s370_cont120000,central_0p20_0p30,CDF_RUN_2:36,1.8657279014587402,5.164127530589625e-05,3.27554,1.8658007059534507
lambda1_start_expansion96_s370_cont120000,central_0p20_0p30,CDF_RUN_2:37,1.6585280895233154,0.0023877817219835,2.91722,1.6615335710607602
lambda1_start_expansion96_s370_cont120000,central_0p20_0p30,CDF_RUN_2:38,1.4592556953430176,0.0134170653158552,2.90854,1.478700837519844
lambda1_start_expansion96_s370_cont120000,central_0p20_0p30,CDF_RUN_2:39,1.2882721424102783,0.0383530844331178,2.8682,1.348867248930652
lambda1_start_expansion96_s370_cont120000,central_0p20_0p30,CDF_RUN_2:40,1.1583867073059082,0.0798964211082592,2.4889,1.2646899576291317
lambda1_start_expansion96_s370_cont120000,central_0p20_0p30,CDF_RUN_2:41,1.0728358030319214,0.1385843072813845,2.31978,1.2456427007872848
lambda1_start_expansion96_s370_cont120000,central_0p20_0p30,CDF_RUN_2:42,1.0261591672897339,0.2131511831472797,2.33764,1.3057028584569068
lambda1_start_expansion96_s370_cont120000,central_0p20_0p30,CDF_RUN_2:43,1.0071216821670532,0.3008892555044757,2.08436,1.3312511176207025
lambda1_start_expansion96_s370_cont120000,central_0p20_0p30,CDF_RUN_2:44,1.0022642612457275,0.3980090561043118,2.07474,1.42911931772209
lambda1_start_expansion96_s370_cont120000,central_0p20_0p30,CDF_RUN_2:45,0.9990025758743286,0.4999999999999999,1.95146,1.4752312879371643
lambda1_start_expansion96_s370_cont120000,central_0p20_0p30,CDF_RUN_2:46,0.9876421689987183,0.6019909438956881,1.909664,1.5426909613356103
lambda1_start_expansion96_s370_cont120000,central_0p20_0p30,CDF_RUN_2:47,0.9622204303741455,0.6991107444955241,1.854624,1.5861093543257399
lambda1_start_expansion96_s370_cont120000,central_0p20_0p30,CDF_RUN_2:48,0.9204295873641968,0.7868488168527201,1.824972,1.6321677145397835
lambda1_start_expansion96_s370_cont120000,central_0p20_0p30,CDF_RUN_2:49,0.8630397319793701,0.8614156927186152,1.69753,1.5818827442733039
lambda1_start_expansion96_s370_cont120000,central_0p20_0p30,CDF_RUN_2:50,0.7542233467102051,0.9408752472293116,1.6449,1.5922389630756169
lambda1_start_expansion96_s370_cont120000,central_0p20_0p30,CDF_RUN_2:51,0.5964984893798828,0.9920975764810804,1.42279,1.416260294532992
lambda1_start_expansion96_s370_cont120000,central_0p20_0p30,D0_RUN_1:14,1.2539738416671753,0.0206608071262849,2.589585,1.2815686462052038
lambda1_start_expansion96_s370_cont120000,central_0p20_0p30,D0_RUN_1:15,0.7701641321182251,0.4999999999999999,1.790634,1.2803990660591125
lambda1_start_expansion96_s370_cont120000,late_0p22_0p32,CDF_RUN_1:30,1.457924246788025,0.0,2.72209,1.457924246788025
lambda1_start_expansion96_s370_cont120000,late_0p22_0p32,CDF_RUN_1:31,1.094130516052246,0.0,2.51472,1.094130516052246
lambda1_start_expansion96_s370_cont120000,late_0p22_0p32,CDF_RUN_1:32,0.8287404775619507,0.0193207037777613,2.180565,0.85485867871949
lambda1_start_expansion96_s370_cont120000,late_0p22_0p32,CDF_RUN_1:33,0.7904171943664551,0.2102966915212009,1.75218,0.9926727304193375
lambda1_start_expansion96_s370_cont120000,late_0p22_0p32,CDF_RUN_1:34,0.6532707214355469,0.5852865232044726,1.478605,1.1363277518180073
lambda1_start_expansion96_s370_cont120000,late_0p22_0p32,CDF_RUN_1:35,0.38437604904174805,0.9023365088655396,1.20233,1.122445761562192
lambda1_start_expansion96_s370_cont120000,late_0p22_0p32,CDF_RUN_2:36,1.8657279014587402,0.0,3.27554,1.8657279014587402
lambda1_start_expansion96_s370_cont120000,late_0p22_0p32,CDF_RUN_2:37,1.6585280895233154,0.0,2.91722,1.6585280895233154
lambda1_start_expansion96_s370_cont120000,late_0p22_0p32,CDF_RUN_2:38,1.4592556953430176,0.0,2.90854,1.4592556953430176
lambda1_start_expansion96_s370_cont120000,late_0p22_0p32,CDF_RUN_2:39,1.2882721424102783,0.0,2.8682,1.2882721424102783
lambda1_start_expansion96_s370_cont120000,late_0p22_0p32,CDF_RUN_2:40,1.1583867073059082,0.0003303151612864,2.4889,1.1588261960187782
lambda1_start_expansion96_s370_cont120000,late_0p22_0p32,CDF_RUN_2:41,1.0728358030319214,0.0050271675971199,2.31978,1.079104400494336
lambda1_start_expansion96_s370_cont120000,late_0p22_0p32,CDF_RUN_2:42,1.0261591672897339,0.0206005434885857,2.33764,1.0531763852184284
lambda1_start_expansion96_s370_cont120000,late_0p22_0p32,CDF_RUN_2:43,1.0071216821670532,0.0513247888893216,2.08436,1.0624107114133172
lambda1_start_expansion96_s370_cont120000,late_0p22_0p32,CDF_RUN_2:44,1.0022642612457275,0.0990801434780254,2.07474,1.108525311318202
lambda1_start_expansion96_s370_cont120000,late_0p22_0p32,CDF_RUN_2:45,0.9990025758743286,0.1637132978446752,1.95146,1.1549325218345867
lambda1_start_expansion96_s370_cont120000,late_0p22_0p32,CDF_RUN_2:46,0.9876421689987183,0.2433979518395934,1.909664,1.212060394215822
lambda1_start_expansion96_s370_cont120000,late_0p22_0p32,CDF_RUN_2:47,0.9622204303741455,0.3349953729225092,1.854624,1.261171496978337
lambda1_start_expansion96_s370_cont120000,late_0p22_0p32,CDF_RUN_2:48,0.9204295873641968,0.4344149545116246,1.824972,1.3133763384032144
lambda1_start_expansion96_s370_cont120000,late_0p22_0p32,CDF_RUN_2:49,0.8630397319793701,0.5369747743326755,1.69753,1.3111399553325618
lambda1_start_expansion96_s370_cont120000,late_0p22_0p32,CDF_RUN_2:50,0.7542233467102051,0.6848781819867951,1.6449,1.3642283537534028
lambda1_start_expansion96_s370_cont120000,late_0p22_0p32,CDF_RUN_2:51,0.5964984893798828,0.8499258195752324,1.42279,1.2987849787517427
lambda1_start_expansion96_s370_cont120000,late_0p22_0p32,D0_RUN_1:14,1.2539738416671753,2.671437209028174e-06,2.589585,1.2539774096685206
lambda1_start_expansion96_s370_cont120000,late_0p22_0p32,D0_RUN_1:15,0.7701641321182251,0.2207503246456333,1.790634,0.9954331867442134
lambda1_start_expansion96_s371_cont120000,early_0p18_0p28,CDF_RUN_1:30,1.462001085281372,0.0892391852052237,2.72209,1.574450393316997
lambda1_start_expansion96_s371_cont120000,early_0p18_0p28,CDF_RUN_1:31,1.1069833040237427,0.2263136792031131,2.51472,1.4255733750393638
lambda1_start_expansion96_s371_cont120000,early_0p18_0p28,CDF_RUN_1:32,0.8429738283157349,0.5139631863662977,2.180565,1.5304464489700094
lambda1_start_expansion96_s371_cont120000,early_0p18_0p28,CDF_RUN_1:33,0.7915199995040894,0.8606209544870957,1.75218,1.618284126068454
lambda1_start_expansion96_s371_cont120000,early_0p18_0p28,CDF_RUN_1:34,0.6522552967071533,0.9935104948187734,1.478605,1.4732423993189758
lambda1_start_expansion96_s371_cont120000,early_0p18_0p28,CDF_RUN_1:35,0.38856005668640137,1.0,1.20233,1.20233
lambda1_start_expansion96_s371_cont120000,early_0p18_0p28,CDF_RUN_2:36,1.8870890140533447,0.0629515791727313,3.27554,1.9744941962226223
lambda1_start_expansion96_s371_cont120000,early_0p18_0p28,CDF_RUN_2:37,1.6874663829803467,0.1155267912377162,2.91722,1.8295358723676025
lambda1_start_expansion96_s371_cont120000,early_0p18_0p28,CDF_RUN_2:38,1.4975216388702393,0.1846215696118183,2.90854,1.758026063453111
lambda1_start_expansion96_s371_cont120000,early_0p18_0p28,CDF_RUN_2:39,1.3343186378479004,0.2680057887944079,2.8682,1.745407722228515
lambda1_start_expansion96_s371_cont120000,early_0p18_0p28,CDF_RUN_2:40,1.2081711292266846,0.3622378472320013,2.4889,1.6720995982634823
lambda1_start_expansion96_s371_cont120000,early_0p18_0p28,CDF_RUN_2:41,1.1211925745010376,0.4630252256673241,2.31978,1.6761687876747118
lambda1_start_expansion96_s371_cont120000,early_0p18_0p28,CDF_RUN_2:42,1.0683399438858032,0.5655850454883751,2.33764,1.7862370738615483
lambda1_start_expansion96_s371_cont120000,early_0p18_0p28,CDF_RUN_2:43,1.0399116277694702,0.6650046270774903,2.08436,1.7344746280463255
lambda1_start_expansion96_s371_cont120000,early_0p18_0p28,CDF_RUN_2:44,1.0244892835617065,0.7566020481604062,2.07474,1.8191111267008533
lambda1_start_expansion96_s371_cont120000,early_0p18_0p28,CDF_RUN_2:45,1.0114355087280273,0.8362867021553243,1.95146,1.7975654904791016
lambda1_start_expansion96_s371_cont120000,early_0p18_0p28,CDF_RUN_2:46,0.9924616813659668,0.9009198565219744,1.909664,1.8187874626713623
lambda1_start_expansion96_s371_cont120000,early_0p18_0p28,CDF_RUN_2:47,0.9623135328292847,0.9486752111106782,1.854624,1.808826353648731
lambda1_start_expansion96_s371_cont120000,early_0p18_0p28,CDF_RUN_2:48,0.9187242984771729,0.979399456511414,1.824972,1.806302804813348
lambda1_start_expansion96_s371_cont120000,early_0p18_0p28,CDF_RUN_2:49,0.8620433807373047,0.99497283240288,1.69753,1.6933298687398153
lambda1_start_expansion96_s371_cont120000,early_0p18_0p28,CDF_RUN_2:50,0.7575656175613403,0.9998348419300568,1.6449,1.6447534495660021
lambda1_start_expansion96_s371_cont120000,early_0p18_0p28,CDF_RUN_2:51,0.6073791980743408,1.0,1.42279,1.42279
lambda1_start_expansion96_s371_cont120000,early_0p18_0p28,D0_RUN_1:14,1.2647236585617065,0.1879104824806516,2.589585,1.5136789924513394
lambda1_start_expansion96_s371_cont120000,early_0p18_0p28,D0_RUN_1:15,0.7779339551925659,0.7792496753543665,1.790634,1.5670801363401115
lambda1_start_expansion96_s371_cont120000,central_0p20_0p30,CDF_RUN_1:30,1.462001085281372,0.0012197116639461,2.72209,1.4635380304282635
lambda1_start_expansion96_s371_cont120000,central_0p20_0p30,CDF_RUN_1:31,1.1069833040237427,0.0258850748744865,2.51472,1.1434226738026503
lambda1_start_expansion96_s371_cont120000,central_0p20_0p30,CDF_RUN_1:32,0.8429738283157349,0.1831302917603498,2.180565,1.0879272898423427
lambda1_start_expansion96_s371_cont120000,central_0p20_0p30,CDF_RUN_1:33,0.7915199995040894,0.549777686123881,1.75218,1.3196694317284976
lambda1_start_expansion96_s371_cont120000,central_0p20_0p30,CDF_RUN_1:34,0.6522552967071533,0.8825037510074896,1.478605,1.3815120095070166
lambda1_start_expansion96_s371_cont120000,central_0p20_0p30,CDF_RUN_1:35,0.38856005668640137,0.9960358801988642,1.20233,1.1991041184541413
lambda1_start_expansion96_s371_cont120000,central_0p20_0p30,CDF_RUN_2:36,1.8870890140533447,5.164127530589625e-05,3.27554,1.8871607154329588
lambda1_start_expansion96_s371_cont120000,central_0p20_0p30,CDF_RUN_2:37,1.6874663829803467,0.0023877817219835,2.91722,1.6904027661896093
lambda1_start_expansion96_s371_cont120000,central_0p20_0p30,CDF_RUN_2:38,1.4975216388702393,0.0134170653158552,2.90854,1.5164533643833882
lambda1_start_expansion96_s371_cont120000,central_0p20_0p30,CDF_RUN_2:39,1.3343186378479004,0.0383530844331178,2.8682,1.3931477192409056
lambda1_start_expansion96_s371_cont120000,central_0p20_0p30,CDF_RUN_2:40,1.2081711292266846,0.0798964211082592,2.4889,1.3104967824114948
lambda1_start_expansion96_s371_cont120000,central_0p20_0p30,CDF_RUN_2:41,1.1211925745010376,0.1385843072813845,2.31978,1.2872979825799895
lambda1_start_expansion96_s371_cont120000,central_0p20_0p30,CDF_RUN_2:42,1.0683399438858032,0.2131511831472797,2.33764,1.3388927526154528
lambda1_start_expansion96_s371_cont120000,central_0p20_0p30,CDF_RUN_2:43,1.0399116277694702,0.3008892555044757,2.08436,1.3541749209027758
lambda1_start_expansion96_s371_cont120000,central_0p20_0p30,CDF_RUN_2:44,1.0244892835617065,0.3980090561043118,2.07474,1.442498579884189
lambda1_start_expansion96_s371_cont120000,central_0p20_0p30,CDF_RUN_2:45,1.0114355087280273,0.4999999999999999,1.95146,1.4814477543640137
lambda1_start_expansion96_s371_cont120000,central_0p20_0p30,CDF_RUN_2:46,0.9924616813659668,0.6019909438956881,1.909664,1.5446091709037821
lambda1_start_expansion96_s371_cont120000,central_0p20_0p30,CDF_RUN_2:47,0.9623135328292847,0.6991107444955241,1.854624,1.5861373678541524
lambda1_start_expansion96_s371_cont120000,central_0p20_0p30,CDF_RUN_2:48,0.9187242984771729,0.7868488168527201,1.824972,1.6318042301959064
lambda1_start_expansion96_s371_cont120000,central_0p20_0p30,CDF_RUN_2:49,0.8620433807373047,0.8614156927186152,1.69753,1.5817446656266134
lambda1_start_expansion96_s371_cont120000,central_0p20_0p30,CDF_RUN_2:50,0.7575656175613403,0.9408752472293116,1.6449,1.5924365740133828
lambda1_start_expansion96_s371_cont120000,central_0p20_0p30,CDF_RUN_2:51,0.6073791980743408,0.9920975764810804,1.42279,1.4163462785012815
lambda1_start_expansion96_s371_cont120000,central_0p20_0p30,D0_RUN_1:14,1.2647236585617065,0.0206608071262849,2.589585,1.2920963632062343
lambda1_start_expansion96_s371_cont120000,central_0p20_0p30,D0_RUN_1:15,0.7779339551925659,0.4999999999999999,1.790634,1.2842839775962829
lambda1_start_expansion96_s371_cont120000,late_0p22_0p32,CDF_RUN_1:30,1.462001085281372,0.0,2.72209,1.462001085281372
lambda1_start_expansion96_s371_cont120000,late_0p22_0p32,CDF_RUN_1:31,1.1069833040237427,0.0,2.51472,1.1069833040237427
lambda1_start_expansion96_s371_cont120000,late_0p22_0p32,CDF_RUN_1:32,0.8429738283157349,0.0193207037777613,2.180565,0.8688170311195953
lambda1_start_expansion96_s371_cont120000,late_0p22_0p32,CDF_RUN_1:33,0.7915199995040894,0.2102966915212009,1.75218,0.9935436192851346
lambda1_start_expansion96_s371_cont120000,late_0p22_0p32,CDF_RUN_1:34,0.6522552967071533,0.5852865232044726,1.478605,1.135906641498471
lambda1_start_expansion96_s371_cont120000,late_0p22_0p32,CDF_RUN_1:35,0.38856005668640137,0.9023365088655396,1.20233,1.1228543863557021
lambda1_start_expansion96_s371_cont120000,late_0p22_0p32,CDF_RUN_2:36,1.8870890140533447,0.0,3.27554,1.8870890140533447
lambda1_start_expansion96_s371_cont120000,late_0p22_0p32,CDF_RUN_2:37,1.6874663829803467,0.0,2.91722,1.6874663829803467
lambda1_start_expansion96_s371_cont120000,late_0p22_0p32,CDF_RUN_2:38,1.4975216388702393,0.0,2.90854,1.4975216388702393
lambda1_start_expansion96_s371_cont120000,late_0p22_0p32,CDF_RUN_2:39,1.3343186378479004,0.0,2.8682,1.3343186378479004
lambda1_start_expansion96_s371_cont120000,late_0p22_0p32,CDF_RUN_2:40,1.2081711292266846,0.0003303151612864,2.4889,1.2085941733901981
lambda1_start_expansion96_s371_cont120000,late_0p22_0p32,CDF_RUN_2:41,1.1211925745010376,0.0050271675971199,2.31978,1.1272180743688214
lambda1_start_expansion96_s371_cont120000,late_0p22_0p32,CDF_RUN_2:42,1.0683399438858032,0.0206005434885857,2.33764,1.0944882148918482
lambda1_start_expansion96_s371_cont120000,late_0p22_0p32,CDF_RUN_2:43,1.0399116277694702,0.0513247888893216,2.08436,1.093517719979998
lambda1_start_expansion96_s371_cont120000,late_0p22_0p32,CDF_RUN_2:44,1.0244892835617065,0.0990801434780254,2.07474,1.1285482752343117
lambda1_start_expansion96_s371_cont120000,late_0p22_0p32,CDF_RUN_2:45,1.0114355087280273,0.1637132978446752,1.95146,1.165330018248925
lambda1_start_expansion96_s371_cont120000,late_0p22_0p32,CDF_RUN_2:46,0.9924616813659668,0.2433979518395934,1.909664,1.2157068471440167
lambda1_start_expansion96_s371_cont120000,late_0p22_0p32,CDF_RUN_2:47,0.9623135328292847,0.3349953729225092,1.854624,1.2612334105417968
lambda1_start_expansion96_s371_cont120000,late_0p22_0p32,CDF_RUN_2:48,0.9187242984771729,0.4344149545116246,1.824972,1.312411852510476
lambda1_start_expansion96_s371_cont120000,late_0p22_0p32,CDF_RUN_2:49,0.8620433807373047,0.5369747743326755,1.69753,1.3106786195738604
lambda1_start_expansion96_s371_cont120000,late_0p22_0p32,CDF_RUN_2:50,0.7575656175613403,0.6848781819867951,1.6449,1.3652815762203052
lambda1_start_expansion96_s371_cont120000,late_0p22_0p32,CDF_RUN_2:51,0.6073791980743408,0.8499258195752324,1.42279,1.3004178921915042
lambda1_start_expansion96_s371_cont120000,late_0p22_0p32,D0_RUN_1:14,1.2647236585617065,2.671437209028174e-06,2.589585,1.264727197845591
lambda1_start_expansion96_s371_cont120000,late_0p22_0p32,D0_RUN_1:15,0.7779339551925659,0.2207503246456333,1.790634,1.0014878188524545
lambda1_start_expansion96_s372_cont120000,early_0p18_0p28,CDF_RUN_1:30,1.4555048942565918,0.0892391852052237,2.72209,1.5685339170862056
lambda1_start_expansion96_s372_cont120000,early_0p18_0p28,CDF_RUN_1:31,1.1065946817398071,0.2263136792031131,2.51472,1.425272703294326
lambda1_start_expansion96_s372_cont120000,early_0p18_0p28,CDF_RUN_1:32,0.8449584245681763,0.5139631863662977,2.180565,1.5314110358088953
lambda1_start_expansion96_s372_cont120000,early_0p18_0p28,CDF_RUN_1:33,0.7892328500747681,0.8606209544870957,1.75218,1.6179653453640497
lambda1_start_expansion96_s372_cont120000,early_0p18_0p28,CDF_RUN_1:34,0.6522364616394043,0.9935104948187734,1.478605,1.4732422770887061
lambda1_start_expansion96_s372_cont120000,early_0p18_0p28,CDF_RUN_1:35,0.3886970281600952,1.0,1.20233,1.20233
lambda1_start_expansion96_s372_cont120000,early_0p18_0p28,CDF_RUN_2:36,1.8801028728485107,0.0629515791727313,3.27554,1.9679478436389564
lambda1_start_expansion96_s372_cont120000,early_0p18_0p28,CDF_RUN_2:37,1.6777021884918213,0.1155267912377162,2.91722,1.8208997039373573
lambda1_start_expansion96_s372_cont120000,early_0p18_0p28,CDF_RUN_2:38,1.4873204231262207,0.1846215696118183,2.90854,1.749708212171702
lambda1_start_expansion96_s372_cont120000,early_0p18_0p28,CDF_RUN_2:39,1.3252925872802734,0.2680057887944079,2.8682,1.738800705462963
lambda1_start_expansion96_s372_cont120000,early_0p18_0p28,CDF_RUN_2:40,1.2009440660476685,0.3622378472320013,2.4889,1.6674904508922426
lambda1_start_expansion96_s372_cont120000,early_0p18_0p28,CDF_RUN_2:41,1.1156433820724487,0.4630252256673241,2.31978,1.6731890113226418
lambda1_start_expansion96_s372_cont120000,early_0p18_0p28,CDF_RUN_2:42,1.0640250444412231,0.5655850454883751,2.33764,1.7843626170156088
lambda1_start_expansion96_s372_cont120000,early_0p18_0p28,CDF_RUN_2:43,1.0364830493927002,0.6650046270774903,2.08436,1.7333260701544053
lambda1_start_expansion96_s372_cont120000,early_0p18_0p28,CDF_RUN_2:44,1.0218805074691772,0.7566020481604062,2.07474,1.8184761559431235
lambda1_start_expansion96_s372_cont120000,early_0p18_0p28,CDF_RUN_2:45,1.0097979307174683,0.8362867021553243,1.95146,1.7972973971825152
lambda1_start_expansion96_s372_cont120000,early_0p18_0p28,CDF_RUN_2:46,0.9919683933258057,0.9009198565219744,1.909664,1.8187385876215671
lambda1_start_expansion96_s372_cont120000,early_0p18_0p28,CDF_RUN_2:47,0.962935209274292,0.9486752111106782,1.854624,1.8088582610610284
lambda1_start_expansion96_s372_cont120000,early_0p18_0p28,CDF_RUN_2:48,0.9201587438583374,0.979399456511414,1.824972,1.8063323551678048
lambda1_start_expansion96_s372_cont120000,early_0p18_0p28,CDF_RUN_2:49,0.863741397857666,0.99497283240288,1.69753,1.6933384049564622
lambda1_start_expansion96_s372_cont120000,early_0p18_0p28,CDF_RUN_2:50,0.7584359645843506,0.9998348419300568,1.6449,1.6447535933108366
lambda1_start_expansion96_s372_cont120000,early_0p18_0p28,CDF_RUN_2:51,0.6060199737548828,1.0,1.42279,1.42279
lambda1_start_expansion96_s372_cont120000,early_0p18_0p28,D0_RUN_1:14,1.261314868927002,0.1879104824806516,2.589585,1.5109107501215675
lambda1_start_expansion96_s372_cont120000,early_0p18_0p28,D0_RUN_1:15,0.7784628868103027,0.7792496753543665,1.790634,1.5671968981664421
lambda1_start_expansion96_s372_cont120000,central_0p20_0p30,CDF_RUN_1:30,1.4555048942565918,0.0012197116639461,2.72209,1.4570497628834473
lambda1_start_expansion96_s372_cont120000,central_0p20_0p30,CDF_RUN_1:31,1.1065946817398071,0.0258850748744865,2.51472,1.1430441110356322
lambda1_start_expansion96_s372_cont120000,central_0p20_0p30,CDF_RUN_1:32,0.8449584245681763,0.1831302917603498,2.180565,1.0895484464040477
lambda1_start_expansion96_s372_cont120000,central_0p20_0p30,CDF_RUN_1:33,0.7892328500747681,0.549777686123881,1.75218,1.3186397060202482
lambda1_start_expansion96_s372_cont120000,central_0p20_0p30,CDF_RUN_1:34,0.6522364616394043,0.8825037510074896,1.478605,1.3815097964572065
lambda1_start_expansion96_s372_cont120000,central_0p20_0p30,CDF_RUN_1:35,0.3886970281600952,0.9960358801988642,1.20233,1.1991046614254726
lambda1_start_expansion96_s372_cont120000,central_0p20_0p30,CDF_RUN_2:36,1.8801028728485107,5.164127530589625e-05,3.27554,1.8801749350013661
lambda1_start_expansion96_s372_cont120000,central_0p20_0p30,CDF_RUN_2:37,1.6777021884918213,0.0023877817219835,2.91722,1.6806618864662135
lambda1_start_expansion96_s372_cont120000,central_0p20_0p30,CDF_RUN_2:38,1.4873204231262207,0.0134170653158552,2.90854,1.5063890190173084
lambda1_start_expansion96_s372_cont120000,central_0p20_0p30,CDF_RUN_2:39,1.3252925872802734,0.0383530844331178,2.8682,1.3844678455527963
lambda1_start_expansion96_s372_cont120000,central_0p20_0p30,CDF_RUN_2:40,1.2009440660476685,0.0798964211082592,2.4889,1.3038471357156052
lambda1_start_expansion96_s372_cont120000,central_0p20_0p30,CDF_RUN_2:41,1.1156433820724487,0.1385843072813845,2.31978,1.2825178211400876
lambda1_start_expansion96_s372_cont120000,central_0p20_0p30,CDF_RUN_2:42,1.0640250444412231,0.2131511831472797,2.33764,1.3354975790926467
lambda1_start_expansion96_s372_cont120000,central_0p20_0p30,CDF_RUN_2:43,1.0364830493927002,0.3008892555044757,2.08436,1.351777964921231
lambda1_start_expansion96_s372_cont120000,central_0p20_0p30,CDF_RUN_2:44,1.0218805074691772,0.3980090561043118,2.07474,1.4409281203018347
lambda1_start_expansion96_s372_cont120000,central_0p20_0p30,CDF_RUN_2:45,1.0097979307174683,0.4999999999999999,1.95146,1.4806289653587341
lambda1_start_expansion96_s372_cont120000,central_0p20_0p30,CDF_RUN_2:46,0.9919683933258057,0.6019909438956881,1.909664,1.5444128377965298
lambda1_start_expansion96_s372_cont120000,central_0p20_0p30,CDF_RUN_2:47,0.962935209274292,0.6991107444955241,1.854624,1.5863244236168552
lambda1_start_expansion96_s372_cont120000,central_0p20_0p30,CDF_RUN_2:48,0.9201587438583374,0.7868488168527201,1.824972,1.6321099839260618
lambda1_start_expansion96_s372_cont120000,central_0p20_0p30,CDF_RUN_2:49,0.863741397857666,0.8614156927186152,1.69753,1.5819799841529905
lambda1_start_expansion96_s372_cont120000,central_0p20_0p30,CDF_RUN_2:50,0.7584359645843506,0.9408752472293116,1.6449,1.592488033065943
lambda1_start_expansion96_s372_cont120000,central_0p20_0p30,CDF_RUN_2:51,0.6060199737548828,0.9920975764810804,1.42279,1.416335537335052
lambda1_start_expansion96_s372_cont120000,central_0p20_0p30,D0_RUN_1:14,1.261314868927002,0.0206608071262849,2.589585,1.2887580019167064
lambda1_start_expansion96_s372_cont120000,central_0p20_0p30,D0_RUN_1:15,0.7784628868103027,0.4999999999999999,1.790634,1.2845484434051513
lambda1_start_expansion96_s372_cont120000,late_0p22_0p32,CDF_RUN_1:30,1.4555048942565918,0.0,2.72209,1.4555048942565918
lambda1_start_expansion96_s372_cont120000,late_0p22_0p32,CDF_RUN_1:31,1.1065946817398071,0.0,2.51472,1.1065946817398071
lambda1_start_expansion96_s372_cont120000,late_0p22_0p32,CDF_RUN_1:32,0.8449584245681763,0.0193207037777613,2.180565,0.8707632835757247
lambda1_start_expansion96_s372_cont120000,late_0p22_0p32,CDF_RUN_1:33,0.7892328500747681,0.2102966915212009,1.75218,0.9917374498138143
lambda1_start_expansion96_s372_cont120000,late_0p22_0p32,CDF_RUN_1:34,0.6522364616394043,0.5852865232044726,1.478605,1.1358988303420392
lambda1_start_expansion96_s372_cont120000,late_0p22_0p32,CDF_RUN_1:35,0.3886970281600952,0.9023365088655396,1.20233,1.1228677634680089
lambda1_start_expansion96_s372_cont120000,late_0p22_0p32,CDF_RUN_2:36,1.8801028728485107,0.0,3.27554,1.8801028728485107
lambda1_start_expansion96_s372_cont120000,late_0p22_0p32,CDF_RUN_2:37,1.6777021884918213,0.0,2.91722,1.6777021884918213
lambda1_start_expansion96_s372_cont120000,late_0p22_0p32,CDF_RUN_2:38,1.4873204231262207,0.0,2.90854,1.4873204231262207
lambda1_start_expansion96_s372_cont120000,late_0p22_0p32,CDF_RUN_2:39,1.3252925872802734,0.0,2.8682,1.3252925872802734
lambda1_start_expansion96_s372_cont120000,late_0p22_0p32,CDF_RUN_2:40,1.2009440660476685,0.0003303151612864,2.4889,1.2013694974197218
lambda1_start_expansion96_s372_cont120000,late_0p22_0p32,CDF_RUN_2:41,1.1156433820724487,0.0050271675971199,2.31978,1.1216967786605996
lambda1_start_expansion96_s372_cont120000,late_0p22_0p32,CDF_RUN_2:42,1.0640250444412231,0.0206005434885857,2.33764,1.090262204720925
lambda1_start_expansion96_s372_cont120000,late_0p22_0p32,CDF_RUN_2:43,1.0364830493927002,0.0513247888893216,2.08436,1.090265112664606
lambda1_start_expansion96_s372_cont120000,late_0p22_0p32,CDF_RUN_2:44,1.0218805074691772,0.0990801434780254,2.07474,1.1261979770513322
lambda1_start_expansion96_s372_cont120000,late_0p22_0p32,CDF_RUN_2:45,1.0097979307174683,0.1637132978446752,1.95146,1.1639605335349525
lambda1_start_expansion96_s372_cont120000,late_0p22_0p32,CDF_RUN_2:46,0.9919683933258057,0.2433979518395934,1.909664,1.2153336244024977
lambda1_start_expansion96_s372_cont120000,late_0p22_0p32,CDF_RUN_2:47,0.962935209274292,0.3349953729225092,1.854624,1.2616468282542717
lambda1_start_expansion96_s372_cont120000,late_0p22_0p32,CDF_RUN_2:48,0.9201587438583374,0.4344149545116246,1.824972,1.3132231533666325
lambda1_start_expansion96_s372_cont120000,late_0p22_0p32,CDF_RUN_2:49,0.863741397857666,0.5369747743326755,1.69753,1.3114648443342027
lambda1_start_expansion96_s372_cont120000,late_0p22_0p32,CDF_RUN_2:50,0.7584359645843506,0.6848781819867951,1.6449,1.3655558415564986
lambda1_start_expansion96_s372_cont120000,late_0p22_0p32,CDF_RUN_2:51,0.6060199737548828,0.8499258195752324,1.42279,1.3002139077157482
lambda1_start_expansion96_s372_cont120000,late_0p22_0p32,D0_RUN_1:14,1.261314868927002,2.671437209028174e-06,2.589585,1.2613184173172538
lambda1_start_expansion96_s372_cont120000,late_0p22_0p32,D0_RUN_1:15,0.7784628868103027,0.2207503246456333,1.790634,1.0018999886438604
lambda1_start_expansion96_s373_cont120000,early_0p18_0p28,CDF_RUN_1:30,1.4595352411270142,0.0892391852052237,2.72209,1.5722045990858171
lambda1_start_expansion96_s373_cont120000,early_0p18_0p28,CDF_RUN_1:31,1.1102063655853271,0.2263136792031131,2.51472,1.428067013680648
lambda1_start_expansion96_s373_cont120000,early_0p18_0p28,CDF_RUN_1:32,0.8443605899810791,0.5139631863662977,2.180565,1.5311204661911026
lambda1_start_expansion96_s373_cont120000,early_0p18_0p28,CDF_RUN_1:33,0.7893710136413574,0.8606209544870957,1.75218,1.6179846024700857
lambda1_start_expansion96_s373_cont120000,early_0p18_0p28,CDF_RUN_1:34,0.6525272130966187,0.9935104948187734,1.478605,1.4732441639217941
lambda1_start_expansion96_s373_cont120000,early_0p18_0p28,CDF_RUN_1:35,0.3889589309692383,1.0,1.20233,1.20233
lambda1_start_expansion96_s373_cont120000,early_0p18_0p28,CDF_RUN_2:36,1.865499496459961,0.0629515791727313,3.27554,1.9542637728553196
lambda1_start_expansion96_s373_cont120000,early_0p18_0p28,CDF_RUN_2:37,1.6624407768249512,0.1155267912377162,2.91722,1.8074013941901186
lambda1_start_expansion96_s373_cont120000,early_0p18_0p28,CDF_RUN_2:38,1.4680505990982056,0.1846215696118183,2.90854,1.7339960133018826
lambda1_start_expansion96_s373_cont120000,early_0p18_0p28,CDF_RUN_2:39,1.3007533550262451,0.2680057887944079,2.8682,1.7208381295055846
lambda1_start_expansion96_s373_cont120000,early_0p18_0p28,CDF_RUN_2:40,1.1722066402435303,0.3622378472320013,2.4889,1.649162808346385
lambda1_start_expansion96_s373_cont120000,early_0p18_0p28,CDF_RUN_2:41,1.0854824781417847,0.4630252256673241,2.31978,1.6569933667408039
lambda1_start_expansion96_s373_cont120000,early_0p18_0p28,CDF_RUN_2:42,1.0358203649520874,0.5655850454883751,2.33764,1.772110082458321
lambda1_start_expansion96_s373_cont120000,early_0p18_0p28,CDF_RUN_2:43,1.0130860805511475,0.6650046270774903,2.08436,1.725488193852073
lambda1_start_expansion96_s373_cont120000,early_0p18_0p28,CDF_RUN_2:44,1.004875659942627,0.7566020481604062,2.07474,1.8143372108838167
lambda1_start_expansion96_s373_cont120000,early_0p18_0p28,CDF_RUN_2:45,0.9992880821228027,0.8362867021553243,1.95146,1.7955767952092343
lambda1_start_expansion96_s373_cont120000,early_0p18_0p28,CDF_RUN_2:46,0.9868291616439819,0.9009198565219744,1.909664,1.8182293918091652
lambda1_start_expansion96_s373_cont120000,early_0p18_0p28,CDF_RUN_2:47,0.9613351821899414,0.9486752111106782,1.854624,1.808776140008707
lambda1_start_expansion96_s373_cont120000,early_0p18_0p28,CDF_RUN_2:48,0.9201161861419678,0.979399456511414,1.824972,1.8063314784557178
lambda1_start_expansion96_s373_cont120000,early_0p18_0p28,CDF_RUN_2:49,0.8635549545288086,0.99497283240288,1.69753,1.6933374676746007
lambda1_start_expansion96_s373_cont120000,early_0p18_0p28,CDF_RUN_2:50,0.7559034824371338,0.9998348419300568,1.6449,1.644753175050973
lambda1_start_expansion96_s373_cont120000,early_0p18_0p28,CDF_RUN_2:51,0.599285364151001,1.0,1.42279,1.42279
lambda1_start_expansion96_s373_cont120000,early_0p18_0p28,D0_RUN_1:14,1.2608473300933838,0.1879104824806516,2.589585,1.5105310667357528
lambda1_start_expansion96_s373_cont120000,early_0p18_0p28,D0_RUN_1:15,0.7754874229431152,0.7792496753543665,1.790634,1.5665400635517892
lambda1_start_expansion96_s373_cont120000,central_0p20_0p30,CDF_RUN_1:30,1.4595352411270142,0.0012197116639461,2.72209,1.4610751938927822
lambda1_start_expansion96_s373_cont120000,central_0p20_0p30,CDF_RUN_1:31,1.1102063655853271,0.0258850748744865,2.51472,1.146562306174388
lambda1_start_expansion96_s373_cont120000,central_0p20_0p30,CDF_RUN_1:32,0.8443605899810791,0.1831302917603498,2.180565,1.0890600934393102
lambda1_start_expansion96_s373_cont120000,central_0p20_0p30,CDF_RUN_1:33,0.7893710136413574,0.549777686123881,1.75218,1.3187019103408912
lambda1_start_expansion96_s373_cont120000,central_0p20_0p30,CDF_RUN_1:34,0.6525272130966187,0.8825037510074896,1.478605,1.3815439586628184
lambda1_start_expansion96_s373_cont120000,central_0p20_0p30,CDF_RUN_1:35,0.3889589309692383,0.9960358801988642,1.20233,1.1991056996395841
lambda1_start_expansion96_s373_cont120000,central_0p20_0p30,CDF_RUN_2:36,1.865499496459961,5.164127530589625e-05,3.27554,1.8655723127497967
lambda1_start_expansion96_s373_cont120000,central_0p20_0p30,CDF_RUN_2:37,1.6624407768249512,0.0023877817219835,2.91722,1.6654369157191733
lambda1_start_expansion96_s373_cont120000,central_0p20_0p30,CDF_RUN_2:38,1.4680505990982056,0.0134170653158552,2.90854,1.487377739476902
lambda1_start_expansion96_s373_cont120000,central_0p20_0p30,CDF_RUN_2:39,1.3007533550262451,0.0383530844331178,2.8682,1.3608697685453308
lambda1_start_expansion96_s373_cont120000,central_0p20_0p30,CDF_RUN_2:40,1.1722066402435303,0.0798964211082592,2.4889,1.2774057273850818
lambda1_start_expansion96_s373_cont120000,central_0p20_0p30,CDF_RUN_2:41,1.0854824781417847,0.1385843072813845,2.31978,1.256536745187635
lambda1_start_expansion96_s373_cont120000,central_0p20_0p30,CDF_RUN_2:42,1.0358203649520874,0.2131511831472797,2.33764,1.31330476040691
lambda1_start_expansion96_s373_cont120000,central_0p20_0p30,CDF_RUN_2:43,1.0130860805511475,0.3008892555044757,2.08436,1.3354208926154745
lambda1_start_expansion96_s373_cont120000,central_0p20_0p30,CDF_RUN_2:44,1.004875659942627,0.3980090561043118,2.07474,1.4306913560885244
lambda1_start_expansion96_s373_cont120000,central_0p20_0p30,CDF_RUN_2:45,0.9992880821228027,0.4999999999999999,1.95146,1.4753740410614014
lambda1_start_expansion96_s373_cont120000,central_0p20_0p30,CDF_RUN_2:46,0.9868291616439819,0.6019909438956881,1.909664,1.5423673770457458
lambda1_start_expansion96_s373_cont120000,central_0p20_0p30,CDF_RUN_2:47,0.9613351821899414,0.6991107444955241,1.854624,1.585842992658658
lambda1_start_expansion96_s373_cont120000,central_0p20_0p30,CDF_RUN_2:48,0.9201161861419678,0.7868488168527201,1.824972,1.6321009126984656
lambda1_start_expansion96_s373_cont120000,central_0p20_0p30,CDF_RUN_2:49,0.8635549545288086,0.8614156927186152,1.69753,1.5819541460334137
lambda1_start_expansion96_s373_cont120000,central_0p20_0p30,CDF_RUN_2:50,0.7559034824371338,0.9408752472293116,1.6449,1.5923383006850926
lambda1_start_expansion96_s373_cont120000,central_0p20_0p30,CDF_RUN_2:51,0.599285364151001,0.9920975764810804,1.42279,1.4162823175977275
lambda1_start_expansion96_s373_cont120000,central_0p20_0p30,D0_RUN_1:14,1.2608473300933838,0.0206608071262849,2.589585,1.2883001228127535
lambda1_start_expansion96_s373_cont120000,central_0p20_0p30,D0_RUN_1:15,0.7754874229431152,0.4999999999999999,1.790634,1.2830607114715575
lambda1_start_expansion96_s373_cont120000,late_0p22_0p32,CDF_RUN_1:30,1.4595352411270142,0.0,2.72209,1.4595352411270142
lambda1_start_expansion96_s373_cont120000,late_0p22_0p32,CDF_RUN_1:31,1.1102063655853271,0.0,2.51472,1.1102063655853271
lambda1_start_expansion96_s373_cont120000,late_0p22_0p32,CDF_RUN_1:32,0.8443605899810791,0.0193207037777613,2.180565,0.870176999573593
lambda1_start_expansion96_s373_cont120000,late_0p22_0p32,CDF_RUN_1:33,0.7893710136413574,0.2102966915212009,1.75218,0.9918465580394611
lambda1_start_expansion96_s373_cont120000,late_0p22_0p32,CDF_RUN_1:34,0.6525272130966187,0.5852865232044726,1.478605,1.136019408889744
lambda1_start_expansion96_s373_cont120000,late_0p22_0p32,CDF_RUN_1:35,0.3889589309692383,0.9023365088655396,1.20233,1.1228933418106877
lambda1_start_expansion96_s373_cont120000,late_0p22_0p32,CDF_RUN_2:36,1.865499496459961,0.0,3.27554,1.865499496459961
lambda1_start_expansion96_s373_cont120000,late_0p22_0p32,CDF_RUN_2:37,1.6624407768249512,0.0,2.91722,1.6624407768249512
lambda1_start_expansion96_s373_cont120000,late_0p22_0p32,CDF_RUN_2:38,1.4680505990982056,0.0,2.90854,1.4680505990982056
lambda1_start_expansion96_s373_cont120000,late_0p22_0p32,CDF_RUN_2:39,1.3007533550262451,0.0,2.8682,1.3007533550262451
lambda1_start_expansion96_s373_cont120000,late_0p22_0p32,CDF_RUN_2:40,1.1722066402435303,0.0003303151612864,2.4889,1.172641564023023
lambda1_start_expansion96_s373_cont120000,late_0p22_0p32,CDF_RUN_2:41,1.0854824781417847,0.0050271675971199,2.31978,1.0916874986488758
lambda1_start_expansion96_s373_cont120000,late_0p22_0p32,CDF_RUN_2:42,1.0358203649520874,0.0206005434885857,2.33764,1.0626385569581869
lambda1_start_expansion96_s373_cont120000,late_0p22_0p32,CDF_RUN_2:43,1.0130860805511475,0.0513247888893216,2.08436,1.068068988309496
lambda1_start_expansion96_s373_cont120000,late_0p22_0p32,CDF_RUN_2:44,1.004875659942627,0.0990801434780254,2.07474,1.1108779722575344
lambda1_start_expansion96_s373_cont120000,late_0p22_0p32,CDF_RUN_2:45,0.9992880821228027,0.1637132978446752,1.95146,1.155171286913568
lambda1_start_expansion96_s373_cont120000,late_0p22_0p32,CDF_RUN_2:46,0.9868291616439819,0.2433979518395934,1.909664,1.211445271186059
lambda1_start_expansion96_s373_cont120000,late_0p22_0p32,CDF_RUN_2:47,0.9613351821899414,0.3349953729225092,1.854624,1.2605828028397292
lambda1_start_expansion96_s373_cont120000,late_0p22_0p32,CDF_RUN_2:48,0.9201161861419678,0.4344149545116246,1.824972,1.313199083358684
lambda1_start_expansion96_s373_cont120000,late_0p22_0p32,CDF_RUN_2:49,0.8635549545288086,0.5369747743326755,1.69753,1.3113785163697842
lambda1_start_expansion96_s373_cont120000,late_0p22_0p32,CDF_RUN_2:50,0.7559034824371338,0.6848781819867951,1.6449,1.3647578011781816
lambda1_start_expansion96_s373_cont120000,late_0p22_0p32,CDF_RUN_2:51,0.599285364151001,0.8499258195752324,1.42279,1.2992032166989649
lambda1_start_expansion96_s373_cont120000,late_0p22_0p32,D0_RUN_1:14,1.2608473300933838,2.671437209028174e-06,2.589585,1.2608508797326363
lambda1_start_expansion96_s373_cont120000,late_0p22_0p32,D0_RUN_1:15,0.7754874229431152,0.2207503246456333,1.790634,0.9995813593913261
lambda1_start_expansion96_s374_cont120000,early_0p18_0p28,CDF_RUN_1:30,1.4581961631774902,0.0892391852052237,2.72209,1.570985019361435
lambda1_start_expansion96_s374_cont120000,early_0p18_0p28,CDF_RUN_1:31,1.1067525148391724,0.2263136792031131,2.51472,1.4253948166042738
lambda1_start_expansion96_s374_cont120000,early_0p18_0p28,CDF_RUN_1:32,0.8435564041137695,0.5139631863662977,2.180565,1.5307296022545862
lambda1_start_expansion96_s374_cont120000,early_0p18_0p28,CDF_RUN_1:33,0.78999924659729,0.8606209544870957,1.75218,1.6180721649798433
lambda1_start_expansion96_s374_cont120000,early_0p18_0p28,CDF_RUN_1:34,0.6523054838180542,0.9935104948187734,1.478605,1.473242725008492
lambda1_start_expansion96_s374_cont120000,early_0p18_0p28,CDF_RUN_1:35,0.3884866237640381,1.0,1.20233,1.20233
lambda1_start_expansion96_s374_cont120000,early_0p18_0p28,CDF_RUN_2:36,1.8803539276123047,0.0629515791727313,3.27554,1.9681830941089107
lambda1_start_expansion96_s374_cont120000,early_0p18_0p28,CDF_RUN_2:37,1.6787769794464111,0.1155267912377162,2.91722,1.8218503277417122
lambda1_start_expansion96_s374_cont120000,early_0p18_0p28,CDF_RUN_2:38,1.4876916408538818,0.1846215696118183,2.90854,1.7500108950998148
lambda1_start_expansion96_s374_cont120000,early_0p18_0p28,CDF_RUN_2:39,1.324169635772705,0.2680057887944079,2.8682,1.7379787114599583
lambda1_start_expansion96_s374_cont120000,early_0p18_0p28,CDF_RUN_2:40,1.1983672380447388,0.3622378472320013,2.4889,1.6658470475177816
lambda1_start_expansion96_s374_cont120000,early_0p18_0p28,CDF_RUN_2:41,1.1122398376464844,0.4630252256673241,2.31978,1.6713613938225782
lambda1_start_expansion96_s374_cont120000,early_0p18_0p28,CDF_RUN_2:42,1.0606120824813843,0.5655850454883751,2.33764,1.7828799753010756
lambda1_start_expansion96_s374_cont120000,early_0p18_0p28,CDF_RUN_2:43,1.0336953401565552,0.6650046270774903,2.08436,1.7323922004592434
lambda1_start_expansion96_s374_cont120000,early_0p18_0p28,CDF_RUN_2:44,1.019981026649475,0.7566020481604062,2.07474,1.8180138262020495
lambda1_start_expansion96_s374_cont120000,early_0p18_0p28,CDF_RUN_2:45,1.008685827255249,0.8362867021553243,1.95146,1.7971153310571708
lambda1_start_expansion96_s374_cont120000,early_0p18_0p28,CDF_RUN_2:46,0.9913281202316284,0.9009198565219744,1.909664,1.818675149271531
lambda1_start_expansion96_s374_cont120000,early_0p18_0p28,CDF_RUN_2:47,0.9624297618865967,0.9486752111106782,1.854624,1.8088323190805604
lambda1_start_expansion96_s374_cont120000,early_0p18_0p28,CDF_RUN_2:48,0.9195491075515747,0.979399456511414,1.824972,1.8063197963285549
lambda1_start_expansion96_s374_cont120000,early_0p18_0p28,CDF_RUN_2:49,0.8629553318023682,0.99497283240288,1.69753,1.6933344532706598
lambda1_start_expansion96_s374_cont120000,early_0p18_0p28,CDF_RUN_2:50,0.7575342655181885,0.9998348419300568,1.6449,1.6447534443879592
lambda1_start_expansion96_s374_cont120000,early_0p18_0p28,CDF_RUN_2:51,0.6052634716033936,1.0,1.42279,1.42279
lambda1_start_expansion96_s374_cont120000,early_0p18_0p28,D0_RUN_1:14,1.26255202293396,0.1879104824806516,2.589585,1.5119154299221749
lambda1_start_expansion96_s374_cont120000,early_0p18_0p28,D0_RUN_1:15,0.7777680158615112,0.7792496753543665,1.790634,1.5670435051789096
lambda1_start_expansion96_s374_cont120000,central_0p20_0p30,CDF_RUN_1:30,1.4581961631774902,0.0012197116639461,2.72209,1.4597377492322523
lambda1_start_expansion96_s374_cont120000,central_0p20_0p30,CDF_RUN_1:31,1.1067525148391724,0.0258850748744865,2.51472,1.1431978586134026
lambda1_start_expansion96_s374_cont120000,central_0p20_0p30,CDF_RUN_1:32,0.8435564041137695,0.1831302917603498,2.180565,1.0884031783645107
lambda1_start_expansion96_s374_cont120000,central_0p20_0p30,CDF_RUN_1:33,0.78999924659729,0.549777686123881,1.75218,1.3189847548359646
lambda1_start_expansion96_s374_cont120000,central_0p20_0p30,CDF_RUN_1:34,0.6523054838180542,0.8825037510074896,1.478605,1.3815179063042953
lambda1_start_expansion96_s374_cont120000,central_0p20_0p30,CDF_RUN_1:35,0.3884866237640381,0.9960358801988642,1.20233,1.1991038273572399
lambda1_start_expansion96_s374_cont120000,central_0p20_0p30,CDF_RUN_2:36,1.8803539276123047,5.164127530589625e-05,3.27554,1.880425976800372
lambda1_start_expansion96_s374_cont120000,central_0p20_0p30,CDF_RUN_2:37,1.6787769794464111,0.0023877817219835,2.91722,1.6817341110546071
lambda1_start_expansion96_s374_cont120000,central_0p20_0p30,CDF_RUN_2:38,1.4876916408538818,0.0134170653158552,2.90854,1.506755256092471
lambda1_start_expansion96_s374_cont120000,central_0p20_0p30,CDF_RUN_2:39,1.324169635772705,0.0383530844331178,2.8682,1.383387962699212
lambda1_start_expansion96_s374_cont120000,central_0p20_0p30,CDF_RUN_2:40,1.1983672380447388,0.0798964211082592,2.4889,1.3014761870479212
lambda1_start_expansion96_s374_cont120000,central_0p20_0p30,CDF_RUN_2:41,1.1122398376464844,0.1385843072813845,2.31978,1.279585954560697
lambda1_start_expansion96_s374_cont120000,central_0p20_0p30,CDF_RUN_2:42,1.0606120824813843,0.2131511831472797,2.33764,1.332812094012584
lambda1_start_expansion96_s374_cont120000,central_0p20_0p30,CDF_RUN_2:43,1.0336953401565552,0.3008892555044757,2.08436,1.3498290474417125
lambda1_start_expansion96_s374_cont120000,central_0p20_0p30,CDF_RUN_2:44,1.019981026649475,0.3980090561043118,2.07474,1.4397846500502705
lambda1_start_expansion96_s374_cont120000,central_0p20_0p30,CDF_RUN_2:45,1.008685827255249,0.4999999999999999,1.95146,1.4800729136276245
lambda1_start_expansion96_s374_cont120000,central_0p20_0p30,CDF_RUN_2:46,0.9913281202316284,0.6019909438956881,1.909664,1.5441580033066675
lambda1_start_expansion96_s374_cont120000,central_0p20_0p30,CDF_RUN_2:47,0.9624297618865967,0.6991107444955241,1.854624,1.586172339928675
lambda1_start_expansion96_s374_cont120000,central_0p20_0p30,CDF_RUN_2:48,0.9195491075515747,0.7868488168527201,1.824972,1.6319800392259858
lambda1_start_expansion96_s374_cont120000,central_0p20_0p30,CDF_RUN_2:49,0.8629553318023682,0.8614156927186152,1.69753,1.5818710477332396
lambda1_start_expansion96_s374_cont120000,central_0p20_0p30,CDF_RUN_2:50,0.7575342655181885,0.9408752472293116,1.6449,1.5924347203315827
lambda1_start_expansion96_s374_cont120000,central_0p20_0p30,CDF_RUN_2:51,0.6052634716033936,0.9920975764810804,1.42279,1.4163295591346579
lambda1_start_expansion96_s374_cont120000,central_0p20_0p30,D0_RUN_1:14,1.26255202293396,0.0206608071262849,2.589585,1.2899695953233412
lambda1_start_expansion96_s374_cont120000,central_0p20_0p30,D0_RUN_1:15,0.7777680158615112,0.4999999999999999,1.790634,1.2842010079307555
lambda1_start_expansion96_s374_cont120000,late_0p22_0p32,CDF_RUN_1:30,1.4581961631774902,0.0,2.72209,1.4581961631774902
lambda1_start_expansion96_s374_cont120000,late_0p22_0p32,CDF_RUN_1:31,1.1067525148391724,0.0,2.51472,1.1067525148391724
lambda1_start_expansion96_s374_cont120000,late_0p22_0p32,CDF_RUN_1:32,0.8435564041137695,0.0193207037777613,2.180565,0.869388351143208
lambda1_start_expansion96_s374_cont120000,late_0p22_0p32,CDF_RUN_1:33,0.78999924659729,0.2102966915212009,1.75218,0.9923426756832565
lambda1_start_expansion96_s374_cont120000,late_0p22_0p32,CDF_RUN_1:34,0.6523054838180542,0.5852865232044726,1.478605,1.1359274547697231
lambda1_start_expansion96_s374_cont120000,late_0p22_0p32,CDF_RUN_1:35,0.3884866237640381,0.9023365088655396,1.20233,1.1228472146401398
lambda1_start_expansion96_s374_cont120000,late_0p22_0p32,CDF_RUN_2:36,1.8803539276123047,0.0,3.27554,1.8803539276123047
lambda1_start_expansion96_s374_cont120000,late_0p22_0p32,CDF_RUN_2:37,1.6787769794464111,0.0,2.91722,1.6787769794464111
lambda1_start_expansion96_s374_cont120000,late_0p22_0p32,CDF_RUN_2:38,1.4876916408538818,0.0,2.90854,1.4876916408538818
lambda1_start_expansion96_s374_cont120000,late_0p22_0p32,CDF_RUN_2:39,1.324169635772705,0.0,2.8682,1.324169635772705
lambda1_start_expansion96_s374_cont120000,late_0p22_0p32,CDF_RUN_2:40,1.1983672380447388,0.0003303151612864,2.4889,1.1987935205821494
lambda1_start_expansion96_s374_cont120000,late_0p22_0p32,CDF_RUN_2:41,1.1122398376464844,0.0050271675971199,2.31978,1.118310344422889
lambda1_start_expansion96_s374_cont120000,late_0p22_0p32,CDF_RUN_2:42,1.0606120824813843,0.0206005434885857,2.33764,1.0869195516323646
lambda1_start_expansion96_s374_cont120000,late_0p22_0p32,CDF_RUN_2:43,1.0336953401565552,0.0513247888893216,2.08436,1.087620482016491
lambda1_start_expansion96_s374_cont120000,late_0p22_0p32,CDF_RUN_2:44,1.019981026649475,0.0990801434780254,2.07474,1.12448669706378
lambda1_start_expansion96_s374_cont120000,late_0p22_0p32,CDF_RUN_2:45,1.008685827255249,0.1637132978446752,1.95146,1.1630304961980777
lambda1_start_expansion96_s374_cont120000,late_0p22_0p32,CDF_RUN_2:46,0.9913281202316284,0.2433979518395934,1.909664,1.2148491924680611
lambda1_start_expansion96_s374_cont120000,late_0p22_0p32,CDF_RUN_2:47,0.9624297618865967,0.3349953729225092,1.854624,1.2613107034027102
lambda1_start_expansion96_s374_cont120000,late_0p22_0p32,CDF_RUN_2:48,0.9195491075515747,0.4344149545116246,1.824972,1.312878352188341
lambda1_start_expansion96_s374_cont120000,late_0p22_0p32,CDF_RUN_2:49,0.8629553318023682,0.5369747743326755,1.69753,1.311100875921559
lambda1_start_expansion96_s374_cont120000,late_0p22_0p32,CDF_RUN_2:50,0.7575342655181885,0.6848781819867951,1.6449,1.3652716965074687
lambda1_start_expansion96_s374_cont120000,late_0p22_0p32,CDF_RUN_2:51,0.6052634716033936,0.8499258195752324,1.42279,1.3001003762753738
lambda1_start_expansion96_s374_cont120000,late_0p22_0p32,D0_RUN_1:14,1.26255202293396,2.671437209028174e-06,2.589585,1.2625555680192326
lambda1_start_expansion96_s374_cont120000,late_0p22_0p32,D0_RUN_1:15,0.7777680158615112,0.2207503246456333,1.790634,1.0013585106826015
lambda1_start_expansion96_s375_cont120000,early_0p18_0p28,CDF_RUN_1:30,1.4624991416931152,0.0892391852052237,2.72209,1.57490400358037
lambda1_start_expansion96_s375_cont120000,early_0p18_0p28,CDF_RUN_1:31,1.1117225885391235,0.2263136792031131,2.51472,1.4292400946392785
lambda1_start_expansion96_s375_cont120000,early_0p18_0p28,CDF_RUN_1:32,0.8472568988800049,0.5139631863662977,2.180565,1.5325281789396354
lambda1_start_expansion96_s375_cont120000,early_0p18_0p28,CDF_RUN_1:33,0.7909203767776489,0.8606209544870957,1.75218,1.6182005512251747
lambda1_start_expansion96_s375_cont120000,early_0p18_0p28,CDF_RUN_1:34,0.6518311500549316,0.9935104948187734,1.478605,1.4732396468170788
lambda1_start_expansion96_s375_cont120000,early_0p18_0p28,CDF_RUN_1:35,0.3898756504058838,1.0,1.20233,1.20233
lambda1_start_expansion96_s375_cont120000,early_0p18_0p28,CDF_RUN_2:36,1.8872966766357422,0.0629515791727313,3.27554,1.9746887861175229
lambda1_start_expansion96_s375_cont120000,early_0p18_0p28,CDF_RUN_2:37,1.6877200603485107,0.1155267912377162,2.91722,1.8297602432034128
lambda1_start_expansion96_s375_cont120000,early_0p18_0p28,CDF_RUN_2:38,1.4976105690002441,0.1846215696118183,2.90854,1.7580985751629288
lambda1_start_expansion96_s375_cont120000,early_0p18_0p28,CDF_RUN_2:39,1.334028720855713,0.2680057887944079,2.8682,1.7451955046685033
lambda1_start_expansion96_s375_cont120000,early_0p18_0p28,CDF_RUN_2:40,1.2074072360992432,0.3622378472320013,2.4889,1.6716124161380406
lambda1_start_expansion96_s375_cont120000,early_0p18_0p28,CDF_RUN_2:41,1.120048999786377,0.4630252256673241,2.31978,1.6755547169003742
lambda1_start_expansion96_s375_cont120000,early_0p18_0p28,CDF_RUN_2:42,1.0670554637908936,0.5655850454883751,2.33764,1.785679076499547
lambda1_start_expansion96_s375_cont120000,early_0p18_0p28,CDF_RUN_2:43,1.0387872457504272,0.6650046270774903,2.08436,1.7340979652725488
lambda1_start_expansion96_s375_cont120000,early_0p18_0p28,CDF_RUN_2:44,1.0237846374511719,0.7566020481604062,2.07474,1.8189396172807775
lambda1_start_expansion96_s375_cont120000,early_0p18_0p28,CDF_RUN_2:45,1.0112940073013306,0.8362867021553243,1.95146,1.7975423248138875
lambda1_start_expansion96_s375_cont120000,early_0p18_0p28,CDF_RUN_2:46,0.9928797483444214,0.9009198565219744,1.909664,1.818828884807571
lambda1_start_expansion96_s375_cont120000,early_0p18_0p28,CDF_RUN_2:47,0.9631423950195312,0.9486752111106782,1.854624,1.8088688948256637
lambda1_start_expansion96_s375_cont120000,early_0p18_0p28,CDF_RUN_2:48,0.9197492599487305,0.979399456511414,1.824972,1.806323919576717
lambda1_start_expansion96_s375_cont120000,early_0p18_0p28,CDF_RUN_2:49,0.8630388975143433,0.99497283240288,1.69753,1.6933348733694993
lambda1_start_expansion96_s375_cont120000,early_0p18_0p28,CDF_RUN_2:50,0.7581777572631836,0.9998348419300568,1.6449,1.6447535506658137
lambda1_start_expansion96_s375_cont120000,early_0p18_0p28,CDF_RUN_2:51,0.6073095798492432,1.0,1.42279,1.42279
lambda1_start_expansion96_s375_cont120000,early_0p18_0p28,D0_RUN_1:14,1.267716407775879,0.1879104824806516,2.589585,1.5161093727167332
lambda1_start_expansion96_s375_cont120000,early_0p18_0p28,D0_RUN_1:15,0.779647707939148,0.7792496753543665,1.790634,1.5674584478152818
lambda1_start_expansion96_s375_cont120000,central_0p20_0p30,CDF_RUN_1:30,1.4624991416931152,0.0012197116639461,2.72209,1.464035479354792
lambda1_start_expansion96_s375_cont120000,central_0p20_0p30,CDF_RUN_1:31,1.1117225885391235,0.0258850748744865,2.51472,1.148039281583499
lambda1_start_expansion96_s375_cont120000,central_0p20_0p30,CDF_RUN_1:32,0.8472568988800049,0.1831302917603498,2.180565,1.0914260004445477
lambda1_start_expansion96_s375_cont120000,central_0p20_0p30,CDF_RUN_1:33,0.7909203767776489,0.549777686123881,1.75218,1.3193994681971468
lambda1_start_expansion96_s375_cont120000,central_0p20_0p30,CDF_RUN_1:34,0.6518311500549316,0.8825037510074896,1.478605,1.3814621738663577
lambda1_start_expansion96_s375_cont120000,central_0p20_0p30,CDF_RUN_1:35,0.3898756504058838,0.9960358801988642,1.20233,1.1991093336252552
lambda1_start_expansion96_s375_cont120000,central_0p20_0p30,CDF_RUN_2:36,1.8872966766357422,5.164127530589625e-05,3.27554,1.8873683672913957
lambda1_start_expansion96_s375_cont120000,central_0p20_0p30,CDF_RUN_2:37,1.6877200603485107,0.0023877817219835,2.91722,1.6906558378315906
lambda1_start_expansion96_s375_cont120000,central_0p20_0p30,CDF_RUN_2:38,1.4976105690002441,0.0134170653158552,2.90854,1.5165411013320302
lambda1_start_expansion96_s375_cont120000,central_0p20_0p30,CDF_RUN_2:39,1.334028720855713,0.0383530844331178,2.8682,1.3928689214595982
lambda1_start_expansion96_s375_cont120000,central_0p20_0p30,CDF_RUN_2:40,1.2074072360992432,0.0798964211082592,2.4889,1.3097939216110448
lambda1_start_expansion96_s375_cont120000,central_0p20_0p30,CDF_RUN_2:41,1.120048999786377,0.1385843072813845,2.31978,1.2863128893749844
lambda1_start_expansion96_s375_cont120000,central_0p20_0p30,CDF_RUN_2:42,1.0670554637908936,0.2131511831472797,2.33764,1.3378820609725024
lambda1_start_expansion96_s375_cont120000,central_0p20_0p30,CDF_RUN_2:43,1.0387872457504272,0.3008892555044757,2.08436,1.3533888533523455
lambda1_start_expansion96_s375_cont120000,central_0p20_0p30,CDF_RUN_2:44,1.0237846374511719,0.3980090561043118,2.07474,1.4420743893069958
lambda1_start_expansion96_s375_cont120000,central_0p20_0p30,CDF_RUN_2:45,1.0112940073013306,0.4999999999999999,1.95146,1.4813770036506653
lambda1_start_expansion96_s375_cont120000,central_0p20_0p30,CDF_RUN_2:46,0.9928797483444214,0.6019909438956881,1.909664,1.544775565347265
lambda1_start_expansion96_s375_cont120000,central_0p20_0p30,CDF_RUN_2:47,0.9631423950195312,0.6991107444955241,1.854624,1.5863867635814914
lambda1_start_expansion96_s375_cont120000,central_0p20_0p30,CDF_RUN_2:48,0.9197492599487305,0.7868488168527201,1.824972,1.6320227019462494
lambda1_start_expansion96_s375_cont120000,central_0p20_0p30,CDF_RUN_2:49,0.8630388975143433,0.8614156927186152,1.69753,1.5818826286295462
lambda1_start_expansion96_s375_cont120000,central_0p20_0p30,CDF_RUN_2:50,0.7581777572631836,0.9408752472293116,1.6449,1.5924727666219154
lambda1_start_expansion96_s375_cont120000,central_0p20_0p30,CDF_RUN_2:51,0.6073095798492432,0.9920975764810804,1.42279,1.4163457283485823
lambda1_start_expansion96_s375_cont120000,central_0p20_0p30,D0_RUN_1:14,1.267716407775879,0.0206608071262849,2.589585,1.2950272798061153
lambda1_start_expansion96_s375_cont120000,central_0p20_0p30,D0_RUN_1:15,0.779647707939148,0.4999999999999999,1.790634,1.285140853969574
lambda1_start_expansion96_s375_cont120000,late_0p22_0p32,CDF_RUN_1:30,1.4624991416931152,0.0,2.72209,1.4624991416931152
lambda1_start_expansion96_s375_cont120000,late_0p22_0p32,CDF_RUN_1:31,1.1117225885391235,0.0,2.51472,1.1117225885391235
lambda1_start_expansion96_s375_cont120000,late_0p22_0p32,CDF_RUN_1:32,0.8472568988800049,0.0193207037777613,2.180565,0.8730173497462338
lambda1_start_expansion96_s375_cont120000,late_0p22_0p32,CDF_RUN_1:33,0.7909203767776489,0.2102966915212009,1.75218,0.9930700952342255
lambda1_start_expansion96_s375_cont120000,late_0p22_0p32,CDF_RUN_1:34,0.6518311500549316,0.5852865232044726,1.478605,1.135730742165657
lambda1_start_expansion96_s375_cont120000,late_0p22_0p32,CDF_RUN_1:35,0.3898756504058838,0.9023365088655396,1.20233,1.1229828718312613
lambda1_start_expansion96_s375_cont120000,late_0p22_0p32,CDF_RUN_2:36,1.8872966766357422,0.0,3.27554,1.8872966766357422
lambda1_start_expansion96_s375_cont120000,late_0p22_0p32,CDF_RUN_2:37,1.6877200603485107,0.0,2.91722,1.6877200603485107
lambda1_start_expansion96_s375_cont120000,late_0p22_0p32,CDF_RUN_2:38,1.4976105690002441,0.0,2.90854,1.4976105690002441
lambda1_start_expansion96_s375_cont120000,late_0p22_0p32,CDF_RUN_2:39,1.334028720855713,0.0,2.8682,1.334028720855713
lambda1_start_expansion96_s375_cont120000,late_0p22_0p32,CDF_RUN_2:40,1.2074072360992432,0.0003303151612864,2.4889,1.2078305325882384
lambda1_start_expansion96_s375_cont120000,late_0p22_0p32,CDF_RUN_2:41,1.120048999786377,0.0050271675971199,2.31978,1.1260802485959114
lambda1_start_expansion96_s375_cont120000,late_0p22_0p32,CDF_RUN_2:42,1.0670554637908936,0.0206005434885857,2.33764,1.093230195784994
lambda1_start_expansion96_s375_cont120000,late_0p22_0p32,CDF_RUN_2:43,1.0387872457504272,0.0513247888893216,2.08436,1.0924510466307131
lambda1_start_expansion96_s375_cont120000,late_0p22_0p32,CDF_RUN_2:44,1.0237846374511719,0.0990801434780254,2.07474,1.1279134455615099
lambda1_start_expansion96_s375_cont120000,late_0p22_0p32,CDF_RUN_2:45,1.0112940073013306,0.1637132978446752,1.95146,1.1652116824874426
lambda1_start_expansion96_s375_cont120000,late_0p22_0p32,CDF_RUN_2:46,0.9928797483444214,0.2433979518395934,1.909664,1.2160231574761835
lambda1_start_expansion96_s375_cont120000,late_0p22_0p32,CDF_RUN_2:47,0.9631423950195312,0.3349953729225092,1.854624,1.2617846077335204
lambda1_start_expansion96_s375_cont120000,late_0p22_0p32,CDF_RUN_2:48,0.9197492599487305,0.4344149545116246,1.824972,1.3129915553909908
lambda1_start_expansion96_s375_cont120000,late_0p22_0p32,CDF_RUN_2:49,0.8630388975143433,0.5369747743326755,1.69753,1.3111395689542042
lambda1_start_expansion96_s375_cont120000,late_0p22_0p32,CDF_RUN_2:50,0.7581777572631836,0.6848781819867951,1.6449,1.3654744747960281
lambda1_start_expansion96_s375_cont120000,late_0p22_0p32,CDF_RUN_2:51,0.6073095798492432,0.8499258195752324,1.42279,1.3004074442934301
lambda1_start_expansion96_s375_cont120000,late_0p22_0p32,D0_RUN_1:14,1.267716407775879,2.671437209028174e-06,2.589585,1.2677199390648217
lambda1_start_expansion96_s375_cont120000,late_0p22_0p32,D0_RUN_1:15,0.779647707939148,0.2207503246456333,1.790634,1.002823260123866
lambda1_start_expansion96_s376_cont120000,early_0p18_0p28,CDF_RUN_1:30,1.471429705619812,0.0892391852052237,2.72209,1.5830376112588251
lambda1_start_expansion96_s376_cont120000,early_0p18_0p28,CDF_RUN_1:31,1.1314777135849,0.2263136792031131,2.51472,1.4445243646528276
lambda1_start_expansion96_s376_cont120000,early_0p18_0p28,CDF_RUN_1:32,0.8674815893173218,0.5139631863662977,2.180565,1.542358123036517
lambda1_start_expansion96_s376_cont120000,early_0p18_0p28,CDF_RUN_1:33,0.7941498756408691,0.8606209544870957,1.75218,1.6186506756942154
lambda1_start_expansion96_s376_cont120000,early_0p18_0p28,CDF_RUN_1:34,0.6522117853164673,0.9935104948187734,1.478605,1.4732421169515806
lambda1_start_expansion96_s376_cont120000,early_0p18_0p28,CDF_RUN_1:35,0.3960036635398865,1.0,1.20233,1.20233
lambda1_start_expansion96_s376_cont120000,early_0p18_0p28,CDF_RUN_2:36,1.8757439851760864,0.0629515791727313,3.27554,1.9638633548289477
lambda1_start_expansion96_s376_cont120000,early_0p18_0p28,CDF_RUN_2:37,1.6738581657409668,0.1155267912377162,2.91722,1.8174997688003538
lambda1_start_expansion96_s376_cont120000,early_0p18_0p28,CDF_RUN_2:38,1.4832603931427002,0.1846215696118183,2.90854,1.7463977512964102
lambda1_start_expansion96_s376_cont120000,early_0p18_0p28,CDF_RUN_2:39,1.3206229209899902,0.2680057887944079,2.8682,1.7353825367702136
lambda1_start_expansion96_s376_cont120000,early_0p18_0p28,CDF_RUN_2:40,1.1956760883331299,0.3622378472320013,2.4889,1.6641307340842846
lambda1_start_expansion96_s376_cont120000,early_0p18_0p28,CDF_RUN_2:41,1.1100950241088867,0.4630252256673241,2.31978,1.670209683057241
lambda1_start_expansion96_s376_cont120000,early_0p18_0p28,CDF_RUN_2:42,1.0586625337600708,0.5655850454883751,2.33764,1.7820330621819878
lambda1_start_expansion96_s376_cont120000,early_0p18_0p28,CDF_RUN_2:43,1.0317230224609375,0.6650046270774903,2.08436,1.7317314831572783
lambda1_start_expansion96_s376_cont120000,early_0p18_0p28,CDF_RUN_2:44,1.0179753303527832,0.7566020481604062,2.07474,1.8175256438314225
lambda1_start_expansion96_s376_cont120000,early_0p18_0p28,CDF_RUN_2:45,1.0067931413650513,0.8362867021553243,1.95146,1.7968054732083023
lambda1_start_expansion96_s376_cont120000,early_0p18_0p28,CDF_RUN_2:46,0.989747166633606,0.9009198565219744,1.909664,1.8185185081622068
lambda1_start_expansion96_s376_cont120000,early_0p18_0p28,CDF_RUN_2:47,0.9612936973571777,0.9486752111106782,1.854624,1.8087740108084234
lambda1_start_expansion96_s376_cont120000,early_0p18_0p28,CDF_RUN_2:48,0.9188661575317383,0.979399456511414,1.824972,1.806305727186971
lambda1_start_expansion96_s376_cont120000,early_0p18_0p28,CDF_RUN_2:49,0.8626034259796143,0.99497283240288,1.69753,1.6933326841811103
lambda1_start_expansion96_s376_cont120000,early_0p18_0p28,CDF_RUN_2:50,0.7572726011276245,0.9998348419300568,1.6449,1.6447534011719736
lambda1_start_expansion96_s376_cont120000,early_0p18_0p28,CDF_RUN_2:51,0.6046156883239746,1.0,1.42279,1.42279
lambda1_start_expansion96_s376_cont120000,early_0p18_0p28,D0_RUN_1:14,1.2775990962982178,0.1879104824806516,2.589585,1.5241350004706335
lambda1_start_expansion96_s376_cont120000,early_0p18_0p28,D0_RUN_1:15,0.7872146368026733,0.7792496753543665,1.790634,1.5691288498184754
lambda1_start_expansion96_s376_cont120000,central_0p20_0p30,CDF_RUN_1:30,1.471429705619812,0.0012197116639461,2.72209,1.4729551505685017
lambda1_start_expansion96_s376_cont120000,central_0p20_0p30,CDF_RUN_1:31,1.1314777135849,0.0258850748744865,2.51472,1.1672830437383106
lambda1_start_expansion96_s376_cont120000,central_0p20_0p30,CDF_RUN_1:32,0.8674815893173218,0.1831302917603498,2.180565,1.1079469374213158
lambda1_start_expansion96_s376_cont120000,central_0p20_0p30,CDF_RUN_1:33,0.7941498756408691,0.549777686123881,1.75218,1.320853460648006
lambda1_start_expansion96_s376_cont120000,central_0p20_0p30,CDF_RUN_1:34,0.6522117853164673,0.8825037510074896,1.478605,1.3815068970818225
lambda1_start_expansion96_s376_cont120000,central_0p20_0p30,CDF_RUN_1:35,0.3960036635398865,0.9960358801988642,1.20233,1.1991336258034613
lambda1_start_expansion96_s376_cont120000,central_0p20_0p30,CDF_RUN_2:36,1.8757439851760864,5.164127530589625e-05,3.27554,1.87581627242746
lambda1_start_expansion96_s376_cont120000,central_0p20_0p30,CDF_RUN_2:37,1.6738581657409668,0.0023877817219835,2.91722,1.6768270424026224
lambda1_start_expansion96_s376_cont120000,central_0p20_0p30,CDF_RUN_2:38,1.4832603931427002,0.0134170653158552,2.90854,1.502383462721261
lambda1_start_expansion96_s376_cont120000,central_0p20_0p30,CDF_RUN_2:39,1.3206229209899902,0.0383530844331178,2.8682,1.379977275368019
lambda1_start_expansion96_s376_cont120000,central_0p20_0p30,CDF_RUN_2:40,1.1956760883331299,0.0798964211082592,2.4889,1.2990000505669363
lambda1_start_expansion96_s376_cont120000,central_0p20_0p30,CDF_RUN_2:41,1.1100950241088867,0.1385843072813845,2.31978,1.2777383785214549
lambda1_start_expansion96_s376_cont120000,central_0p20_0p30,CDF_RUN_2:42,1.0586625337600708,0.2131511831472797,2.33764,1.3312780939078217
lambda1_start_expansion96_s376_cont120000,central_0p20_0p30,CDF_RUN_2:43,1.0317230224609375,0.3008892555044757,2.08436,1.3484501789491476
lambda1_start_expansion96_s376_cont120000,central_0p20_0p30,CDF_RUN_2:44,1.0179753303527832,0.3980090561043118,2.07474,1.4385772390434568
lambda1_start_expansion96_s376_cont120000,central_0p20_0p30,CDF_RUN_2:45,1.0067931413650513,0.4999999999999999,1.95146,1.4791265706825256
lambda1_start_expansion96_s376_cont120000,central_0p20_0p30,CDF_RUN_2:46,0.989747166633606,0.6019909438956881,1.909664,1.5435287694573738
lambda1_start_expansion96_s376_cont120000,central_0p20_0p30,CDF_RUN_2:47,0.9612936973571777,0.6991107444955241,1.854624,1.585830510318213
lambda1_start_expansion96_s376_cont120000,central_0p20_0p30,CDF_RUN_2:48,0.9188661575317383,0.7868488168527201,1.824972,1.6318344676212273
lambda1_start_expansion96_s376_cont120000,central_0p20_0p30,CDF_RUN_2:49,0.8626034259796143,0.8614156927186152,1.69753,1.581822279108565
lambda1_start_expansion96_s376_cont120000,central_0p20_0p30,CDF_RUN_2:50,0.7572726011276245,0.9408752472293116,1.6449,1.5924192494891818
lambda1_start_expansion96_s376_cont120000,central_0p20_0p30,CDF_RUN_2:51,0.6046156883239746,0.9920975764810804,1.42279,1.4163244400768356
lambda1_start_expansion96_s376_cont120000,central_0p20_0p30,D0_RUN_1:14,1.2775990962982178,0.0206608071262849,2.589585,1.3047057840070049
lambda1_start_expansion96_s376_cont120000,central_0p20_0p30,D0_RUN_1:15,0.7872146368026733,0.4999999999999999,1.790634,1.2889243184013366
lambda1_start_expansion96_s376_cont120000,late_0p22_0p32,CDF_RUN_1:30,1.471429705619812,0.0,2.72209,1.471429705619812
lambda1_start_expansion96_s376_cont120000,late_0p22_0p32,CDF_RUN_1:31,1.1314777135849,0.0,2.51472,1.1314777135849
lambda1_start_expansion96_s376_cont120000,late_0p22_0p32,CDF_RUN_1:32,0.8674815893173218,0.0193207037777613,2.180565,0.8928512849306143
lambda1_start_expansion96_s376_cont120000,late_0p22_0p32,CDF_RUN_1:33,0.7941498756408691,0.2102966915212009,1.75218,0.995620441171239
lambda1_start_expansion96_s376_cont120000,late_0p22_0p32,CDF_RUN_1:34,0.6522117853164673,0.5852865232044726,1.478605,1.1358885967383594
lambda1_start_expansion96_s376_cont120000,late_0p22_0p32,CDF_RUN_1:35,0.3960036635398865,0.9023365088655396,1.20233,1.1235813549876457
lambda1_start_expansion96_s376_cont120000,late_0p22_0p32,CDF_RUN_2:36,1.8757439851760864,0.0,3.27554,1.8757439851760864
lambda1_start_expansion96_s376_cont120000,late_0p22_0p32,CDF_RUN_2:37,1.6738581657409668,0.0,2.91722,1.6738581657409668
lambda1_start_expansion96_s376_cont120000,late_0p22_0p32,CDF_RUN_2:38,1.4832603931427002,0.0,2.90854,1.4832603931427002
lambda1_start_expansion96_s376_cont120000,late_0p22_0p32,CDF_RUN_2:39,1.3206229209899902,0.0,2.8682,1.3206229209899902
lambda1_start_expansion96_s376_cont120000,late_0p22_0p32,CDF_RUN_2:40,1.1956760883331299,0.0003303151612864,2.4889,1.1961032597980916
lambda1_start_expansion96_s376_cont120000,late_0p22_0p32,CDF_RUN_2:41,1.1100950241088867,0.0050271675971199,2.31978,1.1161763132224092
lambda1_start_expansion96_s376_cont120000,late_0p22_0p32,CDF_RUN_2:42,1.0586625337600708,0.0206005434885857,2.33764,1.0850101646742678
lambda1_start_expansion96_s376_cont120000,late_0p22_0p32,CDF_RUN_2:43,1.0317230224609375,0.0513247888893216,2.08436,1.0857493931102236
lambda1_start_expansion96_s376_cont120000,late_0p22_0p32,CDF_RUN_2:44,1.0179753303527832,0.0990801434780254,2.07474,1.1226797254439376
lambda1_start_expansion96_s376_cont120000,late_0p22_0p32,CDF_RUN_2:45,1.0067931413650513,0.1637132978446752,1.95146,1.1614476681567483
lambda1_start_expansion96_s376_cont120000,late_0p22_0p32,CDF_RUN_2:46,0.989747166633606,0.2433979518395934,1.909664,1.2136530397377507
lambda1_start_expansion96_s376_cont120000,late_0p22_0p32,CDF_RUN_2:47,0.9612936973571777,0.3349953729225092,1.854624,1.260555215233988
lambda1_start_expansion96_s376_cont120000,late_0p22_0p32,CDF_RUN_2:48,0.9188661575317383,0.4344149545116246,1.824972,1.3124920858703055
lambda1_start_expansion96_s376_cont120000,late_0p22_0p32,CDF_RUN_2:49,0.8626034259796143,0.5369747743326755,1.69753,1.3109379346485648
lambda1_start_expansion96_s376_cont120000,late_0p22_0p32,CDF_RUN_2:50,0.7572726011276245,0.6848781819867951,1.6449,1.365189240349005
lambda1_start_expansion96_s376_cont120000,late_0p22_0p32,CDF_RUN_2:51,0.6046156883239746,0.8499258195752324,1.42279,1.3000031607306222
lambda1_start_expansion96_s376_cont120000,late_0p22_0p32,D0_RUN_1:14,1.2775990962982178,2.671437209028174e-06,2.589585,1.2776026011861787
lambda1_start_expansion96_s376_cont120000,late_0p22_0p32,D0_RUN_1:15,0.7872146368026733,0.2207503246456333,1.790634,1.008719786984198
lambda1_start_expansion96_s377_cont120000,early_0p18_0p28,CDF_RUN_1:30,1.4581294059753418,0.0892391852052237,2.72209,1.5709242195176127
lambda1_start_expansion96_s377_cont120000,early_0p18_0p28,CDF_RUN_1:31,1.1100622415542603,0.2263136792031131,2.51472,1.4279555068893135
lambda1_start_expansion96_s377_cont120000,early_0p18_0p28,CDF_RUN_1:32,0.8470823764801025,0.5139631863662977,2.180565,1.5324433546284792
lambda1_start_expansion96_s377_cont120000,early_0p18_0p28,CDF_RUN_1:33,0.7896764278411865,0.8606209544870957,1.75218,1.6180271708097438
lambda1_start_expansion96_s377_cont120000,early_0p18_0p28,CDF_RUN_1:34,0.6522091627120972,0.9935104948187734,1.478605,1.473242099932176
lambda1_start_expansion96_s377_cont120000,early_0p18_0p28,CDF_RUN_1:35,0.38951635360717773,1.0,1.20233,1.20233
lambda1_start_expansion96_s377_cont120000,early_0p18_0p28,CDF_RUN_2:36,1.8719768524169922,0.0629515791727313,3.27554,1.9603333690259919
lambda1_start_expansion96_s377_cont120000,early_0p18_0p28,CDF_RUN_2:37,1.6685705184936523,0.1155267912377162,2.91722,1.8128229864727186
lambda1_start_expansion96_s377_cont120000,early_0p18_0p28,CDF_RUN_2:38,1.476519227027893,0.1846215696118183,2.90854,1.7409011498507327
lambda1_start_expansion96_s377_cont120000,early_0p18_0p28,CDF_RUN_2:39,1.31289541721344,0.2680057887944079,2.8682,1.7297260487387094
lambda1_start_expansion96_s377_cont120000,early_0p18_0p28,CDF_RUN_2:40,1.187665343284607,0.3622378472320013,2.4889,1.659021784076863
lambda1_start_expansion96_s377_cont120000,early_0p18_0p28,CDF_RUN_2:41,1.1025587320327759,0.4630252256673241,2.31978,1.6661628843203662
lambda1_start_expansion96_s377_cont120000,early_0p18_0p28,CDF_RUN_2:42,1.0522291660308838,0.5655850454883751,2.33764,1.7792383110325565
lambda1_start_expansion96_s377_cont120000,early_0p18_0p28,CDF_RUN_2:43,1.0267927646636963,0.6650046270774903,2.08436,1.7300798696078874
lambda1_start_expansion96_s377_cont120000,early_0p18_0p28,CDF_RUN_2:44,1.0146746635437012,0.7566020481604062,2.07474,1.8167222682903867
lambda1_start_expansion96_s377_cont120000,early_0p18_0p28,CDF_RUN_2:45,1.0049992799758911,0.8362867021553243,1.95146,1.7965117942444069
lambda1_start_expansion96_s377_cont120000,early_0p18_0p28,CDF_RUN_2:46,0.9891437292098999,0.9009198565219744,1.909664,1.818458719495686
lambda1_start_expansion96_s377_cont120000,early_0p18_0p28,CDF_RUN_2:47,0.9614543914794922,0.9486752111106782,1.854624,1.8087822584003268
lambda1_start_expansion96_s377_cont120000,early_0p18_0p28,CDF_RUN_2:48,0.9193333387374878,0.979399456511414,1.824972,1.806315351373717
lambda1_start_expansion96_s377_cont120000,early_0p18_0p28,CDF_RUN_2:49,0.8629642724990845,0.99497283240288,1.69753,1.6933344982170406
lambda1_start_expansion96_s377_cont120000,early_0p18_0p28,CDF_RUN_2:50,0.7568762302398682,0.9998348419300568,1.6449,1.6447533357081228
lambda1_start_expansion96_s377_cont120000,early_0p18_0p28,CDF_RUN_2:51,0.6028656959533691,1.0,1.42279,1.42279
lambda1_start_expansion96_s377_cont120000,early_0p18_0p28,D0_RUN_1:14,1.2625665664672852,0.1879104824806516,2.589585,1.511927240573136
lambda1_start_expansion96_s377_cont120000,early_0p18_0p28,D0_RUN_1:15,0.7784122228622437,0.7792496753543665,1.790634,1.5671857140834604
lambda1_start_expansion96_s377_cont120000,central_0p20_0p30,CDF_RUN_1:30,1.4581294059753418,0.0012197116639461,2.72209,1.4596710734546419
lambda1_start_expansion96_s377_cont120000,central_0p20_0p30,CDF_RUN_1:31,1.1100622415542603,0.0258850748744865,2.51472,1.1464219128046564
lambda1_start_expansion96_s377_cont120000,central_0p20_0p30,CDF_RUN_1:32,0.8470823764801025,0.1831302917603498,2.180565,1.091283438382658
lambda1_start_expansion96_s377_cont120000,central_0p20_0p30,CDF_RUN_1:33,0.7896764278411865,0.549777686123881,1.75218,1.3188394146286289
lambda1_start_expansion96_s377_cont120000,central_0p20_0p30,CDF_RUN_1:34,0.6522091627120972,0.8825037510074896,1.478605,1.3815065889356464
lambda1_start_expansion96_s377_cont120000,central_0p20_0p30,CDF_RUN_1:35,0.38951635360717773,0.9960358801988642,1.20233,1.1991079093297008
lambda1_start_expansion96_s377_cont120000,central_0p20_0p30,CDF_RUN_2:36,1.8719768524169922,5.164127530589625e-05,3.27554,1.8720493342079059
lambda1_start_expansion96_s377_cont120000,central_0p20_0p30,CDF_RUN_2:37,1.6685705184936523,0.0023877817219835,2.91722,1.6715520209027575
lambda1_start_expansion96_s377_cont120000,central_0p20_0p30,CDF_RUN_2:38,1.476519227027893,0.0134170653158552,2.90854,1.4957327432725214
lambda1_start_expansion96_s377_cont120000,central_0p20_0p30,CDF_RUN_2:39,1.31289541721344,0.0383530844331178,2.8682,1.372546145196268
lambda1_start_expansion96_s377_cont120000,central_0p20_0p30,CDF_RUN_2:40,1.187665343284607,0.0798964211082592,2.4889,1.2916293353782011
lambda1_start_expansion96_s377_cont120000,central_0p20_0p30,CDF_RUN_2:41,1.1025587320327759,0.1385843072813845,2.31978,1.2712464982621823
lambda1_start_expansion96_s377_cont120000,central_0p20_0p30,CDF_RUN_2:42,1.0522291660308838,0.2131511831472797,2.33764,1.3262160061217325
lambda1_start_expansion96_s377_cont120000,central_0p20_0p30,CDF_RUN_2:43,1.0267927646636963,0.3008892555044757,2.08436,1.3450033827499634
lambda1_start_expansion96_s377_cont120000,central_0p20_0p30,CDF_RUN_2:44,1.0146746635437012,0.3980090561043118,2.07474,1.4365902675155724
lambda1_start_expansion96_s377_cont120000,central_0p20_0p30,CDF_RUN_2:45,1.0049992799758911,0.4999999999999999,1.95146,1.4782296399879455
lambda1_start_expansion96_s377_cont120000,central_0p20_0p30,CDF_RUN_2:46,0.9891437292098999,0.6019909438956881,1.909664,1.5432885958979465
lambda1_start_expansion96_s377_cont120000,central_0p20_0p30,CDF_RUN_2:47,0.9614543914794922,0.6991107444955241,1.854624,1.5858788614530401
lambda1_start_expansion96_s377_cont120000,central_0p20_0p30,CDF_RUN_2:48,0.9193333387374878,0.7868488168527201,1.824972,1.631934047847977
lambda1_start_expansion96_s377_cont120000,central_0p20_0p30,CDF_RUN_2:49,0.8629642724990845,0.8614156927186152,1.69753,1.5818722867735007
lambda1_start_expansion96_s377_cont120000,central_0p20_0p30,CDF_RUN_2:50,0.7568762302398682,0.9408752472293116,1.6449,1.5923958141584376
lambda1_start_expansion96_s377_cont120000,central_0p20_0p30,CDF_RUN_2:51,0.6028656959533691,0.9920975764810804,1.42279,1.4163106108959682
lambda1_start_expansion96_s377_cont120000,central_0p20_0p30,D0_RUN_1:14,1.2625665664672852,0.0206608071262849,2.589585,1.2899838383755293
lambda1_start_expansion96_s377_cont120000,central_0p20_0p30,D0_RUN_1:15,0.7784122228622437,0.4999999999999999,1.790634,1.2845231114311217
lambda1_start_expansion96_s377_cont120000,late_0p22_0p32,CDF_RUN_1:30,1.4581294059753418,0.0,2.72209,1.4581294059753418
lambda1_start_expansion96_s377_cont120000,late_0p22_0p32,CDF_RUN_1:31,1.1100622415542603,0.0,2.51472,1.1100622415542603
lambda1_start_expansion96_s377_cont120000,late_0p22_0p32,CDF_RUN_1:32,0.8470823764801025,0.0193207037777613,2.180565,0.8728461992419225
lambda1_start_expansion96_s377_cont120000,late_0p22_0p32,CDF_RUN_1:33,0.7896764278411865,0.2102966915212009,1.75218,0.9920877446435226
lambda1_start_expansion96_s377_cont120000,late_0p22_0p32,CDF_RUN_1:34,0.6522091627120972,0.5852865232044726,1.478605,1.1358875091089828
lambda1_start_expansion96_s377_cont120000,late_0p22_0p32,CDF_RUN_1:35,0.38951635360717773,0.9023365088655396,1.20233,1.122947781651546
lambda1_start_expansion96_s377_cont120000,late_0p22_0p32,CDF_RUN_2:36,1.8719768524169922,0.0,3.27554,1.8719768524169922
lambda1_start_expansion96_s377_cont120000,late_0p22_0p32,CDF_RUN_2:37,1.6685705184936523,0.0,2.91722,1.6685705184936523
lambda1_start_expansion96_s377_cont120000,late_0p22_0p32,CDF_RUN_2:38,1.476519227027893,0.0,2.90854,1.476519227027893
lambda1_start_expansion96_s377_cont120000,late_0p22_0p32,CDF_RUN_2:39,1.31289541721344,0.0,2.8682,1.31289541721344
lambda1_start_expansion96_s377_cont120000,late_0p22_0p32,CDF_RUN_2:40,1.187665343284607,0.0003303151612864,2.4889,1.1880951608201114
lambda1_start_expansion96_s377_cont120000,late_0p22_0p32,CDF_RUN_2:41,1.1025587320327759,0.0050271675971199,2.31978,1.1086779073496258
lambda1_start_expansion96_s377_cont120000,late_0p22_0p32,CDF_RUN_2:42,1.0522291660308838,0.0206005434885857,2.33764,1.0787093278167639
lambda1_start_expansion96_s377_cont120000,late_0p22_0p32,CDF_RUN_2:43,1.0267927646636963,0.0513247888893216,2.08436,1.0810721797535956
lambda1_start_expansion96_s377_cont120000,late_0p22_0p32,CDF_RUN_2:44,1.0146746635437012,0.0990801434780254,2.07474,1.1197060891758726
lambda1_start_expansion96_s377_cont120000,late_0p22_0p32,CDF_RUN_2:45,1.0049992799758911,0.1637132978446752,1.95146,1.1599474857314838
lambda1_start_expansion96_s377_cont120000,late_0p22_0p32,CDF_RUN_2:46,0.9891437292098999,0.2433979518395934,1.909664,1.213196477747038
lambda1_start_expansion96_s377_cont120000,late_0p22_0p32,CDF_RUN_2:47,0.9614543914794922,0.3349953729225092,1.854624,1.2606620775688713
lambda1_start_expansion96_s377_cont120000,late_0p22_0p32,CDF_RUN_2:48,0.9193333387374878,0.4344149545116246,1.824972,1.3127563165738105
lambda1_start_expansion96_s377_cont120000,late_0p22_0p32,CDF_RUN_2:49,0.8629642724990845,0.5369747743326755,1.69753,1.3111050156896737
lambda1_start_expansion96_s377_cont120000,late_0p22_0p32,CDF_RUN_2:50,0.7568762302398682,0.6848781819867951,1.6449,1.3650643352342475
lambda1_start_expansion96_s377_cont120000,late_0p22_0p32,CDF_RUN_2:51,0.6028656959533691,0.8499258195752324,1.42279,1.299740532059854
lambda1_start_expansion96_s377_cont120000,late_0p22_0p32,D0_RUN_1:14,1.2625665664672852,2.671437209028174e-06,2.589585,1.2625701115137056
lambda1_start_expansion96_s377_cont120000,late_0p22_0p32,D0_RUN_1:15,0.7784122228622437,0.2207503246456333,1.790634,1.0018605087787833
lambda1_start_expansion96_s378_cont120000,early_0p18_0p28,CDF_RUN_1:30,1.4640986919403076,0.0892391852052237,2.72209,1.5763608112668082
lambda1_start_expansion96_s378_cont120000,early_0p18_0p28,CDF_RUN_1:31,1.1120545864105225,0.2263136792031131,2.51472,1.4294969568509135
lambda1_start_expansion96_s378_cont120000,early_0p18_0p28,CDF_RUN_1:32,0.8479293584823608,0.5139631863662977,2.180565,1.532855019062062
lambda1_start_expansion96_s378_cont120000,early_0p18_0p28,CDF_RUN_1:33,0.7921345233917236,0.8606209544870957,1.75218,1.6183697778213573
lambda1_start_expansion96_s378_cont120000,early_0p18_0p28,CDF_RUN_1:34,0.6524326801300049,0.9935104948187734,1.478605,1.4732435504496175
lambda1_start_expansion96_s378_cont120000,early_0p18_0p28,CDF_RUN_1:35,0.3900953531265259,1.0,1.20233,1.20233
lambda1_start_expansion96_s378_cont120000,early_0p18_0p28,CDF_RUN_2:36,1.893056869506836,0.0629515791727313,3.27554,1.9800863657510417
lambda1_start_expansion96_s378_cont120000,early_0p18_0p28,CDF_RUN_2:37,1.693709373474121,0.1155267912377162,2.91722,1.8350576302019035
lambda1_start_expansion96_s378_cont120000,early_0p18_0p28,CDF_RUN_2:38,1.5046579837799072,0.1846215696118183,2.90854,1.763844885164265
lambda1_start_expansion96_s378_cont120000,early_0p18_0p28,CDF_RUN_2:39,1.3424158096313477,0.2680057887944079,2.8682,1.7513348051011355
lambda1_start_expansion96_s378_cont120000,early_0p18_0p28,CDF_RUN_2:40,1.2168052196502686,0.3622378472320013,2.4889,1.6776060943592208
lambda1_start_expansion96_s378_cont120000,early_0p18_0p28,CDF_RUN_2:41,1.1296815872192383,0.4630252256673241,2.31978,1.6807271733633748
lambda1_start_expansion96_s378_cont120000,early_0p18_0p28,CDF_RUN_2:42,1.0759975910186768,0.5655850454883751,2.33764,1.7895636702924416
lambda1_start_expansion96_s378_cont120000,early_0p18_0p28,CDF_RUN_2:43,1.0462524890899658,0.6650046270774903,2.08436,1.736598787249035
lambda1_start_expansion96_s378_cont120000,early_0p18_0p28,CDF_RUN_2:44,1.0293388366699219,0.7566020481604062,2.07474,1.8202914979947302
lambda1_start_expansion96_s378_cont120000,early_0p18_0p28,CDF_RUN_2:45,1.0149108171463013,0.8362867021553243,1.95146,1.7981344446812848
lambda1_start_expansion96_s378_cont120000,early_0p18_0p28,CDF_RUN_2:46,0.9948703050613403,0.9009198565219744,1.909664,1.8190261094526845
lambda1_start_expansion96_s378_cont120000,early_0p18_0p28,CDF_RUN_2:47,0.9640390872955322,0.9486752111106782,1.854624,1.8089149173674282
lambda1_start_expansion96_s378_cont120000,early_0p18_0p28,CDF_RUN_2:48,0.9201337099075317,0.979399456511414,1.824972,1.8063318394548125
lambda1_start_expansion96_s378_cont120000,early_0p18_0p28,CDF_RUN_2:49,0.8634219169616699,0.99497283240288,1.69753,1.693336798872454
lambda1_start_expansion96_s378_cont120000,early_0p18_0p28,CDF_RUN_2:50,0.7592301368713379,0.9998348419300568,1.6449,1.6447537244747987
lambda1_start_expansion96_s378_cont120000,early_0p18_0p28,CDF_RUN_2:51,0.6096124649047852,1.0,1.42279,1.42279
lambda1_start_expansion96_s378_cont120000,early_0p18_0p28,D0_RUN_1:14,1.2688689231872559,0.1879104824806516,2.589585,1.5170453184010921
lambda1_start_expansion96_s378_cont120000,early_0p18_0p28,D0_RUN_1:15,0.7807155847549438,0.7792496753543665,1.790634,1.5676941819690502
lambda1_start_expansion96_s378_cont120000,central_0p20_0p30,CDF_RUN_1:30,1.4640986919403076,0.0012197116639461,2.72209,1.4656330786118907
lambda1_start_expansion96_s378_cont120000,central_0p20_0p30,CDF_RUN_1:31,1.1120545864105225,0.0258850748744865,2.51472,1.1483626856651385
lambda1_start_expansion96_s378_cont120000,central_0p20_0p30,CDF_RUN_1:32,0.8479293584823608,0.1831302917603498,2.180565,1.091975312323727
lambda1_start_expansion96_s378_cont120000,central_0p20_0p30,CDF_RUN_1:33,0.7921345233917236,0.549777686123881,1.75218,1.3199461040951204
lambda1_start_expansion96_s378_cont120000,central_0p20_0p30,CDF_RUN_1:34,0.6524326801300049,0.8825037510074896,1.478605,1.381532851393835
lambda1_start_expansion96_s378_cont120000,central_0p20_0p30,CDF_RUN_1:35,0.3900953531265259,0.9960358801988642,1.20233,1.1991102045531603
lambda1_start_expansion96_s378_cont120000,central_0p20_0p30,CDF_RUN_2:36,1.893056869506836,5.164127530589625e-05,3.27554,1.8931282626987835
lambda1_start_expansion96_s378_cont120000,central_0p20_0p30,CDF_RUN_2:37,1.693709373474121,0.0023877817219835,2.91722,1.6966308497847922
lambda1_start_expansion96_s378_cont120000,central_0p20_0p30,CDF_RUN_2:38,1.5046579837799072,0.0134170653158552,2.90854,1.5234939604872868
lambda1_start_expansion96_s378_cont120000,central_0p20_0p30,CDF_RUN_2:39,1.3424158096313477,0.0383530844331178,2.8682,1.4009343395112728
lambda1_start_expansion96_s378_cont120000,central_0p20_0p30,CDF_RUN_2:40,1.2168052196502686,0.0798964211082592,2.4889,1.3184410399107094
lambda1_start_expansion96_s378_cont120000,central_0p20_0p30,CDF_RUN_2:41,1.1296815872192383,0.1385843072813845,2.31978,1.2946105513511355
lambda1_start_expansion96_s378_cont120000,central_0p20_0p30,CDF_RUN_2:42,1.0759975910186768,0.2131511831472797,2.33764,1.34491816320183
lambda1_start_expansion96_s378_cont120000,central_0p20_0p30,CDF_RUN_2:43,1.0462524890899658,0.3008892555044757,2.08436,1.3586078851812906
lambda1_start_expansion96_s378_cont120000,central_0p20_0p30,CDF_RUN_2:44,1.0293388366699219,0.3980090561043118,2.07474,1.4454179669372758
lambda1_start_expansion96_s378_cont120000,central_0p20_0p30,CDF_RUN_2:45,1.0149108171463013,0.4999999999999999,1.95146,1.4831854085731506
lambda1_start_expansion96_s378_cont120000,central_0p20_0p30,CDF_RUN_2:46,0.9948703050613403,0.6019909438956881,1.909664,1.5455678249472882
lambda1_start_expansion96_s378_cont120000,central_0p20_0p30,CDF_RUN_2:47,0.9640390872955322,0.6991107444955241,1.854624,1.586656568652834
lambda1_start_expansion96_s378_cont120000,central_0p20_0p30,CDF_RUN_2:48,0.9201337099075317,0.7868488168527201,1.824972,1.6321046479098287
lambda1_start_expansion96_s378_cont120000,central_0p20_0p30,CDF_RUN_2:49,0.8634219169616699,0.8614156927186152,1.69753,1.5819357091143293
lambda1_start_expansion96_s378_cont120000,central_0p20_0p30,CDF_RUN_2:50,0.7592301368713379,0.9408752472293116,1.6449,1.5925349883060684
lambda1_start_expansion96_s378_cont120000,central_0p20_0p30,CDF_RUN_2:51,0.6096124649047852,0.9920975764810804,1.42279,1.4163639267216064
lambda1_start_expansion96_s378_cont120000,central_0p20_0p30,D0_RUN_1:14,1.2688689231872559,0.0206608071262849,2.589585,1.2961559833188676
lambda1_start_expansion96_s378_cont120000,central_0p20_0p30,D0_RUN_1:15,0.7807155847549438,0.4999999999999999,1.790634,1.2856747923774718
lambda1_start_expansion96_s378_cont120000,late_0p22_0p32,CDF_RUN_1:30,1.4640986919403076,0.0,2.72209,1.4640986919403076
lambda1_start_expansion96_s378_cont120000,late_0p22_0p32,CDF_RUN_1:31,1.1120545864105225,0.0,2.51472,1.1120545864105225
lambda1_start_expansion96_s378_cont120000,late_0p22_0p32,CDF_RUN_1:32,0.8479293584823608,0.0193207037777613,2.180565,0.8736768169558101
lambda1_start_expansion96_s378_cont120000,late_0p22_0p32,CDF_RUN_1:33,0.7921345233917236,0.2102966915212009,1.75218,0.9940289108323386
lambda1_start_expansion96_s378_cont120000,late_0p22_0p32,CDF_RUN_1:34,0.6524326801300049,0.5852865232044726,1.478605,1.1359802047944876
lambda1_start_expansion96_s378_cont120000,late_0p22_0p32,CDF_RUN_1:35,0.3900953531265259,0.9023365088655396,1.20233,1.1230043287659708
lambda1_start_expansion96_s378_cont120000,late_0p22_0p32,CDF_RUN_2:36,1.893056869506836,0.0,3.27554,1.893056869506836
lambda1_start_expansion96_s378_cont120000,late_0p22_0p32,CDF_RUN_2:37,1.693709373474121,0.0,2.91722,1.693709373474121
lambda1_start_expansion96_s378_cont120000,late_0p22_0p32,CDF_RUN_2:38,1.5046579837799072,0.0,2.90854,1.5046579837799072
lambda1_start_expansion96_s378_cont120000,late_0p22_0p32,CDF_RUN_2:39,1.3424158096313477,0.0,2.8682,1.3424158096313477
lambda1_start_expansion96_s378_cont120000,late_0p22_0p32,CDF_RUN_2:40,1.2168052196502686,0.0003303151612864,2.4889,1.2172254118428114
lambda1_start_expansion96_s378_cont120000,late_0p22_0p32,CDF_RUN_2:41,1.1296815872192383,0.0050271675971199,2.31978,1.1356644113973537
lambda1_start_expansion96_s378_cont120000,late_0p22_0p32,CDF_RUN_2:42,1.0759975910186768,0.0206005434885857,2.33764,1.1019881103319407
lambda1_start_expansion96_s378_cont120000,late_0p22_0p32,CDF_RUN_2:43,1.0462524890899658,0.0513247888893216,2.08436,1.0995331379318425
lambda1_start_expansion96_s378_cont120000,late_0p22_0p32,CDF_RUN_2:44,1.0293388366699219,0.0990801434780254,2.07474,1.1329173339247607
lambda1_start_expansion96_s378_cont120000,late_0p22_0p32,CDF_RUN_2:45,1.0149108171463013,0.1637132978446752,1.95146,1.168236372465016
lambda1_start_expansion96_s378_cont120000,late_0p22_0p32,CDF_RUN_2:46,0.9948703050613403,0.2433979518395934,1.909664,1.2175292167651839
lambda1_start_expansion96_s378_cont120000,late_0p22_0p32,CDF_RUN_2:47,0.9640390872955322,0.3349953729225092,1.854624,1.2623809122461256
lambda1_start_expansion96_s378_cont120000,late_0p22_0p32,CDF_RUN_2:48,0.9201337099075317,0.4344149545116246,1.824972,1.3132089945384275
lambda1_start_expansion96_s378_cont120000,late_0p22_0p32,CDF_RUN_2:49,0.8634219169616699,0.5369747743326755,1.69753,1.3113169166202376
lambda1_start_expansion96_s378_cont120000,late_0p22_0p32,CDF_RUN_2:50,0.7592301368713379,0.6848781819867951,1.6449,1.3658061025713897
lambda1_start_expansion96_s378_cont120000,late_0p22_0p32,CDF_RUN_2:51,0.6096124649047852,0.8499258195752324,1.42279,1.300753047880753
lambda1_start_expansion96_s378_cont120000,late_0p22_0p32,D0_RUN_1:14,1.2688689231872559,2.671437209028174e-06,2.589585,1.2688724513973262
lambda1_start_expansion96_s378_cont120000,late_0p22_0p32,D0_RUN_1:15,0.7807155847549438,0.2207503246456333,1.790634,1.0036554027858935
lambda1_start_expansion96_s379_cont120000,early_0p18_0p28,CDF_RUN_1:30,1.5053455829620361,0.0892391852052237,2.72209,1.613926863341509
lambda1_start_expansion96_s379_cont120000,early_0p18_0p28,CDF_RUN_1:31,1.1622344255447388,0.2263136792031131,2.51472,1.468320411968845
lambda1_start_expansion96_s379_cont120000,early_0p18_0p28,CDF_RUN_1:32,0.8921685218811035,0.5139631863662977,2.180565,1.5543568810782076
lambda1_start_expansion96_s379_cont120000,early_0p18_0p28,CDF_RUN_1:33,0.8064894676208496,0.8606209544870957,1.75218,1.620370556246404
lambda1_start_expansion96_s379_cont120000,early_0p18_0p28,CDF_RUN_1:34,0.6532416343688965,0.9935104948187734,1.478605,1.4732488001623423
lambda1_start_expansion96_s379_cont120000,early_0p18_0p28,CDF_RUN_1:35,0.4050355553627014,1.0,1.20233,1.20233
lambda1_start_expansion96_s379_cont120000,early_0p18_0p28,CDF_RUN_2:36,1.9008350372314453,0.0629515791727313,3.27554,1.9873748855343165
lambda1_start_expansion96_s379_cont120000,early_0p18_0p28,CDF_RUN_2:37,1.7025270462036133,0.1155267912377162,2.91722,1.8428566254947731
lambda1_start_expansion96_s379_cont120000,early_0p18_0p28,CDF_RUN_2:38,1.512582778930664,0.1846215696118183,2.90854,1.7703065921954368
lambda1_start_expansion96_s379_cont120000,early_0p18_0p28,CDF_RUN_2:39,1.348759412765503,0.2680057887944079,2.8682,1.755978285873523
lambda1_start_expansion96_s379_cont120000,early_0p18_0p28,CDF_RUN_2:40,1.2219027280807495,0.3622378472320013,2.4889,1.6808570923095973
lambda1_start_expansion96_s379_cont120000,early_0p18_0p28,CDF_RUN_2:41,1.134272813796997,0.4630252256673241,2.31978,1.683192546218877
lambda1_start_expansion96_s379_cont120000,early_0p18_0p28,CDF_RUN_2:42,1.0805870294570923,0.5655850454883751,2.33764,1.7915573909829
lambda1_start_expansion96_s379_cont120000,early_0p18_0p28,CDF_RUN_2:43,1.050784707069397,0.6650046270774903,2.08436,1.7381170593012205
lambda1_start_expansion96_s379_cont120000,early_0p18_0p28,CDF_RUN_2:44,1.0332226753234863,0.7566020481604062,2.07474,1.8212368163682833
lambda1_start_expansion96_s379_cont120000,early_0p18_0p28,CDF_RUN_2:45,1.0173654556274414,0.8362867021553243,1.95146,1.7985363016420486
lambda1_start_expansion96_s379_cont120000,early_0p18_0p28,CDF_RUN_2:46,0.9953436851501465,0.9009198565219744,1.909664,1.819073012019803
lambda1_start_expansion96_s379_cont120000,early_0p18_0p28,CDF_RUN_2:47,0.9625073671340942,0.9486752111106782,1.854624,1.808836302153505
lambda1_start_expansion96_s379_cont120000,early_0p18_0p28,CDF_RUN_2:48,0.9171484708786011,0.979399456511414,1.824972,1.806270341908373
lambda1_start_expansion96_s379_cont120000,early_0p18_0p28,CDF_RUN_2:49,0.8599419593811035,0.99497283240288,1.69753,1.6933193045424655
lambda1_start_expansion96_s379_cont120000,early_0p18_0p28,CDF_RUN_2:50,0.7569719552993774,0.9998348419300568,1.6449,1.6447533515178887
lambda1_start_expansion96_s379_cont120000,early_0p18_0p28,CDF_RUN_2:51,0.6106135845184326,1.0,1.42279,1.42279
lambda1_start_expansion96_s379_cont120000,early_0p18_0p28,D0_RUN_1:14,1.3085256814956665,0.1879104824806516,2.589585,1.5492501561221506
lambda1_start_expansion96_s379_cont120000,early_0p18_0p28,D0_RUN_1:15,0.8005012273788452,0.7792496753543665,1.790634,1.572061869001599
lambda1_start_expansion96_s379_cont120000,central_0p20_0p30,CDF_RUN_1:30,1.5053455829620361,0.0012197116639461,2.72209,1.5068296603195386
lambda1_start_expansion96_s379_cont120000,central_0p20_0p30,CDF_RUN_1:31,1.1622344255447388,0.0258850748744865,2.51472,1.197243615906176
lambda1_start_expansion96_s379_cont120000,central_0p20_0p30,CDF_RUN_1:32,0.8921685218811035,0.1831302917603498,2.180565,1.1281129448220242
lambda1_start_expansion96_s379_cont120000,central_0p20_0p30,CDF_RUN_1:33,0.8064894676208496,0.549777686123881,1.75218,1.3264090203015202
lambda1_start_expansion96_s379_cont120000,central_0p20_0p30,CDF_RUN_1:34,0.6532416343688965,0.8825037510074896,1.478605,1.3816279004825114
lambda1_start_expansion96_s379_cont120000,central_0p20_0p30,CDF_RUN_1:35,0.4050355553627014,0.9960358801988642,1.20233,1.1991694293046777
lambda1_start_expansion96_s379_cont120000,central_0p20_0p30,CDF_RUN_2:36,1.9008350372314453,5.164127530589625e-05,3.27554,1.9009060287488921
lambda1_start_expansion96_s379_cont120000,central_0p20_0p30,CDF_RUN_2:37,1.7025270462036133,0.0023877817219835,2.91722,1.7054274678365104
lambda1_start_expansion96_s379_cont120000,central_0p20_0p30,CDF_RUN_2:38,1.512582778930664,0.0134170653158552,2.90854,1.531312428143891
lambda1_start_expansion96_s379_cont120000,central_0p20_0p30,CDF_RUN_2:39,1.348759412765503,0.0383530844331178,2.8682,1.4070346458988137
lambda1_start_expansion96_s379_cont120000,central_0p20_0p30,CDF_RUN_2:40,1.2219027280807495,0.0798964211082592,2.4889,1.3231312756610256
lambda1_start_expansion96_s379_cont120000,central_0p20_0p30,CDF_RUN_2:41,1.134272813796997,0.1385843072813845,2.31978,1.2985655059740435
lambda1_start_expansion96_s379_cont120000,central_0p20_0p30,CDF_RUN_2:42,1.0805870294570923,0.2131511831472797,2.33764,1.3485293574071158
lambda1_start_expansion96_s379_cont120000,central_0p20_0p30,CDF_RUN_2:43,1.050784707069397,0.3008892555044757,2.08436,1.3617764074671066
lambda1_start_expansion96_s379_cont120000,central_0p20_0p30,CDF_RUN_2:44,1.0332226753234863,0.3980090561043118,2.07474,1.4477560026342737
lambda1_start_expansion96_s379_cont120000,central_0p20_0p30,CDF_RUN_2:45,1.0173654556274414,0.4999999999999999,1.95146,1.4844127278137207
lambda1_start_expansion96_s379_cont120000,central_0p20_0p30,CDF_RUN_2:46,0.9953436851501465,0.6019909438956881,1.909664,1.5457562345096125
lambda1_start_expansion96_s379_cont120000,central_0p20_0p30,CDF_RUN_2:47,0.9625073671340942,0.6991107444955241,1.854624,1.5861956905138177
lambda1_start_expansion96_s379_cont120000,central_0p20_0p30,CDF_RUN_2:48,0.9171484708786011,0.7868488168527201,1.824972,1.6314683406788348
lambda1_start_expansion96_s379_cont120000,central_0p20_0p30,CDF_RUN_2:49,0.8599419593811035,0.8614156927186152,1.69753,1.5814534416036579
lambda1_start_expansion96_s379_cont120000,central_0p20_0p30,CDF_RUN_2:50,0.7569719552993774,0.9408752472293116,1.6449,1.592401473878915
lambda1_start_expansion96_s379_cont120000,central_0p20_0p30,CDF_RUN_2:51,0.6106135845184326,0.9920975764810804,1.42279,1.4163718379927865
lambda1_start_expansion96_s379_cont120000,central_0p20_0p30,D0_RUN_1:14,1.3085256814956665,0.0206608071262849,2.589585,1.3349934009926145
lambda1_start_expansion96_s379_cont120000,central_0p20_0p30,D0_RUN_1:15,0.8005012273788452,0.4999999999999999,1.790634,1.2955676136894225
lambda1_start_expansion96_s379_cont120000,late_0p22_0p32,CDF_RUN_1:30,1.5053455829620361,0.0,2.72209,1.5053455829620361
lambda1_start_expansion96_s379_cont120000,late_0p22_0p32,CDF_RUN_1:31,1.1622344255447388,0.0,2.51472,1.1622344255447388
lambda1_start_expansion96_s379_cont120000,late_0p22_0p32,CDF_RUN_1:32,0.8921685218811035,0.0193207037777613,2.180565,0.9170612485831496
lambda1_start_expansion96_s379_cont120000,late_0p22_0p32,CDF_RUN_1:33,0.8064894676208496,0.2102966915212009,1.75218,1.0053650577831081
lambda1_start_expansion96_s379_cont120000,late_0p22_0p32,CDF_RUN_1:34,0.6532416343688965,0.5852865232044726,1.478605,1.136315689019467
lambda1_start_expansion96_s379_cont120000,late_0p22_0p32,CDF_RUN_1:35,0.4050355553627014,0.9023365088655396,1.20233,1.1244634410746106
lambda1_start_expansion96_s379_cont120000,late_0p22_0p32,CDF_RUN_2:36,1.9008350372314453,0.0,3.27554,1.9008350372314453
lambda1_start_expansion96_s379_cont120000,late_0p22_0p32,CDF_RUN_2:37,1.7025270462036133,0.0,2.91722,1.7025270462036133
lambda1_start_expansion96_s379_cont120000,late_0p22_0p32,CDF_RUN_2:38,1.512582778930664,0.0,2.90854,1.512582778930664
lambda1_start_expansion96_s379_cont120000,late_0p22_0p32,CDF_RUN_2:39,1.348759412765503,0.0,2.8682,1.348759412765503
lambda1_start_expansion96_s379_cont120000,late_0p22_0p32,CDF_RUN_2:40,1.2219027280807495,0.0003303151612864,2.4889,1.2223212364889728
lambda1_start_expansion96_s379_cont120000,late_0p22_0p32,CDF_RUN_2:41,1.134272813796997,0.0050271675971199,2.31978,1.1402325571096297
lambda1_start_expansion96_s379_cont120000,late_0p22_0p32,CDF_RUN_2:42,1.0805870294570923,0.0206005434885857,2.33764,1.1064830038442175
lambda1_start_expansion96_s379_cont120000,late_0p22_0p32,CDF_RUN_2:43,1.050784707069397,0.0513247888893216,2.08436,1.103832740780279
lambda1_start_expansion96_s379_cont120000,late_0p22_0p32,CDF_RUN_2:44,1.0332226753234863,0.0990801434780254,2.07474,1.1364163612872844
lambda1_start_expansion96_s379_cont120000,late_0p22_0p32,CDF_RUN_2:45,1.0173654556274414,0.1637132978446752,1.95146,1.1702891539853923
lambda1_start_expansion96_s379_cont120000,late_0p22_0p32,CDF_RUN_2:46,0.9953436851501465,0.2433979518395934,1.909664,1.217887377109933
lambda1_start_expansion96_s379_cont120000,late_0p22_0p32,CDF_RUN_2:47,0.9625073671340942,0.3349953729225092,1.854624,1.2613623112513817
lambda1_start_expansion96_s379_cont120000,late_0p22_0p32,CDF_RUN_2:48,0.9171484708786011,0.4344149545116246,1.824972,1.3115205879864562
lambda1_start_expansion96_s379_cont120000,late_0p22_0p32,CDF_RUN_2:49,0.8599419593811035,0.5369747743326755,1.69753,1.3097056084761833
lambda1_start_expansion96_s379_cont120000,late_0p22_0p32,CDF_RUN_2:50,0.7569719552993774,0.6848781819867951,1.6449,1.3650945002890296
lambda1_start_expansion96_s379_cont120000,late_0p22_0p32,CDF_RUN_2:51,0.6106135845184326,0.8499258195752324,1.42279,1.3009032900862783
lambda1_start_expansion96_s379_cont120000,late_0p22_0p32,D0_RUN_1:14,1.3085256814956665,2.671437209028174e-06,2.589585,1.308529103765197
lambda1_start_expansion96_s379_cont120000,late_0p22_0p32,D0_RUN_1:15,0.8005012273788452,0.2207503246456333,1.790634,1.0190733583772462
lambda1_start_expansion96_s380_cont120000,early_0p18_0p28,CDF_RUN_1:30,1.457062005996704,0.0892391852052237,2.72209,1.569952073443357
lambda1_start_expansion96_s380_cont120000,early_0p18_0p28,CDF_RUN_1:31,1.1044150590896606,0.2263136792031131,2.51472,1.4235863590654088
lambda1_start_expansion96_s380_cont120000,early_0p18_0p28,CDF_RUN_1:32,0.8410836458206177,0.5139631863662977,2.180565,1.5295277506928964
lambda1_start_expansion96_s380_cont120000,early_0p18_0p28,CDF_RUN_1:33,0.7894514799118042,0.8606209544870957,1.75218,1.6179958177820564
lambda1_start_expansion96_s380_cont120000,early_0p18_0p28,CDF_RUN_1:34,0.6521940231323242,0.9935104948187734,1.478605,1.4732420016837946
lambda1_start_expansion96_s380_cont120000,early_0p18_0p28,CDF_RUN_1:35,0.38776469230651855,1.0,1.20233,1.20233
lambda1_start_expansion96_s380_cont120000,early_0p18_0p28,CDF_RUN_2:36,1.8822691440582275,0.0629515791727313,3.27554,1.969977744655105
lambda1_start_expansion96_s380_cont120000,early_0p18_0p28,CDF_RUN_2:37,1.6800594329833984,0.1155267912377162,2.91722,1.8229846235366598
lambda1_start_expansion96_s380_cont120000,early_0p18_0p28,CDF_RUN_2:38,1.4883208274841309,0.1846215696118183,2.90854,1.7505239203068084
lambda1_start_expansion96_s380_cont120000,early_0p18_0p28,CDF_RUN_2:39,1.3242639303207397,0.2680057887944079,2.8682,1.7380477345232679
lambda1_start_expansion96_s380_cont120000,early_0p18_0p28,CDF_RUN_2:40,1.1981498003005981,0.3622378472320013,2.4889,1.6657083739539853
lambda1_start_expansion96_s380_cont120000,early_0p18_0p28,CDF_RUN_2:41,1.1119664907455444,0.4630252256673241,2.31978,1.6712146134321313
lambda1_start_expansion96_s380_cont120000,early_0p18_0p28,CDF_RUN_2:42,1.060506820678711,0.5655850454883751,2.33764,1.7828342479998553
lambda1_start_expansion96_s380_cont120000,early_0p18_0p28,CDF_RUN_2:43,1.0339022874832153,0.6650046270774903,2.08436,1.7324615268561132
lambda1_start_expansion96_s380_cont120000,early_0p18_0p28,CDF_RUN_2:44,1.0205522775650024,0.7566020481604062,2.07474,1.8181528675048753
lambda1_start_expansion96_s380_cont120000,early_0p18_0p28,CDF_RUN_2:45,1.0095815658569336,0.8362867021553243,1.95146,1.7972619753776593
lambda1_start_expansion96_s380_cont120000,early_0p18_0p28,CDF_RUN_2:46,0.9924448728561401,0.9009198565219744,1.909664,1.8187857972817971
lambda1_start_expansion96_s380_cont120000,early_0p18_0p28,CDF_RUN_2:47,0.9636398553848267,0.9486752111106782,1.854624,1.8088944268738933
lambda1_start_expansion96_s380_cont120000,early_0p18_0p28,CDF_RUN_2:48,0.9207267761230469,0.979399456511414,1.824972,1.8063440569411768
lambda1_start_expansion96_s380_cont120000,early_0p18_0p28,CDF_RUN_2:49,0.86399245262146,0.99497283240288,1.69753,1.6933396670508358
lambda1_start_expansion96_s380_cont120000,early_0p18_0p28,CDF_RUN_2:50,0.7582340240478516,0.9998348419300568,1.6449,1.6447535599587273
lambda1_start_expansion96_s380_cont120000,early_0p18_0p28,CDF_RUN_2:51,0.6054902076721191,1.0,1.42279,1.42279
lambda1_start_expansion96_s380_cont120000,early_0p18_0p28,D0_RUN_1:14,1.2609413862228394,0.1879104824806516,2.589585,1.510607448732542
lambda1_start_expansion96_s380_cont120000,early_0p18_0p28,D0_RUN_1:15,0.7765651941299438,0.7792496753543665,1.790634,1.5667779818911753
lambda1_start_expansion96_s380_cont120000,central_0p20_0p30,CDF_RUN_1:30,1.457062005996704,0.0012197116639461,2.72209,1.4586049753962083
lambda1_start_expansion96_s380_cont120000,central_0p20_0p30,CDF_RUN_1:31,1.1044150590896606,0.0258850748744865,2.51472,1.140920908080983
lambda1_start_expansion96_s380_cont120000,central_0p20_0p30,CDF_RUN_1:32,0.8410836458206177,0.1831302917603498,2.180565,1.0863832570190364
lambda1_start_expansion96_s380_cont120000,central_0p20_0p30,CDF_RUN_1:33,0.7894514799118042,0.549777686123881,1.75218,1.3187381380513608
lambda1_start_expansion96_s380_cont120000,central_0p20_0p30,CDF_RUN_1:34,0.6521940231323242,0.8825037510074896,1.478605,1.3815048100918117
lambda1_start_expansion96_s380_cont120000,central_0p20_0p30,CDF_RUN_1:35,0.38776469230651855,0.9960358801988642,1.20233,1.199100965534454
lambda1_start_expansion96_s380_cont120000,central_0p20_0p30,CDF_RUN_2:36,1.8822691440582275,5.164127530589625e-05,3.27554,1.882341094342075
lambda1_start_expansion96_s380_cont120000,central_0p20_0p30,CDF_RUN_2:37,1.6800594329833984,0.0023877817219835,2.91722,1.6830135023724795
lambda1_start_expansion96_s380_cont120000,central_0p20_0p30,CDF_RUN_2:38,1.4883208274841309,0.0134170653158552,2.90854,1.5073760008846062
lambda1_start_expansion96_s380_cont120000,central_0p20_0p30,CDF_RUN_2:39,1.3242639303207397,0.0383530844331178,2.8682,1.3834786407604844
lambda1_start_expansion96_s380_cont120000,central_0p20_0p30,CDF_RUN_2:40,1.1981498003005981,0.0798964211082592,2.4889,1.3012761218013513
lambda1_start_expansion96_s380_cont120000,central_0p20_0p30,CDF_RUN_2:41,1.1119664907455444,0.1385843072813845,2.31978,1.2793504892506713
lambda1_start_expansion96_s380_cont120000,central_0p20_0p30,CDF_RUN_2:42,1.060506820678711,0.2131511831472797,2.33764,1.3327292688876906
lambda1_start_expansion96_s380_cont120000,central_0p20_0p30,CDF_RUN_2:43,1.0339022874832153,0.3008892555044757,2.08436,1.3499737265413252
lambda1_start_expansion96_s380_cont120000,central_0p20_0p30,CDF_RUN_2:44,1.0205522775650024,0.3980090561043118,2.07474,1.4401285379281101
lambda1_start_expansion96_s380_cont120000,central_0p20_0p30,CDF_RUN_2:45,1.0095815658569336,0.4999999999999999,1.95146,1.4805207829284668
lambda1_start_expansion96_s380_cont120000,central_0p20_0p30,CDF_RUN_2:46,0.9924448728561401,0.6019909438956881,1.909664,1.5446024809646515
lambda1_start_expansion96_s380_cont120000,central_0p20_0p30,CDF_RUN_2:47,0.9636398553848267,0.6991107444955241,1.854624,1.5865364440604481
lambda1_start_expansion96_s380_cont120000,central_0p20_0p30,CDF_RUN_2:48,0.9207267761230469,0.7868488168527201,1.824972,1.6322310606753505
lambda1_start_expansion96_s380_cont120000,central_0p20_0p30,CDF_RUN_2:49,0.86399245262146,0.8614156927186152,1.69753,1.5820147764035206
lambda1_start_expansion96_s380_cont120000,central_0p20_0p30,CDF_RUN_2:50,0.7582340240478516,0.9408752472293116,1.6449,1.5924760933816482
lambda1_start_expansion96_s380_cont120000,central_0p20_0p30,CDF_RUN_2:51,0.6054902076721191,0.9920975764810804,1.42279,1.4163313508991
lambda1_start_expansion96_s380_cont120000,central_0p20_0p30,D0_RUN_1:14,1.2609413862228394,0.0206608071262849,2.589585,1.2883922356666595
lambda1_start_expansion96_s380_cont120000,central_0p20_0p30,D0_RUN_1:15,0.7765651941299438,0.4999999999999999,1.790634,1.2835995970649718
lambda1_start_expansion96_s380_cont120000,late_0p22_0p32,CDF_RUN_1:30,1.457062005996704,0.0,2.72209,1.457062005996704
lambda1_start_expansion96_s380_cont120000,late_0p22_0p32,CDF_RUN_1:31,1.1044150590896606,0.0,2.51472,1.1044150590896606
lambda1_start_expansion96_s380_cont120000,late_0p22_0p32,CDF_RUN_1:32,0.8410836458206177,0.0193207037777613,2.180565,0.8669633682805521
lambda1_start_expansion96_s380_cont120000,late_0p22_0p32,CDF_RUN_1:33,0.7894514799118042,0.2102966915212009,1.75218,0.9919101025194539
lambda1_start_expansion96_s380_cont120000,late_0p22_0p32,CDF_RUN_1:34,0.6521940231323242,0.5852865232044726,1.478605,1.135881230521218
lambda1_start_expansion96_s380_cont120000,late_0p22_0p32,CDF_RUN_1:35,0.38776469230651855,0.9023365088655396,1.20233,1.1227767082936386
lambda1_start_expansion96_s380_cont120000,late_0p22_0p32,CDF_RUN_2:36,1.8822691440582275,0.0,3.27554,1.8822691440582275
lambda1_start_expansion96_s380_cont120000,late_0p22_0p32,CDF_RUN_2:37,1.6800594329833984,0.0,2.91722,1.6800594329833984
lambda1_start_expansion96_s380_cont120000,late_0p22_0p32,CDF_RUN_2:38,1.4883208274841309,0.0,2.90854,1.4883208274841309
lambda1_start_expansion96_s380_cont120000,late_0p22_0p32,CDF_RUN_2:39,1.3242639303207397,0.0,2.8682,1.3242639303207397
lambda1_start_expansion96_s380_cont120000,late_0p22_0p32,CDF_RUN_2:40,1.1981498003005981,0.0003303151612864,2.4889,1.1985761546609923
lambda1_start_expansion96_s380_cont120000,late_0p22_0p32,CDF_RUN_2:41,1.1119664907455444,0.0050271675971199,2.31978,1.118038371682632
lambda1_start_expansion96_s380_cont120000,late_0p22_0p32,CDF_RUN_2:42,1.060506820678711,0.0206005434885857,2.33764,1.086816458280035
lambda1_start_expansion96_s380_cont120000,late_0p22_0p32,CDF_RUN_2:43,1.0339022874832153,0.0513247888893216,2.08436,1.087816807815299
lambda1_start_expansion96_s380_cont120000,late_0p22_0p32,CDF_RUN_2:44,1.0205522775650024,0.0990801434780254,2.07474,1.1250013483566348
lambda1_start_expansion96_s380_cont120000,late_0p22_0p32,CDF_RUN_2:45,1.0095815658569336,0.1637132978446752,1.95146,1.1637795904792738
lambda1_start_expansion96_s380_cont120000,late_0p22_0p32,CDF_RUN_2:46,0.9924448728561401,0.2433979518395934,1.909664,1.2156941297910553
lambda1_start_expansion96_s380_cont120000,late_0p22_0p32,CDF_RUN_2:47,0.9636398553848267,0.3349953729225092,1.854624,1.2621154211782295
lambda1_start_expansion96_s380_cont120000,late_0p22_0p32,CDF_RUN_2:48,0.9207267761230469,0.4344149545116246,1.824972,1.3135444239209073
lambda1_start_expansion96_s380_cont120000,late_0p22_0p32,CDF_RUN_2:49,0.86399245262146,0.5369747743326755,1.69753,1.3115810890228632
lambda1_start_expansion96_s380_cont120000,late_0p22_0p32,CDF_RUN_2:50,0.7582340240478516,0.6848781819867951,1.6449,1.3654922056875063
lambda1_start_expansion96_s380_cont120000,late_0p22_0p32,CDF_RUN_2:51,0.6054902076721191,0.8499258195752324,1.42279,1.3001344035050606
lambda1_start_expansion96_s380_cont120000,late_0p22_0p32,D0_RUN_1:14,1.2609413862228394,2.671437209028174e-06,2.589585,1.2609449356108269
lambda1_start_expansion96_s380_cont120000,late_0p22_0p32,D0_RUN_1:15,0.7765651941299438,0.2207503246456333,1.790634,1.0004212122387686
lambda1_start_expansion96_s381_cont120000,early_0p18_0p28,CDF_RUN_1:30,1.4623360633850098,0.0892391852052237,2.72209,1.5747554782476045
lambda1_start_expansion96_s381_cont120000,early_0p18_0p28,CDF_RUN_1:31,1.1313486099243164,0.2263136792031131,2.51472,1.4444244789166694
lambda1_start_expansion96_s381_cont120000,early_0p18_0p28,CDF_RUN_1:32,0.8676201105117798,0.5139631863662977,2.180565,1.5424254494364922
lambda1_start_expansion96_s381_cont120000,early_0p18_0p28,CDF_RUN_1:33,0.7891403436660767,0.8606209544870957,1.75218,1.6179524519091024
lambda1_start_expansion96_s381_cont120000,early_0p18_0p28,CDF_RUN_1:34,0.6508631706237793,0.9935104948187734,1.478605,1.473233365109545
lambda1_start_expansion96_s381_cont120000,early_0p18_0p28,CDF_RUN_1:35,0.39576250314712524,1.0,1.20233,1.20233
lambda1_start_expansion96_s381_cont120000,early_0p18_0p28,CDF_RUN_2:36,1.8676756620407104,0.0629515791727313,3.27554,1.9563029453762195
lambda1_start_expansion96_s381_cont120000,early_0p18_0p28,CDF_RUN_2:37,1.6723555326461792,0.1155267912377162,2.91722,1.8161707300854146
lambda1_start_expansion96_s381_cont120000,early_0p18_0p28,CDF_RUN_2:38,1.488907814025879,0.1846215696118183,2.90854,1.7510025364718778
lambda1_start_expansion96_s381_cont120000,early_0p18_0p28,CDF_RUN_2:39,1.3314414024353027,0.2680057887944079,2.8682,1.7433016025622177
lambda1_start_expansion96_s381_cont120000,early_0p18_0p28,CDF_RUN_2:40,1.2082854509353638,0.3622378472320013,2.4889,1.6721725083225176
lambda1_start_expansion96_s381_cont120000,early_0p18_0p28,CDF_RUN_2:41,1.1211247444152832,0.4630252256673241,2.31978,1.6761323646297208
lambda1_start_expansion96_s381_cont120000,early_0p18_0p28,CDF_RUN_2:42,1.0658297538757324,0.5655850454883751,2.33764,1.7851466097825077
lambda1_start_expansion96_s381_cont120000,early_0p18_0p28,CDF_RUN_2:43,1.0342775583267212,0.6650046270774903,2.08436,1.7325872408522804
lambda1_start_expansion96_s381_cont120000,early_0p18_0p28,CDF_RUN_2:44,1.0165303945541382,0.7566020481604062,2.07474,1.8171739494174926
lambda1_start_expansion96_s381_cont120000,early_0p18_0p28,CDF_RUN_2:45,1.0027801990509033,0.8362867021553243,1.95146,1.7961485011879927
lambda1_start_expansion96_s381_cont120000,early_0p18_0p28,CDF_RUN_2:46,0.9847580194473267,0.9009198565219744,1.909664,1.8180241827431571
lambda1_start_expansion96_s381_cont120000,early_0p18_0p28,CDF_RUN_2:47,0.9566197395324707,0.9486752111106782,1.854624,1.8085341209097927
lambda1_start_expansion96_s381_cont120000,early_0p18_0p28,CDF_RUN_2:48,0.9152889251708984,0.979399456511414,1.824972,1.8062320342561526
lambda1_start_expansion96_s381_cont120000,early_0p18_0p28,CDF_RUN_2:49,0.8604185581207275,0.99497283240288,1.69753,1.6933217004842063
lambda1_start_expansion96_s381_cont120000,early_0p18_0p28,CDF_RUN_2:50,0.7570698261260986,0.9998348419300568,1.6449,1.6447533676820456
lambda1_start_expansion96_s381_cont120000,early_0p18_0p28,CDF_RUN_2:51,0.606421709060669,1.0,1.42279,1.42279
lambda1_start_expansion96_s381_cont120000,early_0p18_0p28,D0_RUN_1:14,1.272841453552246,0.1879104824806516,2.589585,1.5202713686685279
lambda1_start_expansion96_s381_cont120000,early_0p18_0p28,D0_RUN_1:15,0.7855843305587769,0.7792496753543665,1.790634,1.5687689591858636
lambda1_start_expansion96_s381_cont120000,central_0p20_0p30,CDF_RUN_1:30,1.4623360633850098,0.0012197116639461,2.72209,1.4638725999552011
lambda1_start_expansion96_s381_cont120000,central_0p20_0p30,CDF_RUN_1:31,1.1313486099243164,0.0258850748744865,2.51472,1.1671572819356477
lambda1_start_expansion96_s381_cont120000,central_0p20_0p30,CDF_RUN_1:32,0.8676201105117798,0.1831302917603498,2.180565,1.1080600911890177
lambda1_start_expansion96_s381_cont120000,central_0p20_0p30,CDF_RUN_1:33,0.7891403436660767,0.549777686123881,1.75218,1.3185980575708787
lambda1_start_expansion96_s381_cont120000,central_0p20_0p30,CDF_RUN_1:34,0.6508631706237793,0.8825037510074896,1.478605,1.3813484399140954
lambda1_start_expansion96_s381_cont120000,central_0p20_0p30,CDF_RUN_1:35,0.39576250314712524,0.9960358801988642,1.20233,1.199132669814773
lambda1_start_expansion96_s381_cont120000,central_0p20_0p30,CDF_RUN_2:36,1.8676756620407104,5.164127530589625e-05,3.27554,1.8677483659505805
lambda1_start_expansion96_s381_cont120000,central_0p20_0p30,CDF_RUN_2:37,1.6723555326461792,0.0023877817219835,2.91722,1.6753279972676736
lambda1_start_expansion96_s381_cont120000,central_0p20_0p30,CDF_RUN_2:38,1.488907814025879,0.0134170653158552,2.90854,1.507955111789584
lambda1_start_expansion96_s381_cont120000,central_0p20_0p30,CDF_RUN_2:39,1.3314414024353027,0.0383530844331178,2.8682,1.3903808346810214
lambda1_start_expansion96_s381_cont120000,central_0p20_0p30,CDF_RUN_2:40,1.2082854509353638,0.0798964211082592,2.4889,1.3106019702247953
lambda1_start_expansion96_s381_cont120000,central_0p20_0p30,CDF_RUN_2:41,1.1211247444152832,0.1385843072813845,2.31978,1.287239552679682
lambda1_start_expansion96_s381_cont120000,central_0p20_0p30,CDF_RUN_2:42,1.0658297538757324,0.2131511831472797,2.33764,1.3369176125759532
lambda1_start_expansion96_s381_cont120000,central_0p20_0p30,CDF_RUN_2:43,1.0342775583267212,0.3008892555044757,2.08436,1.3502360824201163
lambda1_start_expansion96_s381_cont120000,central_0p20_0p30,CDF_RUN_2:44,1.0165303945541382,0.3980090561043118,2.07474,1.4377074007781618
lambda1_start_expansion96_s381_cont120000,central_0p20_0p30,CDF_RUN_2:45,1.0027801990509033,0.4999999999999999,1.95146,1.4771200995254516
lambda1_start_expansion96_s381_cont120000,central_0p20_0p30,CDF_RUN_2:46,0.9847580194473267,0.6019909438956881,1.909664,1.5415430436949973
lambda1_start_expansion96_s381_cont120000,central_0p20_0p30,CDF_RUN_2:47,0.9566197395324707,0.6991107444955241,1.854624,1.5844241666280776
lambda1_start_expansion96_s381_cont120000,central_0p20_0p30,CDF_RUN_2:48,0.9152889251708984,0.7868488168527201,1.824972,1.6310719763111214
lambda1_start_expansion96_s381_cont120000,central_0p20_0p30,CDF_RUN_2:49,0.8604185581207275,0.8614156927186152,1.69753,1.58151949070984
lambda1_start_expansion96_s381_cont120000,central_0p20_0p30,CDF_RUN_2:50,0.7570698261260986,0.9408752472293116,1.6449,1.5924072604673485
lambda1_start_expansion96_s381_cont120000,central_0p20_0p30,CDF_RUN_2:51,0.606421709060669,0.9920975764810804,1.42279,1.4163387120175808
lambda1_start_expansion96_s381_cont120000,central_0p20_0p30,D0_RUN_1:14,1.272841453552246,0.0206608071262849,2.589585,1.3000464380001835
lambda1_start_expansion96_s381_cont120000,central_0p20_0p30,D0_RUN_1:15,0.7855843305587769,0.4999999999999999,1.790634,1.2881091652793883
lambda1_start_expansion96_s381_cont120000,late_0p22_0p32,CDF_RUN_1:30,1.4623360633850098,0.0,2.72209,1.4623360633850098
lambda1_start_expansion96_s381_cont120000,late_0p22_0p32,CDF_RUN_1:31,1.1313486099243164,0.0,2.51472,1.1313486099243164
lambda1_start_expansion96_s381_cont120000,late_0p22_0p32,CDF_RUN_1:32,0.8676201105117798,0.0193207037777613,2.180565,0.8929871297981072
lambda1_start_expansion96_s381_cont120000,late_0p22_0p32,CDF_RUN_1:33,0.7891403436660767,0.2102966915212009,1.75218,0.9916643971968151
lambda1_start_expansion96_s381_cont120000,late_0p22_0p32,CDF_RUN_1:34,0.6508631706237793,0.5852865232044726,1.478605,1.1353293080502973
lambda1_start_expansion96_s381_cont120000,late_0p22_0p32,CDF_RUN_1:35,0.39576250314712524,0.9023365088655396,1.20233,1.1235578024217654
lambda1_start_expansion96_s381_cont120000,late_0p22_0p32,CDF_RUN_2:36,1.8676756620407104,0.0,3.27554,1.8676756620407104
lambda1_start_expansion96_s381_cont120000,late_0p22_0p32,CDF_RUN_2:37,1.6723555326461792,0.0,2.91722,1.6723555326461792
lambda1_start_expansion96_s381_cont120000,late_0p22_0p32,CDF_RUN_2:38,1.488907814025879,0.0,2.90854,1.488907814025879
lambda1_start_expansion96_s381_cont120000,late_0p22_0p32,CDF_RUN_2:39,1.3314414024353027,0.0,2.8682,1.3314414024353027
lambda1_start_expansion96_s381_cont120000,late_0p22_0p32,CDF_RUN_2:40,1.2082854509353638,0.0003303151612864,2.4889,1.2087084573366838
lambda1_start_expansion96_s381_cont120000,late_0p22_0p32,CDF_RUN_2:41,1.1211247444152832,0.0050271675971199,2.31978,1.1271505852762762
lambda1_start_expansion96_s381_cont120000,late_0p22_0p32,CDF_RUN_2:42,1.0658297538757324,0.0206005434885857,2.33764,1.0920297361602445
lambda1_start_expansion96_s381_cont120000,late_0p22_0p32,CDF_RUN_2:43,1.0342775583267212,0.0513247888893216,2.08436,1.0881728179619856
lambda1_start_expansion96_s381_cont120000,late_0p22_0p32,CDF_RUN_2:44,1.0165303945541382,0.0990801434780254,2.07474,1.1213779540915387
lambda1_start_expansion96_s381_cont120000,late_0p22_0p32,CDF_RUN_2:45,1.0027801990509033,0.1637132978446752,1.95146,1.15809169786291
lambda1_start_expansion96_s381_cont120000,late_0p22_0p32,CDF_RUN_2:46,0.9847580194473267,0.2433979518395934,1.909664,1.2098782407580382
lambda1_start_expansion96_s381_cont120000,late_0p22_0p32,CDF_RUN_2:47,0.9566197395324707,0.3349953729225092,1.854624,1.2574470116537926
lambda1_start_expansion96_s381_cont120000,late_0p22_0p32,CDF_RUN_2:48,0.9152889251708984,0.4344149545116246,1.824972,1.3104688567427774
lambda1_start_expansion96_s381_cont120000,late_0p22_0p32,CDF_RUN_2:49,0.8604185581207275,0.5369747743326755,1.69753,1.3099262857151504
lambda1_start_expansion96_s381_cont120000,late_0p22_0p32,CDF_RUN_2:50,0.7570698261260986,0.6848781819867951,1.6449,1.3651253415218765
lambda1_start_expansion96_s381_cont120000,late_0p22_0p32,CDF_RUN_2:51,0.606421709060669,0.8499258195752324,1.42279,1.3002741978125116
lambda1_start_expansion96_s381_cont120000,late_0p22_0p32,D0_RUN_1:14,1.272841453552246,2.671437209028174e-06,2.589585,1.272844971149951
lambda1_start_expansion96_s381_cont120000,late_0p22_0p32,D0_RUN_1:15,0.7855843305587769,0.2207503246456333,1.790634,1.0074493713729133
lambda1_start_expansion96_s382_cont120000,early_0p18_0p28,CDF_RUN_1:30,1.4573959112167358,0.0892391852052237,2.72209,1.570256181233617
lambda1_start_expansion96_s382_cont120000,early_0p18_0p28,CDF_RUN_1:31,1.1123950481414795,0.2263136792031131,2.51472,1.4297603674349098
lambda1_start_expansion96_s382_cont120000,early_0p18_0p28,CDF_RUN_1:32,0.8497867584228516,0.5139631863662977,2.180565,1.5337577838107814
lambda1_start_expansion96_s382_cont120000,early_0p18_0p28,CDF_RUN_1:33,0.7890462875366211,0.8606209544870957,1.75218,1.6179393424555544
lambda1_start_expansion96_s382_cont120000,early_0p18_0p28,CDF_RUN_1:34,0.6515634059906006,0.9935104948187734,1.478605,1.473237909290586
lambda1_start_expansion96_s382_cont120000,early_0p18_0p28,CDF_RUN_1:35,0.3902292251586914,1.0,1.20233,1.20233
lambda1_start_expansion96_s382_cont120000,early_0p18_0p28,CDF_RUN_2:36,1.8816441297531128,0.0629515791727313,3.27554,1.9693920759875028
lambda1_start_expansion96_s382_cont120000,early_0p18_0p28,CDF_RUN_2:37,1.683825969696045,0.1155267912377162,2.91722,1.8263160243488152
lambda1_start_expansion96_s382_cont120000,early_0p18_0p28,CDF_RUN_2:38,1.4972031116485596,0.1846215696118183,2.90854,1.757766343227062
lambda1_start_expansion96_s382_cont120000,early_0p18_0p28,CDF_RUN_2:39,1.3372597694396973,0.2680057887944079,2.8682,1.7475606135281039
lambda1_start_expansion96_s382_cont120000,early_0p18_0p28,CDF_RUN_2:40,1.2130740880966187,0.3622378472320013,2.4889,1.6752265198673044
lambda1_start_expansion96_s382_cont120000,early_0p18_0p28,CDF_RUN_2:41,1.1262879371643066,0.4630252256673241,2.31978,1.6789048688909638
lambda1_start_expansion96_s382_cont120000,early_0p18_0p28,CDF_RUN_2:42,1.0721204280853271,0.5655850454883751,2.33764,1.7878793727331164
lambda1_start_expansion96_s382_cont120000,early_0p18_0p28,CDF_RUN_2:43,1.041625738143921,0.6650046270774903,2.08436,1.735048847090445
lambda1_start_expansion96_s382_cont120000,early_0p18_0p28,CDF_RUN_2:44,1.024214744567871,0.7566020481604062,2.07474,1.8190443044720537
lambda1_start_expansion96_s382_cont120000,early_0p18_0p28,CDF_RUN_2:45,1.0098427534103394,0.8362867021553243,1.95146,1.7973047352533833
lambda1_start_expansion96_s382_cont120000,early_0p18_0p28,CDF_RUN_2:46,0.9904237985610962,0.9009198565219744,1.909664,1.8185855489506644
lambda1_start_expansion96_s382_cont120000,early_0p18_0p28,CDF_RUN_2:47,0.960554838180542,0.9486752111106782,1.854624,1.8087360890171635
lambda1_start_expansion96_s382_cont120000,early_0p18_0p28,CDF_RUN_2:48,0.9176446199417114,0.979399456511414,1.824972,1.8062805628487246
lambda1_start_expansion96_s382_cont120000,early_0p18_0p28,CDF_RUN_2:49,0.8616964817047119,0.99497283240288,1.69753,1.6933281248202392
lambda1_start_expansion96_s382_cont120000,early_0p18_0p28,CDF_RUN_2:50,0.7579386234283447,0.9998348419300568,1.6449,1.6447535111709313
lambda1_start_expansion96_s382_cont120000,early_0p18_0p28,CDF_RUN_2:51,0.6080570220947266,1.0,1.42279,1.42279
lambda1_start_expansion96_s382_cont120000,early_0p18_0p28,D0_RUN_1:14,1.2655627727508545,0.1879104824806516,2.589585,1.5143604282883483
lambda1_start_expansion96_s382_cont120000,early_0p18_0p28,D0_RUN_1:15,0.7804834842681885,0.7792496753543665,1.790634,1.5676429457112486
lambda1_start_expansion96_s382_cont120000,central_0p20_0p30,CDF_RUN_1:30,1.4573959112167358,0.0012197116639461,2.72209,1.4589384733481485
lambda1_start_expansion96_s382_cont120000,central_0p20_0p30,CDF_RUN_1:31,1.1123950481414795,0.0258850748744865,2.51472,1.148694334518698
lambda1_start_expansion96_s382_cont120000,central_0p20_0p30,CDF_RUN_1:32,0.8497867584228516,0.1831302917603498,2.180565,1.0934925660712
lambda1_start_expansion96_s382_cont120000,central_0p20_0p30,CDF_RUN_1:33,0.7890462875366211,0.549777686123881,1.75218,1.318555711402641
lambda1_start_expansion96_s382_cont120000,central_0p20_0p30,CDF_RUN_1:34,0.6515634059906006,0.8825037510074896,1.478605,1.3814307149431089
lambda1_start_expansion96_s382_cont120000,central_0p20_0p30,CDF_RUN_1:35,0.3902292251586914,0.9960358801988642,1.20233,1.1991107352379338
lambda1_start_expansion96_s382_cont120000,central_0p20_0p30,CDF_RUN_2:36,1.8816441297531128,5.164127530589625e-05,3.27554,1.881716112313496
lambda1_start_expansion96_s382_cont120000,central_0p20_0p30,CDF_RUN_2:37,1.683825969696045,0.0023877817219835,2.91722,1.6867710454176084
lambda1_start_expansion96_s382_cont120000,central_0p20_0p30,CDF_RUN_2:38,1.4972031116485596,0.0134170653158552,2.90854,1.5161391108622466
lambda1_start_expansion96_s382_cont120000,central_0p20_0p30,CDF_RUN_2:39,1.3372597694396973,0.0383530844331178,2.8682,1.3959760493644333
lambda1_start_expansion96_s382_cont120000,central_0p20_0p30,CDF_RUN_2:40,1.2130740880966187,0.0798964211082592,2.4889,1.31500801241488
lambda1_start_expansion96_s382_cont120000,central_0p20_0p30,CDF_RUN_2:41,1.1262879371643066,0.1385843072813845,2.31978,1.2916872079382218
lambda1_start_expansion96_s382_cont120000,central_0p20_0p30,CDF_RUN_2:42,1.0721204280853271,0.2131511831472797,2.33764,1.3418674221349787
lambda1_start_expansion96_s382_cont120000,central_0p20_0p30,CDF_RUN_2:43,1.041625738143921,0.3008892555044757,2.08436,1.3553732738828055
lambda1_start_expansion96_s382_cont120000,central_0p20_0p30,CDF_RUN_2:44,1.024214744567871,0.3980090561043118,2.07474,1.4423333098961537
lambda1_start_expansion96_s382_cont120000,central_0p20_0p30,CDF_RUN_2:45,1.0098427534103394,0.4999999999999999,1.95146,1.4806513767051697
lambda1_start_expansion96_s382_cont120000,central_0p20_0p30,CDF_RUN_2:46,0.9904237985610962,0.6019909438956881,1.909664,1.5437980750921643
lambda1_start_expansion96_s382_cont120000,central_0p20_0p30,CDF_RUN_2:47,0.960554838180542,0.6991107444955241,1.854624,1.5856081955306325
lambda1_start_expansion96_s382_cont120000,central_0p20_0p30,CDF_RUN_2:48,0.9176446199417114,0.7868488168527201,1.824972,1.6315740954386542
lambda1_start_expansion96_s382_cont120000,central_0p20_0p30,CDF_RUN_2:49,0.8616964817047119,0.8614156927186152,1.69753,1.5816965908644849
lambda1_start_expansion96_s382_cont120000,central_0p20_0p30,CDF_RUN_2:50,0.7579386234283447,0.9408752472293116,1.6449,1.5924586278930515
lambda1_start_expansion96_s382_cont120000,central_0p20_0p30,CDF_RUN_2:51,0.6080570220947266,0.9920975764810804,1.42279,1.416351634953762
lambda1_start_expansion96_s382_cont120000,central_0p20_0p30,D0_RUN_1:14,1.2655627727508545,0.0206608071262849,2.589585,1.2929181406189634
lambda1_start_expansion96_s382_cont120000,central_0p20_0p30,D0_RUN_1:15,0.7804834842681885,0.4999999999999999,1.790634,1.2855587421340942
lambda1_start_expansion96_s382_cont120000,late_0p22_0p32,CDF_RUN_1:30,1.4573959112167358,0.0,2.72209,1.4573959112167358
lambda1_start_expansion96_s382_cont120000,late_0p22_0p32,CDF_RUN_1:31,1.1123950481414795,0.0,2.51472,1.1123950481414795
lambda1_start_expansion96_s382_cont120000,late_0p22_0p32,CDF_RUN_1:32,0.8497867584228516,0.0193207037777613,2.180565,0.8754983306222538
lambda1_start_expansion96_s382_cont120000,late_0p22_0p32,CDF_RUN_1:33,0.7890462875366211,0.2102966915212009,1.75218,0.9915901207602014
lambda1_start_expansion96_s382_cont120000,late_0p22_0p32,CDF_RUN_1:34,0.6515634059906006,0.5852865232044726,1.478605,1.135619705093847
lambda1_start_expansion96_s382_cont120000,late_0p22_0p32,CDF_RUN_1:35,0.3902292251586914,0.9023365088655396,1.20233,1.1230174031759974
lambda1_start_expansion96_s382_cont120000,late_0p22_0p32,CDF_RUN_2:36,1.8816441297531128,0.0,3.27554,1.8816441297531128
lambda1_start_expansion96_s382_cont120000,late_0p22_0p32,CDF_RUN_2:37,1.683825969696045,0.0,2.91722,1.683825969696045
lambda1_start_expansion96_s382_cont120000,late_0p22_0p32,CDF_RUN_2:38,1.4972031116485596,0.0,2.90854,1.4972031116485596
lambda1_start_expansion96_s382_cont120000,late_0p22_0p32,CDF_RUN_2:39,1.3372597694396973,0.0,2.8682,1.3372597694396973
lambda1_start_expansion96_s382_cont120000,late_0p22_0p32,CDF_RUN_2:40,1.2130740880966187,0.0003303151612864,2.4889,1.2134955127384823
lambda1_start_expansion96_s382_cont120000,late_0p22_0p32,CDF_RUN_2:41,1.1262879371643066,0.0050271675971199,2.31978,1.132287821790014
lambda1_start_expansion96_s382_cont120000,late_0p22_0p32,CDF_RUN_2:42,1.0721204280853271,0.0206005434885857,2.33764,1.0981908190622118
lambda1_start_expansion96_s382_cont120000,late_0p22_0p32,CDF_RUN_2:43,1.041625738143921,0.0513247888893216,2.08436,1.0951438540013467
lambda1_start_expansion96_s382_cont120000,late_0p22_0p32,CDF_RUN_2:44,1.024214744567871,0.0990801434780254,2.07474,1.1283009376033757
lambda1_start_expansion96_s382_cont120000,late_0p22_0p32,CDF_RUN_2:45,1.0098427534103394,0.1637132978446752,1.95146,1.1639980181569556
lambda1_start_expansion96_s382_cont120000,late_0p22_0p32,CDF_RUN_2:46,0.9904237985610962,0.2433979518395934,1.909664,1.2141649808399406
lambda1_start_expansion96_s382_cont120000,late_0p22_0p32,CDF_RUN_2:47,0.960554838180542,0.3349953729225092,1.854624,1.2600638704627665
lambda1_start_expansion96_s382_cont120000,late_0p22_0p32,CDF_RUN_2:48,0.9176446199417114,0.4344149545116246,1.824972,1.3118012024768844
lambda1_start_expansion96_s382_cont120000,late_0p22_0p32,CDF_RUN_2:49,0.8616964817047119,0.5369747743326755,1.69753,1.3105179965710103
lambda1_start_expansion96_s382_cont120000,late_0p22_0p32,CDF_RUN_2:50,0.7579386234283447,0.6848781819867951,1.6449,1.3653991185072452
lambda1_start_expansion96_s382_cont120000,late_0p22_0p32,CDF_RUN_2:51,0.6080570220947266,0.8499258195752324,1.42279,1.3005196160758359
lambda1_start_expansion96_s382_cont120000,late_0p22_0p32,D0_RUN_1:14,1.2655627727508545,2.671437209028174e-06,2.589585,1.265566309793098
lambda1_start_expansion96_s382_cont120000,late_0p22_0p32,D0_RUN_1:15,0.7804834842681885,0.2207503246456333,1.790634,1.00347453855694
lambda1_start_expansion96_s383_cont120000,early_0p18_0p28,CDF_RUN_1:30,1.4452813863754272,0.0892391852052237,2.72209,1.5592227467182955
lambda1_start_expansion96_s383_cont120000,early_0p18_0p28,CDF_RUN_1:31,1.104637861251831,0.2263136792031131,2.51472,1.4237587380505239
lambda1_start_expansion96_s383_cont120000,early_0p18_0p28,CDF_RUN_1:32,0.8429733514785767,0.5139631863662977,2.180565,1.5304462172095963
lambda1_start_expansion96_s383_cont120000,early_0p18_0p28,CDF_RUN_1:33,0.7835531234741211,0.8606209544870957,1.75218,1.6171737104916772
lambda1_start_expansion96_s383_cont120000,early_0p18_0p28,CDF_RUN_1:34,0.6509082317352295,0.9935104948187734,1.478605,1.4732336575338612
lambda1_start_expansion96_s383_cont120000,early_0p18_0p28,CDF_RUN_1:35,0.3878645896911621,1.0,1.20233,1.20233
lambda1_start_expansion96_s383_cont120000,early_0p18_0p28,CDF_RUN_2:36,1.8649283647537231,0.0629515791727313,3.27554,1.953728594791905
lambda1_start_expansion96_s383_cont120000,early_0p18_0p28,CDF_RUN_2:37,1.6674741506576538,0.1155267912377162,2.91722,1.8118532784948294
lambda1_start_expansion96_s383_cont120000,early_0p18_0p28,CDF_RUN_2:38,1.4820587635040283,0.1846215696118183,2.90854,1.745417968407722
lambda1_start_expansion96_s383_cont120000,early_0p18_0p28,CDF_RUN_2:39,1.3232756853103638,0.2680057887944079,2.8682,1.73732434489642
lambda1_start_expansion96_s383_cont120000,early_0p18_0p28,CDF_RUN_2:40,1.199725866317749,0.3622378472320013,2.4889,1.666713529209988
lambda1_start_expansion96_s383_cont120000,early_0p18_0p28,CDF_RUN_2:41,1.1131200790405273,0.4630252256673241,2.31978,1.6718340612465026
lambda1_start_expansion96_s383_cont120000,early_0p18_0p28,CDF_RUN_2:42,1.0591388940811157,0.5655850454883751,2.33764,1.7822400002291858
lambda1_start_expansion96_s383_cont120000,early_0p18_0p28,CDF_RUN_2:43,1.0293673276901245,0.6650046270774903,2.08436,1.7309423363090382
lambda1_start_expansion96_s383_cont120000,early_0p18_0p28,CDF_RUN_2:44,1.013533592224121,0.7566020481604062,2.07474,1.8164445338682982
lambda1_start_expansion96_s383_cont120000,early_0p18_0p28,CDF_RUN_2:45,1.001525640487671,0.8362867021553243,1.95146,1.7959431132682666
lambda1_start_expansion96_s383_cont120000,early_0p18_0p28,CDF_RUN_2:46,0.984860897064209,0.9009198565219744,1.909664,1.8180343758721986
lambda1_start_expansion96_s383_cont120000,early_0p18_0p28,CDF_RUN_2:47,0.9575625658035278,0.9486752111106782,1.854624,1.808582511269114
lambda1_start_expansion96_s383_cont120000,early_0p18_0p28,CDF_RUN_2:48,0.916530966758728,0.979399456511414,1.824972,1.8062576209878973
lambda1_start_expansion96_s383_cont120000,early_0p18_0p28,CDF_RUN_2:49,0.8614717721939087,0.99497283240288,1.69753,1.6933269951678678
lambda1_start_expansion96_s383_cont120000,early_0p18_0p28,CDF_RUN_2:50,0.757133960723877,0.9998348419300568,1.6449,1.644753378274392
lambda1_start_expansion96_s383_cont120000,early_0p18_0p28,CDF_RUN_2:51,0.6047577857971191,1.0,1.42279,1.42279
lambda1_start_expansion96_s383_cont120000,early_0p18_0p28,D0_RUN_1:14,1.25424325466156,0.1879104824806516,2.589585,1.5051679663046618
lambda1_start_expansion96_s383_cont120000,early_0p18_0p28,D0_RUN_1:15,0.7751363515853882,0.7792496753543665,1.790634,1.5664625644355972
lambda1_start_expansion96_s383_cont120000,central_0p20_0p30,CDF_RUN_1:30,1.4452813863754272,0.0012197116639461,2.72209,1.446838724734092
lambda1_start_expansion96_s383_cont120000,central_0p20_0p30,CDF_RUN_1:31,1.104637861251831,0.0258850748744865,2.51472,1.1411379429925033
lambda1_start_expansion96_s383_cont120000,central_0p20_0p30,CDF_RUN_1:32,0.8429733514785767,0.1831302917603498,2.180565,1.0879269003285121
lambda1_start_expansion96_s383_cont120000,central_0p20_0p30,CDF_RUN_1:33,0.7835531234741211,0.549777686123881,1.75218,1.316082566367921
lambda1_start_expansion96_s383_cont120000,central_0p20_0p30,CDF_RUN_1:34,0.6509082317352295,0.8825037510074896,1.478605,1.3813537344256663
lambda1_start_expansion96_s383_cont120000,central_0p20_0p30,CDF_RUN_1:35,0.3878645896911621,0.9960358801988642,1.20233,1.1991013615396546
lambda1_start_expansion96_s383_cont120000,central_0p20_0p30,CDF_RUN_2:36,1.8649283647537231,5.164127530589625e-05,3.27554,1.8650012105375287
lambda1_start_expansion96_s383_cont120000,central_0p20_0p30,CDF_RUN_2:37,1.6674741506576538,0.0023877817219835,2.91722,1.6704582709538383
lambda1_start_expansion96_s383_cont120000,central_0p20_0p30,CDF_RUN_2:38,1.4820587635040283,0.0134170653158552,2.90854,1.5011979554259367
lambda1_start_expansion96_s383_cont120000,central_0p20_0p30,CDF_RUN_2:39,1.3232756853103638,0.0383530844331178,2.8682,1.382528297994432
lambda1_start_expansion96_s383_cont120000,central_0p20_0p30,CDF_RUN_2:40,1.199725866317749,0.0798964211082592,2.4889,1.3027262657843015
lambda1_start_expansion96_s383_cont120000,central_0p20_0p30,CDF_RUN_2:41,1.1131200790405273,0.1385843072813845,2.31978,1.2803442083109062
lambda1_start_expansion96_s383_cont120000,central_0p20_0p30,CDF_RUN_2:42,1.0591388940811157,0.2131511831472797,2.33764,1.3316529174628315
lambda1_start_expansion96_s383_cont120000,central_0p20_0p30,CDF_RUN_2:43,1.0293673276901245,0.3008892555044757,2.08436,1.3468032874241203
lambda1_start_expansion96_s383_cont120000,central_0p20_0p30,CDF_RUN_2:44,1.013533592224121,0.3980090561043118,2.07474,1.435903352914846
lambda1_start_expansion96_s383_cont120000,central_0p20_0p30,CDF_RUN_2:45,1.001525640487671,0.4999999999999999,1.95146,1.4764928202438354
lambda1_start_expansion96_s383_cont120000,central_0p20_0p30,CDF_RUN_2:46,0.984860897064209,0.6019909438956881,1.909664,1.541583989918187
lambda1_start_expansion96_s383_cont120000,central_0p20_0p30,CDF_RUN_2:47,0.9575625658035278,0.6991107444955241,1.854624,1.584707852922846
lambda1_start_expansion96_s383_cont120000,central_0p20_0p30,CDF_RUN_2:48,0.916530966758728,0.7868488168527201,1.824972,1.6313367189450854
lambda1_start_expansion96_s383_cont120000,central_0p20_0p30,CDF_RUN_2:49,0.8614717721939087,0.8614156927186152,1.69753,1.5816654496525906
lambda1_start_expansion96_s383_cont120000,central_0p20_0p30,CDF_RUN_2:50,0.757133960723877,0.9408752472293116,1.6449,1.592411052409586
lambda1_start_expansion96_s383_cont120000,central_0p20_0p30,CDF_RUN_2:51,0.6047577857971191,0.9920975764810804,1.42279,1.4163255629912492
lambda1_start_expansion96_s383_cont120000,central_0p20_0p30,D0_RUN_1:14,1.25424325466156,0.0206608071262849,2.589585,1.2818324929096743
lambda1_start_expansion96_s383_cont120000,central_0p20_0p30,D0_RUN_1:15,0.7751363515853882,0.4999999999999999,1.790634,1.282885175792694
lambda1_start_expansion96_s383_cont120000,late_0p22_0p32,CDF_RUN_1:30,1.4452813863754272,0.0,2.72209,1.4452813863754272
lambda1_start_expansion96_s383_cont120000,late_0p22_0p32,CDF_RUN_1:31,1.104637861251831,0.0,2.51472,1.104637861251831
lambda1_start_expansion96_s383_cont120000,late_0p22_0p32,CDF_RUN_1:32,0.8429733514785767,0.0193207037777613,2.180565,0.8688165634952665
lambda1_start_expansion96_s383_cont120000,late_0p22_0p32,CDF_RUN_1:33,0.7835531234741211,0.2102966915212009,1.75218,0.9872521509260281
lambda1_start_expansion96_s383_cont120000,late_0p22_0p32,CDF_RUN_1:34,0.6509082317352295,0.5852865232044726,1.478605,1.135347995500495
lambda1_start_expansion96_s383_cont120000,late_0p22_0p32,CDF_RUN_1:35,0.3878645896911621,0.9023365088655396,1.20233,1.1227864646209782
lambda1_start_expansion96_s383_cont120000,late_0p22_0p32,CDF_RUN_2:36,1.8649283647537231,0.0,3.27554,1.8649283647537231
lambda1_start_expansion96_s383_cont120000,late_0p22_0p32,CDF_RUN_2:37,1.6674741506576538,0.0,2.91722,1.6674741506576538
lambda1_start_expansion96_s383_cont120000,late_0p22_0p32,CDF_RUN_2:38,1.4820587635040283,0.0,2.90854,1.4820587635040283
lambda1_start_expansion96_s383_cont120000,late_0p22_0p32,CDF_RUN_2:39,1.3232756853103638,0.0,2.8682,1.3232756853103638
lambda1_start_expansion96_s383_cont120000,late_0p22_0p32,CDF_RUN_2:40,1.199725866317749,0.0003303151612864,2.4889,1.2001517000796424
lambda1_start_expansion96_s383_cont120000,late_0p22_0p32,CDF_RUN_2:41,1.1131200790405273,0.0050271675971199,2.31978,1.119186160695918
lambda1_start_expansion96_s383_cont120000,late_0p22_0p32,CDF_RUN_2:42,1.0591388940811157,0.0206005434885857,2.33764,1.0854767117138027
lambda1_start_expansion96_s383_cont120000,late_0p22_0p32,CDF_RUN_2:43,1.0293673276901245,0.0513247888893216,2.08436,1.0835146038762102
lambda1_start_expansion96_s383_cont120000,late_0p22_0p32,CDF_RUN_2:44,1.013533592224121,0.0990801434780254,2.07474,1.118678075366355
lambda1_start_expansion96_s383_cont120000,late_0p22_0p32,CDF_RUN_2:45,1.001525640487671,0.1637132978446752,1.95146,1.1570425272194036
lambda1_start_expansion96_s383_cont120000,late_0p22_0p32,CDF_RUN_2:46,0.984860897064209,0.2433979518395934,1.909664,1.2099560781736811
lambda1_start_expansion96_s383_cont120000,late_0p22_0p32,CDF_RUN_2:47,0.9575625658035278,0.3349953729225092,1.854624,1.2580739954865758
lambda1_start_expansion96_s383_cont120000,late_0p22_0p32,CDF_RUN_2:48,0.916530966758728,0.4344149545116246,1.824972,1.3111713368907285
lambda1_start_expansion96_s383_cont120000,late_0p22_0p32,CDF_RUN_2:49,0.8614717721939087,0.5369747743326755,1.69753,1.310413950399061
lambda1_start_expansion96_s383_cont120000,late_0p22_0p32,CDF_RUN_2:50,0.757133960723877,0.6848781819867951,1.6449,1.3651455517329258
lambda1_start_expansion96_s383_cont120000,late_0p22_0p32,CDF_RUN_2:51,0.6047577857971191,0.8499258195752324,1.42279,1.3000244858924448
lambda1_start_expansion96_s383_cont120000,late_0p22_0p32,D0_RUN_1:14,1.25424325466156,2.671437209028174e-06,2.589585,1.2542468219431855
lambda1_start_expansion96_s383_cont120000,late_0p22_0p32,D0_RUN_1:15,0.7751363515853882,0.2207503246456333,1.790634,0.9993077871497911
lambda1_start_expansion96_s384_cont120000,early_0p18_0p28,CDF_RUN_1:30,1.4703797101974487,0.0892391852052237,2.72209,1.5820813165724228
lambda1_start_expansion96_s384_cont120000,early_0p18_0p28,CDF_RUN_1:31,1.121664047241211,0.2263136792031131,2.51472,1.4369316652458508
lambda1_start_expansion96_s384_cont120000,early_0p18_0p28,CDF_RUN_1:32,0.8566962480545044,0.5139631863662977,2.180565,1.537116050135185
lambda1_start_expansion96_s384_cont120000,early_0p18_0p28,CDF_RUN_1:33,0.7939672470092773,0.8606209544870957,1.75218,1.6186252210898608
lambda1_start_expansion96_s384_cont120000,early_0p18_0p28,CDF_RUN_1:34,0.6518329381942749,0.9935104948187734,1.478605,1.4732396584212182
lambda1_start_expansion96_s384_cont120000,early_0p18_0p28,CDF_RUN_1:35,0.3929097652435303,1.0,1.20233,1.20233
lambda1_start_expansion96_s384_cont120000,early_0p18_0p28,CDF_RUN_2:36,1.9096248149871826,0.0629515791727313,3.27554,1.995611332899753
lambda1_start_expansion96_s384_cont120000,early_0p18_0p28,CDF_RUN_2:37,1.712311029434204,0.1155267912377162,2.91722,1.8515102965372103
lambda1_start_expansion96_s384_cont120000,early_0p18_0p28,CDF_RUN_2:38,1.5250911712646484,0.1846215696118183,2.90854,1.7805056655034006
lambda1_start_expansion96_s384_cont120000,early_0p18_0p28,CDF_RUN_2:39,1.3639283180236816,0.2680057887944079,2.8682,1.7670818367128356
lambda1_start_expansion96_s384_cont120000,early_0p18_0p28,CDF_RUN_2:40,1.238327145576477,0.3622378472320013,2.4889,1.691331964169633
lambda1_start_expansion96_s384_cont120000,early_0p18_0p28,CDF_RUN_2:41,1.1500520706176758,0.4630252256673241,2.31978,1.6916656090892983
lambda1_start_expansion96_s384_cont120000,early_0p18_0p28,CDF_RUN_2:42,1.0941603183746338,0.5655850454883751,2.33764,1.7974538306705867
lambda1_start_expansion96_s384_cont120000,early_0p18_0p28,CDF_RUN_2:43,1.061419129371643,0.6650046270774903,2.08436,1.7416795415661768
lambda1_start_expansion96_s384_cont120000,early_0p18_0p28,CDF_RUN_2:44,1.0410947799682617,0.7566020481604062,2.07474,1.8231528705154885
lambda1_start_expansion96_s384_cont120000,early_0p18_0p28,CDF_RUN_2:45,1.023257851600647,0.8362867021553243,1.95146,1.7995009652190288
lambda1_start_expansion96_s384_cont120000,early_0p18_0p28,CDF_RUN_2:46,1.0002148151397705,0.9009198565219744,1.909664,1.8195556442780751
lambda1_start_expansion96_s384_cont120000,early_0p18_0p28,CDF_RUN_2:47,0.9671131372451782,0.9486752111106782,1.854624,1.809072692332129
lambda1_start_expansion96_s384_cont120000,early_0p18_0p28,CDF_RUN_2:48,0.9218631982803345,0.979399456511414,1.824972,1.8063674678552493
lambda1_start_expansion96_s384_cont120000,early_0p18_0p28,CDF_RUN_2:49,0.8647787570953369,0.99497283240288,1.69753,1.6933436199352083
lambda1_start_expansion96_s384_cont120000,early_0p18_0p28,CDF_RUN_2:50,0.7616281509399414,0.9998348419300568,1.6449,1.644754120526174
lambda1_start_expansion96_s384_cont120000,early_0p18_0p28,CDF_RUN_2:51,0.6146986484527588,1.0,1.42279,1.42279
lambda1_start_expansion96_s384_cont120000,early_0p18_0p28,D0_RUN_1:14,1.2782669067382812,0.1879104824806516,2.589585,1.524677322328699
lambda1_start_expansion96_s384_cont120000,early_0p18_0p28,D0_RUN_1:15,0.7856311798095703,0.7792496753543665,1.790634,1.5687793011731856
lambda1_start_expansion96_s384_cont120000,central_0p20_0p30,CDF_RUN_1:30,1.4703797101974487,0.0012197116639461,2.72209,1.4719064358378022
lambda1_start_expansion96_s384_cont120000,central_0p20_0p30,CDF_RUN_1:31,1.121664047241211,0.0258850748744865,2.51472,1.1577234048827212
lambda1_start_expansion96_s384_cont120000,central_0p20_0p30,CDF_RUN_1:32,0.8566962480545044,0.1831302917603498,2.180565,1.0991367188506933
lambda1_start_expansion96_s384_cont120000,central_0p20_0p30,CDF_RUN_1:33,0.7939672470092773,0.549777686123881,1.75218,1.3207712371629108
lambda1_start_expansion96_s384_cont120000,central_0p20_0p30,CDF_RUN_1:34,0.6518329381942749,0.8825037510074896,1.478605,1.3814623839660234
lambda1_start_expansion96_s384_cont120000,central_0p20_0p30,CDF_RUN_1:35,0.3929097652435303,0.9960358801988642,1.20233,1.1991213612199618
lambda1_start_expansion96_s384_cont120000,central_0p20_0p30,CDF_RUN_2:36,1.9096248149871826,5.164127530589625e-05,3.27554,1.9096953525892966
lambda1_start_expansion96_s384_cont120000,central_0p20_0p30,CDF_RUN_2:37,1.712311029434204,0.0023877817219835,2.91722,1.7151880890507751
lambda1_start_expansion96_s384_cont120000,central_0p20_0p30,CDF_RUN_2:38,1.5250911712646484,0.0134170653158552,2.90854,1.543652994560934
lambda1_start_expansion96_s384_cont120000,central_0p20_0p30,CDF_RUN_2:39,1.3639283180236816,0.0383530844331178,2.8682,1.4216217768528676
lambda1_start_expansion96_s384_cont120000,central_0p20_0p30,CDF_RUN_2:40,1.238327145576477,0.0798964211082592,2.4889,1.3382434409800563
lambda1_start_expansion96_s384_cont120000,central_0p20_0p30,CDF_RUN_2:41,1.1500520706176758,0.1385843072813845,2.31978,1.3121580054188136
lambda1_start_expansion96_s384_cont120000,central_0p20_0p30,CDF_RUN_2:42,1.0941603183746338,0.2131511831472797,2.33764,1.3592094837326834
lambda1_start_expansion96_s384_cont120000,central_0p20_0p30,CDF_RUN_2:43,1.061419129371643,0.3008892555044757,2.08436,1.3692110463601095
lambda1_start_expansion96_s384_cont120000,central_0p20_0p30,CDF_RUN_2:44,1.0410947799682617,0.3980090561043118,2.07474,1.4524949383398276
lambda1_start_expansion96_s384_cont120000,central_0p20_0p30,CDF_RUN_2:45,1.023257851600647,0.4999999999999999,1.95146,1.4873589258003235
lambda1_start_expansion96_s384_cont120000,central_0p20_0p30,CDF_RUN_2:46,1.0002148151397705,0.6019909438956881,1.909664,1.5476949883589441
lambda1_start_expansion96_s384_cont120000,central_0p20_0p30,CDF_RUN_2:47,0.9671131372451782,0.6991107444955241,1.854624,1.5875815172535666
lambda1_start_expansion96_s384_cont120000,central_0p20_0p30,CDF_RUN_2:48,0.9218631982803345,0.7868488168527201,1.824972,1.632473290402731
lambda1_start_expansion96_s384_cont120000,central_0p20_0p30,CDF_RUN_2:49,0.8647787570953369,0.8614156927186152,1.69753,1.5821237458643451
lambda1_start_expansion96_s384_cont120000,central_0p20_0p30,CDF_RUN_2:50,0.7616281509399414,0.9408752472293116,1.6449,1.5926767702950153
lambda1_start_expansion96_s384_cont120000,central_0p20_0p30,CDF_RUN_2:51,0.6146986484527588,0.9920975764810804,1.42279,1.4164041198980974
lambda1_start_expansion96_s384_cont120000,central_0p20_0p30,D0_RUN_1:14,1.2782669067382812,0.0206608071262849,2.589585,1.3053597969443693
lambda1_start_expansion96_s384_cont120000,central_0p20_0p30,D0_RUN_1:15,0.7856311798095703,0.4999999999999999,1.790634,1.288132589904785
lambda1_start_expansion96_s384_cont120000,late_0p22_0p32,CDF_RUN_1:30,1.4703797101974487,0.0,2.72209,1.4703797101974487
lambda1_start_expansion96_s384_cont120000,late_0p22_0p32,CDF_RUN_1:31,1.121664047241211,0.0,2.51472,1.121664047241211
lambda1_start_expansion96_s384_cont120000,late_0p22_0p32,CDF_RUN_1:32,0.8566962480545044,0.0193207037777613,2.180565,0.8822743240514779
lambda1_start_expansion96_s384_cont120000,late_0p22_0p32,CDF_RUN_1:33,0.7939672470092773,0.2102966915212009,1.75218,0.9954762187366482
lambda1_start_expansion96_s384_cont120000,late_0p22_0p32,CDF_RUN_1:34,0.6518329381942749,0.5852865232044726,1.478605,1.135731483731141
lambda1_start_expansion96_s384_cont120000,late_0p22_0p32,CDF_RUN_1:35,0.3929097652435303,0.9023365088655396,1.20233,1.1232791940788087
lambda1_start_expansion96_s384_cont120000,late_0p22_0p32,CDF_RUN_2:36,1.9096248149871826,0.0,3.27554,1.9096248149871826
lambda1_start_expansion96_s384_cont120000,late_0p22_0p32,CDF_RUN_2:37,1.712311029434204,0.0,2.91722,1.712311029434204
lambda1_start_expansion96_s384_cont120000,late_0p22_0p32,CDF_RUN_2:38,1.5250911712646484,0.0,2.90854,1.5250911712646484
lambda1_start_expansion96_s384_cont120000,late_0p22_0p32,CDF_RUN_2:39,1.3639283180236816,0.0,2.8682,1.3639283180236816
lambda1_start_expansion96_s384_cont120000,late_0p22_0p32,CDF_RUN_2:40,1.238327145576477,0.0003303151612864,2.4889,1.2387402287505864
lambda1_start_expansion96_s384_cont120000,late_0p22_0p32,CDF_RUN_2:41,1.1500520706176758,0.0050271675971199,2.31978,1.1559324889617129
lambda1_start_expansion96_s384_cont120000,late_0p22_0p32,CDF_RUN_2:42,1.0941603183746338,0.0206005434885857,2.33764,1.11977667563313
lambda1_start_expansion96_s384_cont120000,late_0p22_0p32,CDF_RUN_2:43,1.061419129371643,0.0513247888893216,2.08436,1.1139213536029025
lambda1_start_expansion96_s384_cont120000,late_0p22_0p32,CDF_RUN_2:44,1.0410947799682617,0.0990801434780254,2.07474,1.1435084966743814
lambda1_start_expansion96_s384_cont120000,late_0p22_0p32,CDF_RUN_2:45,1.023257851600647,0.1637132978446752,1.95146,1.1752168863816177
lambda1_start_expansion96_s384_cont120000,late_0p22_0p32,CDF_RUN_2:46,1.0002148151397705,0.2433979518395934,1.909664,1.221572884036938
lambda1_start_expansion96_s384_cont120000,late_0p22_0p32,CDF_RUN_2:47,0.9671131372451782,0.3349953729225092,1.854624,1.2644251696865076
lambda1_start_expansion96_s384_cont120000,late_0p22_0p32,CDF_RUN_2:48,0.9218631982803345,0.4344149545116246,1.824972,1.3141871672984307
lambda1_start_expansion96_s384_cont120000,late_0p22_0p32,CDF_RUN_2:49,0.8647787570953369,0.5369747743326755,1.69753,1.3119451678293235
lambda1_start_expansion96_s384_cont120000,late_0p22_0p32,CDF_RUN_2:50,0.7616281509399414,0.6848781819867951,1.6449,1.3665617691243093
lambda1_start_expansion96_s384_cont120000,late_0p22_0p32,CDF_RUN_2:51,0.6146986484527588,0.8499258195752324,1.42279,1.301516352708205
lambda1_start_expansion96_s384_cont120000,late_0p22_0p32,D0_RUN_1:14,1.2782669067382812,2.671437209028174e-06,2.589585,1.2782704098422286
lambda1_start_expansion96_s384_cont120000,late_0p22_0p32,D0_RUN_1:15,0.7856311798095703,0.2207503246456333,1.790634,1.0074858786363847
lambda1_start_expansion96_s385_cont120000,early_0p18_0p28,CDF_RUN_1:30,1.4820923805236816,0.0892391852052237,2.72209,1.5927487577421653
lambda1_start_expansion96_s385_cont120000,early_0p18_0p28,CDF_RUN_1:31,1.1296939849853516,0.2263136792031131,2.51472,1.443144318235343
lambda1_start_expansion96_s385_cont120000,early_0p18_0p28,CDF_RUN_1:32,0.8621872663497925,0.5139631863662977,2.180565,1.5397848871710313
lambda1_start_expansion96_s385_cont120000,early_0p18_0p28,CDF_RUN_1:33,0.7986733913421631,0.8606209544870957,1.75218,1.6192811589950244
lambda1_start_expansion96_s385_cont120000,early_0p18_0p28,CDF_RUN_1:34,0.6531026363372803,0.9935104948187734,1.478605,1.473247898133896
lambda1_start_expansion96_s385_cont120000,early_0p18_0p28,CDF_RUN_1:35,0.3952193260192871,1.0,1.20233,1.20233
lambda1_start_expansion96_s385_cont120000,early_0p18_0p28,CDF_RUN_2:36,1.9186718463897705,0.0629515791727313,3.27554,2.0040888393887224
lambda1_start_expansion96_s385_cont120000,early_0p18_0p28,CDF_RUN_2:37,1.7233519554138184,0.1155267912377162,2.91722,1.8612756997661064
lambda1_start_expansion96_s385_cont120000,early_0p18_0p28,CDF_RUN_2:38,1.5370228290557861,0.1846215696118183,2.90854,1.7902344819050673
lambda1_start_expansion96_s385_cont120000,early_0p18_0p28,CDF_RUN_2:39,1.3757741451263428,0.2680057887944079,2.8682,1.7757529135789258
lambda1_start_expansion96_s385_cont120000,early_0p18_0p28,CDF_RUN_2:40,1.2494174242019653,0.3622378472320013,2.4889,1.6984049241406214
lambda1_start_expansion96_s385_cont120000,early_0p18_0p28,CDF_RUN_2:41,1.159996747970581,0.4630252256673241,2.31978,1.697005649966686
lambda1_start_expansion96_s385_cont120000,early_0p18_0p28,CDF_RUN_2:42,1.102739930152893,0.5655850454883751,2.33764,1.8011809423309666
lambda1_start_expansion96_s385_cont120000,early_0p18_0p28,CDF_RUN_2:43,1.0684559345245361,0.6650046270774903,2.08436,1.7440368387325533
lambda1_start_expansion96_s385_cont120000,early_0p18_0p28,CDF_RUN_2:44,1.046430230140686,0.7566020481604062,2.07474,1.8244515081595987
lambda1_start_expansion96_s385_cont120000,early_0p18_0p28,CDF_RUN_2:45,1.02680504322052,0.8362867021553243,1.95146,1.8000816876572052
lambda1_start_expansion96_s385_cont120000,early_0p18_0p28,CDF_RUN_2:46,1.0020604133605957,0.9009198565219744,1.909664,1.8197385064145972
lambda1_start_expansion96_s385_cont120000,early_0p18_0p28,CDF_RUN_2:47,0.967566728591919,0.9486752111106782,1.854624,1.8090959728122424
lambda1_start_expansion96_s385_cont120000,early_0p18_0p28,CDF_RUN_2:48,0.9214661121368408,0.979399456511414,1.824972,1.8063592876648815
lambda1_start_expansion96_s385_cont120000,early_0p18_0p28,CDF_RUN_2:49,0.8641927242279053,0.99497283240288,1.69753,1.6933406738497663
lambda1_start_expansion96_s385_cont120000,early_0p18_0p28,CDF_RUN_2:50,0.761969804763794,0.9998348419300568,1.6449,1.6447541769530603
lambda1_start_expansion96_s385_cont120000,early_0p18_0p28,CDF_RUN_2:51,0.6172627210617065,1.0,1.42279,1.42279
lambda1_start_expansion96_s385_cont120000,early_0p18_0p28,D0_RUN_1:14,1.2880570888519287,0.1879104824806516,2.589585,1.5326278265977975
lambda1_start_expansion96_s385_cont120000,early_0p18_0p28,D0_RUN_1:15,0.789587140083313,0.7792496753543665,1.790634,1.5696525806878994
lambda1_start_expansion96_s385_cont120000,central_0p20_0p30,CDF_RUN_1:30,1.4820923805236816,0.0012197116639461,2.72209,1.4836048200834222
lambda1_start_expansion96_s385_cont120000,central_0p20_0p30,CDF_RUN_1:31,1.1296939849853516,0.0258850748744865,2.51472,1.1655454870871174
lambda1_start_expansion96_s385_cont120000,central_0p20_0p30,CDF_RUN_1:32,0.8621872663497925,0.1831302917603498,2.180565,1.1036221653635039
lambda1_start_expansion96_s385_cont120000,central_0p20_0p30,CDF_RUN_1:33,0.7986733913421631,0.549777686123881,1.75218,1.3228900483538977
lambda1_start_expansion96_s385_cont120000,central_0p20_0p30,CDF_RUN_1:34,0.6531026363372803,0.8825037510074896,1.478605,1.381611568735179
lambda1_start_expansion96_s385_cont120000,central_0p20_0p30,CDF_RUN_1:35,0.3952193260192871,0.9960358801988642,1.20233,1.199130516595565
lambda1_start_expansion96_s385_cont120000,central_0p20_0p30,CDF_RUN_2:36,1.9186718463897705,5.164127530589625e-05,3.27554,1.918741916791645
lambda1_start_expansion96_s385_cont120000,central_0p20_0p30,CDF_RUN_2:37,1.7233519554138184,0.0023877817219835,2.91722,1.7262026517091416
lambda1_start_expansion96_s385_cont120000,central_0p20_0p30,CDF_RUN_2:38,1.5370228290557861,0.0134170653158552,2.90854,1.5554245645201616
lambda1_start_expansion96_s385_cont120000,central_0p20_0p30,CDF_RUN_2:39,1.3757741451263428,0.0383530844331178,2.8682,1.4330132799484803
lambda1_start_expansion96_s385_cont120000,central_0p20_0p30,CDF_RUN_2:40,1.2494174242019653,0.0798964211082592,2.4889,1.3484476460342747
lambda1_start_expansion96_s385_cont120000,central_0p20_0p30,CDF_RUN_2:41,1.159996747970581,0.1385843072813845,2.31978,1.3207245065496296
lambda1_start_expansion96_s385_cont120000,central_0p20_0p30,CDF_RUN_2:42,1.102739930152893,0.2131511831472797,2.33764,1.3659603411094623
lambda1_start_expansion96_s385_cont120000,central_0p20_0p30,CDF_RUN_2:43,1.0684559345245361,0.3008892555044757,2.08436,1.3741305524494187
lambda1_start_expansion96_s385_cont120000,central_0p20_0p30,CDF_RUN_2:44,1.046430230140686,0.3980090561043118,2.07474,1.4557068310252337
lambda1_start_expansion96_s385_cont120000,central_0p20_0p30,CDF_RUN_2:45,1.02680504322052,0.4999999999999999,1.95146,1.48913252161026
lambda1_start_expansion96_s385_cont120000,central_0p20_0p30,CDF_RUN_2:46,1.0020604133605957,0.6019909438956881,1.909664,1.5484295531647625
lambda1_start_expansion96_s385_cont120000,central_0p20_0p30,CDF_RUN_2:47,0.967566728591919,0.6991107444955241,1.854624,1.5877179980161906
lambda1_start_expansion96_s385_cont120000,central_0p20_0p30,CDF_RUN_2:48,0.9214661121368408,0.7868488168527201,1.824972,1.632388651021434
lambda1_start_expansion96_s385_cont120000,central_0p20_0p30,CDF_RUN_2:49,0.8641927242279053,0.8614156927186152,1.69753,1.582042530905368
lambda1_start_expansion96_s385_cont120000,central_0p20_0p30,CDF_RUN_2:50,0.761969804763794,0.9408752472293116,1.6449,1.5926969704928837
lambda1_start_expansion96_s385_cont120000,central_0p20_0p30,CDF_RUN_2:51,0.6172627210617065,0.9920975764810804,1.42279,1.4164243822857867
lambda1_start_expansion96_s385_cont120000,central_0p20_0p30,D0_RUN_1:14,1.2880570888519287,0.0206608071262849,2.589585,1.3149477059936354
lambda1_start_expansion96_s385_cont120000,central_0p20_0p30,D0_RUN_1:15,0.789587140083313,0.4999999999999999,1.790634,1.2901105700416564
lambda1_start_expansion96_s385_cont120000,late_0p22_0p32,CDF_RUN_1:30,1.4820923805236816,0.0,2.72209,1.4820923805236816
lambda1_start_expansion96_s385_cont120000,late_0p22_0p32,CDF_RUN_1:31,1.1296939849853516,0.0,2.51472,1.1296939849853516
lambda1_start_expansion96_s385_cont120000,late_0p22_0p32,CDF_RUN_1:32,0.8621872663497925,0.0193207037777613,2.180565,0.8876592520088444
lambda1_start_expansion96_s385_cont120000,late_0p22_0p32,CDF_RUN_1:33,0.7986733913421631,0.2102966915212009,1.75218,0.9991926764865067
lambda1_start_expansion96_s385_cont120000,late_0p22_0p32,CDF_RUN_1:34,0.6531026363372803,0.5852865232044726,1.478605,1.1362580446625077
lambda1_start_expansion96_s385_cont120000,late_0p22_0p32,CDF_RUN_1:35,0.3952193260192871,0.9023365088655396,1.20233,1.1235047538471563
lambda1_start_expansion96_s385_cont120000,late_0p22_0p32,CDF_RUN_2:36,1.9186718463897705,0.0,3.27554,1.9186718463897705
lambda1_start_expansion96_s385_cont120000,late_0p22_0p32,CDF_RUN_2:37,1.7233519554138184,0.0,2.91722,1.7233519554138184
lambda1_start_expansion96_s385_cont120000,late_0p22_0p32,CDF_RUN_2:38,1.5370228290557861,0.0,2.90854,1.5370228290557861
lambda1_start_expansion96_s385_cont120000,late_0p22_0p32,CDF_RUN_2:39,1.3757741451263428,0.0,2.8682,1.3757741451263428
lambda1_start_expansion96_s385_cont120000,late_0p22_0p32,CDF_RUN_2:40,1.2494174242019653,0.0003303151612864,2.4889,1.2498268440889018
lambda1_start_expansion96_s385_cont120000,late_0p22_0p32,CDF_RUN_2:41,1.159996747970581,0.0050271675971199,2.31978,1.1658271727548657
lambda1_start_expansion96_s385_cont120000,late_0p22_0p32,CDF_RUN_2:42,1.102739930152893,0.0206005434885857,2.33764,1.128179542745836
lambda1_start_expansion96_s385_cont120000,late_0p22_0p32,CDF_RUN_2:43,1.0684559345245361,0.0513247888893216,2.08436,1.1205969962168678
lambda1_start_expansion96_s385_cont120000,late_0p22_0p32,CDF_RUN_2:44,1.046430230140686,0.0990801434780254,2.07474,1.1483153096782022
lambda1_start_expansion96_s385_cont120000,late_0p22_0p32,CDF_RUN_2:45,1.02680504322052,0.1637132978446752,1.95146,1.1781833555633143
lambda1_start_expansion96_s385_cont120000,late_0p22_0p32,CDF_RUN_2:46,1.0020604133605957,0.2433979518395934,1.909664,1.2229692674308956
lambda1_start_expansion96_s385_cont120000,late_0p22_0p32,CDF_RUN_2:47,0.967566728591919,0.3349953729225092,1.854624,1.2647268100308926
lambda1_start_expansion96_s385_cont120000,late_0p22_0p32,CDF_RUN_2:48,0.9214661121368408,0.4344149545116246,1.824972,1.3139625813139002
lambda1_start_expansion96_s385_cont120000,late_0p22_0p32,CDF_RUN_2:49,0.8641927242279053,0.5369747743326755,1.69753,1.3116738198286324
lambda1_start_expansion96_s385_cont120000,late_0p22_0p32,CDF_RUN_2:50,0.761969804763794,0.6848781819867951,1.6449,1.3666694316984127
lambda1_start_expansion96_s385_cont120000,late_0p22_0p32,CDF_RUN_2:51,0.6172627210617065,0.8499258195752324,1.42279,1.3019011538035425
lambda1_start_expansion96_s385_cont120000,late_0p22_0p32,D0_RUN_1:14,1.2880570888519287,2.671437209028174e-06,2.589585,1.2880605658020192
lambda1_start_expansion96_s385_cont120000,late_0p22_0p32,D0_RUN_1:15,0.789587140083313,0.2207503246456333,1.790634,1.0105685593954135
lambda1_start_expansion96_s386_cont120000,early_0p18_0p28,CDF_RUN_1:30,1.4577535390853882,0.0892391852052237,2.72209,1.5705818946826644
lambda1_start_expansion96_s386_cont120000,early_0p18_0p28,CDF_RUN_1:31,1.1013462543487549,0.2263136792031131,2.51472,1.4212120668161732
lambda1_start_expansion96_s386_cont120000,early_0p18_0p28,CDF_RUN_1:32,0.8365272283554077,0.5139631863662977,2.180565,1.5273131640665207
lambda1_start_expansion96_s386_cont120000,early_0p18_0p28,CDF_RUN_1:33,0.7897075414657593,0.8606209544870957,1.75218,1.6180315073970393
lambda1_start_expansion96_s386_cont120000,early_0p18_0p28,CDF_RUN_1:34,0.6528167724609375,0.9935104948187734,1.478605,1.4732460430187893
lambda1_start_expansion96_s386_cont120000,early_0p18_0p28,CDF_RUN_1:35,0.38658642768859863,1.0,1.20233,1.20233
lambda1_start_expansion96_s386_cont120000,early_0p18_0p28,CDF_RUN_2:36,1.8773775100708008,0.0629515791727313,3.27554,1.9653940467519218
lambda1_start_expansion96_s386_cont120000,early_0p18_0p28,CDF_RUN_2:37,1.6745057106018066,0.1155267912377162,2.91722,1.8180725048812385
lambda1_start_expansion96_s386_cont120000,early_0p18_0p28,CDF_RUN_2:38,1.4804061651229858,0.1846215696118183,2.90854,1.7440704753337255
lambda1_start_expansion96_s386_cont120000,early_0p18_0p28,CDF_RUN_2:39,1.3135110139846802,0.2680057887944079,2.8682,1.7301766620116943
lambda1_start_expansion96_s386_cont120000,early_0p18_0p28,CDF_RUN_2:40,1.1853070259094238,0.3622378472320013,2.4889,1.6575177385107562
lambda1_start_expansion96_s386_cont120000,early_0p18_0p28,CDF_RUN_2:41,1.0985710620880127,0.4630252256673241,2.31978,1.664021606151664
lambda1_start_expansion96_s386_cont120000,early_0p18_0p28,CDF_RUN_2:42,1.04825758934021,0.5655850454883751,2.33764,1.7775129987251381
lambda1_start_expansion96_s386_cont120000,early_0p18_0p28,CDF_RUN_2:43,1.0240932703018188,0.6650046270774903,2.08436,1.729175551487428
lambda1_start_expansion96_s386_cont120000,early_0p18_0p28,CDF_RUN_2:44,1.0137641429901123,0.7566020481604062,2.07474,1.8165006494525355
lambda1_start_expansion96_s386_cont120000,early_0p18_0p28,CDF_RUN_2:45,1.0056649446487427,0.8362867021553243,1.95146,1.796620772403258
lambda1_start_expansion96_s386_cont120000,early_0p18_0p28,CDF_RUN_2:46,0.9907214641571045,0.9009198565219744,1.909664,1.8186150417006253
lambda1_start_expansion96_s386_cont120000,early_0p18_0p28,CDF_RUN_2:47,0.9631966352462769,0.9486752111106782,1.854624,1.8088716786938508
lambda1_start_expansion96_s386_cont120000,early_0p18_0p28,CDF_RUN_2:48,0.9206949472427368,0.979399456511414,1.824972,1.8063434012489437
lambda1_start_expansion96_s386_cont120000,early_0p18_0p28,CDF_RUN_2:49,0.8637121915817261,0.99497283240288,1.69753,1.693338258131618
lambda1_start_expansion96_s386_cont120000,early_0p18_0p28,CDF_RUN_2:50,0.7568869590759277,0.9998348419300568,1.6449,1.6447533374800765
lambda1_start_expansion96_s386_cont120000,early_0p18_0p28,CDF_RUN_2:51,0.6025252342224121,1.0,1.42279,1.42279
lambda1_start_expansion96_s386_cont120000,early_0p18_0p28,D0_RUN_1:14,1.2590750455856323,0.1879104824806516,2.589585,1.5090918130649458
lambda1_start_expansion96_s386_cont120000,early_0p18_0p28,D0_RUN_1:15,0.7742743492126465,0.7792496753543665,1.790634,1.566272277131969
lambda1_start_expansion96_s386_cont120000,central_0p20_0p30,CDF_RUN_1:30,1.4577535390853882,0.0012197116639461,2.72209,1.4592956650139182
lambda1_start_expansion96_s386_cont120000,central_0p20_0p30,CDF_RUN_1:31,1.1013462543487549,0.0258850748744865,2.51472,1.1379315395805707
lambda1_start_expansion96_s386_cont120000,central_0p20_0p30,CDF_RUN_1:32,0.8365272283554077,0.1831302917603498,2.180565,1.0826612576136123
lambda1_start_expansion96_s386_cont120000,central_0p20_0p30,CDF_RUN_1:33,0.7897075414657593,0.549777686123881,1.75218,1.3188534226766773
lambda1_start_expansion96_s386_cont120000,central_0p20_0p30,CDF_RUN_1:34,0.6528167724609375,0.8825037510074896,1.478605,1.3815779808019863
lambda1_start_expansion96_s386_cont120000,central_0p20_0p30,CDF_RUN_1:35,0.38658642768859863,0.9960358801988642,1.20233,1.1990962947523511
lambda1_start_expansion96_s386_cont120000,central_0p20_0p30,CDF_RUN_2:36,1.8773775100708008,5.164127530589625e-05,3.27554,1.8774497129648657
lambda1_start_expansion96_s386_cont120000,central_0p20_0p30,CDF_RUN_2:37,1.6745057106018066,0.0023877817219835,2.91722,1.6774730410676795
lambda1_start_expansion96_s386_cont120000,central_0p20_0p30,CDF_RUN_2:38,1.4804061651229858,0.0134170653158552,2.90854,1.4995675300653135
lambda1_start_expansion96_s386_cont120000,central_0p20_0p30,CDF_RUN_2:39,1.3135110139846802,0.0383530844331178,2.8682,1.373138131932564
lambda1_start_expansion96_s386_cont120000,central_0p20_0p30,CDF_RUN_2:40,1.1853070259094238,0.0798964211082592,2.4889,1.2894594391211327
lambda1_start_expansion96_s386_cont120000,central_0p20_0p30,CDF_RUN_2:41,1.0985710620880127,0.1385843072813845,2.31978,1.2678114567943808
lambda1_start_expansion96_s386_cont120000,central_0p20_0p30,CDF_RUN_2:42,1.04825758934021,0.2131511831472797,2.33764,1.323090975701636
lambda1_start_expansion96_s386_cont120000,central_0p20_0p30,CDF_RUN_2:43,1.0240932703018188,0.3008892555044757,2.08436,1.3431161372368698
lambda1_start_expansion96_s386_cont120000,central_0p20_0p30,CDF_RUN_2:44,1.0137641429901123,0.3980090561043118,2.07474,1.436042142388081
lambda1_start_expansion96_s386_cont120000,central_0p20_0p30,CDF_RUN_2:45,1.0056649446487427,0.4999999999999999,1.95146,1.4785624723243713
lambda1_start_expansion96_s386_cont120000,central_0p20_0p30,CDF_RUN_2:46,0.9907214641571045,0.6019909438956881,1.909664,1.5439165486950663
lambda1_start_expansion96_s386_cont120000,central_0p20_0p30,CDF_RUN_2:47,0.9631966352462769,0.6991107444955241,1.854624,1.5864030838829353
lambda1_start_expansion96_s386_cont120000,central_0p20_0p30,CDF_RUN_2:48,0.9206949472427368,0.7868488168527201,1.824972,1.6322242763118542
lambda1_start_expansion96_s386_cont120000,central_0p20_0p30,CDF_RUN_2:49,0.8637121915817261,0.8614156927186152,1.69753,1.5819759366214712
lambda1_start_expansion96_s386_cont120000,central_0p20_0p30,CDF_RUN_2:50,0.7568869590759277,0.9408752472293116,1.6449,1.5923964484982172
lambda1_start_expansion96_s386_cont120000,central_0p20_0p30,CDF_RUN_2:51,0.6025252342224121,0.9920975764810804,1.42279,1.416307920423178
lambda1_start_expansion96_s386_cont120000,central_0p20_0p30,D0_RUN_1:14,1.2590750455856323,0.0206608071262849,2.589585,1.2865644551333897
lambda1_start_expansion96_s386_cont120000,central_0p20_0p30,D0_RUN_1:15,0.7742743492126465,0.4999999999999999,1.790634,1.2824541746063232
lambda1_start_expansion96_s386_cont120000,late_0p22_0p32,CDF_RUN_1:30,1.4577535390853882,0.0,2.72209,1.4577535390853882
lambda1_start_expansion96_s386_cont120000,late_0p22_0p32,CDF_RUN_1:31,1.1013462543487549,0.0,2.51472,1.1013462543487549
lambda1_start_expansion96_s386_cont120000,late_0p22_0p32,CDF_RUN_1:32,0.8365272283554077,0.0193207037777613,2.180565,0.8624949840074753
lambda1_start_expansion96_s386_cont120000,late_0p22_0p32,CDF_RUN_1:33,0.7897075414657593,0.2102966915212009,1.75218,0.9921123151757862
lambda1_start_expansion96_s386_cont120000,late_0p22_0p32,CDF_RUN_1:34,0.6528167724609375,0.5852865232044726,1.478605,1.1361394930604591
lambda1_start_expansion96_s386_cont120000,late_0p22_0p32,CDF_RUN_1:35,0.38658642768859863,0.9023365088655396,1.20233,1.1226616348575724
lambda1_start_expansion96_s386_cont120000,late_0p22_0p32,CDF_RUN_2:36,1.8773775100708008,0.0,3.27554,1.8773775100708008
lambda1_start_expansion96_s386_cont120000,late_0p22_0p32,CDF_RUN_2:37,1.6745057106018066,0.0,2.91722,1.6745057106018066
lambda1_start_expansion96_s386_cont120000,late_0p22_0p32,CDF_RUN_2:38,1.4804061651229858,0.0,2.90854,1.4804061651229858
lambda1_start_expansion96_s386_cont120000,late_0p22_0p32,CDF_RUN_2:39,1.3135110139846802,0.0,2.8682,1.3135110139846802
lambda1_start_expansion96_s386_cont120000,late_0p22_0p32,CDF_RUN_2:40,1.1853070259094238,0.0003303151612864,2.4889,1.1857376224329124
lambda1_start_expansion96_s386_cont120000,late_0p22_0p32,CDF_RUN_2:41,1.0985710620880127,0.0050271675971199,2.31978,1.1047102840899972
lambda1_start_expansion96_s386_cont120000,late_0p22_0p32,CDF_RUN_2:42,1.04825758934021,0.0206005434885857,2.33764,1.0748195677644246
lambda1_start_expansion96_s386_cont120000,late_0p22_0p32,CDF_RUN_2:43,1.0240932703018188,0.0513247888893216,2.08436,1.0785112363699494
lambda1_start_expansion96_s386_cont120000,late_0p22_0p32,CDF_RUN_2:44,1.0137641429901123,0.0990801434780254,2.07474,1.1188857831293728
lambda1_start_expansion96_s386_cont120000,late_0p22_0p32,CDF_RUN_2:45,1.0056649446487427,0.1637132978446752,1.95146,1.160504172245484
lambda1_start_expansion96_s386_cont120000,late_0p22_0p32,CDF_RUN_2:46,0.9907214641571045,0.2433979518395934,1.909664,1.2143901952395473
lambda1_start_expansion96_s386_cont120000,late_0p22_0p32,CDF_RUN_2:47,0.9631966352462769,0.3349953729225092,1.854624,1.26182067773528
lambda1_start_expansion96_s386_cont120000,late_0p22_0p32,CDF_RUN_2:48,0.9206949472427368,0.4344149545116246,1.824972,1.3135264219821892
lambda1_start_expansion96_s386_cont120000,late_0p22_0p32,CDF_RUN_2:49,0.8637121915817261,0.5369747743326755,1.69753,1.3114513210916947
lambda1_start_expansion96_s386_cont120000,late_0p22_0p32,CDF_RUN_2:50,0.7568869590759277,0.6848781819867951,1.6449,1.365067716124572
lambda1_start_expansion96_s386_cont120000,late_0p22_0p32,CDF_RUN_2:51,0.6025252342224121,0.8499258195752324,1.42279,1.2996894375446146
lambda1_start_expansion96_s386_cont120000,late_0p22_0p32,D0_RUN_1:14,1.2590750455856323,2.671437209028174e-06,2.589585,1.2590785999594316
lambda1_start_expansion96_s386_cont120000,late_0p22_0p32,D0_RUN_1:15,0.7742743492126465,0.2207503246456333,1.790634,0.9986360720806773
lambda1_start_expansion96_s387_cont120000,early_0p18_0p28,CDF_RUN_1:30,1.4592106342315674,0.0892391852052237,2.72209,1.571908959845232
lambda1_start_expansion96_s387_cont120000,early_0p18_0p28,CDF_RUN_1:31,1.1058940887451172,0.2263136792031131,2.51472,1.4247306640778883
lambda1_start_expansion96_s387_cont120000,early_0p18_0p28,CDF_RUN_1:32,0.8428481817245483,0.5139631863662977,2.180565,1.530385380101185
lambda1_start_expansion96_s387_cont120000,early_0p18_0p28,CDF_RUN_1:33,0.7905418872833252,0.8606209544870957,1.75218,1.6181477977207193
lambda1_start_expansion96_s387_cont120000,early_0p18_0p28,CDF_RUN_1:34,0.6523575782775879,0.9935104948187734,1.478605,1.4732430630757571
lambda1_start_expansion96_s387_cont120000,early_0p18_0p28,CDF_RUN_1:35,0.38837289810180664,1.0,1.20233,1.20233
lambda1_start_expansion96_s387_cont120000,early_0p18_0p28,CDF_RUN_2:36,1.8820996284484863,0.0629515791727313,3.27554,1.9698189003206916
lambda1_start_expansion96_s387_cont120000,early_0p18_0p28,CDF_RUN_2:37,1.6784313917160034,0.1155267912377162,2.91722,1.8215446646528897
lambda1_start_expansion96_s387_cont120000,early_0p18_0p28,CDF_RUN_2:38,1.4856152534484863,0.1846215696118183,2.90854,1.7483178535963255
lambda1_start_expansion96_s387_cont120000,early_0p18_0p28,CDF_RUN_2:39,1.3211429119110107,0.2680057887944079,2.8682,1.7357631671142801
lambda1_start_expansion96_s387_cont120000,early_0p18_0p28,CDF_RUN_2:40,1.1952763795852661,0.3622378472320013,2.4889,1.663875814972767
lambda1_start_expansion96_s387_cont120000,early_0p18_0p28,CDF_RUN_2:41,1.109796166419983,0.4630252256673241,2.31978,1.6700492040171844
lambda1_start_expansion96_s387_cont120000,early_0p18_0p28,CDF_RUN_2:42,1.0591994524002075,0.5655850454883751,2.33764,1.7822663076686194
lambda1_start_expansion96_s387_cont120000,early_0p18_0p28,CDF_RUN_2:43,1.0333638191223145,0.6650046270774903,2.08436,1.7322811424467464
lambda1_start_expansion96_s387_cont120000,early_0p18_0p28,CDF_RUN_2:44,1.0205316543579102,0.7566020481604062,2.07474,1.8181478478585087
lambda1_start_expansion96_s387_cont120000,early_0p18_0p28,CDF_RUN_2:45,1.0098103284835815,0.8362867021553243,1.95146,1.7972994268616915
lambda1_start_expansion96_s387_cont120000,early_0p18_0p28,CDF_RUN_2:46,0.9927124977111816,0.9009198565219744,1.909664,1.8188123135908327
lambda1_start_expansion96_s387_cont120000,early_0p18_0p28,CDF_RUN_2:47,0.9638242721557617,0.9486752111106782,1.854624,1.8089038920257292
lambda1_start_expansion96_s387_cont120000,early_0p18_0p28,CDF_RUN_2:48,0.9207824468612671,0.979399456511414,1.824972,1.8063452037886405
lambda1_start_expansion96_s387_cont120000,early_0p18_0p28,CDF_RUN_2:49,0.8639240264892578,0.99497283240288,1.69753,1.6933393230612013
lambda1_start_expansion96_s387_cont120000,early_0p18_0p28,CDF_RUN_2:50,0.757988452911377,0.9998348419300568,1.6449,1.6447535194006724
lambda1_start_expansion96_s387_cont120000,early_0p18_0p28,CDF_RUN_2:51,0.6049995422363281,1.0,1.42279,1.42279
lambda1_start_expansion96_s387_cont120000,early_0p18_0p28,D0_RUN_1:14,1.2625324726104736,0.1879104824806516,2.589585,1.5118995533094077
lambda1_start_expansion96_s387_cont120000,early_0p18_0p28,D0_RUN_1:15,0.7775775194168091,0.7792496753543665,1.790634,1.5670014530268979
lambda1_start_expansion96_s387_cont120000,central_0p20_0p30,CDF_RUN_1:30,1.4592106342315674,0.0012197116639461,2.72209,1.460750982924152
lambda1_start_expansion96_s387_cont120000,central_0p20_0p30,CDF_RUN_1:31,1.1058940887451172,0.0258850748744865,2.51472,1.1423616529430665
lambda1_start_expansion96_s387_cont120000,central_0p20_0p30,CDF_RUN_1:32,0.8428481817245483,0.1831302917603498,2.180565,1.0878246529480586
lambda1_start_expansion96_s387_cont120000,central_0p20_0p30,CDF_RUN_1:33,0.7905418872833252,0.549777686123881,1.75218,1.3192290637812345
lambda1_start_expansion96_s387_cont120000,central_0p20_0p30,CDF_RUN_1:34,0.6523575782775879,0.8825037510074896,1.478605,1.3815240272078837
lambda1_start_expansion96_s387_cont120000,central_0p20_0p30,CDF_RUN_1:35,0.38837289810180664,0.9960358801988642,1.20233,1.1991033765350902
lambda1_start_expansion96_s387_cont120000,central_0p20_0p30,CDF_RUN_2:36,1.8820996284484863,5.164127530589625e-05,3.27554,1.882171587486336
lambda1_start_expansion96_s387_cont120000,central_0p20_0p30,CDF_RUN_2:37,1.6784313917160034,0.0023877817219835,2.91722,1.6813893485122653
lambda1_start_expansion96_s387_cont120000,central_0p20_0p30,CDF_RUN_2:38,1.4856152534484863,0.0134170653158552,2.90854,1.5047067277125148
lambda1_start_expansion96_s387_cont120000,central_0p20_0p30,CDF_RUN_2:39,1.3211429119110107,0.0383530844331178,2.8682,1.3804773230333411
lambda1_start_expansion96_s387_cont120000,central_0p20_0p30,CDF_RUN_2:40,1.1952763795852661,0.0798964211082592,2.4889,1.2986322771175125
lambda1_start_expansion96_s387_cont120000,central_0p20_0p30,CDF_RUN_2:41,1.109796166419983,0.1385843072813845,2.31978,1.2774809378183436
lambda1_start_expansion96_s387_cont120000,central_0p20_0p30,CDF_RUN_2:42,1.0591994524002075,0.2131511831472797,2.33764,1.3317005677045595
lambda1_start_expansion96_s387_cont120000,central_0p20_0p30,CDF_RUN_2:43,1.0333638191223145,0.3008892555044757,2.08436,1.3495972775246488
lambda1_start_expansion96_s387_cont120000,central_0p20_0p30,CDF_RUN_2:44,1.0205316543579102,0.3980090561043118,2.07474,1.4401161229442065
lambda1_start_expansion96_s387_cont120000,central_0p20_0p30,CDF_RUN_2:45,1.0098103284835815,0.4999999999999999,1.95146,1.4806351642417908
lambda1_start_expansion96_s387_cont120000,central_0p20_0p30,CDF_RUN_2:46,0.9927124977111816,0.6019909438956881,1.909664,1.5447089980805966
lambda1_start_expansion96_s387_cont120000,central_0p20_0p30,CDF_RUN_2:47,0.9638242721557617,0.6991107444955241,1.854624,1.5865919330853573
lambda1_start_expansion96_s387_cont120000,central_0p20_0p30,CDF_RUN_2:48,0.9207824468612671,0.7868488168527201,1.824972,1.6322429269590688
lambda1_start_expansion96_s387_cont120000,central_0p20_0p30,CDF_RUN_2:49,0.8639240264892578,0.8614156927186152,1.69753,1.5820052936153894
lambda1_start_expansion96_s387_cont120000,central_0p20_0p30,CDF_RUN_2:50,0.757988452911377,0.9408752472293116,1.6449,1.5924615740489165
lambda1_start_expansion96_s387_cont120000,central_0p20_0p30,CDF_RUN_2:51,0.6049995422363281,0.9920975764810804,1.42279,1.4163274734530202
lambda1_start_expansion96_s387_cont120000,central_0p20_0p30,D0_RUN_1:14,1.2625324726104736,0.0206608071262849,2.589585,1.2899504489253175
lambda1_start_expansion96_s387_cont120000,central_0p20_0p30,D0_RUN_1:15,0.7775775194168091,0.4999999999999999,1.790634,1.2841057597084045
lambda1_start_expansion96_s387_cont120000,late_0p22_0p32,CDF_RUN_1:30,1.4592106342315674,0.0,2.72209,1.4592106342315674
lambda1_start_expansion96_s387_cont120000,late_0p22_0p32,CDF_RUN_1:31,1.1058940887451172,0.0,2.51472,1.1058940887451172
lambda1_start_expansion96_s387_cont120000,late_0p22_0p32,CDF_RUN_1:32,0.8428481817245483,0.0193207037777613,2.180565,0.8686938121089777
lambda1_start_expansion96_s387_cont120000,late_0p22_0p32,CDF_RUN_1:33,0.7905418872833252,0.2102966915212009,1.75218,0.9927712008283336
lambda1_start_expansion96_s387_cont120000,late_0p22_0p32,CDF_RUN_1:34,0.6523575782775879,0.5852865232044726,1.478605,1.135949059044158
lambda1_start_expansion96_s387_cont120000,late_0p22_0p32,CDF_RUN_1:35,0.38837289810180664,0.9023365088655396,1.20233,1.1228361077949347
lambda1_start_expansion96_s387_cont120000,late_0p22_0p32,CDF_RUN_2:36,1.8820996284484863,0.0,3.27554,1.8820996284484863
lambda1_start_expansion96_s387_cont120000,late_0p22_0p32,CDF_RUN_2:37,1.6784313917160034,0.0,2.91722,1.6784313917160034
lambda1_start_expansion96_s387_cont120000,late_0p22_0p32,CDF_RUN_2:38,1.4856152534484863,0.0,2.90854,1.4856152534484863
lambda1_start_expansion96_s387_cont120000,late_0p22_0p32,CDF_RUN_2:39,1.3211429119110107,0.0,2.8682,1.3211429119110107
lambda1_start_expansion96_s387_cont120000,late_0p22_0p32,CDF_RUN_2:40,1.1952763795852661,0.0003303151612864,2.4889,1.1957036830800873
lambda1_start_expansion96_s387_cont120000,late_0p22_0p32,CDF_RUN_2:41,1.109796166419983,0.0050271675971199,2.31978,1.1158789579411952
lambda1_start_expansion96_s387_cont120000,late_0p22_0p32,CDF_RUN_2:42,1.0591994524002075,0.0206005434885857,2.33764,1.0855360224986086
lambda1_start_expansion96_s387_cont120000,late_0p22_0p32,CDF_RUN_2:43,1.0333638191223145,0.0513247888893216,2.08436,1.087305976229345
lambda1_start_expansion96_s387_cont120000,late_0p22_0p32,CDF_RUN_2:44,1.0205316543579102,0.0990801434780254,2.07474,1.1249827684998601
lambda1_start_expansion96_s387_cont120000,late_0p22_0p32,CDF_RUN_2:45,1.0098103284835815,0.1637132978446752,1.95146,1.1639709016218895
lambda1_start_expansion96_s387_cont120000,late_0p22_0p32,CDF_RUN_2:46,0.9927124977111816,0.2433979518395934,1.909664,1.2158966153045183
lambda1_start_expansion96_s387_cont120000,late_0p22_0p32,CDF_RUN_2:47,0.9638242721557617,0.3349953729225092,1.854624,1.262238059184212
lambda1_start_expansion96_s387_cont120000,late_0p22_0p32,CDF_RUN_2:48,0.9207824468612671,0.4344149545116246,1.824972,1.3135759104579159
lambda1_start_expansion96_s387_cont120000,late_0p22_0p32,CDF_RUN_2:49,0.8639240264892578,0.5369747743326755,1.69753,1.3115494059975588
lambda1_start_expansion96_s387_cont120000,late_0p22_0p32,CDF_RUN_2:50,0.757988452911377,0.6848781819867951,1.6449,1.365414820864529
lambda1_start_expansion96_s387_cont120000,late_0p22_0p32,CDF_RUN_2:51,0.6049995422363281,0.8499258195752324,1.42279,1.3000607672919215
lambda1_start_expansion96_s387_cont120000,late_0p22_0p32,D0_RUN_1:14,1.2625324726104736,2.671437209028174e-06,2.589585,1.2625360177479736
lambda1_start_expansion96_s387_cont120000,late_0p22_0p32,D0_RUN_1:15,0.7775775194168091,0.2207503246456333,1.790634,1.0012100663899113
lambda1_start_expansion96_s388_cont120000,early_0p18_0p28,CDF_RUN_1:30,1.4686963558197021,0.0892391852052237,2.72209,1.580548183367758
lambda1_start_expansion96_s388_cont120000,early_0p18_0p28,CDF_RUN_1:31,1.1168370246887207,0.2263136792031131,2.51472,1.4331970639268108
lambda1_start_expansion96_s388_cont120000,early_0p18_0p28,CDF_RUN_1:32,0.850814700126648,0.5139631863662977,2.180565,1.534257401321096
lambda1_start_expansion96_s388_cont120000,early_0p18_0p28,CDF_RUN_1:33,0.7935999631881714,0.8606209544870957,1.75218,1.6185740294214428
lambda1_start_expansion96_s388_cont120000,early_0p18_0p28,CDF_RUN_1:34,0.6530916690826416,0.9935104948187734,1.478605,1.47324782696184
lambda1_start_expansion96_s388_cont120000,early_0p18_0p28,CDF_RUN_1:35,0.3912256956100464,1.0,1.20233,1.20233
lambda1_start_expansion96_s388_cont120000,early_0p18_0p28,CDF_RUN_2:36,1.8900048732757568,0.0629515791727313,3.27554,1.9772264975023384
lambda1_start_expansion96_s388_cont120000,early_0p18_0p28,CDF_RUN_2:37,1.6901901960372925,0.1155267912377162,2.91722,1.8319450120421479
lambda1_start_expansion96_s388_cont120000,early_0p18_0p28,CDF_RUN_2:38,1.4992218017578125,0.1846215696118183,2.90854,1.759412339599785
lambda1_start_expansion96_s388_cont120000,early_0p18_0p28,CDF_RUN_2:39,1.334566593170166,0.2680057887944079,2.8682,1.7455892240890507
lambda1_start_expansion96_s388_cont120000,early_0p18_0p28,CDF_RUN_2:40,1.2070732116699219,0.3622378472320013,2.4889,1.6713993879989197
lambda1_start_expansion96_s388_cont120000,early_0p18_0p28,CDF_RUN_2:41,1.1193044185638428,0.4630252256673241,2.31978,1.6751548955664317
lambda1_start_expansion96_s388_cont120000,early_0p18_0p28,CDF_RUN_2:42,1.0664082765579224,0.5655850454883751,2.33764,1.7853979286871753
lambda1_start_expansion96_s388_cont120000,early_0p18_0p28,CDF_RUN_2:43,1.0386003255844116,0.6650046270774903,2.08436,1.7340353478818278
lambda1_start_expansion96_s388_cont120000,early_0p18_0p28,CDF_RUN_2:44,1.0241994857788086,0.7566020481604062,2.07474,1.8190405905140483
lambda1_start_expansion96_s388_cont120000,early_0p18_0p28,CDF_RUN_2:45,1.0122184753417969,0.8362867021553243,1.95146,1.7976936725255441
lambda1_start_expansion96_s388_cont120000,early_0p18_0p28,CDF_RUN_2:46,0.9940859079360962,0.9009198565219744,1.909664,1.8189483912729716
lambda1_start_expansion96_s388_cont120000,early_0p18_0p28,CDF_RUN_2:47,0.964382529258728,0.9486752111106782,1.854624,1.808932544453685
lambda1_start_expansion96_s388_cont120000,early_0p18_0p28,CDF_RUN_2:48,0.920825719833374,0.979399456511414,1.824972,1.8063460952353843
lambda1_start_expansion96_s388_cont120000,early_0p18_0p28,CDF_RUN_2:49,0.8638529777526855,0.99497283240288,1.69753,1.6933389658872948
lambda1_start_expansion96_s388_cont120000,early_0p18_0p28,CDF_RUN_2:50,0.7586195468902588,0.9998348419300568,1.6449,1.644753623630936
lambda1_start_expansion96_s388_cont120000,early_0p18_0p28,CDF_RUN_2:51,0.6074478626251221,1.0,1.42279,1.42279
lambda1_start_expansion96_s388_cont120000,early_0p18_0p28,D0_RUN_1:14,1.2722859382629395,0.1879104824806516,2.589585,1.5198202405252603
lambda1_start_expansion96_s388_cont120000,early_0p18_0p28,D0_RUN_1:15,0.7816736698150635,0.7792496753543665,1.790634,1.5679056795571098
lambda1_start_expansion96_s388_cont120000,central_0p20_0p30,CDF_RUN_1:30,1.4686963558197021,0.0012197116639461,2.72209,1.4702251346670248
lambda1_start_expansion96_s388_cont120000,central_0p20_0p30,CDF_RUN_1:31,1.1168370246887207,0.0258850748744865,2.51472,1.153021330170423
lambda1_start_expansion96_s388_cont120000,central_0p20_0p30,CDF_RUN_1:32,0.850814700126648,0.1831302917603498,2.180565,1.0943322605108676
lambda1_start_expansion96_s388_cont120000,central_0p20_0p30,CDF_RUN_1:33,0.7935999631881714,0.549777686123881,1.75218,1.3206058777911234
lambda1_start_expansion96_s388_cont120000,central_0p20_0p30,CDF_RUN_1:34,0.6530916690826416,0.8825037510074896,1.478605,1.3816102801238974
lambda1_start_expansion96_s388_cont120000,central_0p20_0p30,CDF_RUN_1:35,0.3912256956100464,0.9960358801988642,1.20233,1.1991146853661814
lambda1_start_expansion96_s388_cont120000,central_0p20_0p30,CDF_RUN_2:36,1.8900048732757568,5.164127530589625e-05,3.27554,1.890076424076682
lambda1_start_expansion96_s388_cont120000,central_0p20_0p30,CDF_RUN_2:37,1.6901901960372925,0.0023877817219835,2.91722,1.6931200753755238
lambda1_start_expansion96_s388_cont120000,central_0p20_0p30,CDF_RUN_2:38,1.4992218017578125,0.0134170653158552,2.90854,1.5181307160744513
lambda1_start_expansion96_s388_cont120000,central_0p20_0p30,CDF_RUN_2:39,1.334566593170166,0.0383530844331178,2.8682,1.3933861647117607
lambda1_start_expansion96_s388_cont120000,central_0p20_0p30,CDF_RUN_2:40,1.2070732116699219,0.0798964211082592,2.4889,1.3094865845381891
lambda1_start_expansion96_s388_cont120000,central_0p20_0p30,CDF_RUN_2:41,1.1193044185638428,0.1385843072813845,2.31978,1.2856714954253898
lambda1_start_expansion96_s388_cont120000,central_0p20_0p30,CDF_RUN_2:42,1.0664082765579224,0.2131511831472797,2.33764,1.3373728224639567
lambda1_start_expansion96_s388_cont120000,central_0p20_0p30,CDF_RUN_2:43,1.0386003255844116,0.3008892555044757,2.08436,1.353258175455921
lambda1_start_expansion96_s388_cont120000,central_0p20_0p30,CDF_RUN_2:44,1.0241994857788086,0.3980090561043118,2.07474,1.4423241242433233
lambda1_start_expansion96_s388_cont120000,central_0p20_0p30,CDF_RUN_2:45,1.0122184753417969,0.4999999999999999,1.95146,1.4818392376708984
lambda1_start_expansion96_s388_cont120000,central_0p20_0p30,CDF_RUN_2:46,0.9940859079360962,0.6019909438956881,1.909664,1.5452556277878589
lambda1_start_expansion96_s388_cont120000,central_0p20_0p30,CDF_RUN_2:47,0.964382529258728,0.6991107444955241,1.854624,1.586759906649449
lambda1_start_expansion96_s388_cont120000,central_0p20_0p30,CDF_RUN_2:48,0.920825719833374,0.7868488168527201,1.824972,1.6322521506442718
lambda1_start_expansion96_s388_cont120000,central_0p20_0p30,CDF_RUN_2:49,0.8638529777526855,0.8614156927186152,1.69753,1.5819954473754483
lambda1_start_expansion96_s388_cont120000,central_0p20_0p30,CDF_RUN_2:50,0.7586195468902588,0.9408752472293116,1.6449,1.592498887324393
lambda1_start_expansion96_s388_cont120000,central_0p20_0p30,CDF_RUN_2:51,0.6074478626251221,0.9920975764810804,1.42279,1.4163468211176427
lambda1_start_expansion96_s388_cont120000,central_0p20_0p30,D0_RUN_1:14,1.2722859382629395,0.0206608071262849,2.589585,1.299502400105125
lambda1_start_expansion96_s388_cont120000,central_0p20_0p30,D0_RUN_1:15,0.7816736698150635,0.4999999999999999,1.790634,1.2861538349075317
lambda1_start_expansion96_s388_cont120000,late_0p22_0p32,CDF_RUN_1:30,1.4686963558197021,0.0,2.72209,1.4686963558197021
lambda1_start_expansion96_s388_cont120000,late_0p22_0p32,CDF_RUN_1:31,1.1168370246887207,0.0,2.51472,1.1168370246887207
lambda1_start_expansion96_s388_cont120000,late_0p22_0p32,CDF_RUN_1:32,0.850814700126648,0.0193207037777613,2.180565,0.8765064117688903
lambda1_start_expansion96_s388_cont120000,late_0p22_0p32,CDF_RUN_1:33,0.7935999631881714,0.2102966915212009,1.75218,0.9951861734879699
lambda1_start_expansion96_s388_cont120000,late_0p22_0p32,CDF_RUN_1:34,0.6530916690826416,0.5852865232044726,1.478605,1.1362534963942055
lambda1_start_expansion96_s388_cont120000,late_0p22_0p32,CDF_RUN_1:35,0.3912256956100464,0.9023365088655396,1.20233,1.1231147219590891
lambda1_start_expansion96_s388_cont120000,late_0p22_0p32,CDF_RUN_2:36,1.8900048732757568,0.0,3.27554,1.8900048732757568
lambda1_start_expansion96_s388_cont120000,late_0p22_0p32,CDF_RUN_2:37,1.6901901960372925,0.0,2.91722,1.6901901960372925
lambda1_start_expansion96_s388_cont120000,late_0p22_0p32,CDF_RUN_2:38,1.4992218017578125,0.0,2.90854,1.4992218017578125
lambda1_start_expansion96_s388_cont120000,late_0p22_0p32,CDF_RUN_2:39,1.334566593170166,0.0,2.8682,1.334566593170166
lambda1_start_expansion96_s388_cont120000,late_0p22_0p32,CDF_RUN_2:40,1.2070732116699219,0.0003303151612864,2.4889,1.2074966184922504
lambda1_start_expansion96_s388_cont120000,late_0p22_0p32,CDF_RUN_2:41,1.1193044185638428,0.0050271675971199,2.31978,1.1253394105079724
lambda1_start_expansion96_s388_cont120000,late_0p22_0p32,CDF_RUN_2:42,1.0664082765579224,0.0206005434885857,2.33764,1.0925963409607609
lambda1_start_expansion96_s388_cont120000,late_0p22_0p32,CDF_RUN_2:43,1.0386003255844116,0.0513247888893216,2.08436,1.0922737201027575
lambda1_start_expansion96_s388_cont120000,late_0p22_0p32,CDF_RUN_2:44,1.0241994857788086,0.0990801434780254,2.07474,1.1282871906573229
lambda1_start_expansion96_s388_cont120000,late_0p22_0p32,CDF_RUN_2:45,1.0122184753417969,0.1637132978446752,1.95146,1.165984802816252
lambda1_start_expansion96_s388_cont120000,late_0p22_0p32,CDF_RUN_2:46,0.9940859079360962,0.2433979518395934,1.909664,1.216935740293653
lambda1_start_expansion96_s388_cont120000,late_0p22_0p32,CDF_RUN_2:47,0.964382529258728,0.3349953729225092,1.854624,1.2626093027407834
lambda1_start_expansion96_s388_cont120000,late_0p22_0p32,CDF_RUN_2:48,0.920825719833374,0.4344149545116246,1.824972,1.3136003850038134
lambda1_start_expansion96_s388_cont120000,late_0p22_0p32,CDF_RUN_2:49,0.8638529777526855,0.5369747743326755,1.69753,1.311516508640274
lambda1_start_expansion96_s388_cont120000,late_0p22_0p32,CDF_RUN_2:50,0.7586195468902588,0.6848781819867951,1.6449,1.3656136923464914
lambda1_start_expansion96_s388_cont120000,late_0p22_0p32,CDF_RUN_2:51,0.6074478626251221,0.8499258195752324,1.42279,1.300428196967687
lambda1_start_expansion96_s388_cont120000,late_0p22_0p32,D0_RUN_1:14,1.2722859382629395,2.671437209028174e-06,2.589585,1.2722894573446684
lambda1_start_expansion96_s388_cont120000,late_0p22_0p32,D0_RUN_1:15,0.7816736698150635,0.2207503246456333,1.790634,1.0044019902579535
lambda1_start_expansion96_s389_cont120000,early_0p18_0p28,CDF_RUN_1:30,1.4723889827728271,0.0892391852052237,2.72209,1.5839112833003193
lambda1_start_expansion96_s389_cont120000,early_0p18_0p28,CDF_RUN_1:31,1.1260137557983398,0.2263136792031131,2.51472,1.4402969752559545
lambda1_start_expansion96_s389_cont120000,early_0p18_0p28,CDF_RUN_1:32,0.8614224195480347,0.5139631863662977,2.180565,1.539413143468587
lambda1_start_expansion96_s389_cont120000,early_0p18_0p28,CDF_RUN_1:33,0.7951292991638184,0.8606209544870957,1.75218,1.618787186809997
lambda1_start_expansion96_s389_cont120000,early_0p18_0p28,CDF_RUN_1:34,0.6527423858642578,0.9935104948187734,1.478605,1.4732455602865846
lambda1_start_expansion96_s389_cont120000,early_0p18_0p28,CDF_RUN_1:35,0.39432215690612793,1.0,1.20233,1.20233
lambda1_start_expansion96_s389_cont120000,early_0p18_0p28,CDF_RUN_2:36,1.883488655090332,0.0629515791727313,3.27554,1.97112048554192
lambda1_start_expansion96_s389_cont120000,early_0p18_0p28,CDF_RUN_2:37,1.6821311712265015,0.1155267912377162,2.91722,1.8248170205082528
lambda1_start_expansion96_s389_cont120000,early_0p18_0p28,CDF_RUN_2:38,1.4915153980255127,0.1846215696118183,2.90854,1.7531287042206045
lambda1_start_expansion96_s389_cont120000,early_0p18_0p28,CDF_RUN_2:39,1.328597068786621,0.2680057887944079,2.8682,1.7412195667966452
lambda1_start_expansion96_s389_cont120000,early_0p18_0p28,CDF_RUN_2:40,1.2033166885375977,0.3622378472320013,2.4889,1.6690036197191258
lambda1_start_expansion96_s389_cont120000,early_0p18_0p28,CDF_RUN_2:41,1.1173927783966064,0.4630252256673241,2.31978,1.6741283930190245
lambda1_start_expansion96_s389_cont120000,early_0p18_0p28,CDF_RUN_2:42,1.0654935836791992,0.5655850454883751,2.33764,1.7850005724218727
lambda1_start_expansion96_s389_cont120000,early_0p18_0p28,CDF_RUN_2:43,1.0378137826919556,0.6650046270774903,2.08436,1.7337718596522498
lambda1_start_expansion96_s389_cont120000,early_0p18_0p28,CDF_RUN_2:44,1.0229755640029907,0.7566020481604062,2.07474,1.8187426904606023
lambda1_start_expansion96_s389_cont120000,early_0p18_0p28,CDF_RUN_2:45,1.010414719581604,0.8362867021553243,1.95146,1.7973983737215367
lambda1_start_expansion96_s389_cont120000,early_0p18_0p28,CDF_RUN_2:46,0.9919052124023438,0.9009198565219744,1.909664,1.8187323276466054
lambda1_start_expansion96_s389_cont120000,early_0p18_0p28,CDF_RUN_2:47,0.9621670246124268,0.9486752111106782,1.854624,1.8088188341454303
lambda1_start_expansion96_s389_cont120000,early_0p18_0p28,CDF_RUN_2:48,0.9188741445541382,0.979399456511414,1.824972,1.8063058917239732
lambda1_start_expansion96_s389_cont120000,early_0p18_0p28,CDF_RUN_2:49,0.8622943162918091,0.99497283240288,1.69753,1.693331130234904
lambda1_start_expansion96_s389_cont120000,early_0p18_0p28,CDF_RUN_2:50,0.7575113773345947,0.9998348419300568,1.6449,1.644753440607791
lambda1_start_expansion96_s389_cont120000,early_0p18_0p28,CDF_RUN_2:51,0.606438398361206,1.0,1.42279,1.42279
lambda1_start_expansion96_s389_cont120000,early_0p18_0p28,D0_RUN_1:14,1.276882529258728,0.1879104824806516,2.589585,1.5235530838892641
lambda1_start_expansion96_s389_cont120000,early_0p18_0p28,D0_RUN_1:15,0.7858248949050903,0.7792496753543665,1.790634,1.5688220638434103
lambda1_start_expansion96_s389_cont120000,central_0p20_0p30,CDF_RUN_1:30,1.4723889827728271,0.0012197116639461,2.72209,1.4739132576799845
lambda1_start_expansion96_s389_cont120000,central_0p20_0p30,CDF_RUN_1:31,1.1260137557983398,0.0258850748744865,2.51472,1.1619605209081667
lambda1_start_expansion96_s389_cont120000,central_0p20_0p30,CDF_RUN_1:32,0.8614224195480347,0.1831302917603498,2.180565,1.102997385179704
lambda1_start_expansion96_s389_cont120000,central_0p20_0p30,CDF_RUN_1:33,0.7951292991638184,0.549777686123881,1.75218,1.3212944189727729
lambda1_start_expansion96_s389_cont120000,central_0p20_0p30,CDF_RUN_1:34,0.6527423858642578,0.8825037510074896,1.478605,1.3815692406559013
lambda1_start_expansion96_s389_cont120000,central_0p20_0p30,CDF_RUN_1:35,0.39432215690612793,0.9960358801988642,1.20233,1.1991269601097185
lambda1_start_expansion96_s389_cont120000,central_0p20_0p30,CDF_RUN_2:36,1.883488655090332,5.164127530589625e-05,3.27554,1.8835605423970745
lambda1_start_expansion96_s389_cont120000,central_0p20_0p30,CDF_RUN_2:37,1.6821311712265015,0.0023877817219835,2.91722,1.685080293756873
lambda1_start_expansion96_s389_cont120000,central_0p20_0p30,CDF_RUN_2:38,1.4915153980255127,0.0134170653158552,2.90854,1.510527709664378
lambda1_start_expansion96_s389_cont120000,central_0p20_0p30,CDF_RUN_2:39,1.328597068786621,0.0383530844331178,2.8682,1.3876455900009235
lambda1_start_expansion96_s389_cont120000,central_0p20_0p30,CDF_RUN_2:40,1.2033166885375977,0.0798964211082592,2.4889,1.306030194159948
lambda1_start_expansion96_s389_cont120000,central_0p20_0p30,CDF_RUN_2:41,1.1173927783966064,0.1385843072813845,2.31978,1.2840247785865013
lambda1_start_expansion96_s389_cont120000,central_0p20_0p30,CDF_RUN_2:42,1.0654935836791992,0.2131511831472797,2.33764,1.3366530974545499
lambda1_start_expansion96_s389_cont120000,central_0p20_0p30,CDF_RUN_2:43,1.0378137826919556,0.3008892555044757,2.08436,1.3527082948687985
lambda1_start_expansion96_s389_cont120000,central_0p20_0p30,CDF_RUN_2:44,1.0229755640029907,0.3980090561043118,2.07474,1.4415873344182444
lambda1_start_expansion96_s389_cont120000,central_0p20_0p30,CDF_RUN_2:45,1.010414719581604,0.4999999999999999,1.95146,1.480937359790802
lambda1_start_expansion96_s389_cont120000,central_0p20_0p30,CDF_RUN_2:46,0.9919052124023438,0.6019909438956881,1.909664,1.544387691216819
lambda1_start_expansion96_s389_cont120000,central_0p20_0p30,CDF_RUN_2:47,0.9621670246124268,0.6991107444955241,1.854624,1.5860932851058567
lambda1_start_expansion96_s389_cont120000,central_0p20_0p30,CDF_RUN_2:48,0.9188741445541382,0.7868488168527201,1.824972,1.6318361700645017
lambda1_start_expansion96_s389_cont120000,central_0p20_0p30,CDF_RUN_2:49,0.8622943162918091,0.8614156927186152,1.69753,1.5817794413566066
lambda1_start_expansion96_s389_cont120000,central_0p20_0p30,CDF_RUN_2:50,0.7575113773345947,0.9408752472293116,1.6449,1.5924333670733863
lambda1_start_expansion96_s389_cont120000,central_0p20_0p30,CDF_RUN_2:51,0.606438398361206,0.9920975764810804,1.42279,1.4163388439035018
lambda1_start_expansion96_s389_cont120000,central_0p20_0p30,D0_RUN_1:14,1.276882529258728,0.0206608071262849,2.589585,1.304004021820911
lambda1_start_expansion96_s389_cont120000,central_0p20_0p30,D0_RUN_1:15,0.7858248949050903,0.4999999999999999,1.790634,1.288229447452545
lambda1_start_expansion96_s389_cont120000,late_0p22_0p32,CDF_RUN_1:30,1.4723889827728271,0.0,2.72209,1.4723889827728271
lambda1_start_expansion96_s389_cont120000,late_0p22_0p32,CDF_RUN_1:31,1.1260137557983398,0.0,2.51472,1.1260137557983398
lambda1_start_expansion96_s389_cont120000,late_0p22_0p32,CDF_RUN_1:32,0.8614224195480347,0.0193207037777613,2.180565,0.8869091825855788
lambda1_start_expansion96_s389_cont120000,late_0p22_0p32,CDF_RUN_1:33,0.7951292991638184,0.2102966915212009,1.75218,0.996393895167714
lambda1_start_expansion96_s389_cont120000,late_0p22_0p32,CDF_RUN_1:34,0.6527423858642578,0.5852865232044726,1.478605,1.1361086439363233
lambda1_start_expansion96_s389_cont120000,late_0p22_0p32,CDF_RUN_1:35,0.39432215690612793,0.9023365088655396,1.20233,1.1234171331794272
lambda1_start_expansion96_s389_cont120000,late_0p22_0p32,CDF_RUN_2:36,1.883488655090332,0.0,3.27554,1.883488655090332
lambda1_start_expansion96_s389_cont120000,late_0p22_0p32,CDF_RUN_2:37,1.6821311712265015,0.0,2.91722,1.6821311712265015
lambda1_start_expansion96_s389_cont120000,late_0p22_0p32,CDF_RUN_2:38,1.4915153980255127,0.0,2.90854,1.4915153980255127
lambda1_start_expansion96_s389_cont120000,late_0p22_0p32,CDF_RUN_2:39,1.328597068786621,0.0,2.8682,1.328597068786621
lambda1_start_expansion96_s389_cont120000,late_0p22_0p32,CDF_RUN_2:40,1.2033166885375977,0.0003303151612864,2.4889,1.2037413361964704
lambda1_start_expansion96_s389_cont120000,late_0p22_0p32,CDF_RUN_2:41,1.1173927783966064,0.0050271675971199,2.31978,1.123437380476242
lambda1_start_expansion96_s389_cont120000,late_0p22_0p32,CDF_RUN_2:42,1.0654935836791992,0.0206005434885857,2.33764,1.0917004912524644
lambda1_start_expansion96_s389_cont120000,late_0p22_0p32,CDF_RUN_2:43,1.0378137826919556,0.0513247888893216,2.08436,1.091527546358209
lambda1_start_expansion96_s389_cont120000,late_0p22_0p32,CDF_RUN_2:44,1.0229755640029907,0.0990801434780254,2.07474,1.1271845352266587
lambda1_start_expansion96_s389_cont120000,late_0p22_0p32,CDF_RUN_2:45,1.010414719581604,0.1637132978446752,1.95146,1.1644763458600669
lambda1_start_expansion96_s389_cont120000,late_0p22_0p32,CDF_RUN_2:46,0.9919052124023438,0.2433979518395934,1.909664,1.2152858215864017
lambda1_start_expansion96_s389_cont120000,late_0p22_0p32,CDF_RUN_2:47,0.9621670246124268,0.3349953729225092,1.854624,1.2611359818996815
lambda1_start_expansion96_s389_cont120000,late_0p22_0p32,CDF_RUN_2:48,0.9188741445541382,0.4344149545116246,1.824972,1.3124966032107328
lambda1_start_expansion96_s389_cont120000,late_0p22_0p32,CDF_RUN_2:49,0.8622943162918091,0.5369747743326755,1.69753,1.3107948090656127
lambda1_start_expansion96_s389_cont120000,late_0p22_0p32,CDF_RUN_2:50,0.7575113773345947,0.6848781819867951,1.6449,1.3652644839414436
lambda1_start_expansion96_s389_cont120000,late_0p22_0p32,CDF_RUN_2:51,0.606438398361206,0.8499258195752324,1.42279,1.3002767024456117
lambda1_start_expansion96_s389_cont120000,late_0p22_0p32,D0_RUN_1:14,1.276882529258728,2.671437209028174e-06,2.589585,1.2768860360609529
lambda1_start_expansion96_s389_cont120000,late_0p22_0p32,D0_RUN_1:15,0.7858248949050903,0.2207503246456333,1.790634,1.00763683106168
lambda1_start_expansion96_s390_cont120000,early_0p18_0p28,CDF_RUN_1:30,1.472306251525879,0.0892391852052237,2.72209,1.5838359349224398
lambda1_start_expansion96_s390_cont120000,early_0p18_0p28,CDF_RUN_1:31,1.131811499595642,0.2263136792031131,2.51472,1.4447826103234123
lambda1_start_expansion96_s390_cont120000,early_0p18_0p28,CDF_RUN_1:32,0.8673652410507202,0.5139631863662977,2.180565,1.5423015734957461
lambda1_start_expansion96_s390_cont120000,early_0p18_0p28,CDF_RUN_1:33,0.7945326566696167,0.8606209544870957,1.75218,1.6187040273486426
lambda1_start_expansion96_s390_cont120000,early_0p18_0p28,CDF_RUN_1:34,0.6524527072906494,0.9935104948187734,1.478605,1.4732436804159803
lambda1_start_expansion96_s390_cont120000,early_0p18_0p28,CDF_RUN_1:35,0.3960120677947998,1.0,1.20233,1.20233
lambda1_start_expansion96_s390_cont120000,early_0p18_0p28,CDF_RUN_2:36,1.8884098529815674,0.0629515791727313,3.27554,1.9757318862544806
lambda1_start_expansion96_s390_cont120000,early_0p18_0p28,CDF_RUN_2:37,1.6896610260009766,0.1155267912377162,2.91722,1.8314769753221467
lambda1_start_expansion96_s390_cont120000,early_0p18_0p28,CDF_RUN_2:38,1.502206563949585,0.1846215696118183,2.90854,1.7618460503107942
lambda1_start_expansion96_s390_cont120000,early_0p18_0p28,CDF_RUN_2:39,1.3417308330535889,0.2680057887944079,2.8682,1.7508334062114046
lambda1_start_expansion96_s390_cont120000,early_0p18_0p28,CDF_RUN_2:40,1.2173532247543335,0.3622378472320013,2.4889,1.677955591274117
lambda1_start_expansion96_s390_cont120000,early_0p18_0p28,CDF_RUN_2:41,1.1306058168411255,0.4630252256673241,2.31978,1.6812234613560193
lambda1_start_expansion96_s390_cont120000,early_0p18_0p28,CDF_RUN_2:42,1.0765210390090942,0.5655850454883751,2.33764,1.789791063927388
lambda1_start_expansion96_s390_cont120000,early_0p18_0p28,CDF_RUN_2:43,1.045965313911438,0.6650046270774903,2.08436,1.7365025848930098
lambda1_start_expansion96_s390_cont120000,early_0p18_0p28,CDF_RUN_2:44,1.0282591581344604,0.7566020481604062,2.07474,1.8200287064505538
lambda1_start_expansion96_s390_cont120000,early_0p18_0p28,CDF_RUN_2:45,1.013364553451538,0.8362867021553243,1.95146,1.7978813007524774
lambda1_start_expansion96_s390_cont120000,early_0p18_0p28,CDF_RUN_2:46,0.9932923316955566,0.9009198565219744,1.909664,1.818869763625198
lambda1_start_expansion96_s390_cont120000,early_0p18_0p28,CDF_RUN_2:47,0.9627729654312134,0.9486752111106782,1.854624,1.808849933930034
lambda1_start_expansion96_s390_cont120000,early_0p18_0p28,CDF_RUN_2:48,0.9193298816680908,0.979399456511414,1.824972,1.8063152801562083
lambda1_start_expansion96_s390_cont120000,early_0p18_0p28,CDF_RUN_2:49,0.8630408048629761,0.99497283240288,1.69753,1.6933348829580606
lambda1_start_expansion96_s390_cont120000,early_0p18_0p28,CDF_RUN_2:50,0.7591521739959717,0.9998348419300568,1.6449,1.6447537115986008
lambda1_start_expansion96_s390_cont120000,early_0p18_0p28,CDF_RUN_2:51,0.6094722747802734,1.0,1.42279,1.42279
lambda1_start_expansion96_s390_cont120000,early_0p18_0p28,D0_RUN_1:14,1.2810410261154175,0.1879104824806516,2.589585,1.5269301555952186
lambda1_start_expansion96_s390_cont120000,early_0p18_0p28,D0_RUN_1:15,0.7889804840087891,0.7792496753543665,1.790634,1.5695186611625
lambda1_start_expansion96_s390_cont120000,central_0p20_0p30,CDF_RUN_1:30,1.472306251525879,0.0012197116639461,2.72209,1.473830627341303
lambda1_start_expansion96_s390_cont120000,central_0p20_0p30,CDF_RUN_1:31,1.131811499595642,0.0258850748744865,2.51472,1.1676081896731727
lambda1_start_expansion96_s390_cont120000,central_0p20_0p30,CDF_RUN_1:32,0.8673652410507202,0.1831302917603498,2.180565,1.1078518960467227
lambda1_start_expansion96_s390_cont120000,central_0p20_0p30,CDF_RUN_1:33,0.7945326566696167,0.549777686123881,1.75218,1.3210257972084767
lambda1_start_expansion96_s390_cont120000,central_0p20_0p30,CDF_RUN_1:34,0.6524527072906494,0.8825037510074896,1.478605,1.3815352045100888
lambda1_start_expansion96_s390_cont120000,central_0p20_0p30,CDF_RUN_1:35,0.3960120677947998,0.9960358801988642,1.20233,1.1991336591189345
lambda1_start_expansion96_s390_cont120000,central_0p20_0p30,CDF_RUN_2:36,1.8884098529815674,5.164127530589625e-05,3.27554,1.8884814861513748
lambda1_start_expansion96_s390_cont120000,central_0p20_0p30,CDF_RUN_2:37,1.6896610260009766,0.0023877817219835,2.91722,1.6925921688817482
lambda1_start_expansion96_s390_cont120000,central_0p20_0p30,CDF_RUN_2:38,1.502206563949585,0.0134170653158552,2.90854,1.5210754315169446
lambda1_start_expansion96_s390_cont120000,central_0p20_0p30,CDF_RUN_2:39,1.3417308330535889,0.0383530844331178,2.8682,1.4002756338980356
lambda1_start_expansion96_s390_cont120000,central_0p20_0p30,CDF_RUN_2:40,1.2173532247543335,0.0798964211082592,2.4889,1.3189452613682104
lambda1_start_expansion96_s390_cont120000,central_0p20_0p30,CDF_RUN_2:41,1.1306058168411255,0.1385843072813845,2.31978,1.2954066972511042
lambda1_start_expansion96_s390_cont120000,central_0p20_0p30,CDF_RUN_2:42,1.0765210390090942,0.2131511831472797,2.33764,1.345330037633774
lambda1_start_expansion96_s390_cont120000,central_0p20_0p30,CDF_RUN_2:43,1.045965313911438,0.3008892555044757,2.08436,1.3584071179284294
lambda1_start_expansion96_s390_cont120000,central_0p20_0p30,CDF_RUN_2:44,1.0282591581344604,0.3980090561043118,2.07474,1.4447680102366094
lambda1_start_expansion96_s390_cont120000,central_0p20_0p30,CDF_RUN_2:45,1.013364553451538,0.4999999999999999,1.95146,1.482412276725769
lambda1_start_expansion96_s390_cont120000,central_0p20_0p30,CDF_RUN_2:46,0.9932923316955566,0.6019909438956881,1.909664,1.5449397772574147
lambda1_start_expansion96_s390_cont120000,central_0p20_0p30,CDF_RUN_2:47,0.9627729654312134,0.6991107444955241,1.854624,1.5862756061877012
lambda1_start_expansion96_s390_cont120000,central_0p20_0p30,CDF_RUN_2:48,0.9193298816680908,0.7868488168527201,1.824972,1.6319333109695446
lambda1_start_expansion96_s390_cont120000,central_0p20_0p30,CDF_RUN_2:49,0.8630408048629761,0.8614156927186152,1.69753,1.5818828929581352
lambda1_start_expansion96_s390_cont120000,central_0p20_0p30,CDF_RUN_2:50,0.7591521739959717,0.9408752472293116,1.6449,1.5925303787703373
lambda1_start_expansion96_s390_cont120000,central_0p20_0p30,CDF_RUN_2:51,0.6094722747802734,0.9920975764810804,1.42279,1.4163628188798694
lambda1_start_expansion96_s390_cont120000,central_0p20_0p30,D0_RUN_1:14,1.2810410261154175,0.0206608071262849,2.589585,1.3080766007761093
lambda1_start_expansion96_s390_cont120000,central_0p20_0p30,D0_RUN_1:15,0.7889804840087891,0.4999999999999999,1.790634,1.2898072420043944
lambda1_start_expansion96_s390_cont120000,late_0p22_0p32,CDF_RUN_1:30,1.472306251525879,0.0,2.72209,1.472306251525879
lambda1_start_expansion96_s390_cont120000,late_0p22_0p32,CDF_RUN_1:31,1.131811499595642,0.0,2.51472,1.131811499595642
lambda1_start_expansion96_s390_cont120000,late_0p22_0p32,CDF_RUN_1:32,0.8673652410507202,0.0193207037777613,2.180565,0.8927371845944069
lambda1_start_expansion96_s390_cont120000,late_0p22_0p32,CDF_RUN_1:33,0.7945326566696167,0.2102966915212009,1.75218,0.995922724616064
lambda1_start_expansion96_s390_cont120000,late_0p22_0p32,CDF_RUN_1:34,0.6524527072906494,0.5852865232044726,1.478605,1.135988510327909
lambda1_start_expansion96_s390_cont120000,late_0p22_0p32,CDF_RUN_1:35,0.3960120677947998,0.9023365088655396,1.20233,1.123582175776521
lambda1_start_expansion96_s390_cont120000,late_0p22_0p32,CDF_RUN_2:36,1.8884098529815674,0.0,3.27554,1.8884098529815674
lambda1_start_expansion96_s390_cont120000,late_0p22_0p32,CDF_RUN_2:37,1.6896610260009766,0.0,2.91722,1.6896610260009766
lambda1_start_expansion96_s390_cont120000,late_0p22_0p32,CDF_RUN_2:38,1.502206563949585,0.0,2.90854,1.502206563949585
lambda1_start_expansion96_s390_cont120000,late_0p22_0p32,CDF_RUN_2:39,1.3417308330535889,0.0,2.8682,1.3417308330535889
lambda1_start_expansion96_s390_cont120000,late_0p22_0p32,CDF_RUN_2:40,1.2173532247543335,0.0003303151612864,2.4889,1.217773235932482
lambda1_start_expansion96_s390_cont120000,late_0p22_0p32,CDF_RUN_2:41,1.1306058168411255,0.0050271675971199,2.31978,1.1365839947620335
lambda1_start_expansion96_s390_cont120000,late_0p22_0p32,CDF_RUN_2:42,1.0765210390090942,0.0206005434885857,2.33764,1.1025007750092675
lambda1_start_expansion96_s390_cont120000,late_0p22_0p32,CDF_RUN_2:43,1.045965313911438,0.0513247888893216,2.08436,1.0992607019587268
lambda1_start_expansion96_s390_cont120000,late_0p22_0p32,CDF_RUN_2:44,1.0282591581344604,0.0990801434780254,2.07474,1.131944630093503
lambda1_start_expansion96_s390_cont120000,late_0p22_0p32,CDF_RUN_2:45,1.013364553451538,0.1637132978446752,1.95146,1.16694325269906
lambda1_start_expansion96_s390_cont120000,late_0p22_0p32,CDF_RUN_2:46,0.9932923316955566,0.2433979518395934,1.909664,1.2163353188846893
lambda1_start_expansion96_s390_cont120000,late_0p22_0p32,CDF_RUN_2:47,0.9627729654312134,0.3349953729225092,1.854624,1.2615389353479096
lambda1_start_expansion96_s390_cont120000,late_0p22_0p32,CDF_RUN_2:48,0.9193298816680908,0.4344149545116246,1.824972,1.3127543613070585
lambda1_start_expansion96_s390_cont120000,late_0p22_0p32,CDF_RUN_2:49,0.8630408048629761,0.5369747743326755,1.69753,1.3111404521047354
lambda1_start_expansion96_s390_cont120000,late_0p22_0p32,CDF_RUN_2:50,0.7591521739959717,0.6848781819867951,1.6449,1.3657815347683666
lambda1_start_expansion96_s390_cont120000,late_0p22_0p32,CDF_RUN_2:51,0.6094722747802734,0.8499258195752324,1.42279,1.3007320089627132
lambda1_start_expansion96_s390_cont120000,late_0p22_0p32,D0_RUN_1:14,1.2810410261154175,2.671437209028174e-06,2.589585,1.281044521808479
lambda1_start_expansion96_s390_cont120000,late_0p22_0p32,D0_RUN_1:15,0.7889804840087891,0.2207503246456333,1.790634,1.0100958228462888
lambda1_start_expansion96_s391_cont120000,early_0p18_0p28,CDF_RUN_1:30,1.4679031372070312,0.0892391852052237,2.72209,1.5798257509377716
lambda1_start_expansion96_s391_cont120000,early_0p18_0p28,CDF_RUN_1:31,1.1212738752365112,0.2263136792031131,2.51472,1.4366297945030566
lambda1_start_expansion96_s391_cont120000,early_0p18_0p28,CDF_RUN_1:32,0.856694221496582,0.5139631863662977,2.180565,1.5371150651534298
lambda1_start_expansion96_s391_cont120000,early_0p18_0p28,CDF_RUN_1:33,0.7931596040725708,0.8606209544870957,1.75218,1.6185126525882274
lambda1_start_expansion96_s391_cont120000,early_0p18_0p28,CDF_RUN_1:34,0.6525058746337891,0.9935104948187734,1.478605,1.473244025445729
lambda1_start_expansion96_s391_cont120000,early_0p18_0p28,CDF_RUN_1:35,0.39278078079223633,1.0,1.20233,1.20233
lambda1_start_expansion96_s391_cont120000,early_0p18_0p28,CDF_RUN_2:36,1.89292573928833,0.0629515791727313,3.27554,1.9799634903868681
lambda1_start_expansion96_s391_cont120000,early_0p18_0p28,CDF_RUN_2:37,1.6999473571777344,0.1155267912377162,2.91722,1.8405749596644452
lambda1_start_expansion96_s391_cont120000,early_0p18_0p28,CDF_RUN_2:38,1.5169196128845215,0.1846215696118183,2.90854,1.7738427530575873
lambda1_start_expansion96_s391_cont120000,early_0p18_0p28,CDF_RUN_2:39,1.3587177991867065,0.2680057887944079,2.8682,1.7632677670867922
lambda1_start_expansion96_s391_cont120000,early_0p18_0p28,CDF_RUN_2:40,1.2343206405639648,0.3622378472320013,2.4889,1.6887767669077776
lambda1_start_expansion96_s391_cont120000,early_0p18_0p28,CDF_RUN_2:41,1.145638108253479,0.4630252256673241,2.31978,1.6892954226448706
lambda1_start_expansion96_s391_cont120000,early_0p18_0p28,CDF_RUN_2:42,1.0883458852767944,0.5655850454883751,2.33764,1.794927953980878
lambda1_start_expansion96_s391_cont120000,early_0p18_0p28,CDF_RUN_2:43,1.0540086030960083,0.6650046270774903,2.08436,1.7391970495529185
lambda1_start_expansion96_s391_cont120000,early_0p18_0p28,CDF_RUN_2:44,1.0325415134429932,0.7566020481604062,2.07474,1.8210710229617
lambda1_start_expansion96_s391_cont120000,early_0p18_0p28,CDF_RUN_2:45,1.0143674612045288,0.8362867021553243,1.95146,1.7980454900881537
lambda1_start_expansion96_s391_cont120000,early_0p18_0p28,CDF_RUN_2:46,0.9918146133422852,0.9009198565219744,1.909664,1.818723351078736
lambda1_start_expansion96_s391_cont120000,early_0p18_0p28,CDF_RUN_2:47,0.9597904682159424,0.9486752111106782,1.854624,1.808696857890097
lambda1_start_expansion96_s391_cont120000,early_0p18_0p28,CDF_RUN_2:48,0.915877103805542,0.979399456511414,1.824972,1.8062441510556946
lambda1_start_expansion96_s391_cont120000,early_0p18_0p28,CDF_RUN_2:49,0.8600910902023315,0.99497283240288,1.69753,1.6933200542480977
lambda1_start_expansion96_s391_cont120000,early_0p18_0p28,CDF_RUN_2:50,0.7584085464477539,0.9998348419300568,1.6449,1.6447535887825102
lambda1_start_expansion96_s391_cont120000,early_0p18_0p28,CDF_RUN_2:51,0.6125487089157104,1.0,1.42279,1.42279
lambda1_start_expansion96_s391_cont120000,early_0p18_0p28,D0_RUN_1:14,1.2758722305297852,0.1879104824806516,2.589585,1.5227326308819262
lambda1_start_expansion96_s391_cont120000,early_0p18_0p28,D0_RUN_1:15,0.7851687669754028,0.7792496753543665,1.790634,1.5686772233899227
lambda1_start_expansion96_s391_cont120000,central_0p20_0p30,CDF_RUN_1:30,1.4679031372070312,0.0012197116639461,2.72209,1.4694328835523478
lambda1_start_expansion96_s391_cont120000,central_0p20_0p30,CDF_RUN_1:31,1.1212738752365112,0.0258850748744865,2.51472,1.157343332509577
lambda1_start_expansion96_s391_cont120000,central_0p20_0p30,CDF_RUN_1:32,0.856694221496582,0.1831302917603498,2.180565,1.0991350634169144
lambda1_start_expansion96_s391_cont120000,central_0p20_0p30,CDF_RUN_1:33,0.7931596040725708,0.549777686123881,1.75218,1.320407618291161
lambda1_start_expansion96_s391_cont120000,central_0p20_0p30,CDF_RUN_1:34,0.6525058746337891,0.8825037510074896,1.478605,1.3815414514734765
lambda1_start_expansion96_s391_cont120000,central_0p20_0p30,CDF_RUN_1:35,0.39278078079223633,0.9960358801988642,1.20233,1.1991208499101444
lambda1_start_expansion96_s391_cont120000,central_0p20_0p30,CDF_RUN_2:36,1.89292573928833,5.164127530589625e-05,3.27554,1.8929971392520095
lambda1_start_expansion96_s391_cont120000,central_0p20_0p30,CDF_RUN_2:37,1.6999473571777344,0.0023877817219835,2.91722,1.702853938544936
lambda1_start_expansion96_s391_cont120000,central_0p20_0p30,CDF_RUN_2:38,1.5169196128845215,0.0134170653158552,2.90854,1.5355910745133257
lambda1_start_expansion96_s391_cont120000,central_0p20_0p30,CDF_RUN_2:39,1.3587177991867065,0.0383530844331178,2.8682,1.4166110974847872
lambda1_start_expansion96_s391_cont120000,central_0p20_0p30,CDF_RUN_2:40,1.2343206405639648,0.0798964211082592,2.4889,1.3345570413791963
lambda1_start_expansion96_s391_cont120000,central_0p20_0p30,CDF_RUN_2:41,1.145638108253479,0.1385843072813845,2.31978,1.308355748971225
lambda1_start_expansion96_s391_cont120000,central_0p20_0p30,CDF_RUN_2:42,1.0883458852767944,0.2131511831472797,2.33764,1.354634403928979
lambda1_start_expansion96_s391_cont120000,central_0p20_0p30,CDF_RUN_2:43,1.0540086030960083,0.3008892555044757,2.08436,1.364030267818447
lambda1_start_expansion96_s391_cont120000,central_0p20_0p30,CDF_RUN_2:44,1.0325415134429932,0.3980090561043118,2.07474,1.4473459493508898
lambda1_start_expansion96_s391_cont120000,central_0p20_0p30,CDF_RUN_2:45,1.0143674612045288,0.4999999999999999,1.95146,1.4829137306022644
lambda1_start_expansion96_s391_cont120000,central_0p20_0p30,CDF_RUN_2:46,0.9918146133422852,0.6019909438956881,1.909664,1.5443516319704411
lambda1_start_expansion96_s391_cont120000,central_0p20_0p30,CDF_RUN_2:47,0.9597904682159424,0.6991107444955241,1.854624,1.585378204821054
lambda1_start_expansion96_s391_cont120000,central_0p20_0p30,CDF_RUN_2:48,0.915877103805542,0.7868488168527201,1.824972,1.6311973472829977
lambda1_start_expansion96_s391_cont120000,central_0p20_0p30,CDF_RUN_2:49,0.8600910902023315,0.8614156927186152,1.69753,1.581474108795212
lambda1_start_expansion96_s391_cont120000,central_0p20_0p30,CDF_RUN_2:50,0.7584085464477539,0.9408752472293116,1.6449,1.5924864119753954
lambda1_start_expansion96_s391_cont120000,central_0p20_0p30,CDF_RUN_2:51,0.6125487089157104,0.9920975764810804,1.42279,1.4163871301653357
lambda1_start_expansion96_s391_cont120000,central_0p20_0p30,D0_RUN_1:14,1.2758722305297852,0.0206608071262849,2.589585,1.3030145966791469
lambda1_start_expansion96_s391_cont120000,central_0p20_0p30,D0_RUN_1:15,0.7851687669754028,0.4999999999999999,1.790634,1.2879013834877013
lambda1_start_expansion96_s391_cont120000,late_0p22_0p32,CDF_RUN_1:30,1.4679031372070312,0.0,2.72209,1.4679031372070312
lambda1_start_expansion96_s391_cont120000,late_0p22_0p32,CDF_RUN_1:31,1.1212738752365112,0.0,2.51472,1.1212738752365112
lambda1_start_expansion96_s391_cont120000,late_0p22_0p32,CDF_RUN_1:32,0.856694221496582,0.0193207037777613,2.180565,0.8822723366480808
lambda1_start_expansion96_s391_cont120000,late_0p22_0p32,CDF_RUN_1:33,0.7931596040725708,0.2102966915212009,1.75218,0.9948384204374614
lambda1_start_expansion96_s391_cont120000,late_0p22_0p32,CDF_RUN_1:34,0.6525058746337891,0.5852865232044726,1.478605,1.1360105595416343
lambda1_start_expansion96_s391_cont120000,late_0p22_0p32,CDF_RUN_1:35,0.39278078079223633,0.9023365088655396,1.20233,1.1232665970069933
lambda1_start_expansion96_s391_cont120000,late_0p22_0p32,CDF_RUN_2:36,1.89292573928833,0.0,3.27554,1.89292573928833
lambda1_start_expansion96_s391_cont120000,late_0p22_0p32,CDF_RUN_2:37,1.6999473571777344,0.0,2.91722,1.6999473571777344
lambda1_start_expansion96_s391_cont120000,late_0p22_0p32,CDF_RUN_2:38,1.5169196128845215,0.0,2.90854,1.5169196128845215
lambda1_start_expansion96_s391_cont120000,late_0p22_0p32,CDF_RUN_2:39,1.3587177991867065,0.0,2.8682,1.3587177991867065
lambda1_start_expansion96_s391_cont120000,late_0p22_0p32,CDF_RUN_2:40,1.2343206405639648,0.0003303151612864,2.4889,1.2347350471474234
lambda1_start_expansion96_s391_cont120000,late_0p22_0p32,CDF_RUN_2:41,1.145638108253479,0.0050271675971199,2.31978,1.1515407163260885
lambda1_start_expansion96_s391_cont120000,late_0p22_0p32,CDF_RUN_2:42,1.0883458852767944,0.0206005434885857,2.33764,1.1140820230171842
lambda1_start_expansion96_s391_cont120000,late_0p22_0p32,CDF_RUN_2:43,1.0540086030960083,0.0513247888893216,2.08436,1.1068911710239233
lambda1_start_expansion96_s391_cont120000,late_0p22_0p32,CDF_RUN_2:44,1.0325415134429932,0.0990801434780254,2.07474,1.1358026890236423
lambda1_start_expansion96_s391_cont120000,late_0p22_0p32,CDF_RUN_2:45,1.0143674612045288,0.1637132978446752,1.95146,1.1677819711163746
lambda1_start_expansion96_s391_cont120000,late_0p22_0p32,CDF_RUN_2:46,0.9918146133422852,0.2433979518395934,1.909664,1.215217274152
lambda1_start_expansion96_s391_cont120000,late_0p22_0p32,CDF_RUN_2:47,0.9597904682159424,0.3349953729225092,1.854624,1.2595555608995088
lambda1_start_expansion96_s391_cont120000,late_0p22_0p32,CDF_RUN_2:48,0.915877103805542,0.4344149545116246,1.824972,1.3108015217826074
lambda1_start_expansion96_s391_cont120000,late_0p22_0p32,CDF_RUN_2:49,0.8600910902023315,0.5369747743326755,1.69753,1.3097746598083364
lambda1_start_expansion96_s391_cont120000,late_0p22_0p32,CDF_RUN_2:50,0.7584085464477539,0.6848781819867951,1.6449,1.3655472015034475
lambda1_start_expansion96_s391_cont120000,late_0p22_0p32,CDF_RUN_2:51,0.6125487089157104,0.8499258195752324,1.42279,1.3011937022942197
lambda1_start_expansion96_s391_cont120000,late_0p22_0p32,D0_RUN_1:14,1.2758722305297852,2.671437209028174e-06,2.589585,1.2758757400309595
lambda1_start_expansion96_s391_cont120000,late_0p22_0p32,D0_RUN_1:15,0.7851687669754028,0.2207503246456333,1.790634,1.00712554358548
lambda1_start_expansion96_s392_cont120000,early_0p18_0p28,CDF_RUN_1:30,1.4933602809906006,0.0892391852052237,2.72209,1.6030111199524428
lambda1_start_expansion96_s392_cont120000,early_0p18_0p28,CDF_RUN_1:31,1.152035117149353,0.2263136792031131,2.51472,1.4604293465817462
lambda1_start_expansion96_s392_cont120000,early_0p18_0p28,CDF_RUN_1:32,0.8831096887588501,0.5139631863662977,2.180565,1.549953954692228
lambda1_start_expansion96_s392_cont120000,early_0p18_0p28,CDF_RUN_1:33,0.8020604848861694,0.8606209544870957,1.75218,1.6197532488602508
lambda1_start_expansion96_s392_cont120000,early_0p18_0p28,CDF_RUN_1:34,0.6536092758178711,0.9935104948187734,1.478605,1.4732511859734303
lambda1_start_expansion96_s392_cont120000,early_0p18_0p28,CDF_RUN_1:35,0.40170013904571533,1.0,1.20233,1.20233
lambda1_start_expansion96_s392_cont120000,early_0p18_0p28,CDF_RUN_2:36,1.9009170532226562,0.0629515791727313,3.27554,1.9874517384893633
lambda1_start_expansion96_s392_cont120000,early_0p18_0p28,CDF_RUN_2:37,1.7008647918701172,0.1155267912377162,2.91722,1.8413864060706469
lambda1_start_expansion96_s392_cont120000,early_0p18_0p28,CDF_RUN_2:38,1.5093591213226318,0.1846215696118183,2.90854,1.7676780913148906
lambda1_start_expansion96_s392_cont120000,early_0p18_0p28,CDF_RUN_2:39,1.344126582145691,0.2680057887944079,2.8682,1.7525870806783244
lambda1_start_expansion96_s392_cont120000,early_0p18_0p28,CDF_RUN_2:40,1.216170072555542,0.3622378472320013,2.4889,1.6772010215807636
lambda1_start_expansion96_s392_cont120000,early_0p18_0p28,CDF_RUN_2:41,1.1280405521392822,0.4630252256673241,2.31978,1.6798459789216433
lambda1_start_expansion96_s392_cont120000,early_0p18_0p28,CDF_RUN_2:42,1.0747331380844116,0.5655850454883751,2.33764,1.7890143730285208
lambda1_start_expansion96_s392_cont120000,early_0p18_0p28,CDF_RUN_2:43,1.0462802648544312,0.6650046270774903,2.08436,1.7366080920016103
lambda1_start_expansion96_s392_cont120000,early_0p18_0p28,CDF_RUN_2:44,1.0308893918991089,0.7566020481604062,2.07474,1.8206688999617284
lambda1_start_expansion96_s392_cont120000,early_0p18_0p28,CDF_RUN_2:45,1.017612099647522,0.8362867021553243,1.95146,1.7985766805479697
lambda1_start_expansion96_s392_cont120000,early_0p18_0p28,CDF_RUN_2:46,0.9980428218841553,0.9009198565219744,1.909664,1.8193404428746753
lambda1_start_expansion96_s392_cont120000,early_0p18_0p28,CDF_RUN_2:47,0.9670100212097168,0.9486752111106782,1.854624,1.809067399923378
lambda1_start_expansion96_s392_cont120000,early_0p18_0p28,CDF_RUN_2:48,0.9224669933319092,0.979399456511414,1.824972,1.8063799063614674
lambda1_start_expansion96_s392_cont120000,early_0p18_0p28,CDF_RUN_2:49,0.864989161491394,0.99497283240288,1.69753,1.6933446776733705
lambda1_start_expansion96_s392_cont120000,early_0p18_0p28,CDF_RUN_2:50,0.7599475383758545,0.9998348419300568,1.6449,1.6447538429594466
lambda1_start_expansion96_s392_cont120000,early_0p18_0p28,CDF_RUN_2:51,0.6099188327789307,1.0,1.42279,1.42279
lambda1_start_expansion96_s392_cont120000,early_0p18_0p28,D0_RUN_1:14,1.298748254776001,0.1879104824806516,2.589585,1.5413100103747968
lambda1_start_expansion96_s392_cont120000,early_0p18_0p28,D0_RUN_1:15,0.7962387800216675,0.7792496753543665,1.790634,1.571120932363717
lambda1_start_expansion96_s392_cont120000,central_0p20_0p30,CDF_RUN_1:30,1.4933602809906006,0.0012197116639461,2.72209,1.4948589769607135
lambda1_start_expansion96_s392_cont120000,central_0p20_0p30,CDF_RUN_1:31,1.152035117149353,0.0258850748744865,2.51472,1.1873083173722727
lambda1_start_expansion96_s392_cont120000,central_0p20_0p30,CDF_RUN_1:32,0.8831096887588501,0.1831302917603498,2.180565,1.1207130584524574
lambda1_start_expansion96_s392_cont120000,central_0p20_0p30,CDF_RUN_1:33,0.8020604848861694,0.549777686123881,1.75218,1.324414993446595
lambda1_start_expansion96_s392_cont120000,central_0p20_0p30,CDF_RUN_1:34,0.6536092758178711,0.8825037510074896,1.478605,1.38167109697374
lambda1_start_expansion96_s392_cont120000,central_0p20_0p30,CDF_RUN_1:35,0.40170013904571533,0.9960358801988642,1.20233,1.1991562073148105
lambda1_start_expansion96_s392_cont120000,central_0p20_0p30,CDF_RUN_2:36,1.9009170532226562,5.164127530589625e-05,3.27554,1.9009880405046926
lambda1_start_expansion96_s392_cont120000,central_0p20_0p30,CDF_RUN_2:37,1.7008647918701172,0.0023877817219835,2.91722,1.7037691826035293
lambda1_start_expansion96_s392_cont120000,central_0p20_0p30,CDF_RUN_2:38,1.5093591213226318,0.0134170653158552,2.90854,1.5281320225605417
lambda1_start_expansion96_s392_cont120000,central_0p20_0p30,CDF_RUN_2:39,1.344126582145691,0.0383530844331178,2.8682,1.4025794986229276
lambda1_start_expansion96_s392_cont120000,central_0p20_0p30,CDF_RUN_2:40,1.216170072555542,0.0798964211082592,2.4889,1.3178566387957287
lambda1_start_expansion96_s392_cont120000,central_0p20_0p30,CDF_RUN_2:41,1.1280405521392822,0.1385843072813845,2.31978,1.2931969379809596
lambda1_start_expansion96_s392_cont120000,central_0p20_0p30,CDF_RUN_2:42,1.0747331380844116,0.2131511831472797,2.33764,1.3439232299065376
lambda1_start_expansion96_s392_cont120000,central_0p20_0p30,CDF_RUN_2:43,1.0462802648544312,0.3008892555044757,2.08436,1.3586273035166647
lambda1_start_expansion96_s392_cont120000,central_0p20_0p30,CDF_RUN_2:44,1.0308893918991089,0.3980090561043118,2.07474,1.4463513871432565
lambda1_start_expansion96_s392_cont120000,central_0p20_0p30,CDF_RUN_2:45,1.017612099647522,0.4999999999999999,1.95146,1.484536049823761
lambda1_start_expansion96_s392_cont120000,central_0p20_0p30,CDF_RUN_2:46,0.9980428218841553,0.6019909438956881,1.909664,1.5468305153734119
lambda1_start_expansion96_s392_cont120000,central_0p20_0p30,CDF_RUN_2:47,0.9670100212097168,0.6991107444955241,1.854624,1.587550490746426
lambda1_start_expansion96_s392_cont120000,central_0p20_0p30,CDF_RUN_2:48,0.9224669933319092,0.7868488168527201,1.824972,1.6326019900323527
lambda1_start_expansion96_s392_cont120000,central_0p20_0p30,CDF_RUN_2:49,0.864989161491394,0.8614156927186152,1.69753,1.5821529046118217
lambda1_start_expansion96_s392_cont120000,central_0p20_0p30,CDF_RUN_2:50,0.7599475383758545,0.9408752472293116,1.6449,1.5925774044926604
lambda1_start_expansion96_s392_cont120000,central_0p20_0p30,CDF_RUN_2:51,0.6099188327789307,0.9920975764810804,1.42279,1.4163663477703006
lambda1_start_expansion96_s392_cont120000,central_0p20_0p30,D0_RUN_1:14,1.298748254776001,0.0206608071262849,2.589585,1.3254179838005955
lambda1_start_expansion96_s392_cont120000,central_0p20_0p30,D0_RUN_1:15,0.7962387800216675,0.4999999999999999,1.790634,1.2934363900108337
lambda1_start_expansion96_s392_cont120000,late_0p22_0p32,CDF_RUN_1:30,1.4933602809906006,0.0,2.72209,1.4933602809906006
lambda1_start_expansion96_s392_cont120000,late_0p22_0p32,CDF_RUN_1:31,1.152035117149353,0.0,2.51472,1.152035117149353
lambda1_start_expansion96_s392_cont120000,late_0p22_0p32,CDF_RUN_1:32,0.8831096887588501,0.0193207037777613,2.180565,0.9081774384922234
lambda1_start_expansion96_s392_cont120000,late_0p22_0p32,CDF_RUN_1:33,0.8020604848861694,0.2102966915212009,1.75218,1.0018674754643357
lambda1_start_expansion96_s392_cont120000,late_0p22_0p32,CDF_RUN_1:34,0.6536092758178711,0.5852865232044726,1.478605,1.1364681548829854
lambda1_start_expansion96_s392_cont120000,late_0p22_0p32,CDF_RUN_1:35,0.40170013904571533,0.9023365088655396,1.20233,1.124137692672707
lambda1_start_expansion96_s392_cont120000,late_0p22_0p32,CDF_RUN_2:36,1.9009170532226562,0.0,3.27554,1.9009170532226562
lambda1_start_expansion96_s392_cont120000,late_0p22_0p32,CDF_RUN_2:37,1.7008647918701172,0.0,2.91722,1.7008647918701172
lambda1_start_expansion96_s392_cont120000,late_0p22_0p32,CDF_RUN_2:38,1.5093591213226318,0.0,2.90854,1.5093591213226318
lambda1_start_expansion96_s392_cont120000,late_0p22_0p32,CDF_RUN_2:39,1.344126582145691,0.0,2.8682,1.344126582145691
lambda1_start_expansion96_s392_cont120000,late_0p22_0p32,CDF_RUN_2:40,1.216170072555542,0.0003303151612864,2.4889,1.2165904745468
lambda1_start_expansion96_s392_cont120000,late_0p22_0p32,CDF_RUN_2:41,1.1280405521392822,0.0050271675971199,2.31978,1.1340316260757772
lambda1_start_expansion96_s392_cont120000,late_0p22_0p32,CDF_RUN_2:42,1.0747331380844116,0.0206005434885857,2.33764,1.100749705815337
lambda1_start_expansion96_s392_cont120000,late_0p22_0p32,CDF_RUN_2:43,1.0462802648544312,0.0513247888893216,2.08436,1.0995594881110604
lambda1_start_expansion96_s392_cont120000,late_0p22_0p32,CDF_RUN_2:44,1.0308893918991089,0.0990801434780254,2.07474,1.1343142599193692
lambda1_start_expansion96_s392_cont120000,late_0p22_0p32,CDF_RUN_2:45,1.017612099647522,0.1637132978446752,1.95146,1.1704954190995518
lambda1_start_expansion96_s392_cont120000,late_0p22_0p32,CDF_RUN_2:46,0.9980428218841553,0.2433979518395934,1.909664,1.219929549491149
lambda1_start_expansion96_s392_cont120000,late_0p22_0p32,CDF_RUN_2:47,0.9670100212097168,0.3349953729225092,1.854624,1.2643565970457997
lambda1_start_expansion96_s392_cont120000,late_0p22_0p32,CDF_RUN_2:48,0.9224669933319092,0.4344149545116246,1.824972,1.3145286647501413
lambda1_start_expansion96_s392_cont120000,late_0p22_0p32,CDF_RUN_2:49,0.864989161491394,0.5369747743326755,1.69753,1.3120425903722892
lambda1_start_expansion96_s392_cont120000,late_0p22_0p32,CDF_RUN_2:50,0.7599475383758545,0.6848781819867951,1.6449,1.3660321714377384
lambda1_start_expansion96_s392_cont120000,late_0p22_0p32,CDF_RUN_2:51,0.6099188327789307,0.8499258195752324,1.42279,1.300799025788374
lambda1_start_expansion96_s392_cont120000,late_0p22_0p32,D0_RUN_1:14,1.298748254776001,2.671437209028174e-06,2.589585,1.298751703165313
lambda1_start_expansion96_s392_cont120000,late_0p22_0p32,D0_RUN_1:15,0.7962387800216675,0.2207503246456333,1.790634,1.0157518476579503
lambda1_start_expansion96_s393_cont120000,early_0p18_0p28,CDF_RUN_1:30,1.454930067062378,0.0892391852052237,2.72209,1.5680103870024373
lambda1_start_expansion96_s393_cont120000,early_0p18_0p28,CDF_RUN_1:31,1.1077009439468384,0.2263136792031131,2.51472,1.4261286032311207
lambda1_start_expansion96_s393_cont120000,early_0p18_0p28,CDF_RUN_1:32,0.8451048135757446,0.5139631863662977,2.180565,1.5314821862556849
lambda1_start_expansion96_s393_cont120000,early_0p18_0p28,CDF_RUN_1:33,0.7882517576217651,0.8606209544870957,1.75218,1.6178286016343904
lambda1_start_expansion96_s393_cont120000,early_0p18_0p28,CDF_RUN_1:34,0.6521658897399902,0.9935104948187734,1.478605,1.4732418191119994
lambda1_start_expansion96_s393_cont120000,early_0p18_0p28,CDF_RUN_1:35,0.38886356353759766,1.0,1.20233,1.20233
lambda1_start_expansion96_s393_cont120000,early_0p18_0p28,CDF_RUN_2:36,1.8722707033157349,0.0629515791727313,3.27554,1.9606087215466173
lambda1_start_expansion96_s393_cont120000,early_0p18_0p28,CDF_RUN_2:37,1.6704699993133545,0.1155267912377162,2.91722,1.814503026368303
lambda1_start_expansion96_s393_cont120000,early_0p18_0p28,CDF_RUN_2:38,1.479986310005188,0.1846215696118183,2.90854,1.743728134526785
lambda1_start_expansion96_s393_cont120000,early_0p18_0p28,CDF_RUN_2:39,1.317352533340454,0.2680057887944079,2.8682,1.732988631942355
lambda1_start_expansion96_s393_cont120000,early_0p18_0p28,CDF_RUN_2:40,1.1922972202301025,0.3622378472320013,2.4889,1.661975819888979
lambda1_start_expansion96_s393_cont120000,early_0p18_0p28,CDF_RUN_2:41,1.106590747833252,0.4630252256673241,2.31978,1.6683279750949327
lambda1_start_expansion96_s393_cont120000,early_0p18_0p28,CDF_RUN_2:42,1.055163860321045,0.5655850454883751,2.33764,1.7805131861191223
lambda1_start_expansion96_s393_cont120000,early_0p18_0p28,CDF_RUN_2:43,1.0284793376922607,0.6650046270774903,2.08436,1.7306448637685525
lambda1_start_expansion96_s393_cont120000,early_0p18_0p28,CDF_RUN_2:44,1.0152627229690552,0.7566020481604062,2.07474,1.816865400750078
lambda1_start_expansion96_s393_cont120000,early_0p18_0p28,CDF_RUN_2:45,1.0048292875289917,0.8362867021553243,1.95146,1.796483964220316
lambda1_start_expansion96_s393_cont120000,early_0p18_0p28,CDF_RUN_2:46,0.9885976314544678,0.9009198565219744,1.909664,1.8184046120517248
lambda1_start_expansion96_s393_cont120000,early_0p18_0p28,CDF_RUN_2:47,0.9608675241470337,0.9486752111106782,1.854624,1.8087521375583824
lambda1_start_expansion96_s393_cont120000,early_0p18_0p28,CDF_RUN_2:48,0.9189267158508301,0.979399456511414,1.824972,1.8063069747212568
lambda1_start_expansion96_s393_cont120000,early_0p18_0p28,CDF_RUN_2:49,0.8628604412078857,0.99497283240288,1.69753,1.693333976239738
lambda1_start_expansion96_s393_cont120000,early_0p18_0p28,CDF_RUN_2:50,0.7572903633117676,0.9998348419300568,1.6449,1.6447534041055416
lambda1_start_expansion96_s393_cont120000,early_0p18_0p28,CDF_RUN_2:51,0.6038532257080078,1.0,1.42279,1.42279
lambda1_start_expansion96_s393_cont120000,early_0p18_0p28,D0_RUN_1:14,1.2608883380889893,0.1879104824806516,2.589585,1.5105643688991184
lambda1_start_expansion96_s393_cont120000,early_0p18_0p28,D0_RUN_1:15,0.7777637243270874,0.7792496753543665,1.790634,1.5670425578212923
lambda1_start_expansion96_s393_cont120000,central_0p20_0p30,CDF_RUN_1:30,1.454930067062378,0.0012197116639461,2.72209,1.456475636812667
lambda1_start_expansion96_s393_cont120000,central_0p20_0p30,CDF_RUN_1:31,1.1077009439468384,0.0258850748744865,2.51472,1.1441217375626036
lambda1_start_expansion96_s393_cont120000,central_0p20_0p30,CDF_RUN_1:32,0.8451048135757446,0.1831302917603498,2.180565,1.0896680271499497
lambda1_start_expansion96_s393_cont120000,central_0p20_0p30,CDF_RUN_1:33,0.7882517576217651,0.549777686123881,1.75218,1.3181979963059307
lambda1_start_expansion96_s393_cont120000,central_0p20_0p30,CDF_RUN_1:34,0.6521658897399902,0.8825037510074896,1.478605,1.381501504523741
lambda1_start_expansion96_s393_cont120000,central_0p20_0p30,CDF_RUN_1:35,0.38886356353759766,0.9960358801988642,1.20233,1.19910532159166
lambda1_start_expansion96_s393_cont120000,central_0p20_0p30,CDF_RUN_2:36,1.8722707033157349,5.164127530589625e-05,3.27554,1.8723431699318134
lambda1_start_expansion96_s393_cont120000,central_0p20_0p30,CDF_RUN_2:37,1.6704699993133545,0.0023877817219835,2.91722,1.6734469661768772
lambda1_start_expansion96_s393_cont120000,central_0p20_0p30,CDF_RUN_2:38,1.479986310005188,0.0134170653158552,2.90854,1.4991533081710544
lambda1_start_expansion96_s393_cont120000,central_0p20_0p30,CDF_RUN_2:39,1.317352533340454,0.0383530844331178,2.8682,1.3768323171721346
lambda1_start_expansion96_s393_cont120000,central_0p20_0p30,CDF_RUN_2:40,1.1922972202301025,0.0798964211082592,2.4889,1.2958911419327377
lambda1_start_expansion96_s393_cont120000,central_0p20_0p30,CDF_RUN_2:41,1.106590747833252,0.1385843072813845,2.31978,1.2747197399460015
lambda1_start_expansion96_s393_cont120000,central_0p20_0p30,CDF_RUN_2:42,1.055163860321045,0.2131511831472797,2.33764,1.3285251668517701
lambda1_start_expansion96_s393_cont120000,central_0p20_0p30,CDF_RUN_2:43,1.0284793376922607,0.3008892555044757,2.08436,1.3461824840756091
lambda1_start_expansion96_s393_cont120000,central_0p20_0p30,CDF_RUN_2:44,1.0152627229690552,0.3980090561043118,2.07474,1.4369442739641078
lambda1_start_expansion96_s393_cont120000,central_0p20_0p30,CDF_RUN_2:45,1.0048292875289917,0.4999999999999999,1.95146,1.4781446437644958
lambda1_start_expansion96_s393_cont120000,central_0p20_0p30,CDF_RUN_2:46,0.9885976314544678,0.6019909438956881,1.909664,1.5430712440457663
lambda1_start_expansion96_s393_cont120000,central_0p20_0p30,CDF_RUN_2:47,0.9608675241470337,0.6991107444955241,1.854624,1.5857022793782969
lambda1_start_expansion96_s393_cont120000,central_0p20_0p30,CDF_RUN_2:48,0.9189267158508301,0.7868488168527201,1.824972,1.631847375698591
lambda1_start_expansion96_s393_cont120000,central_0p20_0p30,CDF_RUN_2:49,0.8628604412078857,0.8614156927186152,1.69753,1.5818578973859359
lambda1_start_expansion96_s393_cont120000,central_0p20_0p30,CDF_RUN_2:50,0.7572903633117676,0.9408752472293116,1.6449,1.5924202996739278
lambda1_start_expansion96_s393_cont120000,central_0p20_0p30,CDF_RUN_2:51,0.6038532257080078,0.9920975764810804,1.42279,1.4163184147743269
lambda1_start_expansion96_s393_cont120000,central_0p20_0p30,D0_RUN_1:14,1.2608883380889893,0.0206608071262849,2.589585,1.2883402835500712
lambda1_start_expansion96_s393_cont120000,central_0p20_0p30,D0_RUN_1:15,0.7777637243270874,0.4999999999999999,1.790634,1.2841988621635436
lambda1_start_expansion96_s393_cont120000,late_0p22_0p32,CDF_RUN_1:30,1.454930067062378,0.0,2.72209,1.454930067062378
lambda1_start_expansion96_s393_cont120000,late_0p22_0p32,CDF_RUN_1:31,1.1077009439468384,0.0,2.51472,1.1077009439468384
lambda1_start_expansion96_s393_cont120000,late_0p22_0p32,CDF_RUN_1:32,0.8451048135757446,0.0193207037777613,2.180565,0.8709068442446416
lambda1_start_expansion96_s393_cont120000,late_0p22_0p32,CDF_RUN_1:33,0.7882517576217651,0.2102966915212009,1.75218,0.9909626778577543
lambda1_start_expansion96_s393_cont120000,late_0p22_0p32,CDF_RUN_1:34,0.6521658897399902,0.5852865232044726,1.478605,1.135869563224269
lambda1_start_expansion96_s393_cont120000,late_0p22_0p32,CDF_RUN_1:35,0.38886356353759766,0.9023365088655396,1.20233,1.122884027894373
lambda1_start_expansion96_s393_cont120000,late_0p22_0p32,CDF_RUN_2:36,1.8722707033157349,0.0,3.27554,1.8722707033157349
lambda1_start_expansion96_s393_cont120000,late_0p22_0p32,CDF_RUN_2:37,1.6704699993133545,0.0,2.91722,1.6704699993133545
lambda1_start_expansion96_s393_cont120000,late_0p22_0p32,CDF_RUN_2:38,1.479986310005188,0.0,2.90854,1.479986310005188
lambda1_start_expansion96_s393_cont120000,late_0p22_0p32,CDF_RUN_2:39,1.317352533340454,0.0,2.8682,1.317352533340454
lambda1_start_expansion96_s393_cont120000,late_0p22_0p32,CDF_RUN_2:40,1.1922972202301025,0.0003303151612864,2.4889,1.1927255077864267
lambda1_start_expansion96_s393_cont120000,late_0p22_0p32,CDF_RUN_2:41,1.106590747833252,0.0050271675971199,2.31978,1.1126896535309188
lambda1_start_expansion96_s393_cont120000,late_0p22_0p32,CDF_RUN_2:42,1.055163860321045,0.0206005434885857,2.33764,1.081583565809575
lambda1_start_expansion96_s393_cont120000,late_0p22_0p32,CDF_RUN_2:43,1.0284793376922607,0.0513247888893216,2.08436,1.0826721897775227
lambda1_start_expansion96_s393_cont120000,late_0p22_0p32,CDF_RUN_2:44,1.0152627229690552,0.0990801434780254,2.07474,1.1202358835889887
lambda1_start_expansion96_s393_cont120000,late_0p22_0p32,CDF_RUN_2:45,1.0048292875289917,0.1637132978446752,1.95146,1.159805323308675
lambda1_start_expansion96_s393_cont120000,late_0p22_0p32,CDF_RUN_2:46,0.9885976314544678,0.2433979518395934,1.909664,1.2127832990667824
lambda1_start_expansion96_s393_cont120000,late_0p22_0p32,CDF_RUN_2:47,0.9608675241470337,0.3349953729225092,1.854624,1.2602718080773057
lambda1_start_expansion96_s393_cont120000,late_0p22_0p32,CDF_RUN_2:48,0.9189267158508301,0.4344149545116246,1.824972,1.3125263367499636
lambda1_start_expansion96_s393_cont120000,late_0p22_0p32,CDF_RUN_2:49,0.8628604412078857,0.5369747743326755,1.69753,1.311056939182635
lambda1_start_expansion96_s393_cont120000,late_0p22_0p32,CDF_RUN_2:50,0.7572903633117676,0.6848781819867951,1.6449,1.3651948376007639
lambda1_start_expansion96_s393_cont120000,late_0p22_0p32,CDF_RUN_2:51,0.6038532257080078,0.8499258195752324,1.42279,1.2998887347784265
lambda1_start_expansion96_s393_cont120000,late_0p22_0p32,D0_RUN_1:14,1.2608883380889893,2.671437209028174e-06,2.589585,1.2608918876186914
lambda1_start_expansion96_s393_cont120000,late_0p22_0p32,D0_RUN_1:15,0.7777637243270874,0.2207503246456333,1.790634,1.001355166505795
lambda1_start_expansion96_s394_cont120000,early_0p18_0p28,CDF_RUN_1:30,1.4572298526763916,0.0892391852052237,2.72209,1.5701049416221096
lambda1_start_expansion96_s394_cont120000,early_0p18_0p28,CDF_RUN_1:31,1.0930641889572144,0.2263136792031131,2.51472,1.414804346114793
lambda1_start_expansion96_s394_cont120000,early_0p18_0p28,CDF_RUN_1:32,0.828031063079834,0.5139631863662977,2.180565,1.5231837149678755
lambda1_start_expansion96_s394_cont120000,early_0p18_0p28,CDF_RUN_1:33,0.7902846336364746,0.8606209544870957,1.75218,1.6181119419529666
lambda1_start_expansion96_s394_cont120000,early_0p18_0p28,CDF_RUN_1:34,0.6532782316207886,0.9935104948187734,1.478605,1.473249037660398
lambda1_start_expansion96_s394_cont120000,early_0p18_0p28,CDF_RUN_1:35,0.38412630558013916,1.0,1.20233,1.20233
lambda1_start_expansion96_s394_cont120000,early_0p18_0p28,CDF_RUN_2:36,1.863466501235962,0.0629515791727313,3.27554,1.952358757891122
lambda1_start_expansion96_s394_cont120000,early_0p18_0p28,CDF_RUN_2:37,1.6574375629425049,0.1155267912377162,2.91722,1.8029761855533875
lambda1_start_expansion96_s394_cont120000,early_0p18_0p28,CDF_RUN_2:38,1.4594292640686035,0.1846215696118183,2.90854,1.726966362677595
lambda1_start_expansion96_s394_cont120000,early_0p18_0p28,CDF_RUN_2:39,1.2894474267959595,0.2680057887944079,2.8682,1.7125622554887097
lambda1_start_expansion96_s394_cont120000,early_0p18_0p28,CDF_RUN_2:40,1.1600723266601562,0.3622378472320013,2.4889,1.6414240023930904
lambda1_start_expansion96_s394_cont120000,early_0p18_0p28,CDF_RUN_2:41,1.0744633674621582,0.4630252256673241,2.31978,1.6510763822702645
lambda1_start_expansion96_s394_cont120000,early_0p18_0p28,CDF_RUN_2:42,1.027260184288025,0.5655850454883751,2.33764,1.768391411964531
lambda1_start_expansion96_s394_cont120000,early_0p18_0p28,CDF_RUN_2:43,1.0074337720870972,0.6650046270774903,2.08436,1.7235946966702855
lambda1_start_expansion96_s394_cont120000,early_0p18_0p28,CDF_RUN_2:44,1.0017508268356323,0.7566020481604062,2.07474,1.8135766329057335
lambda1_start_expansion96_s394_cont120000,early_0p18_0p28,CDF_RUN_2:45,0.9978219270706177,0.8362867021553243,1.95146,1.7953367661304893
lambda1_start_expansion96_s394_cont120000,early_0p18_0p28,CDF_RUN_2:46,0.9860614538192749,0.9009198565219744,1.909664,1.8181533272077441
lambda1_start_expansion96_s394_cont120000,early_0p18_0p28,CDF_RUN_2:47,0.9605258703231812,0.9486752111106782,1.854624,1.808734602248
lambda1_start_expansion96_s394_cont120000,early_0p18_0p28,CDF_RUN_2:48,0.9188733100891113,0.979399456511414,1.824972,1.80630587453354
lambda1_start_expansion96_s394_cont120000,early_0p18_0p28,CDF_RUN_2:49,0.8617925643920898,0.99497283240288,1.69753,1.6933286078440117
lambda1_start_expansion96_s394_cont120000,early_0p18_0p28,CDF_RUN_2:50,0.7535827159881592,0.9998348419300568,1.6449,1.6447527917576656
lambda1_start_expansion96_s394_cont120000,early_0p18_0p28,CDF_RUN_2:51,0.5966036319732666,1.0,1.42279,1.42279
lambda1_start_expansion96_s394_cont120000,early_0p18_0p28,D0_RUN_1:14,1.2529932260513306,0.1879104824806516,2.589585,1.5041528311736951
lambda1_start_expansion96_s394_cont120000,early_0p18_0p28,D0_RUN_1:15,0.7697901725769043,0.7792496753543665,1.790634,1.5652823936838607
lambda1_start_expansion96_s394_cont120000,central_0p20_0p30,CDF_RUN_1:30,1.4572298526763916,0.0012197116639461,2.72209,1.4587726173513427
lambda1_start_expansion96_s394_cont120000,central_0p20_0p30,CDF_RUN_1:31,1.0930641889572144,0.0258850748744865,2.51472,1.1298638560718055
lambda1_start_expansion96_s394_cont120000,central_0p20_0p30,CDF_RUN_1:32,0.828031063079834,0.1831302917603498,2.180565,1.0757209975637987
lambda1_start_expansion96_s394_cont120000,central_0p20_0p30,CDF_RUN_1:33,0.7902846336364746,0.549777686123881,1.75218,1.3191132424490966
lambda1_start_expansion96_s394_cont120000,central_0p20_0p30,CDF_RUN_1:34,0.6532782316207886,0.8825037510074896,1.478605,1.3816322005223323
lambda1_start_expansion96_s394_cont120000,central_0p20_0p30,CDF_RUN_1:35,0.38412630558013916,0.9960358801988642,1.20233,1.1990865425335877
lambda1_start_expansion96_s394_cont120000,central_0p20_0p30,CDF_RUN_2:36,1.863466501235962,5.164127530589625e-05,3.27554,1.863539422512264
lambda1_start_expansion96_s394_cont120000,central_0p20_0p30,CDF_RUN_2:37,1.6574375629425049,0.0023877817219835,2.91722,1.6604456484193866
lambda1_start_expansion96_s394_cont120000,central_0p20_0p30,CDF_RUN_2:38,1.4594292640686035,0.0134170653158552,2.90854,1.4788720774625022
lambda1_start_expansion96_s394_cont120000,central_0p20_0p30,CDF_RUN_2:39,1.2894474267959595,0.0383530844331178,2.8682,1.349997457535056
lambda1_start_expansion96_s394_cont120000,central_0p20_0p30,CDF_RUN_2:40,1.1600723266601562,0.0798964211082592,2.4889,1.2662409020296246
lambda1_start_expansion96_s394_cont120000,central_0p20_0p30,CDF_RUN_2:41,1.0744633674621582,0.1385843072813845,2.31978,1.2470447103284015
lambda1_start_expansion96_s394_cont120000,central_0p20_0p30,CDF_RUN_2:42,1.027260184288025,0.2131511831472797,2.33764,1.3065691923793468
lambda1_start_expansion96_s394_cont120000,central_0p20_0p30,CDF_RUN_2:43,1.0074337720870972,0.3008892555044757,2.08436,1.331469303037054
lambda1_start_expansion96_s394_cont120000,central_0p20_0p30,CDF_RUN_2:44,1.0017508268356323,0.3980090561043118,2.07474,1.4288102348569283
lambda1_start_expansion96_s394_cont120000,central_0p20_0p30,CDF_RUN_2:45,0.9978219270706177,0.4999999999999999,1.95146,1.4746409635353088
lambda1_start_expansion96_s394_cont120000,central_0p20_0p30,CDF_RUN_2:46,0.9860614538192749,0.6019909438956881,1.909664,1.5420618223790703
lambda1_start_expansion96_s394_cont120000,central_0p20_0p30,CDF_RUN_2:47,0.9605258703231812,0.6991107444955241,1.854624,1.5855994794135977
lambda1_start_expansion96_s394_cont120000,central_0p20_0p30,CDF_RUN_2:48,0.9188733100891113,0.7868488168527201,1.824972,1.6318359921972938
lambda1_start_expansion96_s394_cont120000,central_0p20_0p30,CDF_RUN_2:49,0.8617925643920898,0.8614156927186152,1.69753,1.581709906417157
lambda1_start_expansion96_s394_cont120000,central_0p20_0p30,CDF_RUN_2:50,0.7535827159881592,0.9408752472293116,1.6449,1.5922010859425586
lambda1_start_expansion96_s394_cont120000,central_0p20_0p30,CDF_RUN_2:51,0.5966036319732666,0.9920975764810804,1.42279,1.4162611254142947
lambda1_start_expansion96_s394_cont120000,central_0p20_0p30,D0_RUN_1:14,1.2529932260513306,0.0206608071262849,2.589585,1.2806082908994632
lambda1_start_expansion96_s394_cont120000,central_0p20_0p30,D0_RUN_1:15,0.7697901725769043,0.4999999999999999,1.790634,1.280212086288452
lambda1_start_expansion96_s394_cont120000,late_0p22_0p32,CDF_RUN_1:30,1.4572298526763916,0.0,2.72209,1.4572298526763916
lambda1_start_expansion96_s394_cont120000,late_0p22_0p32,CDF_RUN_1:31,1.0930641889572144,0.0,2.51472,1.0930641889572144
lambda1_start_expansion96_s394_cont120000,late_0p22_0p32,CDF_RUN_1:32,0.828031063079834,0.0193207037777613,2.180565,0.8541629706244378
lambda1_start_expansion96_s394_cont120000,late_0p22_0p32,CDF_RUN_1:33,0.7902846336364746,0.2102966915212009,1.75218,0.9925680467722975
lambda1_start_expansion96_s394_cont120000,late_0p22_0p32,CDF_RUN_1:34,0.6532782316207886,0.5852865232044726,1.478605,1.1363308663930403
lambda1_start_expansion96_s394_cont120000,late_0p22_0p32,CDF_RUN_1:35,0.38412630558013916,0.9023365088655396,1.20233,1.122421370743843
lambda1_start_expansion96_s394_cont120000,late_0p22_0p32,CDF_RUN_2:36,1.863466501235962,0.0,3.27554,1.863466501235962
lambda1_start_expansion96_s394_cont120000,late_0p22_0p32,CDF_RUN_2:37,1.6574375629425049,0.0,2.91722,1.6574375629425049
lambda1_start_expansion96_s394_cont120000,late_0p22_0p32,CDF_RUN_2:38,1.4594292640686035,0.0,2.90854,1.4594292640686035
lambda1_start_expansion96_s394_cont120000,late_0p22_0p32,CDF_RUN_2:39,1.2894474267959595,0.0,2.8682,1.2894474267959595
lambda1_start_expansion96_s394_cont120000,late_0p22_0p32,CDF_RUN_2:40,1.1600723266601562,0.0003303151612864,2.4889,1.1605112585873973
lambda1_start_expansion96_s394_cont120000,late_0p22_0p32,CDF_RUN_2:41,1.0744633674621582,0.0050271675971199,2.31978,1.080723782885407
lambda1_start_expansion96_s394_cont120000,late_0p22_0p32,CDF_RUN_2:42,1.027260184288025,0.0206005434885857,2.33764,1.0542547206681645
lambda1_start_expansion96_s394_cont120000,late_0p22_0p32,CDF_RUN_2:43,1.0074337720870972,0.0513247888893216,2.08436,1.0627067833841004
lambda1_start_expansion96_s394_cont120000,late_0p22_0p32,CDF_RUN_2:44,1.0017508268356323,0.0990801434780254,2.07474,1.1080627480631258
lambda1_start_expansion96_s394_cont120000,late_0p22_0p32,CDF_RUN_2:45,0.9978219270706177,0.1637132978446752,1.95146,1.1539451609401277
lambda1_start_expansion96_s394_cont120000,late_0p22_0p32,CDF_RUN_2:46,0.9860614538192749,0.2433979518395934,1.909664,1.2108644218734967
lambda1_start_expansion96_s394_cont120000,late_0p22_0p32,CDF_RUN_2:47,0.9605258703231812,0.3349953729225092,1.854624,1.2600446067035849
lambda1_start_expansion96_s394_cont120000,late_0p22_0p32,CDF_RUN_2:48,0.9188733100891113,0.4344149545116246,1.824972,1.3124961312497927
lambda1_start_expansion96_s394_cont120000,late_0p22_0p32,CDF_RUN_2:49,0.8617925643920898,0.5369747743326755,1.69753,1.3105624852790163
lambda1_start_expansion96_s394_cont120000,late_0p22_0p32,CDF_RUN_2:50,0.7535827159881592,0.6848781819867951,1.6449,1.3640264770355965
lambda1_start_expansion96_s394_cont120000,late_0p22_0p32,CDF_RUN_2:51,0.5966036319732666,0.8499258195752324,1.42279,1.2988007579402727
lambda1_start_expansion96_s394_cont120000,late_0p22_0p32,D0_RUN_1:14,1.2529932260513306,2.671437209028174e-06,2.589585,1.2529967966723288
lambda1_start_expansion96_s394_cont120000,late_0p22_0p32,D0_RUN_1:15,0.7697901725769043,0.2207503246456333,1.790634,0.9951417788930437
lambda1_start_expansion96_s395_cont120000,early_0p18_0p28,CDF_RUN_1:30,1.463507890701294,0.0892391852052237,2.72209,1.5758227326489822
lambda1_start_expansion96_s395_cont120000,early_0p18_0p28,CDF_RUN_1:31,1.1115365028381348,0.2263136792031131,2.51472,1.4290961226779277
lambda1_start_expansion96_s395_cont120000,early_0p18_0p28,CDF_RUN_1:32,0.8475534915924072,0.5139631863662977,2.180565,1.5326723339165185
lambda1_start_expansion96_s395_cont120000,early_0p18_0p28,CDF_RUN_1:33,0.7918562889099121,0.8606209544870957,1.75218,1.6183309977648537
lambda1_start_expansion96_s395_cont120000,early_0p18_0p28,CDF_RUN_1:34,0.6522374153137207,0.9935104948187734,1.478605,1.4732422832775807
lambda1_start_expansion96_s395_cont120000,early_0p18_0p28,CDF_RUN_1:35,0.38995492458343506,1.0,1.20233,1.20233
lambda1_start_expansion96_s395_cont120000,early_0p18_0p28,CDF_RUN_2:36,1.888606309890747,0.0629515791727313,3.27554,1.975915975890988
lambda1_start_expansion96_s395_cont120000,early_0p18_0p28,CDF_RUN_2:37,1.6896899938583374,0.1155267912377162,2.91722,1.8315025966158975
lambda1_start_expansion96_s395_cont120000,early_0p18_0p28,CDF_RUN_2:38,1.500697135925293,0.1846215696118183,2.90854,1.760615295257563
lambda1_start_expansion96_s395_cont120000,early_0p18_0p28,CDF_RUN_2:39,1.3382874727249146,0.2680057887944079,2.8682,1.74831288638372
lambda1_start_expansion96_s395_cont120000,early_0p18_0p28,CDF_RUN_2:40,1.212486982345581,0.3622378472320013,2.4889,1.6748520860396203
lambda1_start_expansion96_s395_cont120000,early_0p18_0p28,CDF_RUN_2:41,1.1253199577331543,0.4630252256673241,2.31978,1.678385088354362
lambda1_start_expansion96_s395_cont120000,early_0p18_0p28,CDF_RUN_2:42,1.0718244314193726,0.5655850454883751,2.33764,1.78775078735494
lambda1_start_expansion96_s395_cont120000,early_0p18_0p28,CDF_RUN_2:43,1.042502999305725,0.6650046270774903,2.08436,1.735342725520494
lambda1_start_expansion96_s395_cont120000,early_0p18_0p28,CDF_RUN_2:44,1.0261670351028442,0.7566020481604062,2.07474,1.819519487989662
lambda1_start_expansion96_s395_cont120000,early_0p18_0p28,CDF_RUN_2:45,1.0123525857925415,0.8362867021553243,1.95146,1.797715628189711
lambda1_start_expansion96_s395_cont120000,early_0p18_0p28,CDF_RUN_2:46,0.9928743839263916,0.9009198565219744,1.909664,1.818828353300263
lambda1_start_expansion96_s395_cont120000,early_0p18_0p28,CDF_RUN_2:47,0.962477445602417,0.9486752111106782,1.854624,1.8088347664372084
lambda1_start_expansion96_s395_cont120000,early_0p18_0p28,CDF_RUN_2:48,0.9188563823699951,0.979399456511414,1.824972,1.8063055258133263
lambda1_start_expansion96_s395_cont120000,early_0p18_0p28,CDF_RUN_2:49,0.8622875213623047,0.99497283240288,1.69753,1.6933310960756545
lambda1_start_expansion96_s395_cont120000,early_0p18_0p28,CDF_RUN_2:50,0.7581075429916382,0.9998348419300568,1.6449,1.6447535390693602
lambda1_start_expansion96_s395_cont120000,early_0p18_0p28,CDF_RUN_2:51,0.6083464622497559,1.0,1.42279,1.42279
lambda1_start_expansion96_s395_cont120000,early_0p18_0p28,D0_RUN_1:14,1.2680168151855469,0.1879104824806516,2.589585,1.5163533304251096
lambda1_start_expansion96_s395_cont120000,early_0p18_0p28,D0_RUN_1:15,0.7802081108093262,0.7792496753543665,1.790634,1.567582156930806
lambda1_start_expansion96_s395_cont120000,central_0p20_0p30,CDF_RUN_1:30,1.463507890701294,0.0012197116639461,2.72209,1.4650429979800395
lambda1_start_expansion96_s395_cont120000,central_0p20_0p30,CDF_RUN_1:31,1.1115365028381348,0.0258850748744865,2.51472,1.1478580127248132
lambda1_start_expansion96_s395_cont120000,central_0p20_0p30,CDF_RUN_1:32,0.8475534915924072,0.1831302917603498,2.180565,1.0916682780469937
lambda1_start_expansion96_s395_cont120000,central_0p20_0p30,CDF_RUN_1:33,0.7918562889099121,0.549777686123881,1.75218,1.319820836722919
lambda1_start_expansion96_s395_cont120000,central_0p20_0p30,CDF_RUN_1:34,0.6522374153137207,0.8825037510074896,1.478605,1.3815099085103615
lambda1_start_expansion96_s395_cont120000,central_0p20_0p30,CDF_RUN_1:35,0.38995492458343506,0.9960358801988642,1.20233,1.199109647877592
lambda1_start_expansion96_s395_cont120000,central_0p20_0p30,CDF_RUN_2:36,1.888606309890747,5.164127530589625e-05,3.27554,1.8886779329152692
lambda1_start_expansion96_s395_cont120000,central_0p20_0p30,CDF_RUN_2:37,1.6896899938583374,0.0023877817219835,2.91722,1.692621067570189
lambda1_start_expansion96_s395_cont120000,central_0p20_0p30,CDF_RUN_2:38,1.500697135925293,0.0134170653158552,2.90854,1.519586255587044
lambda1_start_expansion96_s395_cont120000,central_0p20_0p30,CDF_RUN_2:39,1.3382874727249146,0.0383530844331178,2.8682,1.3969643370587805
lambda1_start_expansion96_s395_cont120000,central_0p20_0p30,CDF_RUN_2:40,1.212486982345581,0.0798964211082592,2.4889,1.3144678143121622
lambda1_start_expansion96_s395_cont120000,central_0p20_0p30,CDF_RUN_2:41,1.1253199577331543,0.1385843072813845,2.31978,1.2908533752659985
lambda1_start_expansion96_s395_cont120000,central_0p20_0p30,CDF_RUN_2:42,1.0718244314193726,0.2131511831472797,2.33764,1.34163451750858
lambda1_start_expansion96_s395_cont120000,central_0p20_0p30,CDF_RUN_2:43,1.042502999305725,0.3008892555044757,2.08436,1.3559865765867516
lambda1_start_expansion96_s395_cont120000,central_0p20_0p30,CDF_RUN_2:44,1.0261670351028442,0.3980090561043118,2.07474,1.4435085711180609
lambda1_start_expansion96_s395_cont120000,central_0p20_0p30,CDF_RUN_2:45,1.0123525857925415,0.4999999999999999,1.95146,1.4819062928962707
lambda1_start_expansion96_s395_cont120000,central_0p20_0p30,CDF_RUN_2:46,0.9928743839263916,0.6019909438956881,1.909664,1.5447734302603084
lambda1_start_expansion96_s395_cont120000,central_0p20_0p30,CDF_RUN_2:47,0.962477445602417,0.6991107444955241,1.854624,1.5861866874464279
lambda1_start_expansion96_s395_cont120000,central_0p20_0p30,CDF_RUN_2:48,0.9188563823699951,0.7868488168527201,1.824972,1.6318323840339362
lambda1_start_expansion96_s395_cont120000,central_0p20_0p30,CDF_RUN_2:49,0.8622875213623047,0.8614156927186152,1.69753,1.5817784996860083
lambda1_start_expansion96_s395_cont120000,central_0p20_0p30,CDF_RUN_2:50,0.7581075429916382,0.9408752472293116,1.6449,1.5924686152204695
lambda1_start_expansion96_s395_cont120000,central_0p20_0p30,CDF_RUN_2:51,0.6083464622497559,0.9920975764810804,1.42279,1.4163539222324504
lambda1_start_expansion96_s395_cont120000,central_0p20_0p30,D0_RUN_1:14,1.2680168151855469,0.0206608071262849,2.589585,1.2953214805562328
lambda1_start_expansion96_s395_cont120000,central_0p20_0p30,D0_RUN_1:15,0.7802081108093262,0.4999999999999999,1.790634,1.285421055404663
lambda1_start_expansion96_s395_cont120000,late_0p22_0p32,CDF_RUN_1:30,1.463507890701294,0.0,2.72209,1.463507890701294
lambda1_start_expansion96_s395_cont120000,late_0p22_0p32,CDF_RUN_1:31,1.1115365028381348,0.0,2.51472,1.1115365028381348
lambda1_start_expansion96_s395_cont120000,late_0p22_0p32,CDF_RUN_1:32,0.8475534915924072,0.0193207037777613,2.180565,0.8733082120786971
lambda1_start_expansion96_s395_cont120000,late_0p22_0p32,CDF_RUN_1:33,0.7918562889099121,0.2102966915212009,1.75218,0.9938091881415192
lambda1_start_expansion96_s395_cont120000,late_0p22_0p32,CDF_RUN_1:34,0.6522374153137207,0.5852865232044726,1.478605,1.1358992258436307
lambda1_start_expansion96_s395_cont120000,late_0p22_0p32,CDF_RUN_1:35,0.38995492458343506,0.9023365088655396,1.20233,1.1229906140241976
lambda1_start_expansion96_s395_cont120000,late_0p22_0p32,CDF_RUN_2:36,1.888606309890747,0.0,3.27554,1.888606309890747
lambda1_start_expansion96_s395_cont120000,late_0p22_0p32,CDF_RUN_2:37,1.6896899938583374,0.0,2.91722,1.6896899938583374
lambda1_start_expansion96_s395_cont120000,late_0p22_0p32,CDF_RUN_2:38,1.500697135925293,0.0,2.90854,1.500697135925293
lambda1_start_expansion96_s395_cont120000,late_0p22_0p32,CDF_RUN_2:39,1.3382874727249146,0.0,2.8682,1.3382874727249146
lambda1_start_expansion96_s395_cont120000,late_0p22_0p32,CDF_RUN_2:40,1.212486982345581,0.0003303151612864,2.4889,1.2129086009173755
lambda1_start_expansion96_s395_cont120000,late_0p22_0p32,CDF_RUN_2:41,1.1253199577331543,0.0050271675971199,2.31978,1.1313247085536928
lambda1_start_expansion96_s395_cont120000,late_0p22_0p32,CDF_RUN_2:42,1.0718244314193726,0.0206005434885857,2.33764,1.0979009200884466
lambda1_start_expansion96_s395_cont120000,late_0p22_0p32,CDF_RUN_2:43,1.042502999305725,0.0513247888893216,2.08436,1.0959760899192206
lambda1_start_expansion96_s395_cont120000,late_0p22_0p32,CDF_RUN_2:44,1.0261670351028442,0.0990801434780254,2.07474,1.1300597949120328
lambda1_start_expansion96_s395_cont120000,late_0p22_0p32,CDF_RUN_2:45,1.0123525857925415,0.1637132978446752,1.95146,1.16609695760283
lambda1_start_expansion96_s395_cont120000,late_0p22_0p32,CDF_RUN_2:46,0.9928743839263916,0.2433979518395934,1.909664,1.216019098746515
lambda1_start_expansion96_s395_cont120000,late_0p22_0p32,CDF_RUN_2:47,0.962477445602417,0.3349953729225092,1.854624,1.261342413294367
lambda1_start_expansion96_s395_cont120000,late_0p22_0p32,CDF_RUN_2:48,0.9188563823699951,0.4344149545116246,1.824972,1.3124865571850064
lambda1_start_expansion96_s395_cont120000,late_0p22_0p32,CDF_RUN_2:49,0.8622875213623047,0.5369747743326755,1.69753,1.3107916628418457
lambda1_start_expansion96_s395_cont120000,late_0p22_0p32,CDF_RUN_2:50,0.7581075429916382,0.6848781819867951,1.6449,1.3654523487471282
lambda1_start_expansion96_s395_cont120000,late_0p22_0p32,CDF_RUN_2:51,0.6083464622497559,0.8499258195752324,1.42279,1.300563053569884
lambda1_start_expansion96_s395_cont120000,late_0p22_0p32,D0_RUN_1:14,1.2680168151855469,2.671437209028174e-06,2.589585,1.26802034567197
lambda1_start_expansion96_s395_cont120000,late_0p22_0p32,D0_RUN_1:15,0.7802081108093262,0.2207503246456333,1.790634,1.00325995387852
lambda1_start_expansion96_s396_cont120000,early_0p18_0p28,CDF_RUN_1:30,1.4553216695785522,0.0892391852052237,2.72209,1.5683670432291439
lambda1_start_expansion96_s396_cont120000,early_0p18_0p28,CDF_RUN_1:31,1.1060805320739746,0.2263136792031131,2.51472,1.4248749127310292
lambda1_start_expansion96_s396_cont120000,early_0p18_0p28,CDF_RUN_1:32,0.8442666530609131,0.5139631863662977,2.180565,1.5310748093897426
lambda1_start_expansion96_s396_cont120000,early_0p18_0p28,CDF_RUN_1:33,0.7890967130661011,0.8606209544870957,1.75218,1.6179463707177226
lambda1_start_expansion96_s396_cont120000,early_0p18_0p28,CDF_RUN_1:34,0.6522164344787598,0.9935104948187734,1.478605,1.4732421471223434
lambda1_start_expansion96_s396_cont120000,early_0p18_0p28,CDF_RUN_1:35,0.3885047435760498,1.0,1.20233,1.20233
lambda1_start_expansion96_s396_cont120000,early_0p18_0p28,CDF_RUN_2:36,1.8789429664611816,0.0629515791727313,3.27554,1.9668609551904022
lambda1_start_expansion96_s396_cont120000,early_0p18_0p28,CDF_RUN_2:37,1.6761183738708496,0.1155267912377162,2.91722,1.819498862337462
lambda1_start_expansion96_s396_cont120000,early_0p18_0p28,CDF_RUN_2:38,1.4852452278137207,0.1846215696118183,2.90854,1.748016142675047
lambda1_start_expansion96_s396_cont120000,early_0p18_0p28,CDF_RUN_2:39,1.3228356838226318,0.2680057887944079,2.8682,1.7370022663544782
lambda1_start_expansion96_s396_cont120000,early_0p18_0p28,CDF_RUN_2:40,1.1983306407928467,0.3622378472320013,2.4889,1.6658237071756292
lambda1_start_expansion96_s396_cont120000,early_0p18_0p28,CDF_RUN_2:41,1.1131353378295898,0.4630252256673241,2.31978,1.671842254831316
lambda1_start_expansion96_s396_cont120000,early_0p18_0p28,CDF_RUN_2:42,1.0618577003479004,0.5655850454883751,2.33764,1.783421090329897
lambda1_start_expansion96_s396_cont120000,early_0p18_0p28,CDF_RUN_2:43,1.0348072052001953,0.6650046270774903,2.08436,1.7327646701041772
lambda1_start_expansion96_s396_cont120000,early_0p18_0p28,CDF_RUN_2:44,1.0207428932189941,0.7566020481604062,2.07474,1.8181992629646455
lambda1_start_expansion96_s396_cont120000,early_0p18_0p28,CDF_RUN_2:45,1.0091503858566284,0.8362867021553243,1.95146,1.7971913854778447
lambda1_start_expansion96_s396_cont120000,early_0p18_0p28,CDF_RUN_2:46,0.9916987419128418,0.9009198565219744,1.909664,1.8187118705208816
lambda1_start_expansion96_s396_cont120000,early_0p18_0p28,CDF_RUN_2:47,0.962904691696167,0.9486752111106782,1.854624,1.8088566947527738
lambda1_start_expansion96_s396_cont120000,early_0p18_0p28,CDF_RUN_2:48,0.9202202558517456,0.979399456511414,1.824972,1.8063336223483
lambda1_start_expansion96_s396_cont120000,early_0p18_0p28,CDF_RUN_2:49,0.8637689352035522,0.99497283240288,1.69753,1.693338543391315
lambda1_start_expansion96_s396_cont120000,early_0p18_0p28,CDF_RUN_2:50,0.7582496404647827,0.9998348419300568,1.6449,1.6447535625379046
lambda1_start_expansion96_s396_cont120000,early_0p18_0p28,CDF_RUN_2:51,0.6054513454437256,1.0,1.42279,1.42279
lambda1_start_expansion96_s396_cont120000,early_0p18_0p28,D0_RUN_1:14,1.2607665061950684,0.1879104824806516,2.589585,1.5104654304951657
lambda1_start_expansion96_s396_cont120000,early_0p18_0p28,D0_RUN_1:15,0.7780028581619263,0.7792496753543665,1.790634,1.567095346692967
lambda1_start_expansion96_s396_cont120000,central_0p20_0p30,CDF_RUN_1:30,1.4553216695785522,0.0012197116639461,2.72209,1.4568667616866848
lambda1_start_expansion96_s396_cont120000,central_0p20_0p30,CDF_RUN_1:31,1.1060805320739746,0.0258850748744865,2.51472,1.1425432701723965
lambda1_start_expansion96_s396_cont120000,central_0p20_0p30,CDF_RUN_1:32,0.8442666530609131,0.1831302917603498,2.180565,1.0889833592147413
lambda1_start_expansion96_s396_cont120000,central_0p20_0p30,CDF_RUN_1:33,0.7890967130661011,0.549777686123881,1.75218,1.3185784141012018
lambda1_start_expansion96_s396_cont120000,central_0p20_0p30,CDF_RUN_1:34,0.6522164344787598,0.8825037510074896,1.478605,1.3815074433409529
lambda1_start_expansion96_s396_cont120000,central_0p20_0p30,CDF_RUN_1:35,0.3885047435760498,0.9960358801988642,1.20233,1.1991038991863454
lambda1_start_expansion96_s396_cont120000,central_0p20_0p30,CDF_RUN_2:36,1.8789429664611816,5.164127530589625e-05,3.27554,1.879015088513082
lambda1_start_expansion96_s396_cont120000,central_0p20_0p30,CDF_RUN_2:37,1.6761183738708496,0.0023877817219835,2.91722,1.6790818536488448
lambda1_start_expansion96_s396_cont120000,central_0p20_0p30,CDF_RUN_2:38,1.4852452278137207,0.0134170653158552,2.90854,1.5043416667358593
lambda1_start_expansion96_s396_cont120000,central_0p20_0p30,CDF_RUN_2:39,1.3228356838226318,0.0383530844331178,2.8682,1.3821051719209099
lambda1_start_expansion96_s396_cont120000,central_0p20_0p30,CDF_RUN_2:40,1.1983306407928467,0.0798964211082592,2.4889,1.3014425137854775
lambda1_start_expansion96_s396_cont120000,central_0p20_0p30,CDF_RUN_2:41,1.1131353378295898,0.1385843072813845,2.31978,1.2803573524712564
lambda1_start_expansion96_s396_cont120000,central_0p20_0p30,CDF_RUN_2:42,1.0618577003479004,0.2131511831472797,2.33764,1.3337922069571029
lambda1_start_expansion96_s396_cont120000,central_0p20_0p30,CDF_RUN_2:43,1.0348072052001953,0.3008892555044757,2.08436,1.3506063642401505
lambda1_start_expansion96_s396_cont120000,central_0p20_0p30,CDF_RUN_2:44,1.0207428932189941,0.3980090561043118,2.07474,1.4402432868255777
lambda1_start_expansion96_s396_cont120000,central_0p20_0p30,CDF_RUN_2:45,1.0091503858566284,0.4999999999999999,1.95146,1.4803051929283142
lambda1_start_expansion96_s396_cont120000,central_0p20_0p30,CDF_RUN_2:46,0.9916987419128418,0.6019909438956881,1.909664,1.544305514092179
lambda1_start_expansion96_s396_cont120000,central_0p20_0p30,CDF_RUN_2:47,0.962904691696167,0.6991107444955241,1.854624,1.5863152412054935
lambda1_start_expansion96_s396_cont120000,central_0p20_0p30,CDF_RUN_2:48,0.9202202558517456,0.7868488168527201,1.824972,1.6321230952802346
lambda1_start_expansion96_s396_cont120000,central_0p20_0p30,CDF_RUN_2:49,0.8637689352035522,0.8614156927186152,1.69753,1.5819838003969946
lambda1_start_expansion96_s396_cont120000,central_0p20_0p30,CDF_RUN_2:50,0.7582496404647827,0.9408752472293116,1.6449,1.5924770166984383
lambda1_start_expansion96_s396_cont120000,central_0p20_0p30,CDF_RUN_2:51,0.6054513454437256,0.9920975764810804,1.42279,1.4163310437933123
lambda1_start_expansion96_s396_cont120000,central_0p20_0p30,D0_RUN_1:14,1.2607665061950684,0.0206608071262849,2.589585,1.2882209688014126
lambda1_start_expansion96_s396_cont120000,central_0p20_0p30,D0_RUN_1:15,0.7780028581619263,0.4999999999999999,1.790634,1.284318429080963
lambda1_start_expansion96_s396_cont120000,late_0p22_0p32,CDF_RUN_1:30,1.4553216695785522,0.0,2.72209,1.4553216695785522
lambda1_start_expansion96_s396_cont120000,late_0p22_0p32,CDF_RUN_1:31,1.1060805320739746,0.0,2.51472,1.1060805320739746
lambda1_start_expansion96_s396_cont120000,late_0p22_0p32,CDF_RUN_1:32,0.8442666530609131,0.0193207037777613,2.180565,0.8700848775808353
lambda1_start_expansion96_s396_cont120000,late_0p22_0p32,CDF_RUN_1:33,0.7890967130661011,0.2102966915212009,1.75218,0.9916299419676635
lambda1_start_expansion96_s396_cont120000,late_0p22_0p32,CDF_RUN_1:34,0.6522164344787598,0.5852865232044726,1.478605,1.135890524808618
lambda1_start_expansion96_s396_cont120000,late_0p22_0p32,CDF_RUN_1:35,0.3885047435760498,0.9023365088655396,1.20233,1.1228489842842395
lambda1_start_expansion96_s396_cont120000,late_0p22_0p32,CDF_RUN_2:36,1.8789429664611816,0.0,3.27554,1.8789429664611816
lambda1_start_expansion96_s396_cont120000,late_0p22_0p32,CDF_RUN_2:37,1.6761183738708496,0.0,2.91722,1.6761183738708496
lambda1_start_expansion96_s396_cont120000,late_0p22_0p32,CDF_RUN_2:38,1.4852452278137207,0.0,2.90854,1.4852452278137207
lambda1_start_expansion96_s396_cont120000,late_0p22_0p32,CDF_RUN_2:39,1.3228356838226318,0.0,2.8682,1.3228356838226318
lambda1_start_expansion96_s396_cont120000,late_0p22_0p32,CDF_RUN_2:40,1.1983306407928467,0.0003303151612864,2.4889,1.1987569354188845
lambda1_start_expansion96_s396_cont120000,late_0p22_0p32,CDF_RUN_2:41,1.1131353378295898,0.0050271675971199,2.31978,1.1192013427764906
lambda1_start_expansion96_s396_cont120000,late_0p22_0p32,CDF_RUN_2:42,1.0618577003479004,0.0206005434885857,2.33764,1.0881395090938515
lambda1_start_expansion96_s396_cont120000,late_0p22_0p32,CDF_RUN_2:43,1.0348072052001953,0.0513247888893216,2.08436,1.0886752808214928
lambda1_start_expansion96_s396_cont120000,late_0p22_0p32,CDF_RUN_2:44,1.0207428932189941,0.0990801434780254,2.07474,1.1251730777842799
lambda1_start_expansion96_s396_cont120000,late_0p22_0p32,CDF_RUN_2:45,1.0091503858566284,0.1637132978446752,1.95146,1.1634190003787832
lambda1_start_expansion96_s396_cont120000,late_0p22_0p32,CDF_RUN_2:46,0.9916987419128418,0.2433979518395934,1.909664,1.2151296055911598
lambda1_start_expansion96_s396_cont120000,late_0p22_0p32,CDF_RUN_2:47,0.962904691696167,0.3349953729225092,1.854624,1.2616265339236115
lambda1_start_expansion96_s396_cont120000,late_0p22_0p32,CDF_RUN_2:48,0.9202202558517456,0.4344149545116246,1.824972,1.3132579436302225
lambda1_start_expansion96_s396_cont120000,late_0p22_0p32,CDF_RUN_2:49,0.8637689352035522,0.5369747743326755,1.69753,1.311477594819996
lambda1_start_expansion96_s396_cont120000,late_0p22_0p32,CDF_RUN_2:50,0.7582496404647827,0.6848781819867951,1.6449,1.3654971267612006
lambda1_start_expansion96_s396_cont120000,late_0p22_0p32,CDF_RUN_2:51,0.6054513454437256,0.8499258195752324,1.42279,1.3001285712879849
lambda1_start_expansion96_s396_cont120000,late_0p22_0p32,D0_RUN_1:14,1.2607665061950684,2.671437209028174e-06,2.589585,1.2607700560502368
lambda1_start_expansion96_s396_cont120000,late_0p22_0p32,D0_RUN_1:15,0.7780028581619263,0.2207503246456333,1.790634,1.0015415114689594
lambda1_start_expansion96_s397_cont120000,early_0p18_0p28,CDF_RUN_1:30,1.458849310874939,0.0892391852052237,2.72209,1.5715798806905448
lambda1_start_expansion96_s397_cont120000,early_0p18_0p28,CDF_RUN_1:31,1.1101536750793457,0.2263136792031131,2.51472,1.428026247756934
lambda1_start_expansion96_s397_cont120000,early_0p18_0p28,CDF_RUN_1:32,0.8449596166610718,0.5139631863662977,2.180565,1.5314116152099277
lambda1_start_expansion96_s397_cont120000,early_0p18_0p28,CDF_RUN_1:33,0.789265513420105,0.8606209544870957,1.75218,1.617969897949946
lambda1_start_expansion96_s397_cont120000,early_0p18_0p28,CDF_RUN_1:34,0.652489423751831,0.9935104948187734,1.478605,1.4732439186876454
lambda1_start_expansion96_s397_cont120000,early_0p18_0p28,CDF_RUN_1:35,0.38906776905059814,1.0,1.20233,1.20233
lambda1_start_expansion96_s397_cont120000,early_0p18_0p28,CDF_RUN_2:36,1.8615602254867554,0.0629515791727313,3.27554,1.9505724852106665
lambda1_start_expansion96_s397_cont120000,early_0p18_0p28,CDF_RUN_2:37,1.6591310501098633,0.1155267912377162,2.91722,1.8044740295822985
lambda1_start_expansion96_s397_cont120000,early_0p18_0p28,CDF_RUN_2:38,1.465685248374939,0.1846215696118183,2.90854,1.732067357341828
lambda1_start_expansion96_s397_cont120000,early_0p18_0p28,CDF_RUN_2:39,1.2993223667144775,0.2680057887944079,2.8682,1.7197906543450678
lambda1_start_expansion96_s397_cont120000,early_0p18_0p28,CDF_RUN_2:40,1.171416163444519,0.3622378472320013,2.4889,1.6486586721613343
lambda1_start_expansion96_s397_cont120000,early_0p18_0p28,CDF_RUN_2:41,1.08490788936615,0.4630252256673241,2.31978,1.6566848270626733
lambda1_start_expansion96_s397_cont120000,early_0p18_0p28,CDF_RUN_2:42,1.035065770149231,0.5655850454883751,2.33764,1.7717822751913634
lambda1_start_expansion96_s397_cont120000,early_0p18_0p28,CDF_RUN_2:43,1.0119150876998901,0.6650046270774903,2.08436,1.7250959166651765
lambda1_start_expansion96_s397_cont120000,early_0p18_0p28,CDF_RUN_2:44,1.0032588243484497,0.7566020481604062,2.07474,1.8139436764117325
lambda1_start_expansion96_s397_cont120000,early_0p18_0p28,CDF_RUN_2:45,0.9973611831665039,0.8362867021553243,1.95146,1.795261336226485
lambda1_start_expansion96_s397_cont120000,early_0p18_0p28,CDF_RUN_2:46,0.984810471534729,0.9009198565219744,1.909664,1.8180293797035028
lambda1_start_expansion96_s397_cont120000,early_0p18_0p28,CDF_RUN_2:47,0.959450364112854,0.9486752111106782,1.854624,1.8086794021188057
lambda1_start_expansion96_s397_cont120000,early_0p18_0p28,CDF_RUN_2:48,0.9185190200805664,0.979399456511414,1.824972,1.8062985759668115
lambda1_start_expansion96_s397_cont120000,early_0p18_0p28,CDF_RUN_2:49,0.8623054027557373,0.99497283240288,1.69753,1.6933311859684161
lambda1_start_expansion96_s397_cont120000,early_0p18_0p28,CDF_RUN_2:50,0.7551121711730957,0.9998348419300568,1.6449,1.644753044359532
lambda1_start_expansion96_s397_cont120000,early_0p18_0p28,CDF_RUN_2:51,0.598865270614624,1.0,1.42279,1.42279
lambda1_start_expansion96_s397_cont120000,early_0p18_0p28,D0_RUN_1:14,1.2602884769439697,0.1879104824806516,2.589585,1.5100772279512809
lambda1_start_expansion96_s397_cont120000,early_0p18_0p28,D0_RUN_1:15,0.7756503820419312,0.7792496753543665,1.790634,1.5665760368257569
lambda1_start_expansion96_s397_cont120000,central_0p20_0p30,CDF_RUN_1:30,1.458849310874939,0.0012197116639461,2.72209,1.4603901002778361
lambda1_start_expansion96_s397_cont120000,central_0p20_0p30,CDF_RUN_1:31,1.1101536750793457,0.0258850748744865,2.51472,1.146510979566099
lambda1_start_expansion96_s397_cont120000,central_0p20_0p30,CDF_RUN_1:32,0.8449596166610718,0.1831302917603498,2.180565,1.0895494201886236
lambda1_start_expansion96_s397_cont120000,central_0p20_0p30,CDF_RUN_1:33,0.789265513420105,0.549777686123881,1.75218,1.3186544117871646
lambda1_start_expansion96_s397_cont120000,central_0p20_0p30,CDF_RUN_1:34,0.652489423751831,0.8825037510074896,1.478605,1.381539518556554
lambda1_start_expansion96_s397_cont120000,central_0p20_0p30,CDF_RUN_1:35,0.38906776905059814,0.9960358801988642,1.20233,1.1991061310867777
lambda1_start_expansion96_s397_cont120000,central_0p20_0p30,CDF_RUN_2:36,1.8615602254867554,5.164127530589625e-05,3.27554,1.8616332452055682
lambda1_start_expansion96_s397_cont120000,central_0p20_0p30,CDF_RUN_2:37,1.6591310501098633,0.0023877817219835,2.91722,1.6621350919090405
lambda1_start_expansion96_s397_cont120000,central_0p20_0p30,CDF_RUN_2:38,1.465685248374939,0.0134170653158552,2.90854,1.4850441248187845
lambda1_start_expansion96_s397_cont120000,central_0p20_0p30,CDF_RUN_2:39,1.2993223667144775,0.0383530844331178,2.8682,1.3594936630491072
lambda1_start_expansion96_s397_cont120000,central_0p20_0p30,CDF_RUN_2:40,1.171416163444519,0.0798964211082592,2.4889,1.2766784068532808
lambda1_start_expansion96_s397_cont120000,central_0p20_0p30,CDF_RUN_2:41,1.08490788936615,0.1385843072813845,2.31978,1.2560417853994432
lambda1_start_expansion96_s397_cont120000,central_0p20_0p30,CDF_RUN_2:42,1.035065770149231,0.2131511831472797,2.33764,1.3127110083790792
lambda1_start_expansion96_s397_cont120000,central_0p20_0p30,CDF_RUN_2:43,1.0119150876998901,0.3008892555044757,2.08436,1.3346022389314331
lambda1_start_expansion96_s397_cont120000,central_0p20_0p30,CDF_RUN_2:44,1.0032588243484497,0.3980090561043118,2.07474,1.4297180357030617
lambda1_start_expansion96_s397_cont120000,central_0p20_0p30,CDF_RUN_2:45,0.9973611831665039,0.4999999999999999,1.95146,1.474410591583252
lambda1_start_expansion96_s397_cont120000,central_0p20_0p30,CDF_RUN_2:46,0.984810471534729,0.6019909438956881,1.909664,1.5415639201007951
lambda1_start_expansion96_s397_cont120000,central_0p20_0p30,CDF_RUN_2:47,0.959450364112854,0.6991107444955241,1.854624,1.5852758711506818
lambda1_start_expansion96_s397_cont120000,central_0p20_0p30,CDF_RUN_2:48,0.9185190200805664,0.7868488168527201,1.824972,1.6317604748627952
lambda1_start_expansion96_s397_cont120000,central_0p20_0p30,CDF_RUN_2:49,0.8623054027557373,0.8614156927186152,1.69753,1.5817809777665304
lambda1_start_expansion96_s397_cont120000,central_0p20_0p30,CDF_RUN_2:50,0.7551121711730957,0.9408752472293116,1.6449,1.5922915146022418
lambda1_start_expansion96_s397_cont120000,central_0p20_0p30,CDF_RUN_2:51,0.598865270614624,0.9920975764810804,1.42279,1.4162789978406856
lambda1_start_expansion96_s397_cont120000,central_0p20_0p30,D0_RUN_1:14,1.2602884769439697,0.0206608071262849,2.589585,1.2877528160204714
lambda1_start_expansion96_s397_cont120000,central_0p20_0p30,D0_RUN_1:15,0.7756503820419312,0.4999999999999999,1.790634,1.2831421910209655
lambda1_start_expansion96_s397_cont120000,late_0p22_0p32,CDF_RUN_1:30,1.458849310874939,0.0,2.72209,1.458849310874939
lambda1_start_expansion96_s397_cont120000,late_0p22_0p32,CDF_RUN_1:31,1.1101536750793457,0.0,2.51472,1.1101536750793457
lambda1_start_expansion96_s397_cont120000,late_0p22_0p32,CDF_RUN_1:32,0.8449596166610718,0.0193207037777613,2.180565,0.8707644526365466
lambda1_start_expansion96_s397_cont120000,late_0p22_0p32,CDF_RUN_1:33,0.789265513420105,0.2102966915212009,1.75218,0.9917632441656927
lambda1_start_expansion96_s397_cont120000,late_0p22_0p32,CDF_RUN_1:34,0.652489423751831,0.5852865232044726,1.478605,1.1360037371391811
lambda1_start_expansion96_s397_cont120000,late_0p22_0p32,CDF_RUN_1:35,0.38906776905059814,0.9023365088655396,1.20233,1.1229039713176816
lambda1_start_expansion96_s397_cont120000,late_0p22_0p32,CDF_RUN_2:36,1.8615602254867554,0.0,3.27554,1.8615602254867554
lambda1_start_expansion96_s397_cont120000,late_0p22_0p32,CDF_RUN_2:37,1.6591310501098633,0.0,2.91722,1.6591310501098633
lambda1_start_expansion96_s397_cont120000,late_0p22_0p32,CDF_RUN_2:38,1.465685248374939,0.0,2.90854,1.465685248374939
lambda1_start_expansion96_s397_cont120000,late_0p22_0p32,CDF_RUN_2:39,1.2993223667144775,0.0,2.8682,1.2993223667144775
lambda1_start_expansion96_s397_cont120000,late_0p22_0p32,CDF_RUN_2:40,1.171416163444519,0.0003303151612864,2.4889,1.171851348330483
lambda1_start_expansion96_s397_cont120000,late_0p22_0p32,CDF_RUN_2:41,1.08490788936615,0.0050271675971199,2.31978,1.0911157984273157
lambda1_start_expansion96_s397_cont120000,late_0p22_0p32,CDF_RUN_2:42,1.035065770149231,0.0206005434885857,2.33764,1.0618995072183828
lambda1_start_expansion96_s397_cont120000,late_0p22_0p32,CDF_RUN_2:43,1.0119150876998901,0.0513247888893216,2.08436,1.0669580964191203
lambda1_start_expansion96_s397_cont120000,late_0p22_0p32,CDF_RUN_2:44,1.0032588243484497,0.0990801434780254,2.07474,1.1094213329660085
lambda1_start_expansion96_s397_cont120000,late_0p22_0p32,CDF_RUN_2:45,0.9973611831665039,0.1637132978446752,1.95146,1.1535598469400183
lambda1_start_expansion96_s397_cont120000,late_0p22_0p32,CDF_RUN_2:46,0.984810471534729,0.2433979518395934,1.909664,1.209917926114797
lambda1_start_expansion96_s397_cont120000,late_0p22_0p32,CDF_RUN_2:47,0.959450364112854,0.3349953729225092,1.854624,1.2593293900972669
lambda1_start_expansion96_s397_cont120000,late_0p22_0p32,CDF_RUN_2:48,0.9185190200805664,0.4344149545116246,1.824972,1.3122957501191936
lambda1_start_expansion96_s397_cont120000,late_0p22_0p32,CDF_RUN_2:49,0.8623054027557373,0.5369747743326755,1.69753,1.310799942378075
lambda1_start_expansion96_s397_cont120000,late_0p22_0p32,CDF_RUN_2:50,0.7551121711730957,0.6848781819867951,1.6449,1.3645084417340436
lambda1_start_expansion96_s397_cont120000,late_0p22_0p32,CDF_RUN_2:51,0.598865270614624,0.8499258195752324,1.42279,1.2991401715057913
lambda1_start_expansion96_s397_cont120000,late_0p22_0p32,D0_RUN_1:14,1.2602884769439697,2.671437209028174e-06,2.589585,1.2602920280761634
lambda1_start_expansion96_s397_cont120000,late_0p22_0p32,D0_RUN_1:15,0.7756503820419312,0.2207503246456333,1.790634,0.9997083452161744
lambda1_start_expansion96_s398_cont120000,early_0p18_0p28,CDF_RUN_1:30,1.4569683074951172,0.0892391852052237,2.72209,1.5698667365197065
lambda1_start_expansion96_s398_cont120000,early_0p18_0p28,CDF_RUN_1:31,1.1082316637039185,0.2263136792031131,2.51472,1.42653921384735
lambda1_start_expansion96_s398_cont120000,early_0p18_0p28,CDF_RUN_1:32,0.8452862501144409,0.5139631863662977,2.180565,1.5315703710928297
lambda1_start_expansion96_s398_cont120000,early_0p18_0p28,CDF_RUN_1:33,0.7890264987945557,0.8606209544870957,1.75218,1.6179365843195734
lambda1_start_expansion96_s398_cont120000,early_0p18_0p28,CDF_RUN_1:34,0.6514872312545776,0.9935104948187734,1.478605,1.473237414954242
lambda1_start_expansion96_s398_cont120000,early_0p18_0p28,CDF_RUN_1:35,0.3889164924621582,1.0,1.20233,1.20233
lambda1_start_expansion96_s398_cont120000,early_0p18_0p28,CDF_RUN_2:36,1.8820621967315674,0.0629515791727313,3.27554,1.9697838249894637
lambda1_start_expansion96_s398_cont120000,early_0p18_0p28,CDF_RUN_2:37,1.6839001178741455,0.1155267912377162,2.91722,1.8263816064258238
lambda1_start_expansion96_s398_cont120000,early_0p18_0p28,CDF_RUN_2:38,1.4960594177246094,0.1846215696118183,2.90854,1.756833799870507
lambda1_start_expansion96_s398_cont120000,early_0p18_0p28,CDF_RUN_2:39,1.3347097635269165,0.2680057887944079,2.8682,1.7456940239614083
lambda1_start_expansion96_s398_cont120000,early_0p18_0p28,CDF_RUN_2:40,1.2095434665679932,0.3622378472320013,2.4889,1.6729748230805992
lambda1_start_expansion96_s398_cont120000,early_0p18_0p28,CDF_RUN_2:41,1.122520089149475,0.4630252256673241,2.31978,1.6768816295534799
lambda1_start_expansion96_s398_cont120000,early_0p18_0p28,CDF_RUN_2:42,1.0688531398773193,0.5655850454883751,2.33764,1.7864600138748583
lambda1_start_expansion96_s398_cont120000,early_0p18_0p28,CDF_RUN_2:43,1.0393062829971313,0.6650046270774903,2.08436,1.734271840348569
lambda1_start_expansion96_s398_cont120000,early_0p18_0p28,CDF_RUN_2:44,1.0229376554489136,0.7566020481604062,2.07474,1.8187334635961827
lambda1_start_expansion96_s398_cont120000,early_0p18_0p28,CDF_RUN_2:45,1.0093966722488403,0.8362867021553243,1.95146,1.797231705835328
lambda1_start_expansion96_s398_cont120000,early_0p18_0p28,CDF_RUN_2:46,0.990450382232666,0.9009198565219744,1.909664,1.8185881828646577
lambda1_start_expansion96_s398_cont120000,early_0p18_0p28,CDF_RUN_2:47,0.9606955051422119,0.9486752111106782,1.854624,1.808743308719275
lambda1_start_expansion96_s398_cont120000,early_0p18_0p28,CDF_RUN_2:48,0.9176534414291382,0.979399456511414,1.824972,1.80628074457616
lambda1_start_expansion96_s398_cont120000,early_0p18_0p28,CDF_RUN_2:49,0.8614646196365356,0.99497283240288,1.69753,1.693326959210763
lambda1_start_expansion96_s398_cont120000,early_0p18_0p28,CDF_RUN_2:50,0.7573800086975098,0.9998348419300568,1.6449,1.6447534189112005
lambda1_start_expansion96_s398_cont120000,early_0p18_0p28,CDF_RUN_2:51,0.6072611808776855,1.0,1.42279,1.42279
lambda1_start_expansion96_s398_cont120000,early_0p18_0p28,D0_RUN_1:14,1.263242483139038,0.1879104824806516,2.589585,1.5124761454169833
lambda1_start_expansion96_s398_cont120000,early_0p18_0p28,D0_RUN_1:15,0.7783170938491821,0.7792496753543665,1.790634,1.5671647143229437
lambda1_start_expansion96_s398_cont120000,central_0p20_0p30,CDF_RUN_1:30,1.4569683074951172,0.0012197116639461,2.72209,1.4585113911797767
lambda1_start_expansion96_s398_cont120000,central_0p20_0p30,CDF_RUN_1:31,1.1082316637039185,0.0258850748744865,2.51472,1.1446387195990344
lambda1_start_expansion96_s398_cont120000,central_0p20_0p30,CDF_RUN_1:32,0.8452862501144409,0.1831302917603498,2.180565,1.0898162371623785
lambda1_start_expansion96_s398_cont120000,central_0p20_0p30,CDF_RUN_1:33,0.7890264987945557,0.549777686123881,1.75218,1.3185468020693996
lambda1_start_expansion96_s398_cont120000,central_0p20_0p30,CDF_RUN_1:34,0.6514872312545776,0.8825037510074896,1.478605,1.3814217646973581
lambda1_start_expansion96_s398_cont120000,central_0p20_0p30,CDF_RUN_1:35,0.3889164924621582,0.9960358801988642,1.20233,1.199105531408258
lambda1_start_expansion96_s398_cont120000,central_0p20_0p30,CDF_RUN_2:36,1.8820621967315674,5.164127530589625e-05,3.27554,1.8821341577024386
lambda1_start_expansion96_s398_cont120000,central_0p20_0p30,CDF_RUN_2:37,1.6839001178741455,0.0023877817219835,2.91722,1.6868450165460445
lambda1_start_expansion96_s398_cont120000,central_0p20_0p30,CDF_RUN_2:38,1.4960594177246094,0.0134170653158552,2.90854,1.5150107619543756
lambda1_start_expansion96_s398_cont120000,central_0p20_0p30,CDF_RUN_2:39,1.3347097635269165,0.0383530844331178,2.8682,1.3935238440437305
lambda1_start_expansion96_s398_cont120000,central_0p20_0p30,CDF_RUN_2:40,1.2095434665679932,0.0798964211082592,2.4889,1.3117594749106796
lambda1_start_expansion96_s398_cont120000,central_0p20_0p30,CDF_RUN_2:41,1.122520089149475,0.1385843072813845,2.31978,1.2884415245304672
lambda1_start_expansion96_s398_cont120000,central_0p20_0p30,CDF_RUN_2:42,1.0688531398773193,0.2131511831472797,2.33764,1.3392965602741909
lambda1_start_expansion96_s398_cont120000,central_0p20_0p30,CDF_RUN_2:43,1.0393062829971313,0.3008892555044757,2.08436,1.3537517178683096
lambda1_start_expansion96_s398_cont120000,central_0p20_0p30,CDF_RUN_2:44,1.0229376554489136,0.3980090561043118,2.07474,1.4415645138119935
lambda1_start_expansion96_s398_cont120000,central_0p20_0p30,CDF_RUN_2:45,1.0093966722488403,0.4999999999999999,1.95146,1.4804283361244202
lambda1_start_expansion96_s398_cont120000,central_0p20_0p30,CDF_RUN_2:46,0.990450382232666,0.6019909438956881,1.909664,1.5438086556341934
lambda1_start_expansion96_s398_cont120000,central_0p20_0p30,CDF_RUN_2:47,0.9606955051422119,0.6991107444955241,1.854624,1.5856505207080034
lambda1_start_expansion96_s398_cont120000,central_0p20_0p30,CDF_RUN_2:48,0.9176534414291382,0.7868488168527201,1.824972,1.6315759757491364
lambda1_start_expansion96_s398_cont120000,central_0p20_0p30,CDF_RUN_2:49,0.8614646196365356,0.8614156927186152,1.69753,1.5816644584203818
lambda1_start_expansion96_s398_cont120000,central_0p20_0p30,CDF_RUN_2:50,0.7573800086975098,0.9408752472293116,1.6449,1.5924255999351968
lambda1_start_expansion96_s398_cont120000,central_0p20_0p30,CDF_RUN_2:51,0.6072611808776855,0.9920975764810804,1.42279,1.416345345879411
lambda1_start_expansion96_s398_cont120000,central_0p20_0p30,D0_RUN_1:14,1.263242483139038,0.0206608071262849,2.589585,1.2906457900632937
lambda1_start_expansion96_s398_cont120000,central_0p20_0p30,D0_RUN_1:15,0.7783170938491821,0.4999999999999999,1.790634,1.284475546924591
lambda1_start_expansion96_s398_cont120000,late_0p22_0p32,CDF_RUN_1:30,1.4569683074951172,0.0,2.72209,1.4569683074951172
lambda1_start_expansion96_s398_cont120000,late_0p22_0p32,CDF_RUN_1:31,1.1082316637039185,0.0,2.51472,1.1082316637039185
lambda1_start_expansion96_s398_cont120000,late_0p22_0p32,CDF_RUN_1:32,0.8452862501144409,0.0193207037777613,2.180565,0.8710847753017192
lambda1_start_expansion96_s398_cont120000,late_0p22_0p32,CDF_RUN_1:33,0.7890264987945557,0.2102966915212009,1.75218,0.9915744935251216
lambda1_start_expansion96_s398_cont120000,late_0p22_0p32,CDF_RUN_1:34,0.6514872312545776,0.5852865232044726,1.478605,1.1355881144042268
lambda1_start_expansion96_s398_cont120000,late_0p22_0p32,CDF_RUN_1:35,0.3889164924621582,0.9023365088655396,1.20233,1.1228891971179276
lambda1_start_expansion96_s398_cont120000,late_0p22_0p32,CDF_RUN_2:36,1.8820621967315674,0.0,3.27554,1.8820621967315674
lambda1_start_expansion96_s398_cont120000,late_0p22_0p32,CDF_RUN_2:37,1.6839001178741455,0.0,2.91722,1.6839001178741455
lambda1_start_expansion96_s398_cont120000,late_0p22_0p32,CDF_RUN_2:38,1.4960594177246094,0.0,2.90854,1.4960594177246094
lambda1_start_expansion96_s398_cont120000,late_0p22_0p32,CDF_RUN_2:39,1.3347097635269165,0.0,2.8682,1.3347097635269165
lambda1_start_expansion96_s398_cont120000,late_0p22_0p32,CDF_RUN_2:40,1.2095434665679932,0.0003303151612864,2.4889,1.2099660574276765
lambda1_start_expansion96_s398_cont120000,late_0p22_0p32,CDF_RUN_2:41,1.122520089149475,0.0050271675971199,2.31978,1.1285389153786336
lambda1_start_expansion96_s398_cont120000,late_0p22_0p32,CDF_RUN_2:42,1.0688531398773193,0.0206005434885857,2.33764,1.0949908387670229
lambda1_start_expansion96_s398_cont120000,late_0p22_0p32,CDF_RUN_2:43,1.0393062829971313,0.0513247888893216,2.08436,1.0929434444003046
lambda1_start_expansion96_s398_cont120000,late_0p22_0p32,CDF_RUN_2:44,1.0229376554489136,0.0990801434780254,2.07474,1.1271503826575586
lambda1_start_expansion96_s398_cont120000,late_0p22_0p32,CDF_RUN_2:45,1.0093966722488403,0.1637132978446752,1.95146,1.1636249664135119
lambda1_start_expansion96_s398_cont120000,late_0p22_0p32,CDF_RUN_2:46,0.990450382232666,0.2433979518395934,1.909664,1.2141850941002978
lambda1_start_expansion96_s398_cont120000,late_0p22_0p32,CDF_RUN_2:47,0.9606955051422119,0.3349953729225092,1.854624,1.260157414643154
lambda1_start_expansion96_s398_cont120000,late_0p22_0p32,CDF_RUN_2:48,0.9176534414291382,0.4344149545116246,1.824972,1.3118061917782518
lambda1_start_expansion96_s398_cont120000,late_0p22_0p32,CDF_RUN_2:49,0.8614646196365356,0.5369747743326755,1.69753,1.3104106385845693
lambda1_start_expansion96_s398_cont120000,late_0p22_0p32,CDF_RUN_2:50,0.7573800086975098,0.6848781819867951,1.6449,1.3652230868176956
lambda1_start_expansion96_s398_cont120000,late_0p22_0p32,CDF_RUN_2:51,0.6072611808776855,0.8499258195752324,1.42279,1.3004001808574401
lambda1_start_expansion96_s398_cont120000,late_0p22_0p32,D0_RUN_1:14,1.263242483139038,2.671437209028174e-06,2.589585,1.2632460263797896
lambda1_start_expansion96_s398_cont120000,late_0p22_0p32,D0_RUN_1:15,0.7783170938491821,0.2207503246456333,1.790634,1.0017863795262383
