row_id,dataset,local_index,qT,QM,QM_Low,QM_High,y,y_Low,y_High,xF,xF_Low,xF_High,x1,x2,SqrtS,BeamE,A,PreFactor,CS,dA,error,frac_error,sysNorm,sysP2P,W_CS_baseline,Y_CS,matched_CS_baseline,data_over_baseline,rel_residual,qT_over_Q,FO_NLO_real_dev_raw_CS,nlo_real_tail_repair,nlo_real_tail_repair_factor,FO_NLO_real_dev_CS,singular_NLO_dev_CS,raw_Y_NLO_dev_CS,raw_Y_positive,nlo_y_component,component_Y_CS,tail_switch,Y_unclipped_CS,Y_was_clipped,Y_over_W,FO_over_singular,nlo_singular_mode,nlo_singular_rsub,nlo_singular_power,nlo_singular_damp_kind,nlo_singular_damping,nlo_real_convention,nlo_singular_convention,nlo_alpha_convention,error_original,collins_sigma_factorization,collins_delta_rel,collins_turn_on,collins_r0,collins_width,collins_lambda,collins_power,collins_dataset_qmax,collins_error_inflation,source_file,sysNorm_rel,sysP2P_rel,sigma_uncorr,norm_rel,ptp_rel_used,norm_rel_used,target_used,sigma_used,Y_CS_used,dataset_norm_factor,pred_W_CS_raw_before_dataset_norm,pred_match_CS_raw_before_dataset_norm,pred_W_CS,pred_match_CS,pull
E288_200:0,E288_200,0,0.1,4.5,4.0,5.0,0.4,0.361736263,0.44705553,0.190849544,0.169644039,0.212055048,0.346576325,0.155726781,19.37008002,200.0,6.29,1.590909091,3.953714286,0.32,0.201142857,0.050874404,15%,0.00%,49.6621421069927,-0.0,49.6621421069927,0.0796122381809884,227.24360438507983,0.0222222222222222,0.1455042322175805,mcfm_logistic,1.0,0.1455042322175805,9.209210031209595,-9.063705798992016,False,raw,-9.063705798992016,0.0,-0.0,False,-0.0,0.0157998603272672,asymptotic_damped,0.1,2.0,exp,0.9518167844230891,base,base,alpha_over_pi,0.201142857,0.0,0.0,0.0,0.1,0.05,0.5,2.0,0.2,1.0,/home/dustin/work/project/bT-TMD/systematics/collins_factorization_validity/data/rowidfix_stageFT_all_qmax0p20_lam0p50/E288_200.csv,0.15,0.0,0.201142857,0.15,0.0,0.15,3.9537144,0.20114286,-0.0,1.0023241,4.0008955,4.0008955,4.010194,4.010194,0.28079274
E288_200:1,E288_200,1,0.3,4.5,4.0,5.0,0.4,0.361736263,0.44705553,0.190849544,0.169644039,0.212055048,0.346576325,0.155726781,19.37008002,200.0,5.88,0.53030303,11.088,0.24,0.452571429,0.040816327,15%,0.00%,70.03442625157534,-0.0,70.03442625157534,0.1583221366042188,130.24778515476137,0.0666666666666666,0.3788646907777629,mcfm_logistic,1.0,0.3788646907777629,8.534454239962159,-8.155589549184397,False,raw,-8.155589549184397,0.0,-0.0,False,-0.0,0.0443923747348421,asymptotic_damped,0.1,2.0,exp,0.6411803884299546,base,base,alpha_over_pi,0.452571429,0.0,0.0,0.0,0.1,0.05,0.5,2.0,0.2,1.0,/home/dustin/work/project/bT-TMD/systematics/collins_factorization_validity/data/rowidfix_stageFT_all_qmax0p20_lam0p50/E288_200.csv,0.15,0.0,0.452571429,0.15,0.0,0.15,11.088,0.45257142,-0.0,1.0023241,10.930294,10.930294,10.955697,10.955697,-0.2923367
E288_200:2,E288_200,2,0.5,4.5,4.0,5.0,0.4,0.361736263,0.44705553,0.190849544,0.169644039,0.212055048,0.346576325,0.155726781,19.37008002,200.0,4.75,0.318181818,14.92857143,0.23,1.3693029877371603,0.048421053,15%,0.00%,-8.833378696233371,0.0,-8.833378696233371,-1.6900182753814994,-32.87226301398445,0.1111111111111111,0.552139180186494,mcfm_logistic,1.0,0.552139180186494,-0.7926119847074957,1.3447511648939896,True,raw,1.3447511648939896,0.0,0.0,False,-0.0,-0.6966071556314589,asymptotic_damped,0.1,2.0,exp,0.2909604588643103,base,base,alpha_over_pi,0.722857143,1.1629566728987766,0.0779014039187791,0.1262002743484222,0.1,0.05,0.5,2.0,0.2,1.894292670408267,/home/dustin/work/project/bT-TMD/systematics/collins_factorization_validity/data/rowidfix_stageFT_all_qmax0p20_lam0p50/E288_200.csv,0.15,0.0,1.3693029877371603,0.15,0.0,0.15,14.928572,1.369303,0.0,1.0023241,15.209509,15.209509,15.244858,15.244858,0.23098327
E288_200:3,E288_200,3,0.7,4.5,4.0,5.0,0.4,0.361736263,0.44705553,0.190849544,0.169644039,0.212055048,0.346576325,0.155726781,19.37008002,200.0,3.69,0.227272727,16.236,0.22,19.66739176566626,0.059620596,15%,0.00%,-44.71517692177055,0.0,-44.71517692177055,-0.363098194342493,-62.96609186133322,0.1555555555555555,0.6747273809947182,mcfm_logistic,1.0,0.6747273809947182,-0.8879065184611256,1.5626338994558435,True,raw,1.5626338994558435,0.0,0.0,False,-0.0,-0.7599081288018038,asymptotic_damped,0.1,2.0,exp,0.0889435761251494,base,base,alpha_over_pi,0.968,19.64355555555554,1.2098765432098757,1.0,0.1,0.05,0.5,2.0,0.2,20.317553476927955,/home/dustin/work/project/bT-TMD/systematics/collins_factorization_validity/data/rowidfix_stageFT_all_qmax0p20_lam0p50/E288_200.csv,0.15,0.0,19.66739176566626,0.15,0.0,0.15,16.236,19.66739,0.0,1.0023241,16.531038,16.531038,16.569458,16.569458,0.016954865
E288_200:11,E288_200,11,0.1,5.5,5.0,6.0,0.4,0.368150244,0.437715688,0.233260553,0.212055048,0.254466058,0.423593286,0.190332732,19.37008002,200.0,1.63,1.590909091,1.024571429,0.11,0.069142857,0.067484663,15%,0.00%,15.24106681781975,-0.0,15.24106681781975,0.0672243906051299,205.6104709242742,0.0181818181818181,0.0259917888618865,mcfm_logistic,1.0,0.0259917888618865,3.050400014075917,-3.024408225214031,False,raw,-3.024408225214031,0.0,-0.0,False,-0.0,0.0085207804687741,asymptotic_damped,0.1,2.0,exp,0.9674825879029632,base,base,alpha_over_pi,0.069142857,0.0,0.0,0.0,0.1,0.05,0.5,2.0,0.2,1.0,/home/dustin/work/project/bT-TMD/systematics/collins_factorization_validity/data/rowidfix_stageFT_all_qmax0p20_lam0p50/E288_200.csv,0.15,0.0,0.069142857,0.15,0.0,0.15,1.0245714,0.069142856,-0.0,1.0023241,1.0056889,1.0056889,1.0080262,1.0080262,-0.23928975
E288_200:12,E288_200,12,0.3,5.5,5.0,6.0,0.4,0.368150244,0.437715688,0.233260553,0.212055048,0.254466058,0.423593286,0.190332732,19.37008002,200.0,1.44,0.53030303,2.715428571,0.08,0.150857143,0.055555556,15%,0.00%,21.36669701206773,-0.0,21.36669701206773,0.1270869601167812,123.63530204908976,0.0545454545454545,0.0643546354062021,mcfm_logistic,1.0,0.0643546354062021,3.149931103877537,-3.0855764684713347,False,raw,-3.0855764684713347,0.0,-0.0,False,-0.0,0.0204304898373752,asymptotic_damped,0.1,2.0,exp,0.7426572389044386,base,base,alpha_over_pi,0.150857143,0.0,0.0,0.0,0.1,0.05,0.5,2.0,0.2,1.0,/home/dustin/work/project/bT-TMD/systematics/collins_factorization_validity/data/rowidfix_stageFT_all_qmax0p20_lam0p50/E288_200.csv,0.15,0.0,0.150857143,0.15,0.0,0.15,2.7154286,0.15085714,-0.0,1.0023241,2.736226,2.736226,2.7425854,2.7425854,0.18001688
E288_200:13,E288_200,13,0.5,5.5,5.0,6.0,0.4,0.368150244,0.437715688,0.233260553,0.212055048,0.254466058,0.423593286,0.190332732,19.37008002,200.0,1.19,0.318181818,3.74,0.07,0.22,0.058823529,15%,0.00%,-3.080050295841552,0.0,-3.080050295841552,-1.2142658855439672,-31.0002286174616,0.0909090909090909,0.0900164163923354,mcfm_logistic,1.0,0.0900164163923354,-0.5093411301769498,0.5993575465692853,True,raw,0.5993575465692853,0.0,0.0,False,-0.0,-0.1767310964285624,asymptotic_damped,0.1,2.0,exp,0.4376016396389107,base,base,alpha_over_pi,0.22,0.0,0.0,0.0,0.1,0.05,0.5,2.0,0.2,1.0,/home/dustin/work/project/bT-TMD/systematics/collins_factorization_validity/data/rowidfix_stageFT_all_qmax0p20_lam0p50/E288_200.csv,0.15,0.0,0.22,0.15,0.0,0.15,3.74,0.22,0.0,1.0023241,3.7403383,3.7403383,3.7490313,3.7490313,0.041051343
E288_200:14,E288_200,14,0.7,5.5,5.0,6.0,0.4,0.368150244,0.437715688,0.233260553,0.212055048,0.254466058,0.423593286,0.190332732,19.37008002,200.0,1.04,0.227272727,4.576,0.07,2.127501747080476,0.067307692,15%,0.00%,-14.159282527497938,0.0,-14.159282527497938,-0.3231802170140478,-60.8288393749933,0.1272727272727272,0.1061508891442954,mcfm_logistic,1.0,0.1061508891442954,-0.7059023553125943,0.8120532444568898,True,raw,0.8120532444568898,0.0,0.0,False,-0.0,-0.15037616512455,asymptotic_damped,0.1,2.0,exp,0.1979314123158873,base,base,alpha_over_pi,0.308,2.105088996653224,0.4600281898280646,0.5679939894815906,0.1,0.05,0.5,2.0,0.2,6.907473204806738,/home/dustin/work/project/bT-TMD/systematics/collins_factorization_validity/data/rowidfix_stageFT_all_qmax0p20_lam0p50/E288_200.csv,0.15,0.0,2.127501747080476,0.15,0.0,0.15,4.576,2.1275017,0.0,1.0023241,3.8638945,3.8638945,3.8728745,3.8728745,-0.3304936
E288_200:15,E288_200,15,0.9,5.5,5.0,6.0,0.4,0.368150244,0.437715688,0.233260553,0.212055048,0.254466058,0.423593286,0.190332732,19.37008002,200.0,0.601,0.176767677,3.399942857,0.051,4.561123754578445,0.084858569,15%,0.00%,2.1556561974590847,0.0,2.1556561974590847,1.5772194383351024,-4.312738467102857,0.1636363636363636,0.1147601787703995,mcfm_logistic,1.0,0.1147601787703995,0.0004980735381047,0.1142621052322948,True,raw,0.1142621052322948,0.0,0.0,False,0.0,230.40810240006857,asymptotic_damped,0.1,2.0,exp,0.0687219964063596,base,base,alpha_over_pi,0.288514286,4.551989610198346,1.338842975206611,1.0,0.1,0.05,0.5,2.0,0.2,15.809004877416868,/home/dustin/work/project/bT-TMD/systematics/collins_factorization_validity/data/rowidfix_stageFT_all_qmax0p20_lam0p50/E288_200.csv,0.15,0.0,4.561123754578445,0.15,0.0,0.15,3.3999429,4.561124,0.0,1.0023241,3.279516,3.279516,3.287138,3.287138,-0.024731819
E288_200:25,E288_200,25,0.1,6.5,6.0,7.0,0.4,0.372722813,0.431469072,0.275671563,0.254466058,0.296877068,0.500610247,0.224938684,19.37008002,200.0,0.399,1.590909091,0.2508,0.043,0.027028571,0.107769424,15%,0.00%,4.63627094381602,-0.0,4.63627094381602,0.0540951991458833,162.25315588515647,0.0153846153846153,0.0049634012066976,mcfm_logistic,1.0,0.0049634012066976,0.9853924097983368,-0.9804290085916392,False,raw,-0.9804290085916392,0.0,-0.0,False,-0.0,0.0050369793367024,asymptotic_damped,0.1,2.0,exp,0.9766092663190326,base,base,alpha_over_pi,0.027028571,0.0,0.0,0.0,0.1,0.05,0.5,2.0,0.2,1.0,/home/dustin/work/project/bT-TMD/systematics/collins_factorization_validity/data/rowidfix_stageFT_all_qmax0p20_lam0p50/E288_200.csv,0.15,0.0,0.027028571,0.15,0.0,0.15,0.2508,0.027028572,-0.0,1.0023241,0.23714593,0.23714593,0.23769708,0.23769708,-0.48478085
E288_200:26,E288_200,26,0.3,6.5,6.0,7.0,0.4,0.372722813,0.431469072,0.275671563,0.254466058,0.296877068,0.500610247,0.224938684,19.37008002,200.0,0.342,0.53030303,0.644914286,0.025,0.047142857,0.073099415,15%,0.00%,6.468218471601967,-0.0,6.468218471601967,0.099705087085637,123.5246346143588,0.0461538461538461,0.0117812241068084,mcfm_logistic,1.0,0.0117812241068084,1.0770075391324505,-1.0652263150256418,False,raw,-1.0652263150256418,0.0,-0.0,False,-0.0,0.0109388501739722,asymptotic_damped,0.1,2.0,exp,0.8081417913768859,base,base,alpha_over_pi,0.047142857,0.0,0.0,0.0,0.1,0.05,0.5,2.0,0.2,1.0,/home/dustin/work/project/bT-TMD/systematics/collins_factorization_validity/data/rowidfix_stageFT_all_qmax0p20_lam0p50/E288_200.csv,0.15,0.0,0.047142857,0.15,0.0,0.15,0.64491427,0.047142856,-0.0,1.0023241,0.6717651,0.6717651,0.6733263,0.6733263,0.6026797
E288_200:27,E288_200,27,0.5,6.5,6.0,7.0,0.4,0.372722813,0.431469072,0.275671563,0.254466058,0.296877068,0.500610247,0.224938684,19.37008002,200.0,0.333,0.318181818,1.046571429,0.022,0.069142857,0.066066066,15%,0.00%,-1.02854019169525,0.0,-1.02854019169525,-1.0175309020010497,-30.0119449894188,0.0769230769230769,0.0159143959127149,mcfm_logistic,1.0,0.0159143959127149,-0.2453208893811101,0.2612352852938251,True,raw,0.2612352852938251,0.0,0.0,False,-0.0,-0.0648717520667051,asymptotic_damped,0.1,2.0,exp,0.5533768878965243,base,base,alpha_over_pi,0.069142857,0.0,0.0,0.0,0.1,0.05,0.5,2.0,0.2,1.0,/home/dustin/work/project/bT-TMD/systematics/collins_factorization_validity/data/rowidfix_stageFT_all_qmax0p20_lam0p50/E288_200.csv,0.15,0.0,0.069142857,0.15,0.0,0.15,1.0465714,0.069142856,0.0,1.0023241,0.99603444,0.99603444,0.9983493,0.9983493,-0.69742656
E288_200:28,E288_200,28,0.7,6.5,6.0,7.0,0.4,0.372722813,0.431469072,0.275671563,0.254466058,0.296877068,0.500610247,0.224938684,19.37008002,200.0,0.255,0.227272727,1.122,0.02,0.0972776376955409,0.078431373,15%,0.00%,-4.4150624954412665,0.0,-4.4150624954412665,-0.2541300380591467,-62.921164720923485,0.1076923076923076,0.0181898521739581,mcfm_logistic,1.0,0.0181898521739581,-0.3830520027779194,0.4012418549518775,True,raw,0.4012418549518775,0.0,0.0,False,-0.0,-0.0474866389995198,asymptotic_damped,0.1,2.0,exp,0.3135603875767511,base,base,alpha_over_pi,0.088,0.0414600867778267,0.0369519489998455,0.0637232589895296,0.1,0.05,0.5,2.0,0.2,1.105427701085692,/home/dustin/work/project/bT-TMD/systematics/collins_factorization_validity/data/rowidfix_stageFT_all_qmax0p20_lam0p50/E288_200.csv,0.15,0.0,0.0972776376955409,0.15,0.0,0.15,1.122,0.09727764,0.0,1.0023241,1.1631279,1.1631279,1.1658311,1.1658311,0.45057744
E288_200:29,E288_200,29,0.9,6.5,6.0,7.0,0.4,0.372722813,0.431469072,0.275671563,0.254466058,0.296877068,0.500610247,0.224938684,19.37008002,200.0,0.181,0.176767677,1.023942857,0.017,0.8542739936960341,0.093922652,15%,0.00%,0.5855929623931342,0.0,0.5855929623931342,1.7485573132837315,-4.55800541974754,0.1384615384615384,0.0191103411908524,mcfm_logistic,1.0,0.0191103411908524,-0.0064069981043401,0.0255173392951926,True,raw,0.0255173392951926,0.0,0.0,False,0.0,-2.9827293343363133,asymptotic_damped,0.1,2.0,exp,0.1470239524980233,base,base,alpha_over_pi,0.096171429,0.8488433969522704,0.828994890827458,0.8648156577150649,0.1,0.05,0.5,2.0,0.2,8.882825206808917,/home/dustin/work/project/bT-TMD/systematics/collins_factorization_validity/data/rowidfix_stageFT_all_qmax0p20_lam0p50/E288_200.csv,0.15,0.0,0.8542739936960341,0.15,0.0,0.15,1.0239428,0.854274,0.0,1.0023241,1.159371,1.159371,1.1620655,1.1620655,0.16168429
E288_200:30,E288_200,30,1.1,6.5,6.0,7.0,0.4,0.372722813,0.431469072,0.275671563,0.254466058,0.296877068,0.500610247,0.224938684,19.37008002,200.0,0.13,0.144628099,0.898857143,0.014,1.2907557468380697,0.107692308,15%,0.00%,3.294017164193166,-0.0,3.294017164193166,0.2728756707071274,24.74338864868973,0.1692307692307692,0.0190342790407167,mcfm_logistic,1.0,0.0190342790407167,0.0344568365013004,-0.0154225574605837,False,raw,-0.0154225574605837,0.0,-0.0,False,-0.0,0.5524093612017563,asymptotic_damped,0.1,2.0,exp,0.0570455432700749,base,base,alpha_over_pi,0.0968,1.2871208793254434,1.431952662721893,1.0,0.1,0.05,0.5,2.0,0.2,13.334253583037908,/home/dustin/work/project/bT-TMD/systematics/collins_factorization_validity/data/rowidfix_stageFT_all_qmax0p20_lam0p50/E288_200.csv,0.15,0.0,1.2907557468380697,0.15,0.0,0.15,0.8988571,1.2907557,-0.0,1.0023241,1.0055022,1.0055022,1.0078391,1.0078391,0.08443268
E288_200:39,E288_200,39,0.1,7.5,7.0,8.0,0.4,0.376147361,0.426997458,0.318082573,0.296877068,0.339288078,0.577627208,0.259544635,19.37008002,200.0,0.0945,1.590909091,0.0594,0.0188,0.011817143,0.198941799,15%,0.00%,1.3436145761868408,-0.0,1.3436145761868408,0.044209106579192,108.67386272526625,0.0133333333333333,0.0009453687315055,mcfm_logistic,1.0,0.0009453687315055,0.2901805532906004,-0.2892351845590948,False,raw,-0.2892351845590948,0.0,-0.0,False,-0.0,0.0032578638395482,asymptotic_damped,0.1,2.0,exp,0.9823793146181776,base,base,alpha_over_pi,0.011817143,0.0,0.0,0.0,0.1,0.05,0.5,2.0,0.2,1.0,/home/dustin/work/project/bT-TMD/systematics/collins_factorization_validity/data/rowidfix_stageFT_all_qmax0p20_lam0p50/E288_200.csv,0.15,0.0,0.011817143,0.15,0.0,0.15,0.0594,0.011817143,-0.0,1.0023241,0.0581422,0.0581422,0.058277328,0.058277328,-0.09500368
E288_200:40,E288_200,40,0.3,7.5,7.0,8.0,0.4,0.376147361,0.426997458,0.318082573,0.296877068,0.339288078,0.577627208,0.259544635,19.37008002,200.0,0.0901,0.53030303,0.169902857,0.0111,0.020931429,0.123196448,15%,0.00%,1.868554449940476,-0.0,1.868554449940476,0.0909274316332673,81.15315934427962,0.04,0.0021573747327673,mcfm_logistic,1.0,0.0021573747327673,0.3274853203474567,-0.3253279456146893,False,raw,-0.3253279456146893,0.0,-0.0,False,-0.0,0.0065876990470243,asymptotic_damped,0.1,2.0,exp,0.8521437889662113,base,base,alpha_over_pi,0.020931429,0.0,0.0,0.0,0.1,0.05,0.5,2.0,0.2,1.0,/home/dustin/work/project/bT-TMD/systematics/collins_factorization_validity/data/rowidfix_stageFT_all_qmax0p20_lam0p50/E288_200.csv,0.15,0.0,0.020931429,0.15,0.0,0.15,0.16990286,0.020931428,-0.0,1.0023241,0.16045496,0.16045496,0.16082788,0.16082788,-0.4335579
E288_200:41,E288_200,41,0.5,7.5,7.0,8.0,0.4,0.376147361,0.426997458,0.318082573,0.296877068,0.339288078,0.577627208,0.259544635,19.37008002,200.0,0.0702,0.318181818,0.220628571,0.0084,0.0264,0.11965812,15%,0.00%,-0.3154130575106235,0.0,-0.3154130575106235,-0.6994909238739077,-20.304607140553923,0.0666666666666666,0.002820165332723,mcfm_logistic,1.0,0.002820165332723,-0.0939874753163845,0.0968076406491076,True,raw,0.0968076406491076,0.0,0.0,False,-0.0,-0.03000575686526,asymptotic_damped,0.1,2.0,exp,0.6411803884299546,base,base,alpha_over_pi,0.0264,0.0,0.0,0.0,0.1,0.05,0.5,2.0,0.2,1.0,/home/dustin/work/project/bT-TMD/systematics/collins_factorization_validity/data/rowidfix_stageFT_all_qmax0p20_lam0p50/E288_200.csv,0.15,0.0,0.0264,0.15,0.0,0.15,0.22062857,0.0264,0.0,1.0023241,0.22537264,0.22537264,0.22589643,0.22589643,0.1995401
E288_200:42,E288_200,42,0.7,7.5,7.0,8.0,0.4,0.376147361,0.426997458,0.318082573,0.296877068,0.339288078,0.577627208,0.259544635,19.37008002,200.0,0.0522,0.227272727,0.22968,0.0069,0.03036,0.132183908,15%,0.00%,-1.299770240837633,0.0,-1.299770240837633,-0.1767081540903594,-50.37714890769542,0.0933333333333333,0.0031285748971411,mcfm_logistic,1.0,0.0031285748971411,-0.157640607574958,0.1607691824720992,True,raw,0.1607691824720992,0.0,0.0,False,-0.0,-0.0198462499305804,asymptotic_damped,0.1,2.0,exp,0.4184863060425646,base,base,alpha_over_pi,0.03036,0.0,0.0,0.0,0.1,0.05,0.5,2.0,0.2,1.0,/home/dustin/work/project/bT-TMD/systematics/collins_factorization_validity/data/rowidfix_stageFT_all_qmax0p20_lam0p50/E288_200.csv,0.15,0.0,0.03036,0.15,0.0,0.15,0.22968,0.03036,0.0,1.0023241,0.2413725,0.2413725,0.24193347,0.24193347,0.40360552
E288_200:43,E288_200,43,0.9,7.5,7.0,8.0,0.4,0.376147361,0.426997458,0.318082573,0.296877068,0.339288078,0.577627208,0.259544635,19.37008002,200.0,0.0411,0.176767677,0.232508571,0.0061,0.0682878432018241,0.148418491,15%,0.00%,0.1568266166270773,0.0,0.1568266166270773,1.482583607302382,-2.1931349858828604,0.12,0.0031961463668194,mcfm_logistic,1.0,0.0031961463668194,-0.0055989934069809,0.0087951397738004,True,raw,0.0087951397738004,0.0,0.0,False,0.0,-0.5708430309695393,asymptotic_damped,0.1,2.0,exp,0.2369277586821217,base,base,alpha_over_pi,0.034508571,0.0589269722342399,0.2534399999999997,0.3519999999999996,0.1,0.05,0.5,2.0,0.2,1.9788661547829431,/home/dustin/work/project/bT-TMD/systematics/collins_factorization_validity/data/rowidfix_stageFT_all_qmax0p20_lam0p50/E288_200.csv,0.15,0.0,0.0682878432018241,0.15,0.0,0.15,0.23250857,0.06828784,0.0,1.0023241,0.21189016,0.21189016,0.21238261,0.21238261,-0.29472238
E288_200:44,E288_200,44,1.1,7.5,7.0,8.0,0.4,0.376147361,0.426997458,0.318082573,0.296877068,0.339288078,0.577627208,0.259544635,19.37008002,200.0,0.0297,0.144628099,0.205354286,0.0054,0.2212293747168456,0.181818182,15%,0.00%,0.945989933111582,-0.0,0.945989933111582,0.2170787223121305,19.836430631866552,0.1466666666666666,0.003099643545298,mcfm_logistic,1.0,0.003099643545298,0.0199018857440826,-0.0168022421987845,False,raw,-0.0168022421987845,0.0,-0.0,False,-0.0,0.1557462235064683,asymptotic_damped,0.1,2.0,exp,0.1163548028087039,base,base,alpha_over_pi,0.037337143,0.2180558964811638,1.0618521810699575,0.9872592592592588,0.1,0.05,0.5,2.0,0.2,5.925182189672241,/home/dustin/work/project/bT-TMD/systematics/collins_factorization_validity/data/rowidfix_stageFT_all_qmax0p20_lam0p50/E288_200.csv,0.15,0.0,0.2212293747168456,0.15,0.0,0.15,0.20535429,0.22122937,-0.0,1.0023241,0.15308087,0.15308087,0.15343665,0.15343665,-0.23467788
E288_200:45,E288_200,45,1.3,7.5,7.0,8.0,0.4,0.376147361,0.426997458,0.318082573,0.296877068,0.339288078,0.577627208,0.259544635,19.37008002,200.0,0.0164,0.122377622,0.134011429,0.0038,0.2036956037766249,0.231707317,15%,0.00%,-0.2293855000498281,0.0,-0.2293855000498281,-0.5842192683098514,-11.703066195434294,0.1733333333333333,0.0028946195716741,mcfm_logistic,1.0,0.0028946195716741,-0.0048712807896757,0.0077659003613498,True,raw,0.0077659003613498,0.0,0.0,False,-0.0,-0.5942214576932282,asymptotic_damped,0.1,2.0,exp,0.0495662835049117,base,base,alpha_over_pi,0.031051429,0.2013149466755554,1.5022222222222217,1.0,0.1,0.05,0.5,2.0,0.2,6.559942982869642,/home/dustin/work/project/bT-TMD/systematics/collins_factorization_validity/data/rowidfix_stageFT_all_qmax0p20_lam0p50/E288_200.csv,0.15,0.0,0.2036956037766249,0.15,0.0,0.15,0.13401143,0.20369561,0.0,1.0023241,0.08734372,0.08734372,0.08754672,0.08754672,-0.22810856
E288_200:52,E288_200,52,0.1,8.5,8.0,9.0,0.4,0.37880799,0.42363845,0.360493582,0.339288078,0.381699087,0.654644169,0.294150586,19.37008002,200.0,0.0222,1.590909091,0.013954286,0.0075,0.004714286,0.337837838,15%,0.00%,0.3937671807119,-0.0,0.3937671807119,0.0354379102259658,80.56636672274445,0.0117647058823529,0.0001679792292131,mcfm_logistic,1.0,0.0001679792292131,0.0834926170410642,-0.083324637811851,False,raw,-0.083324637811851,0.0,-0.0,False,-0.0,0.0020119051859466,asymptotic_damped,0.1,2.0,exp,0.9862545134574356,base,base,alpha_over_pi,0.004714286,0.0,0.0,0.0,0.1,0.05,0.5,2.0,0.2,1.0,/home/dustin/work/project/bT-TMD/systematics/collins_factorization_validity/data/rowidfix_stageFT_all_qmax0p20_lam0p50/E288_200.csv,0.15,0.0,0.004714286,0.15,0.0,0.15,0.013954286,0.004714286,-0.0,1.0023241,0.011726297,0.011726297,0.011753551,0.011753551,-0.4668227
E288_200:53,E288_200,53,0.3,8.5,8.0,9.0,0.4,0.37880799,0.42363845,0.360493582,0.339288078,0.381699087,0.654644169,0.294150586,19.37008002,200.0,0.0165,0.53030303,0.031114286,0.0038,0.007165714,0.23030303,15%,0.00%,0.5465033458463213,-0.0,0.5465033458463213,0.0569333861109597,71.9243134524098,0.0352941176470588,0.0003673196715829,mcfm_logistic,1.0,0.0003673196715829,0.0957489048629265,-0.0953815851913436,False,raw,-0.0953815851913436,0.0,-0.0,False,-0.0,0.0038362806562516,asymptotic_damped,0.1,2.0,exp,0.8828786879572208,base,base,alpha_over_pi,0.007165714,0.0,0.0,0.0,0.1,0.05,0.5,2.0,0.2,1.0,/home/dustin/work/project/bT-TMD/systematics/collins_factorization_validity/data/rowidfix_stageFT_all_qmax0p20_lam0p50/E288_200.csv,0.15,0.0,0.007165714,0.15,0.0,0.15,0.031114286,0.007165714,-0.0,1.0023241,0.03170062,0.03170062,0.031774294,0.031774294,0.09210636
E288_200:54,E288_200,54,0.5,8.5,8.0,9.0,0.4,0.37880799,0.42363845,0.360493582,0.339288078,0.381699087,0.654644169,0.294150586,19.37008002,200.0,0.0134,0.318181818,0.042114286,0.0029,0.009114286,0.21641791,15%,0.00%,-0.0956490906697646,0.0,-0.0956490906697646,-0.4402999098590762,-15.115103549500716,0.0588235294117647,0.0004633865343411,mcfm_logistic,1.0,0.0004633865343411,-0.0331643761908697,0.0336277627252108,True,raw,0.0336277627252108,0.0,0.0,False,-0.0,-0.0139724182259359,asymptotic_damped,0.1,2.0,exp,0.7074977984184172,base,base,alpha_over_pi,0.009114286,0.0,0.0,0.0,0.1,0.05,0.5,2.0,0.2,1.0,/home/dustin/work/project/bT-TMD/systematics/collins_factorization_validity/data/rowidfix_stageFT_all_qmax0p20_lam0p50/E288_200.csv,0.15,0.0,0.009114286,0.15,0.0,0.15,0.042114288,0.009114286,0.0,1.0023241,0.042787924,0.042787924,0.042887367,0.042887367,0.08482065
E288_200:55,E288_200,55,0.7,8.5,8.0,9.0,0.4,0.37880799,0.42363845,0.360493582,0.339288078,0.381699087,0.654644169,0.294150586,19.37008002,200.0,0.01,0.227272727,0.044,0.0023,0.01012,0.23,15%,0.00%,-0.3846723555893074,0.0,-0.3846723555893074,-0.1143830570631809,-42.35892841791576,0.0823529411764705,0.0004974784020367,mcfm_logistic,1.0,0.0004974784020367,-0.0575978256318194,0.0580953040338561,True,raw,0.0580953040338561,0.0,0.0,False,-0.0,-0.0086371038590376,asymptotic_damped,0.1,2.0,exp,0.5075293729325072,base,base,alpha_over_pi,0.01012,0.0,0.0,0.0,0.1,0.05,0.5,2.0,0.2,1.0,/home/dustin/work/project/bT-TMD/systematics/collins_factorization_validity/data/rowidfix_stageFT_all_qmax0p20_lam0p50/E288_200.csv,0.15,0.0,0.01012,0.15,0.0,0.15,0.044,0.01012,0.0,1.0023241,0.04341231,0.04341231,0.043513205,0.043513205,-0.04810226
E288_200:56,E288_200,56,0.9,8.5,8.0,9.0,0.4,0.37880799,0.42363845,0.360493582,0.339288078,0.381699087,0.654644169,0.294150586,19.37008002,200.0,0.0061,0.176767677,0.034508571,0.0017,0.0096455871280248,0.278688525,15%,0.00%,0.0435778267931567,0.0,0.0435778267931567,0.7918837064499752,0.9430301486789524,0.1058823529411764,0.0004924383007429,mcfm_logistic,1.0,0.0004924383007429,-0.0032385819318971,0.0037310202326401,True,raw,0.0037310202326401,0.0,0.0,False,0.0,-0.1520536800051019,asymptotic_damped,0.1,2.0,exp,0.3259187158997798,base,base,alpha_over_pi,0.009617143,0.0007402104848417,0.0214500474343537,0.0382658253612854,0.1,0.05,0.5,2.0,0.2,1.0029576484434983,/home/dustin/work/project/bT-TMD/systematics/collins_factorization_validity/data/rowidfix_stageFT_all_qmax0p20_lam0p50/E288_200.csv,0.15,0.0,0.0096455871280248,0.15,0.0,0.15,0.03450857,0.009645587,0.0,1.0023241,0.036146715,0.036146715,0.036230724,0.036230724,0.17854314
E288_200:57,E288_200,57,1.1,8.5,8.0,9.0,0.4,0.37880799,0.42363845,0.360493582,0.339288078,0.381699087,0.654644169,0.294150586,19.37008002,200.0,0.0052,0.144628099,0.035954286,0.0016,0.0219833949726195,0.307692308,15%,0.00%,0.2756528870377754,-0.0,0.2756528870377754,0.1304331922163863,21.666970931448848,0.1294117647058823,0.0004629027265377,mcfm_logistic,1.0,0.0004629027265377,0.0088711284656616,-0.0084082257391238,False,raw,-0.0084082257391238,0.0,-0.0,False,-0.0,0.0521808164913381,asymptotic_damped,0.1,2.0,exp,0.1873567951790882,base,base,alpha_over_pi,0.011062857,0.0189969168424706,0.52836306754835,0.6309790352126996,0.1,0.05,0.5,2.0,0.2,1.9871354183299643,/home/dustin/work/project/bT-TMD/systematics/collins_factorization_validity/data/rowidfix_stageFT_all_qmax0p20_lam0p50/E288_200.csv,0.15,0.0,0.0219833949726195,0.15,0.0,0.15,0.035954285,0.021983394,-0.0,1.0023241,0.026009869,0.026009869,0.02607032,0.02607032,-0.44961056
E288_200:58,E288_200,58,1.3,8.5,8.0,9.0,0.4,0.37880799,0.42363845,0.360493582,0.339288078,0.381699087,0.654644169,0.294150586,19.37008002,200.0,0.006,0.122377622,0.049028571,0.0018,0.0591977634556341,0.3,15%,0.00%,-0.0694240994876734,0.0,-0.0694240994876734,-0.7062183213295438,-8.05330922274322,0.1529411764705882,0.0004188915442361,mcfm_logistic,1.0,0.0004188915442361,-0.0029443168212525,0.0033632083654887,True,raw,0.0033632083654887,0.0,0.0,False,-0.0,-0.1422712193241157,asymptotic_damped,0.1,2.0,exp,0.0964143387679316,base,base,alpha_over_pi,0.014708571,0.0573413736955016,1.16955017301038,1.0,0.1,0.05,0.5,2.0,0.2,4.024712084922061,/home/dustin/work/project/bT-TMD/systematics/collins_factorization_validity/data/rowidfix_stageFT_all_qmax0p20_lam0p50/E288_200.csv,0.15,0.0,0.0591977634556341,0.15,0.0,0.15,0.04902857,0.059197765,0.0,1.0023241,0.017787196,0.017787196,0.017828535,0.017828535,-0.5270475
E288_200:59,E288_200,59,1.5,8.5,8.0,9.0,0.4,0.37880799,0.42363845,0.360493582,0.339288078,0.381699087,0.654644169,0.294150586,19.37008002,200.0,0.0017,0.106060606,0.016028571,0.001,0.0266795585208553,0.588235294,15%,0.00%,-0.2490767024265849,0.0,-0.2490767024265849,-0.0643519479896936,-28.11722724754207,0.1764705882352941,0.0003674709038045,mcfm_logistic,1.0,0.0003674709038045,-0.003054871366339,0.0034223422701435,True,raw,0.0034223422701435,0.0,0.0,False,-0.0,-0.1202901398250849,asymptotic_damped,0.1,2.0,exp,0.0444146081525851,base,base,alpha_over_pi,0.009428571,0.0249579825259515,1.5570934256055358,1.0,0.1,0.05,0.5,2.0,0.2,2.829650274771789,/home/dustin/work/project/bT-TMD/systematics/collins_factorization_validity/data/rowidfix_stageFT_all_qmax0p20_lam0p50/E288_200.csv,0.15,0.0,0.0266795585208553,0.15,0.0,0.15,0.016028572,0.026679559,0.0,1.0023241,0.013863878,0.013863878,0.013896099,0.013896099,-0.07992908
E288_200:60,E288_200,60,1.7,8.5,8.0,9.0,0.4,0.37880799,0.42363845,0.360493582,0.339288078,0.381699087,0.654644169,0.294150586,19.37008002,200.0,0.00105,0.093582888,0.01122,0.00075,0.0238281845739408,0.714285714,15%,0.00%,0.0612360239067099,0.0,0.0612360239067099,0.1832254820641704,6.240858375494708,0.1999999999999999,0.0003136717166414,mcfm_logistic,1.0,0.0003136717166414,0.0001476498307328,0.0001660218859086,True,raw,0.0001660218859086,0.0,0.0,False,0.0,2.1244299101774526,asymptotic_damped,0.1,2.0,exp,0.0183156388887341,base,base,alpha_over_pi,0.008014286,0.0224399999999999,1.9999999999999976,1.0,0.1,0.05,0.5,2.0,0.2,2.973213655457379,/home/dustin/work/project/bT-TMD/systematics/collins_factorization_validity/data/rowidfix_stageFT_all_qmax0p20_lam0p50/E288_200.csv,0.15,0.0,0.0238281845739408,0.15,0.0,0.15,0.01122,0.023828184,0.0,1.0023241,0.013637442,0.013637442,0.013669137,0.013669137,0.1027832
E288_300:0,E288_300,0,0.1,4.5,4.0,5.0,0.21,0.189260324,0.235799069,0.080255008,0.071337785,0.089172232,0.234011559,0.153756551,23.72340616,300.0,9.16,1.590909091,5.757714286,0.42,0.264,0.045851528,15%,0.00%,71.6491880997175,-0.0,71.6491880997175,0.0803597980480493,249.5889159610512,0.0222222222222222,0.2582958426348801,mcfm_logistic,1.0,0.2582958426348801,10.895915372779958,-10.63761953014508,False,raw,-10.63761953014508,0.0,-0.0,False,-0.0,0.0237057497050822,asymptotic_damped,0.1,2.0,exp,0.9518167844230891,base,base,alpha_over_pi,0.264,0.0,0.0,0.0,0.1,0.05,0.5,2.0,0.2,1.0,/home/dustin/work/project/bT-TMD/systematics/collins_factorization_validity/data/rowidfix_stageFT_all_qmax0p20_lam0p50/E288_300.csv,0.15,0.0,0.264,0.15,0.0,0.15,5.7577143,0.264,-0.0,0.9782724,5.670887,5.670887,5.5476723,5.5476723,-0.79561365
E288_300:1,E288_300,1,0.3,4.5,4.0,5.0,0.21,0.189260324,0.235799069,0.080255008,0.071337785,0.089172232,0.234011559,0.153756551,23.72340616,300.0,7.65,0.53030303,14.42571429,0.3,0.565714286,0.039215686,15%,0.00%,101.63434005768414,-0.0,101.63434005768414,0.1419374030648741,154.1566616326959,0.0666666666666666,0.7272754902366009,mcfm_logistic,1.0,0.7272754902366009,10.31564387568048,-9.58836838544388,False,raw,-9.58836838544388,0.0,-0.0,False,-0.0,0.0705021905565371,asymptotic_damped,0.1,2.0,exp,0.6411803884299546,base,base,alpha_over_pi,0.565714286,0.0,0.0,0.0,0.1,0.05,0.5,2.0,0.2,1.0,/home/dustin/work/project/bT-TMD/systematics/collins_factorization_validity/data/rowidfix_stageFT_all_qmax0p20_lam0p50/E288_300.csv,0.15,0.0,0.565714286,0.15,0.0,0.15,14.4257145,0.5657143,-0.0,0.9782724,15.195143,15.195143,14.864988,14.864988,0.77649415
E288_300:2,E288_300,2,0.5,4.5,4.0,5.0,0.21,0.189260324,0.235799069,0.080255008,0.071337785,0.089172232,0.234011559,0.153756551,23.72340616,300.0,6.61,0.318181818,20.77428571,0.3,1.872971820326627,0.045385779,15%,0.00%,-10.993867076261962,0.0,-10.993867076261962,-1.889624966892313,-33.69349537426368,0.1111111111111111,1.1353552652378762,mcfm_logistic,1.0,1.1353552652378762,-0.6529120656983449,1.7882673309362211,True,raw,1.7882673309362211,0.0,0.0,False,-0.0,-1.738909915875911,asymptotic_damped,0.1,2.0,exp,0.2909604588643103,base,base,alpha_over_pi,0.942857143,1.618346022218832,0.0779014039187791,0.1262002743484222,0.1,0.05,0.5,2.0,0.2,1.986485263681804,/home/dustin/work/project/bT-TMD/systematics/collins_factorization_validity/data/rowidfix_stageFT_all_qmax0p20_lam0p50/E288_300.csv,0.15,0.0,1.872971820326627,0.15,0.0,0.15,20.774286,1.8729718,0.0,0.9782724,20.278412,20.278412,19.83781,19.83781,-0.49999458
E288_300:3,E288_300,3,0.7,4.5,4.0,5.0,0.21,0.189260324,0.235799069,0.080255008,0.071337785,0.089172232,0.234011559,0.153756551,23.72340616,300.0,5.58,0.227272727,24.552,0.3,29.734202930316343,0.053763441,15%,0.00%,-62.38152328692219,0.0,-62.38152328692219,-0.3935780773911806,-65.85872976281985,0.1555555555555555,1.480329920822549,mcfm_logistic,1.0,1.480329920822549,-0.951173109548917,2.4315030303714664,True,raw,2.4315030303714664,0.0,0.0,False,-0.0,-1.5563201965671412,asymptotic_damped,0.1,2.0,exp,0.0889435761251494,base,base,alpha_over_pi,1.32,29.704888888888863,1.2098765432098757,1.0,0.1,0.05,0.5,2.0,0.2,22.525911310845714,/home/dustin/work/project/bT-TMD/systematics/collins_factorization_validity/data/rowidfix_stageFT_all_qmax0p20_lam0p50/E288_300.csv,0.15,0.0,29.734202930316343,0.15,0.0,0.15,24.552,29.734203,0.0,0.9782724,20.594807,20.594807,20.147331,20.147331,-0.14813475
E288_300:11,E288_300,11,0.1,5.5,5.0,6.0,0.21,0.19272276,0.230651048,0.098089455,0.089172232,0.107006678,0.286014128,0.187924673,23.72340616,300.0,2.57,1.590909091,1.615428571,0.16,0.100571429,0.062256809,15%,0.00%,25.72725042173834,-0.0,25.72725042173834,0.0627905642662473,239.74822760784616,0.0181818181818181,0.0588949847311134,mcfm_logistic,1.0,0.0588949847311134,4.1164312848863736,-4.0575363001552605,False,raw,-4.0575363001552605,0.0,-0.0,False,-0.0,0.0143072920826708,asymptotic_damped,0.1,2.0,exp,0.9674825879029632,base,base,alpha_over_pi,0.100571429,0.0,0.0,0.0,0.1,0.05,0.5,2.0,0.2,1.0,/home/dustin/work/project/bT-TMD/systematics/collins_factorization_validity/data/rowidfix_stageFT_all_qmax0p20_lam0p50/E288_300.csv,0.15,0.0,0.100571429,0.15,0.0,0.15,1.6154286,0.10057143,-0.0,0.9782724,1.609539,1.609539,1.5745676,1.5745676,-0.40628844
E288_300:12,E288_300,12,0.3,5.5,5.0,6.0,0.21,0.19272276,0.230651048,0.098089455,0.089172232,0.107006678,0.286014128,0.187924673,23.72340616,300.0,2.3,0.53030303,4.337142857,0.1,0.188571429,0.043478261,15%,0.00%,36.30050727093431,-0.0,36.30050727093431,0.1194788498306395,169.50268968866067,0.0545454545454545,0.1591926346146654,mcfm_logistic,1.0,0.1591926346146654,4.324946590181875,-4.165753955567209,False,raw,-4.165753955567209,0.0,-0.0,False,-0.0,0.0368080001209843,asymptotic_damped,0.1,2.0,exp,0.7426572389044386,base,base,alpha_over_pi,0.188571429,0.0,0.0,0.0,0.1,0.05,0.5,2.0,0.2,1.0,/home/dustin/work/project/bT-TMD/systematics/collins_factorization_validity/data/rowidfix_stageFT_all_qmax0p20_lam0p50/E288_300.csv,0.15,0.0,0.188571429,0.15,0.0,0.15,4.337143,0.18857142,-0.0,0.9782724,4.512106,4.512106,4.4140687,4.4140687,0.4079396
E288_300:13,E288_300,13,0.5,5.5,5.0,6.0,0.21,0.19272276,0.230651048,0.098089455,0.089172232,0.107006678,0.286014128,0.187924673,23.72340616,300.0,2.07,0.318181818,6.505714286,0.1,0.314285714,0.048309179,15%,0.00%,-4.513176862036943,0.0,-4.513176862036943,-1.4414933172071085,-35.06010823017219,0.0909090909090909,0.2402425692558089,mcfm_logistic,1.0,0.2402425692558089,-0.5616072362019784,0.8018498054577874,True,raw,0.8018498054577874,0.0,0.0,False,-0.0,-0.4277768407695645,asymptotic_damped,0.1,2.0,exp,0.4376016396389107,base,base,alpha_over_pi,0.314285714,0.0,0.0,0.0,0.1,0.05,0.5,2.0,0.2,1.0,/home/dustin/work/project/bT-TMD/systematics/collins_factorization_validity/data/rowidfix_stageFT_all_qmax0p20_lam0p50/E288_300.csv,0.15,0.0,0.314285714,0.15,0.0,0.15,6.5057144,0.31428573,0.0,0.9782724,6.563675,6.563675,6.421062,6.421062,-0.26934862
E288_300:14,E288_300,14,0.7,5.5,5.0,6.0,0.21,0.19272276,0.230651048,0.098089455,0.089172232,0.107006678,0.286014128,0.187924673,23.72340616,300.0,1.82,0.227272727,8.008,0.11,3.71556422791086,0.06043956,15%,0.00%,-23.07062106078965,0.0,-23.07062106078965,-0.3471081241766061,-64.2120269851026,0.1272727272727272,0.3043216059390166,mcfm_logistic,1.0,0.3043216059390166,-0.8878268415197996,1.1921484474588162,True,raw,1.1921484474588162,0.0,0.0,False,-0.0,-0.3427713510193866,asymptotic_damped,0.1,2.0,exp,0.1979314123158873,base,base,alpha_over_pi,0.484,3.6839057441431406,0.4600281898280646,0.5679939894815906,0.1,0.05,0.5,2.0,0.2,7.676785594857149,/home/dustin/work/project/bT-TMD/systematics/collins_factorization_validity/data/rowidfix_stageFT_all_qmax0p20_lam0p50/E288_300.csv,0.15,0.0,3.71556422791086,0.15,0.0,0.15,8.008,3.7155643,0.0,0.9782724,7.486883,7.486883,7.324211,7.324211,-0.18403375
E288_300:15,E288_300,15,0.9,5.5,5.0,6.0,0.21,0.19272276,0.230651048,0.098089455,0.089172232,0.107006678,0.286014128,0.187924673,23.72340616,300.0,1.13,0.176767677,6.392571429,0.08,8.570606723887135,0.07079646,15%,0.00%,4.223546209213735,0.0,4.223546209213735,1.5135554608244848,-4.792669357362957,0.1636363636363636,0.3528533473007423,mcfm_logistic,1.0,0.3528533473007423,0.0139795184696557,0.3388738288310866,True,raw,0.3388738288310866,0.0,0.0,False,0.0,25.240736872779603,asymptotic_damped,0.1,2.0,exp,0.0687219964063596,base,base,alpha_over_pi,0.452571429,8.558649351223139,1.338842975206611,1.0,0.1,0.05,0.5,2.0,0.2,18.937577970453663,/home/dustin/work/project/bT-TMD/systematics/collins_factorization_validity/data/rowidfix_stageFT_all_qmax0p20_lam0p50/E288_300.csv,0.15,0.0,8.570606723887135,0.15,0.0,0.15,6.3925714,8.570607,0.0,0.9782724,7.321508,7.321508,7.162429,7.162429,0.0898253
E288_300:25,E288_300,25,0.1,6.5,6.0,7.0,0.21,0.195194535,0.227215687,0.115923901,0.107006678,0.124841124,0.338016697,0.222092796,23.72340616,300.0,0.849,1.590909091,0.533657143,0.07,0.044,0.082449941,15%,0.00%,9.354339687225234,-0.0,9.354339687225234,0.0570491516070118,200.4700578233008,0.0153846153846153,0.0156339653361619,mcfm_logistic,1.0,0.0156339653361619,1.5265526530479414,-1.5109186877117795,False,raw,-1.5109186877117795,0.0,-0.0,False,-0.0,0.010241353486856,asymptotic_damped,0.1,2.0,exp,0.9766092663190326,base,base,alpha_over_pi,0.044,0.0,0.0,0.0,0.1,0.05,0.5,2.0,0.2,1.0,/home/dustin/work/project/bT-TMD/systematics/collins_factorization_validity/data/rowidfix_stageFT_all_qmax0p20_lam0p50/E288_300.csv,0.15,0.0,0.044,0.15,0.0,0.15,0.53365713,0.044,-0.0,0.9782724,0.545956,0.545956,0.5340937,0.5340937,0.009921464
E288_300:26,E288_300,26,0.3,6.5,6.0,7.0,0.21,0.195194535,0.227215687,0.115923901,0.107006678,0.124841124,0.338016697,0.222092796,23.72340616,300.0,0.783,0.53030303,1.476514286,0.043,0.081085714,0.054916986,15%,0.00%,13.14495682724889,-0.0,13.14495682724889,0.1123255333132212,143.90256884522086,0.0461538461538461,0.0408539489521204,mcfm_logistic,1.0,0.0408539489521204,1.691710435201888,-1.6508564862497674,False,raw,-1.6508564862497674,0.0,-0.0,False,-0.0,0.0241494927867161,asymptotic_damped,0.1,2.0,exp,0.8081417913768859,base,base,alpha_over_pi,0.081085714,0.0,0.0,0.0,0.1,0.05,0.5,2.0,0.2,1.0,/home/dustin/work/project/bT-TMD/systematics/collins_factorization_validity/data/rowidfix_stageFT_all_qmax0p20_lam0p50/E288_300.csv,0.15,0.0,0.081085714,0.15,0.0,0.15,1.4765143,0.08108571,-0.0,0.9782724,1.5041375,1.5041375,1.4714562,1.4714562,-0.062380526
E288_300:27,E288_300,27,0.5,6.5,6.0,7.0,0.21,0.195194535,0.227215687,0.115923901,0.107006678,0.124841124,0.338016697,0.222092796,23.72340616,300.0,0.655,0.318181818,2.058571429,0.035,0.11,0.053435115,15%,0.00%,-1.797804141103358,0.0,-1.797804141103358,-1.145047662275715,-35.057959728212346,0.0769230769230769,0.0599284843741735,mcfm_logistic,1.0,0.0599284843741735,-0.3343895862587732,0.3943180706329467,True,raw,0.3943180706329467,0.0,0.0,False,-0.0,-0.1792175559193308,asymptotic_damped,0.1,2.0,exp,0.5533768878965243,base,base,alpha_over_pi,0.11,0.0,0.0,0.0,0.1,0.05,0.5,2.0,0.2,1.0,/home/dustin/work/project/bT-TMD/systematics/collins_factorization_validity/data/rowidfix_stageFT_all_qmax0p20_lam0p50/E288_300.csv,0.15,0.0,0.11,0.15,0.0,0.15,2.0585713,0.11,0.0,0.9782724,2.1299255,2.1299255,2.0836473,2.0836473,0.22796284
E288_300:28,E288_300,28,0.7,6.5,6.0,7.0,0.21,0.195194535,0.227215687,0.115923901,0.107006678,0.124841124,0.338016697,0.222092796,23.72340616,300.0,0.54,0.227272727,2.376,0.033,0.1696805796116199,0.061111111,15%,0.00%,-8.573555327038418,0.0,-8.573555327038418,-0.2771312377849606,-75.41016065453456,0.1076923076923076,0.0740332439908991,mcfm_logistic,1.0,0.0740332439908991,-0.5640563435543406,0.6380895875452398,True,raw,0.6380895875452398,0.0,0.0,False,-0.0,-0.1312515049904174,asymptotic_damped,0.1,2.0,exp,0.3135603875767511,base,base,alpha_over_pi,0.1452,0.087797830823633,0.0369519489998455,0.0637232589895296,0.1,0.05,0.5,2.0,0.2,1.1685990331378782,/home/dustin/work/project/bT-TMD/systematics/collins_factorization_validity/data/rowidfix_stageFT_all_qmax0p20_lam0p50/E288_300.csv,0.15,0.0,0.1696805796116199,0.15,0.0,0.15,2.376,0.16968058,0.0,0.9782724,2.3806367,2.3806367,2.328911,2.328911,-0.27751473
E288_300:29,E288_300,29,0.9,6.5,6.0,7.0,0.21,0.195194535,0.227215687,0.115923901,0.107006678,0.124841124,0.338016697,0.222092796,23.72340616,300.0,0.414,0.176767677,2.342057143,0.03,1.9489567890449555,0.072463768,15%,0.00%,1.4143351242953233,0.0,1.4143351242953233,1.6559421474927336,-5.46637552188551,0.1384615384615384,0.0839452497474605,mcfm_logistic,1.0,0.0839452497474605,-0.001795311705886,0.0857405614533465,True,raw,0.0857405614533465,0.0,0.0,False,0.0,-46.75803620744059,asymptotic_damped,0.1,2.0,exp,0.1470239524980233,base,base,alpha_over_pi,0.169714286,1.941553405572953,0.828994890827458,0.8648156577150649,0.1,0.05,0.5,2.0,0.2,11.483752104669346,/home/dustin/work/project/bT-TMD/systematics/collins_factorization_validity/data/rowidfix_stageFT_all_qmax0p20_lam0p50/E288_300.csv,0.15,0.0,1.9489567890449555,0.15,0.0,0.15,2.3420572,1.9489568,0.0,0.9782724,2.3502903,2.3502903,2.2992241,2.2992241,-0.021977443
E288_300:30,E288_300,30,1.1,6.5,6.0,7.0,0.21,0.195194535,0.227215687,0.115923901,0.107006678,0.124841124,0.338016697,0.222092796,23.72340616,300.0,0.286,0.144628099,1.977485714,0.024,2.836524103832326,0.083916084,15%,0.00%,6.82298598291953,0.0,6.82298598291953,0.2898270227947678,29.1998122517532,0.1692307692307692,0.090268673284978,mcfm_logistic,1.0,0.090268673284978,0.05540988450646,0.0348587887785179,True,raw,0.0348587887785179,0.0,0.0,False,0.0,1.6291077682079236,asymptotic_damped,0.1,2.0,exp,0.0570455432700749,base,base,alpha_over_pi,0.165942857,2.831665933656804,1.431952662721893,1.0,0.1,0.05,0.5,2.0,0.2,17.09337873960026,/home/dustin/work/project/bT-TMD/systematics/collins_factorization_validity/data/rowidfix_stageFT_all_qmax0p20_lam0p50/E288_300.csv,0.15,0.0,2.836524103832326,0.15,0.0,0.15,1.9774857,2.836524,0.0,0.9782724,2.176498,2.176498,2.1292078,2.1292078,0.053488776
E288_300:41,E288_300,41,0.1,7.5,7.0,8.0,0.21,0.197047595,0.22476024,0.133758347,0.124841124,0.142675571,0.390019266,0.256260918,23.72340616,300.0,0.286,1.590909091,0.179771429,0.039,0.024514286,0.136363636,15%,0.00%,3.373165626970982,-0.0,3.373165626970982,0.0532945751499994,130.2666615691349,0.0133333333333333,0.004499132375309,mcfm_logistic,1.0,0.004499132375309,0.537908581367661,-0.533409448992352,False,raw,-0.533409448992352,0.0,-0.0,False,-0.0,0.0083641208397711,asymptotic_damped,0.1,2.0,exp,0.9823793146181776,base,base,alpha_over_pi,0.024514286,0.0,0.0,0.0,0.1,0.05,0.5,2.0,0.2,1.0,/home/dustin/work/project/bT-TMD/systematics/collins_factorization_validity/data/rowidfix_stageFT_all_qmax0p20_lam0p50/E288_300.csv,0.15,0.0,0.024514286,0.15,0.0,0.15,0.17977142,0.024514286,-0.0,0.9782724,0.17635262,0.17635262,0.17252089,0.17252089,-0.29576764
E288_300:42,E288_300,42,0.3,7.5,7.0,8.0,0.21,0.197047595,0.22476024,0.133758347,0.124841124,0.142675571,0.390019266,0.256260918,23.72340616,300.0,0.253,0.53030303,0.477085714,0.022,0.041485714,0.086956522,15%,0.00%,4.726763014078631,-0.0,4.726763014078631,0.1009328609407756,102.4371257073852,0.04,0.0114053137836907,mcfm_logistic,1.0,0.0114053137836907,0.6130596128120133,-0.6016542990283226,False,raw,-0.6016542990283226,0.0,-0.0,False,-0.0,0.0186039229225625,asymptotic_damped,0.1,2.0,exp,0.8521437889662113,base,base,alpha_over_pi,0.041485714,0.0,0.0,0.0,0.1,0.05,0.5,2.0,0.2,1.0,/home/dustin/work/project/bT-TMD/systematics/collins_factorization_validity/data/rowidfix_stageFT_all_qmax0p20_lam0p50/E288_300.csv,0.15,0.0,0.041485714,0.15,0.0,0.15,0.4770857,0.041485716,-0.0,0.9782724,0.50086004,0.50086004,0.48997754,0.48997754,0.31075343
E288_300:43,E288_300,43,0.5,7.5,7.0,8.0,0.21,0.197047595,0.22476024,0.133758347,0.124841124,0.142675571,0.390019266,0.256260918,23.72340616,300.0,0.237,0.318181818,0.744857143,0.019,0.059714286,0.080168776,15%,0.00%,-0.6869765069160616,0.0,-0.6869765069160616,-1.0842541709959967,-23.9780753623356,0.0666666666666666,0.0163093893671722,mcfm_logistic,1.0,0.0163093893671722,-0.161316758713374,0.1776261480805463,True,raw,0.1776261480805463,0.0,0.0,False,-0.0,-0.1011016431104385,asymptotic_damped,0.1,2.0,exp,0.6411803884299546,base,base,alpha_over_pi,0.059714286,0.0,0.0,0.0,0.1,0.05,0.5,2.0,0.2,1.0,/home/dustin/work/project/bT-TMD/systematics/collins_factorization_validity/data/rowidfix_stageFT_all_qmax0p20_lam0p50/E288_300.csv,0.15,0.0,0.059714286,0.15,0.0,0.15,0.74485713,0.059714288,0.0,0.9782724,0.7478535,0.7478535,0.73160446,0.73160446,-0.22193475
E288_300:44,E288_300,44,0.7,7.5,7.0,8.0,0.21,0.197047595,0.22476024,0.133758347,0.124841124,0.142675571,0.390019266,0.256260918,23.72340616,300.0,0.197,0.227272727,0.8668,0.016,0.0704,0.081218274,15%,0.00%,-3.1370485960255863,0.0,-3.1370485960255863,-0.2763106701943262,-56.87284937536343,0.0933333333333333,0.0196925847111435,mcfm_logistic,1.0,0.0196925847111435,-0.282722846475169,0.3024154311863125,True,raw,0.3024154311863125,0.0,0.0,False,-0.0,-0.0696533193431648,asymptotic_damped,0.1,2.0,exp,0.4184863060425646,base,base,alpha_over_pi,0.0704,0.0,0.0,0.0,0.1,0.05,0.5,2.0,0.2,1.0,/home/dustin/work/project/bT-TMD/systematics/collins_factorization_validity/data/rowidfix_stageFT_all_qmax0p20_lam0p50/E288_300.csv,0.15,0.0,0.0704,0.15,0.0,0.15,0.8668,0.0704,0.0,0.9782724,0.88699126,0.88699126,0.86771905,0.86771905,0.013054603
E288_300:45,E288_300,45,0.9,7.5,7.0,8.0,0.21,0.197047595,0.22476024,0.133758347,0.124841124,0.142675571,0.390019266,0.256260918,23.72340616,300.0,0.145,0.176767677,0.820285714,0.014,0.2224684861457391,0.096551724,15%,0.00%,0.4806950059829268,0.0,0.4806950059829268,1.7064577409592117,-4.287761464862036,0.12,0.021867436034388,mcfm_logistic,1.0,0.021867436034388,-0.0072123935994062,0.0290798296337942,True,raw,0.0290798296337942,0.0,0.0,False,0.0,-3.0319249404508577,asymptotic_damped,0.1,2.0,exp,0.2369277586821217,base,base,alpha_over_pi,0.0792,0.2078932113561598,0.2534399999999997,0.3519999999999996,0.1,0.05,0.5,2.0,0.2,2.808945532143171,/home/dustin/work/project/bT-TMD/systematics/collins_factorization_validity/data/rowidfix_stageFT_all_qmax0p20_lam0p50/E288_300.csv,0.15,0.0,0.2224684861457391,0.15,0.0,0.15,0.82028574,0.22246848,0.0,0.9782724,0.91283107,0.91283107,0.89299744,0.89299744,0.3268405
E288_300:46,E288_300,46,1.1,7.5,7.0,8.0,0.21,0.197047595,0.22476024,0.133758347,0.124841124,0.142675571,0.390019266,0.256260918,23.72340616,300.0,0.11,0.144628099,0.760571429,0.012,0.8118653378331132,0.109090909,15%,0.00%,2.4402468503502264,-0.0,2.4402468503502264,0.3116780701472239,20.244021846968867,0.1466666666666666,0.0230672518605112,mcfm_logistic,1.0,0.0230672518605112,0.0379621559765335,-0.0148949041160223,False,raw,-0.0148949041160223,0.0,-0.0,False,-0.0,0.6076380876462946,asymptotic_damped,0.1,2.0,exp,0.1163548028087039,base,base,alpha_over_pi,0.082971429,0.8076144307431443,1.0618521810699575,0.9872592592592588,0.1,0.05,0.5,2.0,0.2,9.784878332433122,/home/dustin/work/project/bT-TMD/systematics/collins_factorization_validity/data/rowidfix_stageFT_all_qmax0p20_lam0p50/E288_300.csv,0.15,0.0,0.8118653378331132,0.15,0.0,0.15,0.7605714,0.8118653,-0.0,0.9782724,0.8432268,0.8432268,0.82490546,0.82490546,0.07924225
E288_300:47,E288_300,47,1.3,7.5,7.0,8.0,0.21,0.197047595,0.22476024,0.133758347,0.124841124,0.142675571,0.390019266,0.256260918,23.72340616,300.0,0.0781,0.122377622,0.638188571,0.0098,0.9620397684323648,0.125480154,15%,0.00%,-0.4882384218073726,0.0,-0.4882384218073726,-1.3071248441233658,-14.066271138953203,0.1733333333333333,0.023478734876557,mcfm_logistic,1.0,0.023478734876557,-0.0082718686479476,0.0317506035245047,True,raw,0.0317506035245047,0.0,0.0,False,-0.0,-2.838383426504528,asymptotic_damped,0.1,2.0,exp,0.0495662835049117,base,base,alpha_over_pi,0.08008,0.958701053324444,1.5022222222222217,1.0,0.1,0.05,0.5,2.0,0.2,12.01348362178278,/home/dustin/work/project/bT-TMD/systematics/collins_factorization_validity/data/rowidfix_stageFT_all_qmax0p20_lam0p50/E288_300.csv,0.15,0.0,0.9620397684323648,0.15,0.0,0.15,0.6381886,0.96203977,0.0,0.9782724,0.7112689,0.7112689,0.6958147,0.6958147,0.059899945
E288_300:56,E288_300,56,0.1,8.5,8.0,9.0,0.21,0.198488402,0.222917779,0.151592794,0.142675571,0.160510017,0.442021834,0.290429041,23.72340616,300.0,0.096,1.590909091,0.060342857,0.02,0.012571429,0.208333333,15%,0.00%,1.204381118193473,-0.0,1.204381118193473,0.0501027922876373,91.00304040164988,0.0117647058823529,0.0013394372990533,mcfm_logistic,1.0,0.0013394372990533,0.175971578676983,-0.1746321413779296,False,raw,-0.1746321413779296,0.0,-0.0,False,-0.0,0.0076116683678336,asymptotic_damped,0.1,2.0,exp,0.9862545134574356,base,base,alpha_over_pi,0.012571429,0.0,0.0,0.0,0.1,0.05,0.5,2.0,0.2,1.0,/home/dustin/work/project/bT-TMD/systematics/collins_factorization_validity/data/rowidfix_stageFT_all_qmax0p20_lam0p50/E288_300.csv,0.15,0.0,0.012571429,0.15,0.0,0.15,0.060342856,0.012571429,-0.0,0.9782724,0.05235396,0.05235396,0.05121643,0.05121643,-0.72596556
E288_300:57,E288_300,57,0.3,8.5,8.0,9.0,0.21,0.198488402,0.222917779,0.151592794,0.142675571,0.160510017,0.442021834,0.290429041,23.72340616,300.0,0.07,0.53030303,0.132,0.011,0.020742857,0.157142857,15%,0.00%,1.685263864225838,-0.0,1.685263864225838,0.0783260133929454,74.88186724836592,0.0352941176470588,0.0033023661170834,mcfm_logistic,1.0,0.0033023661170834,0.2029539749633644,-0.199651608846281,False,raw,-0.199651608846281,0.0,-0.0,False,-0.0,0.0162715025299677,asymptotic_damped,0.1,2.0,exp,0.8828786879572208,base,base,alpha_over_pi,0.020742857,0.0,0.0,0.0,0.1,0.05,0.5,2.0,0.2,1.0,/home/dustin/work/project/bT-TMD/systematics/collins_factorization_validity/data/rowidfix_stageFT_all_qmax0p20_lam0p50/E288_300.csv,0.15,0.0,0.020742857,0.15,0.0,0.15,0.132,0.020742858,-0.0,0.9782724,0.15120319,0.15120319,0.1479179,0.1479179,0.76739174
E288_300:58,E288_300,58,0.5,8.5,8.0,9.0,0.21,0.198488402,0.222917779,0.151592794,0.142675571,0.160510017,0.442021834,0.290429041,23.72340616,300.0,0.07,0.318181818,0.22,0.009,0.028285714,0.128571429,15%,0.00%,-0.2522890513609371,0.0,-0.2522890513609371,-0.8720156455987351,-16.69708784303402,0.0588235294117647,0.004613522663859,mcfm_logistic,1.0,0.004613522663859,-0.0672932703860086,0.0719067930498677,True,raw,0.0719067930498677,0.0,0.0,False,-0.0,-0.0685584552124588,asymptotic_damped,0.1,2.0,exp,0.7074977984184172,base,base,alpha_over_pi,0.028285714,0.0,0.0,0.0,0.1,0.05,0.5,2.0,0.2,1.0,/home/dustin/work/project/bT-TMD/systematics/collins_factorization_validity/data/rowidfix_stageFT_all_qmax0p20_lam0p50/E288_300.csv,0.15,0.0,0.028285714,0.15,0.0,0.15,0.22,0.028285714,0.0,0.9782724,0.2333413,0.2333413,0.22827135,0.22827135,0.29242152
E288_300:59,E288_300,59,0.7,8.5,8.0,9.0,0.21,0.198488402,0.222917779,0.151592794,0.142675571,0.160510017,0.442021834,0.290429041,23.72340616,300.0,0.073,0.227272727,0.3212,0.009,0.0396,0.123287671,15%,0.00%,-1.1282211208317778,0.0,-1.1282211208317778,-0.2846959643542182,-36.60154345534792,0.0823529411764705,0.0054543216011528,mcfm_logistic,1.0,0.0054543216011528,-0.1193358529620293,0.1247901745631822,True,raw,0.1247901745631822,0.0,0.0,False,-0.0,-0.0457056405578991,asymptotic_damped,0.1,2.0,exp,0.5075293729325072,base,base,alpha_over_pi,0.0396,0.0,0.0,0.0,0.1,0.05,0.5,2.0,0.2,1.0,/home/dustin/work/project/bT-TMD/systematics/collins_factorization_validity/data/rowidfix_stageFT_all_qmax0p20_lam0p50/E288_300.csv,0.15,0.0,0.0396,0.15,0.0,0.15,0.3212,0.0396,0.0,0.9782724,0.29035372,0.29035372,0.284045,0.284045,-0.93825763
E288_300:60,E288_300,60,0.9,8.5,8.0,9.0,0.21,0.198488402,0.222917779,0.151592794,0.142675571,0.160510017,0.442021834,0.290429041,23.72340616,300.0,0.053,0.176767677,0.299828571,0.007,0.0401188496409051,0.132075472,15%,0.00%,0.1665364957192438,0.0,0.1665364957192438,1.800377567121786,-3.3659614969887905,0.1058823529411764,0.0059394151161884,mcfm_logistic,1.0,0.0059394151161884,-0.0060532306379685,0.0119926457541569,True,raw,0.0119926457541569,0.0,0.0,False,0.0,-0.9811975573727194,asymptotic_damped,0.1,2.0,exp,0.3259187158997798,base,base,alpha_over_pi,0.0396,0.0064313370701244,0.0214500474343537,0.0382658253612854,0.1,0.05,0.5,2.0,0.2,1.0131022636592215,/home/dustin/work/project/bT-TMD/systematics/collins_factorization_validity/data/rowidfix_stageFT_all_qmax0p20_lam0p50/E288_300.csv,0.15,0.0,0.0401188496409051,0.15,0.0,0.15,0.29982856,0.04011885,0.0,0.9782724,0.31740093,0.31740093,0.31050456,0.31050456,0.26610923
E288_300:61,E288_300,61,1.1,8.5,8.0,9.0,0.21,0.198488402,0.222917779,0.151592794,0.142675571,0.160510017,0.442021834,0.290429041,23.72340616,300.0,0.052,0.144628099,0.359542857,0.008,0.1978584205572973,0.153846154,15%,0.00%,0.8679512410651965,-0.0,0.8679512410651965,0.414243150984783,9.191267226430377,0.1294117647058823,0.006151517442671,mcfm_logistic,1.0,0.006151517442671,0.0190709713558982,-0.0129194539132272,False,raw,-0.0129194539132272,0.0,-0.0,False,-0.0,0.3225592093802045,asymptotic_damped,0.1,2.0,exp,0.1873567951790882,base,base,alpha_over_pi,0.055314286,0.1899691668396177,0.52836306754835,0.6309790352126996,0.1,0.05,0.5,2.0,0.2,3.57698589035927,/home/dustin/work/project/bT-TMD/systematics/collins_factorization_validity/data/rowidfix_stageFT_all_qmax0p20_lam0p50/E288_300.csv,0.15,0.0,0.1978584205572973,0.15,0.0,0.15,0.35954285,0.19785842,-0.0,0.9782724,0.31373718,0.31373718,0.3069204,0.3069204,-0.26596007
E288_300:62,E288_300,62,1.3,8.5,8.0,9.0,0.21,0.198488402,0.222917779,0.151592794,0.142675571,0.160510017,0.442021834,0.290429041,23.72340616,300.0,0.032,0.122377622,0.261485714,0.006,0.3097258111782902,0.1875,15%,0.00%,-0.1790240101444549,0.0,-0.1790240101444549,-1.4606181248482055,-8.984755524374858,0.1529411764705882,0.0061541312686877,mcfm_logistic,1.0,0.0061541312686877,-0.0058391615633419,0.0119932928320296,True,raw,0.0119932928320296,0.0,0.0,False,-0.0,-1.0539409129083055,asymptotic_damped,0.1,2.0,exp,0.0964143387679316,base,base,alpha_over_pi,0.049028571,0.3058206620484427,1.16955017301038,1.0,0.1,0.05,0.5,2.0,0.2,6.317251448717324,/home/dustin/work/project/bT-TMD/systematics/collins_factorization_validity/data/rowidfix_stageFT_all_qmax0p20_lam0p50/E288_300.csv,0.15,0.0,0.3097258111782902,0.15,0.0,0.15,0.26148573,0.30972582,0.0,0.9782724,0.28255793,0.28255793,0.27641863,0.27641863,0.04821329
E288_300:63,E288_300,63,1.5,8.5,8.0,9.0,0.21,0.198488402,0.222917779,0.151592794,0.142675571,0.160510017,0.442021834,0.290429041,23.72340616,300.0,0.018,0.106060606,0.169714286,0.004,0.2669386501442812,0.222222222,15%,0.00%,-0.7261095277190667,0.0,-0.7261095277190667,-0.2337309724238501,-23.75290397169568,0.1764705882352941,0.0059977571956412,mcfm_logistic,1.0,0.0059977571956412,-0.0062155431008209,0.0122133002964622,True,raw,0.0122133002964622,0.0,0.0,False,-0.0,-0.9649610819767422,asymptotic_damped,0.1,2.0,exp,0.0444146081525851,base,base,alpha_over_pi,0.037714286,0.2642609989619376,1.5570934256055358,1.0,0.1,0.05,0.5,2.0,0.2,7.077918700205043,/home/dustin/work/project/bT-TMD/systematics/collins_factorization_validity/data/rowidfix_stageFT_all_qmax0p20_lam0p50/E288_300.csv,0.15,0.0,0.2669386501442812,0.15,0.0,0.15,0.16971429,0.26693866,0.0,0.9782724,0.23025082,0.23025082,0.22524802,0.22524802,0.20803933
E288_300:64,E288_300,64,1.7,8.5,8.0,9.0,0.21,0.198488402,0.222917779,0.151592794,0.142675571,0.160510017,0.442021834,0.290429041,23.72340616,300.0,0.0102,0.093582888,0.108994286,0.0034,0.220995453020602,0.333333333,15%,0.00%,0.2106836910451412,0.0,0.2106836910451412,0.5173361329456051,2.7989376648284674,0.1999999999999999,0.0057234703305608,mcfm_logistic,1.0,0.0057234703305608,0.0003966577485928,0.0053268125819679,True,raw,0.0053268125819679,0.0,0.0,False,0.0,14.42924120571102,asymptotic_damped,0.1,2.0,exp,0.0183156388887341,base,base,alpha_over_pi,0.036331429,0.2179885719999997,1.9999999999999976,1.0,0.1,0.05,0.5,2.0,0.2,6.082762475998453,/home/dustin/work/project/bT-TMD/systematics/collins_factorization_validity/data/rowidfix_stageFT_all_qmax0p20_lam0p50/E288_300.csv,0.15,0.0,0.220995453020602,0.15,0.0,0.15,0.10899428,0.22099546,0.0,0.9782724,0.16522515,0.16522515,0.1616352,0.1616352,0.23819911
E288_300:97,E288_300,97,0.1,11.5,11.0,12.0,0.21,0.201368794,0.219398289,0.205096133,0.19617891,0.214013356,0.598029541,0.392933408,23.72340616,300.0,0.00271,1.590909091,0.001703429,0.00272,0.001709714,1.003690037,15%,0.00%,0.0684051727787947,-0.0,0.0684051727787947,0.0249020495205598,39.01339275387273,0.008695652173913,3.280757926262345e-05,mcfm_logistic,1.0,3.280757926262345e-05,0.0017434965228233,-0.0017106889435607,False,raw,-0.0017106889435607,0.0,-0.0,False,-0.0,0.0188171176903158,asymptotic_damped,0.1,2.0,exp,0.992467079070716,base,base,alpha_over_pi,0.001709714,0.0,0.0,0.0,0.1,0.05,0.5,2.0,0.2,1.0,/home/dustin/work/project/bT-TMD/systematics/collins_factorization_validity/data/rowidfix_stageFT_all_qmax0p20_lam0p50/E288_300.csv,0.15,0.0,0.001709714,0.15,0.0,0.15,0.001703429,0.001709714,-0.0,0.9782724,0.0008221905,0.0008221905,0.00080432626,0.00080432626,-0.5258791
E288_300:98,E288_300,98,0.3,11.5,11.0,12.0,0.21,0.201368794,0.219398289,0.205096133,0.19617891,0.214013356,0.598029541,0.392933408,23.72340616,300.0,0.00079,0.53030303,0.001489714,0.00079,0.001489714,1.0,15%,0.00%,0.0960065986297298,-0.0,0.0960065986297298,0.0155167876089997,63.446329046870645,0.0260869565217391,7.522138626304227e-05,mcfm_logistic,1.0,7.522138626304227e-05,0.0011319432486816,-0.0010567218624185,False,raw,-0.0010567218624185,0.0,-0.0,False,-0.0,0.0664533194138942,asymptotic_damped,0.1,2.0,exp,0.9342110244260492,base,base,alpha_over_pi,0.001489714,0.0,0.0,0.0,0.1,0.05,0.5,2.0,0.2,1.0,/home/dustin/work/project/bT-TMD/systematics/collins_factorization_validity/data/rowidfix_stageFT_all_qmax0p20_lam0p50/E288_300.csv,0.15,0.0,0.001489714,0.15,0.0,0.15,0.001489714,0.001489714,-0.0,0.9782724,0.002253673,0.002253673,0.0022047062,0.0022047062,0.47995263
E288_300:99,E288_300,99,0.5,11.5,11.0,12.0,0.21,0.201368794,0.219398289,0.205096133,0.19617891,0.214013356,0.598029541,0.392933408,23.72340616,300.0,0.00101,0.318181818,0.003174286,0.00072,0.002262857,0.712871287,15%,0.00%,-0.013481740937977,0.0,-0.013481740937977,-0.2354507488760794,-7.360618429700628,0.0434782608695652,9.88167297250317e-05,mcfm_logistic,1.0,9.88167297250317e-05,-0.0032934152741574,0.0033922320038824,True,raw,0.0033922320038824,0.0,0.0,False,-0.0,-0.0300043333436936,asymptotic_damped,0.1,2.0,exp,0.8277567757662239,base,base,alpha_over_pi,0.002262857,0.0,0.0,0.0,0.1,0.05,0.5,2.0,0.2,1.0,/home/dustin/work/project/bT-TMD/systematics/collins_factorization_validity/data/rowidfix_stageFT_all_qmax0p20_lam0p50/E288_300.csv,0.15,0.0,0.002262857,0.15,0.0,0.15,0.003174286,0.002262857,0.0,0.9782724,0.0031796948,0.0031796948,0.0031106076,0.0031106076,-0.028140744
E288_300:100,E288_300,100,0.7,11.5,11.0,12.0,0.21,0.201368794,0.219398289,0.205096133,0.19617891,0.214013356,0.598029541,0.392933408,23.72340616,300.0,0.001,0.227272727,0.0044,0.00058,0.002552,0.58,15%,0.00%,-0.0630595901902447,0.0,-0.0630595901902447,-0.0697752710844714,-26.434008695236965,0.0608695652173913,0.0001104117797182,mcfm_logistic,1.0,0.0001104117797182,-0.004010295214853,0.0041207069945713,True,raw,0.0041207069945713,0.0,0.0,False,-0.0,-0.0275320827527488,asymptotic_damped,0.1,2.0,exp,0.6903818718787685,base,base,alpha_over_pi,0.002552,0.0,0.0,0.0,0.1,0.05,0.5,2.0,0.2,1.0,/home/dustin/work/project/bT-TMD/systematics/collins_factorization_validity/data/rowidfix_stageFT_all_qmax0p20_lam0p50/E288_300.csv,0.15,0.0,0.002552,0.15,0.0,0.15,0.0044,0.002552,0.0,0.9782724,0.0035977904,0.0035977904,0.003519619,0.003519619,-0.3449769
E288_300:101,E288_300,101,0.9,11.5,11.0,12.0,0.21,0.201368794,0.219398289,0.205096133,0.19617891,0.214013356,0.598029541,0.392933408,23.72340616,300.0,0.00068,0.176767677,0.003846857,0.00048,0.002715429,0.705882353,15%,0.00%,0.0101699926749817,0.0,0.0101699926749817,0.3782556313401582,2.3285954723845594,0.0782608695652174,0.0001139837864256,mcfm_logistic,1.0,0.0001139837864256,-0.0012024339062773,0.0013164176927029,True,raw,0.0013164176927029,0.0,0.0,False,0.0,-0.0947942218117323,asymptotic_damped,0.1,2.0,exp,0.5420069956565413,base,base,alpha_over_pi,0.002715429,0.0,0.0,0.0,0.1,0.05,0.5,2.0,0.2,1.0,/home/dustin/work/project/bT-TMD/systematics/collins_factorization_validity/data/rowidfix_stageFT_all_qmax0p20_lam0p50/E288_300.csv,0.15,0.0,0.002715429,0.15,0.0,0.15,0.003846857,0.002715429,0.0,0.9782724,0.0037298652,0.0037298652,0.003648824,0.003648824,-0.07292879
E288_300:102,E288_300,102,1.1,11.5,11.0,12.0,0.21,0.201368794,0.219398289,0.205096133,0.19617891,0.214013356,0.598029541,0.392933408,23.72340616,300.0,0.00118,0.144628099,0.008158857,0.0006,0.004148571,0.508474576,15%,0.00%,0.0498488279738883,0.0,0.0498488279738883,0.1636719925345838,10.04923646573442,0.0956521739130434,0.0001121604877378,mcfm_logistic,1.0,0.0001121604877378,-1.153992860081962e-05,0.0001237004163386,True,raw,0.0001237004163386,0.0,0.0,False,0.0,-9.719339834555385,asymptotic_damped,0.1,2.0,exp,0.4005431261771318,base,base,alpha_over_pi,0.004148571,0.0,0.0,0.0,0.1,0.05,0.5,2.0,0.2,1.0,/home/dustin/work/project/bT-TMD/systematics/collins_factorization_validity/data/rowidfix_stageFT_all_qmax0p20_lam0p50/E288_300.csv,0.15,0.0,0.004148571,0.15,0.0,0.15,0.008158857,0.004148571,0.0,0.9782724,0.003822303,0.003822303,0.0037392534,0.0037392534,-1.0653316
E288_300:103,E288_300,103,1.3,11.5,11.0,12.0,0.21,0.201368794,0.219398289,0.205096133,0.19617891,0.214013356,0.598029541,0.392933408,23.72340616,300.0,0.00026,0.122377622,0.002124571,0.00026,0.0021368707333641,1.0,15%,0.00%,-0.0094151505372218,0.0,-0.0094151505372218,-0.2256544907700326,-5.4315537288336655,0.1130434782608695,0.0001067735074094,mcfm_logistic,1.0,0.0001067735074094,-0.0005333011229015,0.000640074630311,True,raw,0.000640074630311,0.0,0.0,False,-0.0,-0.2002124181335105,asymptotic_damped,0.1,2.0,exp,0.2786265852538558,base,base,alpha_over_pi,0.002124571,0.0002289423444176,0.1077593285503883,0.1686529136188032,0.1,0.05,0.5,2.0,0.2,1.0057892785716254,/home/dustin/work/project/bT-TMD/systematics/collins_factorization_validity/data/rowidfix_stageFT_all_qmax0p20_lam0p50/E288_300.csv,0.15,0.0,0.0021368707333641,0.15,0.0,0.15,0.002124571,0.0021368708,0.0,0.9782724,0.003989433,0.003989433,0.003902752,0.003902752,0.8321425
E288_300:104,E288_300,104,1.5,11.5,11.0,12.0,0.21,0.201368794,0.219398289,0.205096133,0.19617891,0.214013356,0.598029541,0.392933408,23.72340616,300.0,0.00054,0.106060606,0.005091429,0.00038,0.0045847289014645,0.703703704,15%,0.00%,-0.0404162233584419,0.0,-0.0404162233584419,-0.1259748827802468,-12.701498373628077,0.1304347826086956,9.913371874171269e-05,mcfm_logistic,1.0,9.913371874171269e-05,-0.0004573728296484,0.0005565065483901,True,raw,0.0005565065483901,0.0,0.0,False,-0.0,-0.216745972466095,asymptotic_damped,0.1,2.0,exp,0.1824419476889117,base,base,alpha_over_pi,0.003582857,0.002860572463245,0.5618407844330214,0.6604750554779303,0.1,0.05,0.5,2.0,0.2,1.2796293297400916,/home/dustin/work/project/bT-TMD/systematics/collins_factorization_validity/data/rowidfix_stageFT_all_qmax0p20_lam0p50/E288_300.csv,0.15,0.0,0.0045847289014645,0.15,0.0,0.15,0.005091429,0.0045847287,0.0,0.9782724,0.004195447,0.004195447,0.00410429,0.00410429,-0.21531025
E288_300:105,E288_300,105,1.7,11.5,11.0,12.0,0.21,0.201368794,0.219398289,0.205096133,0.19617891,0.214013356,0.598029541,0.392933408,23.72340616,300.0,0.00035,0.093582888,0.00374,0.00035,0.0055229595627224,1.0,15%,0.00%,0.0125489029606985,0.0,0.0125489029606985,0.2980340203213903,2.3553216472456127,0.1478260869565217,9.019287005194136e-05,mcfm_logistic,1.0,9.019287005194136e-05,4.550799855172336e-05,4.4684871500218e-05,True,raw,4.4684871500218e-05,0.0,0.0,False,0.0,1.9819124752197173,asymptotic_damped,0.1,2.0,exp,0.1124490331690756,base,base,alpha_over_pi,0.00374,0.0040639244987409,1.0866108285403673,0.994493301553382,0.1,0.05,0.5,2.0,0.2,1.476727155808135,/home/dustin/work/project/bT-TMD/systematics/collins_factorization_validity/data/rowidfix_stageFT_all_qmax0p20_lam0p50/E288_300.csv,0.15,0.0,0.0055229595627224,0.15,0.0,0.15,0.00374,0.0055229594,0.0,0.9782724,0.0043370854,0.0043370854,0.004242851,0.004242851,0.091047354
E288_300:106,E288_300,106,2.3,11.5,11.0,12.0,0.21,0.201368794,0.219398289,0.205096133,0.19617891,0.214013356,0.598029541,0.392933408,23.72340616,300.0,0.00029,0.06916996,0.004192571,0.0003,0.0094404139614008,1.034482759,15%,0.00%,-0.0312921250282444,0.0,-0.0312921250282444,-0.1339816645950302,-8.181583136236101,0.1999999999999999,6.159622206087705e-05,mcfm_logistic,1.0,6.159622206087705e-05,2.577754397752361e-06,5.901846766312469e-05,True,raw,5.901846766312469e-05,0.0,0.0,False,-0.0,23.89530287081851,asymptotic_damped,0.1,2.0,exp,0.0183156388887341,base,base,alpha_over_pi,0.004337143,0.0083851419999999,1.9999999999999976,1.0,0.1,0.05,0.5,2.0,0.2,2.176643463542911,/home/dustin/work/project/bT-TMD/systematics/collins_factorization_validity/data/rowidfix_stageFT_all_qmax0p20_lam0p50/E288_300.csv,0.15,0.0,0.0094404139614008,0.15,0.0,0.15,0.004192571,0.009440414,0.0,0.9782724,0.003909923,0.003909923,0.0038249698,0.0038249698,-0.03893912
E288_400:0,E288_400,0,0.1,5.5,5.0,6.0,0.03,0.027500659,0.032998961,0.012048491,0.010953174,0.013143809,0.206892673,0.194844182,27.39342987,400.0,2.88,1.590909091,1.810285714,0.12,0.075428571,0.041666667,15%,5.00%,32.678965776613325,-0.0,32.678965776613325,0.0553960528119139,409.2438667917138,0.0181818181818181,0.085062823997758,mcfm_logistic,1.0,0.085062823997758,4.408688606703667,-4.323625782705909,False,raw,-4.323625782705909,0.0,-0.0,False,-0.0,0.0192943597487051,asymptotic_damped,0.1,2.0,exp,0.9674825879029632,base,base,alpha_over_pi,0.075428571,0.0,0.0,0.0,0.1,0.05,0.5,2.0,0.2,1.0,/home/dustin/work/project/bT-TMD/systematics/collins_factorization_validity/data/rowidfix_stageFT_all_qmax0p20_lam0p50/E288_400.csv,0.15,0.05,0.11782319482548105,0.15,0.05,0.15,1.8102857,0.1178232,-0.0,0.9953204,1.8433943,1.8433943,1.8347679,1.8347679,0.20778804
E288_400:1,E288_400,1,0.3,5.5,5.0,6.0,0.03,0.027500659,0.032998961,0.012048491,0.010953174,0.013143809,0.206892673,0.194844182,27.39342987,400.0,2.76,0.53030303,5.204571429,0.08,0.150857143,0.028985507,15%,5.00%,46.29383007310776,-0.0,46.29383007310776,0.1124247317791783,272.3719793905136,0.0545454545454545,0.2394806303864525,mcfm_logistic,1.0,0.2394806303864525,4.707482085714094,-4.4680014553276415,False,raw,-4.4680014553276415,0.0,-0.0,False,-0.0,0.0508723402502603,asymptotic_damped,0.1,2.0,exp,0.7426572389044386,base,base,alpha_over_pi,0.150857143,0.0,0.0,0.0,0.1,0.05,0.5,2.0,0.2,1.0,/home/dustin/work/project/bT-TMD/systematics/collins_factorization_validity/data/rowidfix_stageFT_all_qmax0p20_lam0p50/E288_400.csv,0.15,0.05,0.3007935953324642,0.15,0.05,0.15,5.2045712,0.3007936,-0.0,0.9953204,5.1283035,5.1283035,5.104305,5.104305,-0.33333975
E288_400:2,E288_400,2,0.5,5.5,5.0,6.0,0.03,0.027500659,0.032998961,0.012048491,0.010953174,0.013143809,0.206892673,0.194844182,27.39342987,400.0,2.3,0.318181818,7.228571429,0.07,0.22,0.030434783,15%,5.00%,-5.188061028145009,0.0,-5.188061028145009,-1.3933088662190574,-56.43923844156823,0.0909090909090909,0.3749683056992011,mcfm_logistic,1.0,0.3749683056992011,-0.4734855108416461,0.8484538165408473,True,raw,0.8484538165408473,0.0,0.0,False,-0.0,-0.7919319538050374,asymptotic_damped,0.1,2.0,exp,0.4376016396389107,base,base,alpha_over_pi,0.22,0.0,0.0,0.0,0.1,0.05,0.5,2.0,0.2,1.0,/home/dustin/work/project/bT-TMD/systematics/collins_factorization_validity/data/rowidfix_stageFT_all_qmax0p20_lam0p50/E288_400.csv,0.15,0.05,0.4231200920074439,0.15,0.05,0.15,7.2285714,0.42312008,0.0,0.9953204,7.3371286,7.3371286,7.3027935,7.3027935,0.17541613
E288_400:3,E288_400,3,0.7,5.5,5.0,6.0,0.03,0.027500659,0.032998961,0.012048491,0.010953174,0.013143809,0.206892673,0.194844182,27.39342987,400.0,2.08,0.227272727,9.152,0.07,4.221428992097569,0.033653846,15%,5.00%,-28.641435696446216,0.0,-28.641435696446216,-0.3195370545316471,-122.7059600533968,0.1272727272727272,0.4919671736275937,mcfm_logistic,1.0,0.4919671736275937,-0.8847822404761139,1.3767494141037075,True,raw,1.3767494141037075,0.0,0.0,False,-0.0,-0.5560319264126042,asymptotic_damped,0.1,2.0,exp,0.1979314123158873,base,base,alpha_over_pi,0.308,4.210177993306447,0.4600281898280646,0.5679939894815906,0.1,0.05,0.5,2.0,0.2,13.705938286031069,/home/dustin/work/project/bT-TMD/systematics/collins_factorization_validity/data/rowidfix_stageFT_all_qmax0p20_lam0p50/E288_400.csv,0.15,0.05,4.246158321980222,0.15,0.05,0.15,9.152,4.246158,0.0,0.9953204,8.135527,8.135527,8.097455,8.097455,-0.24835284
E288_400:4,E288_400,4,0.9,5.5,5.0,6.0,0.03,0.027500659,0.032998961,0.012048491,0.010953174,0.013143809,0.206892673,0.194844182,27.39342987,400.0,1.48,0.176767677,8.372571429,0.06,11.214696260817275,0.040540541,15%,5.00%,5.838656949642826,0.0,5.838656949642826,1.4339892720554823,-7.46523627015822,0.1636363636363636,0.5902847648218804,mcfm_logistic,1.0,0.5902847648218804,0.028644432203863,0.5616403326180174,True,raw,0.5616403326180174,0.0,0.0,False,0.0,20.6073124655015,asymptotic_damped,0.1,2.0,exp,0.0687219964063596,base,base,alpha_over_pi,0.339428571,11.209558442132227,1.338842975206611,1.0,0.1,0.05,0.5,2.0,0.2,33.039930103047446,/home/dustin/work/project/bT-TMD/systematics/collins_factorization_validity/data/rowidfix_stageFT_all_qmax0p20_lam0p50/E288_400.csv,0.15,0.05,11.222506943781468,0.15,0.05,0.15,8.372571,11.2225065,0.0,0.9953204,7.6130285,7.6130285,7.5774026,7.5774026,-0.0708548
E288_400:14,E288_400,14,0.1,6.5,6.0,7.0,0.03,0.027857718,0.032499154,0.014239126,0.013143809,0.015334444,0.244509523,0.230270397,27.39342987,400.0,1.04,1.590909091,0.653714286,0.03,0.018857143,0.028846154,15%,5.00%,13.14496561044522,-0.0,13.14496561044522,0.0497311522428439,662.4148379447099,0.0153846153846153,0.024861867724583,mcfm_logistic,1.0,0.024861867724583,1.808944965054876,-1.7840830973302928,False,raw,-1.7840830973302928,0.0,-0.0,False,-0.0,0.0137438497051395,asymptotic_damped,0.1,2.0,exp,0.9766092663190326,base,base,alpha_over_pi,0.018857143,0.0,0.0,0.0,0.1,0.05,0.5,2.0,0.2,1.0,/home/dustin/work/project/bT-TMD/systematics/collins_factorization_validity/data/rowidfix_stageFT_all_qmax0p20_lam0p50/E288_400.csv,0.15,0.05,0.03773523236212643,0.15,0.05,0.15,0.6537143,0.03773523,-0.0,0.9953204,0.6561005,0.6561005,0.6530302,0.6530302,-0.018128483
E288_400:15,E288_400,15,0.3,6.5,6.0,7.0,0.03,0.027857718,0.032499154,0.014239126,0.013143809,0.015334444,0.244509523,0.230270397,27.39342987,400.0,0.966,0.53030303,1.8216,0.018,0.033942857,0.01863354,15%,5.00%,18.542447262195893,-0.0,18.542447262195893,0.0982394596701296,492.617556094229,0.0461538461538461,0.0679711119037087,mcfm_logistic,1.0,0.0679711119037087,2.02675476743751,-1.9587836555338007,False,raw,-1.9587836555338007,0.0,-0.0,False,-0.0,0.033536919708173,asymptotic_damped,0.1,2.0,exp,0.8081417913768859,base,base,alpha_over_pi,0.033942857,0.0,0.0,0.0,0.1,0.05,0.5,2.0,0.2,1.0,/home/dustin/work/project/bT-TMD/systematics/collins_factorization_validity/data/rowidfix_stageFT_all_qmax0p20_lam0p50/E288_400.csv,0.15,0.05,0.09719919722570988,0.15,0.05,0.15,1.8216,0.097199194,-0.0,0.9953204,1.8547487,1.8547487,1.8460692,1.8460692,0.2517434
E288_400:16,E288_400,16,0.5,6.5,6.0,7.0,0.03,0.027857718,0.032499154,0.014239126,0.013143809,0.015334444,0.244509523,0.230270397,27.39342987,400.0,0.894,0.318181818,2.809714286,0.016,0.050285714,0.017897092,15%,5.00%,-2.3177866464791808,0.0,-2.3177866464791808,-1.2122402595890691,-101.96734866843455,0.0769230769230769,0.10380635849208,mcfm_logistic,1.0,0.10380635849208,-0.352746302509226,0.456552661001306,True,raw,0.456552661001306,0.0,0.0,False,-0.0,-0.2942805006137945,asymptotic_damped,0.1,2.0,exp,0.5533768878965243,base,base,alpha_over_pi,0.050285714,0.0,0.0,0.0,0.1,0.05,0.5,2.0,0.2,1.0,/home/dustin/work/project/bT-TMD/systematics/collins_factorization_validity/data/rowidfix_stageFT_all_qmax0p20_lam0p50/E288_400.csv,0.15,0.05,0.14921423844550166,0.15,0.05,0.15,2.8097143,0.14921424,0.0,0.9953204,2.7421532,2.7421532,2.729321,2.729321,-0.53877777
E288_400:17,E288_400,17,0.7,6.5,6.0,7.0,0.03,0.027857718,0.032499154,0.014239126,0.013143809,0.015334444,0.244509523,0.230270397,27.39342987,400.0,0.707,0.227272727,3.1108,0.014,0.1304150710843103,0.01980198,15%,5.00%,-11.794897696301032,0.0,-11.794897696301032,-0.2637411599572898,-241.9756119529388,0.1076923076923076,0.1332460921173047,mcfm_logistic,1.0,0.1332460921173047,-0.6403065373486544,0.7735526294659592,True,raw,0.7735526294659592,0.0,0.0,False,-0.0,-0.2080973476688879,asymptotic_damped,0.1,2.0,exp,0.3135603875767511,base,base,alpha_over_pi,0.0616,0.1149501229487195,0.0369519489998455,0.0637232589895296,0.1,0.05,0.5,2.0,0.2,2.117127777342701,/home/dustin/work/project/bT-TMD/systematics/collins_factorization_validity/data/rowidfix_stageFT_all_qmax0p20_lam0p50/E288_400.csv,0.15,0.05,0.20297975851282737,0.15,0.05,0.15,3.1108,0.20297976,0.0,0.9953204,3.199944,3.199944,3.1849694,3.1849694,0.36540294
E288_400:18,E288_400,18,0.9,6.5,6.0,7.0,0.03,0.027857718,0.032499154,0.014239126,0.013143809,0.015334444,0.244509523,0.230270397,27.39342987,400.0,0.594,0.176767677,3.360342857,0.014,2.786832693843294,0.023569024,15%,5.00%,2.1664435194349645,0.0,2.1664435194349645,1.5510872205320263,-15.074486585417114,0.1384615384615384,0.1568357353335693,mcfm_logistic,1.0,0.1568357353335693,0.0057663523189534,0.1510693830146159,True,raw,0.1510693830146159,0.0,0.0,False,0.0,27.198430941873937,asymptotic_damped,0.1,2.0,exp,0.1470239524980233,base,base,alpha_over_pi,0.0792,2.785707059881543,0.828994890827458,0.8648156577150649,0.1,0.05,0.5,2.0,0.2,35.18728148792037,/home/dustin/work/project/bT-TMD/systematics/collins_factorization_validity/data/rowidfix_stageFT_all_qmax0p20_lam0p50/E288_400.csv,0.15,0.05,2.791892946329667,0.15,0.05,0.15,3.3603427,2.791893,0.0,0.9953204,3.215132,3.215132,3.2000864,3.2000864,-0.057400618
E288_400:19,E288_400,19,1.1,6.5,6.0,7.0,0.03,0.027857718,0.032499154,0.014239126,0.013143809,0.015334444,0.244509523,0.230270397,27.39342987,400.0,0.44,0.144628099,3.042285714,0.012,4.357199187160786,0.027272727,15%,5.00%,9.726845585622788,0.0,9.726845585622788,0.3127720788018667,80.5645985875787,0.1692307692307692,0.1749988790179071,mcfm_logistic,1.0,0.1749988790179071,0.0676795245448342,0.1073193544730729,True,raw,0.1073193544730729,0.0,0.0,False,0.0,2.5856990012094325,asymptotic_damped,0.1,2.0,exp,0.0570455432700749,base,base,alpha_over_pi,0.082971429,4.356409128923076,1.431952662721893,1.0,0.1,0.05,0.5,2.0,0.2,52.51445274204914,/home/dustin/work/project/bT-TMD/systematics/collins_factorization_validity/data/rowidfix_stageFT_all_qmax0p20_lam0p50/E288_400.csv,0.15,0.05,4.359853611362271,0.15,0.05,0.15,3.0422857,4.3598537,0.0,0.9953204,2.8751893,2.8751893,2.8617346,2.8617346,-0.041412182
E288_400:30,E288_400,30,0.1,7.5,7.0,8.0,0.03,0.028125511,0.032142144,0.016429761,0.015334444,0.017525078,0.282126373,0.265696612,27.39342987,400.0,0.382,1.590909091,0.240114286,0.016,0.010057143,0.041884817,15%,5.00%,5.179427192257588,-0.0,5.179427192257588,0.0463592357006064,491.1248558619072,0.0133333333333333,0.0081182702793005,mcfm_logistic,1.0,0.0081182702793005,0.6931592867827301,-0.6850410165034295,False,raw,-0.6850410165034295,0.0,-0.0,False,-0.0,0.0117119837158659,asymptotic_damped,0.1,2.0,exp,0.9823793146181776,base,base,alpha_over_pi,0.010057143,0.0,0.0,0.0,0.1,0.05,0.5,2.0,0.2,1.0,/home/dustin/work/project/bT-TMD/systematics/collins_factorization_validity/data/rowidfix_stageFT_all_qmax0p20_lam0p50/E288_400.csv,0.15,0.05,0.01566152295198885,0.15,0.05,0.15,0.24011429,0.015661523,-0.0,0.9953204,0.24084255,0.24084255,0.2397155,0.2397155,-0.025462715
E288_400:31,E288_400,31,0.3,7.5,7.0,8.0,0.03,0.028125511,0.032142144,0.016429761,0.015334444,0.017525078,0.282126373,0.265696612,27.39342987,400.0,0.354,0.53030303,0.667542857,0.009,0.016971429,0.025423729,15%,5.00%,7.284971081806344,-0.0,7.284971081806344,0.0916328767134213,389.9157946455978,0.04,0.0216282476511919,mcfm_logistic,1.0,0.0216282476511919,0.795785619997593,-0.774157372346401,False,raw,-0.774157372346401,0.0,-0.0,False,-0.0,0.0271784851443499,asymptotic_damped,0.1,2.0,exp,0.8521437889662113,base,base,alpha_over_pi,0.016971429,0.0,0.0,0.0,0.1,0.05,0.5,2.0,0.2,1.0,/home/dustin/work/project/bT-TMD/systematics/collins_factorization_validity/data/rowidfix_stageFT_all_qmax0p20_lam0p50/E288_400.csv,0.15,0.05,0.03744413261288539,0.15,0.05,0.15,0.6675429,0.037444133,-0.0,0.9953204,0.6850194,0.6850194,0.6818137,0.6818137,0.38112357
E288_400:32,E288_400,32,0.5,7.5,7.0,8.0,0.03,0.028125511,0.032142144,0.016429761,0.015334444,0.017525078,0.282126373,0.265696612,27.39342987,400.0,0.328,0.318181818,1.030857143,0.008,0.025142857,0.024390244,15%,5.00%,-0.9750464345551192,0.0,-0.9750464345551192,-1.0572390262319613,-79.7802563787846,0.0666666666666666,0.0323128295168051,mcfm_logistic,1.0,0.0323128295168051,-0.195390608101002,0.2277034376178072,True,raw,0.2277034376178072,0.0,0.0,False,-0.0,-0.165375551214324,asymptotic_damped,0.1,2.0,exp,0.6411803884299546,base,base,alpha_over_pi,0.025142857,0.0,0.0,0.0,0.1,0.05,0.5,2.0,0.2,1.0,/home/dustin/work/project/bT-TMD/systematics/collins_factorization_validity/data/rowidfix_stageFT_all_qmax0p20_lam0p50/E288_400.csv,0.15,0.05,0.057348316290086104,0.15,0.05,0.15,1.0308571,0.057348315,0.0,0.9953204,1.0259023,1.0259023,1.0211015,1.0211015,-0.17011157
E288_400:33,E288_400,33,0.7,7.5,7.0,8.0,0.03,0.028125511,0.032142144,0.016429761,0.015334444,0.017525078,0.282126373,0.265696612,27.39342987,400.0,0.28,0.227272727,1.232,0.007,0.0308,0.025,15%,5.00%,-4.720381280489504,0.0,-4.720381280489504,-0.2609958659678951,-193.25913248342547,0.0933333333333333,0.040669666233637,mcfm_logistic,1.0,0.040669666233637,-0.3550579766049923,0.3957276428386294,True,raw,0.3957276428386294,0.0,0.0,False,-0.0,-0.1145437334559102,asymptotic_damped,0.1,2.0,exp,0.4184863060425646,base,base,alpha_over_pi,0.0308,0.0,0.0,0.0,0.1,0.05,0.5,2.0,0.2,1.0,/home/dustin/work/project/bT-TMD/systematics/collins_factorization_validity/data/rowidfix_stageFT_all_qmax0p20_lam0p50/E288_400.csv,0.15,0.05,0.06887089370699352,0.15,0.05,0.15,1.232,0.068870895,0.0,0.9953204,1.2224784,1.2224784,1.2167577,1.2167577,-0.22131756
E288_400:34,E288_400,34,0.9,7.5,7.0,8.0,0.03,0.028125511,0.032142144,0.016429761,0.015334444,0.017525078,0.282126373,0.265696612,27.39342987,400.0,0.221,0.176767677,1.250228571,0.007,0.3193228886125566,0.031674208,15%,5.00%,0.8059085255616829,0.0,0.8059085255616829,1.551328136315031,-11.22020316763427,0.12,0.04702780738986,mcfm_logistic,1.0,0.04702780738986,-0.0061143889578372,0.0531421963476972,True,raw,0.0531421963476972,0.0,0.0,False,0.0,-7.691333952443681,asymptotic_damped,0.1,2.0,exp,0.2369277586821217,base,base,alpha_over_pi,0.0396,0.3168579290342396,0.2534399999999997,0.3519999999999996,0.1,0.05,0.5,2.0,0.2,8.063709308397895,/home/dustin/work/project/bT-TMD/systematics/collins_factorization_validity/data/rowidfix_stageFT_all_qmax0p20_lam0p50/E288_400.csv,0.15,0.05,0.3253840590613329,0.15,0.05,0.15,1.2502285,0.32538405,0.0,0.9953204,1.2663541,1.2663541,1.2604281,1.2604281,0.03134618
E288_400:35,E288_400,35,1.1,7.5,7.0,8.0,0.03,0.028125511,0.032142144,0.016429761,0.015334444,0.017525078,0.282126373,0.265696612,27.39342987,400.0,0.17,0.144628099,1.175428571,0.006,1.248820657934276,0.035294118,15%,5.00%,3.799241200440625,0.0,3.799241200440625,0.3093850874389542,63.24617263283994,0.1466666666666666,0.0516411010971612,mcfm_logistic,1.0,0.0516411010971612,0.0500368730012884,0.0016042280958727,True,raw,0.0016042280958727,0.0,0.0,False,0.0,1.0320609182718408,asymptotic_damped,0.1,2.0,exp,0.1163548028087039,base,base,alpha_over_pi,0.041485714,1.2481313918082937,1.0618521810699575,0.9872592592592588,0.1,0.05,0.5,2.0,0.2,30.102426534933837,/home/dustin/work/project/bT-TMD/systematics/collins_factorization_validity/data/rowidfix_stageFT_all_qmax0p20_lam0p50/E288_400.csv,0.15,0.05,1.2502028301428556,0.15,0.05,0.15,1.1754286,1.2502028,0.0,0.9953204,1.1798971,1.1798971,1.1743757,1.1743757,-0.0008422439
E288_400:36,E288_400,36,1.3,7.5,7.0,8.0,0.03,0.028125511,0.032142144,0.016429761,0.015334444,0.017525078,0.282126373,0.265696612,27.39342987,400.0,0.125,0.122377622,1.021428571,0.005,1.5349565574336363,0.04,15%,5.00%,-0.679700501854725,0.0,-0.679700501854725,-1.5027627141848334,-41.636026113101565,0.1733333333333333,0.0547226254331893,mcfm_logistic,1.0,0.0547226254331893,-0.0098856904800896,0.0646083159132789,True,raw,0.0646083159132789,0.0,0.0,False,-0.0,-5.535539024148463,asymptotic_damped,0.1,2.0,exp,0.0495662835049117,base,base,alpha_over_pi,0.040857143,1.534412697768888,1.5022222222222217,1.0,0.1,0.05,0.5,2.0,0.2,37.56886665897409,/home/dustin/work/project/bT-TMD/systematics/collins_factorization_validity/data/rowidfix_stageFT_all_qmax0p20_lam0p50/E288_400.csv,0.15,0.05,1.5358059525938352,0.15,0.05,0.15,1.0214286,1.535806,0.0,0.9953204,1.0060589,1.0060589,1.001351,1.001351,-0.013072996
E288_400:49,E288_400,49,0.1,8.5,8.0,9.0,0.03,0.028333792,0.031874384,0.018620396,0.017525078,0.019715713,0.319743222,0.301122827,27.39342987,400.0,0.158,1.590909091,0.099314286,0.009,0.005657143,0.056962025,15%,5.00%,1.961604906997922,-0.0,1.961604906997922,0.0506290974526529,329.1927782270878,0.0117647058823529,0.0028373383907953,mcfm_logistic,1.0,0.0028373383907953,0.2290977243304753,-0.22626038593968,False,raw,-0.22626038593968,0.0,-0.0,False,-0.0,0.012384838824075,asymptotic_damped,0.1,2.0,exp,0.9862545134574356,base,base,alpha_over_pi,0.005657143,0.0,0.0,0.0,0.1,0.05,0.5,2.0,0.2,1.0,/home/dustin/work/project/bT-TMD/systematics/collins_factorization_validity/data/rowidfix_stageFT_all_qmax0p20_lam0p50/E288_400.csv,0.15,0.05,0.007527389018223616,0.15,0.05,0.15,0.09931429,0.007527389,-0.0,0.9953204,0.09506644,0.09506644,0.09462157,0.09462157,-0.6234191
E288_400:50,E288_400,50,0.3,8.5,8.0,9.0,0.03,0.028333792,0.031874384,0.018620396,0.017525078,0.019715713,0.319743222,0.301122827,27.39342987,400.0,0.138,0.53030303,0.260228571,0.005,0.009428571,0.036231884,15%,5.00%,2.7561225445973307,-0.0,2.7561225445973307,0.0944183601379086,264.71603953529444,0.0352941176470588,0.0073826475997197,mcfm_logistic,1.0,0.0073826475997197,0.26566931269602,-0.2582866650963003,False,raw,-0.2582866650963003,0.0,-0.0,False,-0.0,0.0277888609896281,asymptotic_damped,0.1,2.0,exp,0.8828786879572208,base,base,alpha_over_pi,0.009428571,0.0,0.0,0.0,0.1,0.05,0.5,2.0,0.2,1.0,/home/dustin/work/project/bT-TMD/systematics/collins_factorization_validity/data/rowidfix_stageFT_all_qmax0p20_lam0p50/E288_400.csv,0.15,0.05,0.016068454313150227,0.15,0.05,0.15,0.26022857,0.016068455,-0.0,0.9953204,0.26814464,0.26814464,0.2668898,0.2668898,0.41455364
E288_400:51,E288_400,51,0.5,8.5,8.0,9.0,0.03,0.028333792,0.031874384,0.018620396,0.017525078,0.019715713,0.319743222,0.301122827,27.39342987,400.0,0.122,0.318181818,0.383428571,0.004,0.012571429,0.032786885,15%,5.00%,-0.3777010749600575,0.0,-0.3777010749600575,-1.01516409780022,-60.54440159189997,0.0588235294117647,0.0108111019582188,mcfm_logistic,1.0,0.0108111019582188,-0.0843154201189486,0.0951265220771674,True,raw,0.0951265220771674,0.0,0.0,False,-0.0,-0.1282221204966655,asymptotic_damped,0.1,2.0,exp,0.7074977984184172,base,base,alpha_over_pi,0.012571429,0.0,0.0,0.0,0.1,0.05,0.5,2.0,0.2,1.0,/home/dustin/work/project/bT-TMD/systematics/collins_factorization_validity/data/rowidfix_stageFT_all_qmax0p20_lam0p50/E288_400.csv,0.15,0.05,0.02292562975688555,0.15,0.05,0.15,0.38342857,0.02292563,0.0,0.9953204,0.39638364,0.39638364,0.39452872,0.39452872,0.4841805
E288_400:52,E288_400,52,0.7,8.5,8.0,9.0,0.03,0.028333792,0.031874384,0.018620396,0.017525078,0.019715713,0.319743222,0.301122827,27.39342987,400.0,0.112,0.227272727,0.4928,0.004,0.0176,0.035714286,15%,5.00%,-1.7974438117542766,0.0,-1.7974438117542766,-0.274167123766186,-130.12748930422023,0.0823529411764705,0.01336351511695,mcfm_logistic,1.0,0.01336351511695,-0.1527057985413009,0.1660693136582509,True,raw,0.1660693136582509,0.0,0.0,False,-0.0,-0.0875115106603874,asymptotic_damped,0.1,2.0,exp,0.5075293729325072,base,base,alpha_over_pi,0.0176,0.0,0.0,0.0,0.1,0.05,0.5,2.0,0.2,1.0,/home/dustin/work/project/bT-TMD/systematics/collins_factorization_validity/data/rowidfix_stageFT_all_qmax0p20_lam0p50/E288_400.csv,0.15,0.05,0.03028018493999005,0.15,0.05,0.15,0.4928,0.030280186,0.0,0.9953204,0.46751148,0.46751148,0.4653237,0.4653237,-0.90740234
E288_400:53,E288_400,53,0.9,8.5,8.0,9.0,0.03,0.028333792,0.031874384,0.018620396,0.017525078,0.019715713,0.319743222,0.301122827,27.39342987,400.0,0.083,0.176767677,0.469542857,0.003,0.0197349658390522,0.036144578,15%,5.00%,0.2993465333637896,0.0,0.2993465333637896,1.5685595277276,-10.028402654615023,0.1058823529411764,0.0151984913106463,mcfm_logistic,1.0,0.0151984913106463,-0.0068312020662156,0.0220296933768619,True,raw,0.0220296933768619,0.0,0.0,False,0.0,-2.224863378849814,asymptotic_damped,0.1,2.0,exp,0.3259187158997798,base,base,alpha_over_pi,0.016971429,0.0100717165551119,0.0214500474343537,0.0382658253612854,0.1,0.05,0.5,2.0,0.2,1.1628346581217297,/home/dustin/work/project/bT-TMD/systematics/collins_factorization_validity/data/rowidfix_stageFT_all_qmax0p20_lam0p50/E288_400.csv,0.15,0.05,0.03066993826318963,0.15,0.05,0.15,0.46954286,0.030669939,0.0,0.9953204,0.48583114,0.48583114,0.48355764,0.48355764,0.45695496
E288_400:54,E288_400,54,1.1,8.5,8.0,9.0,0.03,0.028333792,0.031874384,0.018620396,0.017525078,0.019715713,0.319743222,0.301122827,27.39342987,400.0,0.063,0.144628099,0.4356,0.003,0.2310877931648108,0.047619048,15%,5.00%,1.435222865135208,-0.0,1.435222865135208,0.3035068703138055,48.19118529020415,0.1294117647058823,0.016435653517359,mcfm_logistic,1.0,0.016435653517359,0.0253359432488165,-0.0089002897314575,False,raw,-0.0089002897314575,0.0,-0.0,False,-0.0,0.6487089648074085,asymptotic_damped,0.1,2.0,exp,0.1873567951790882,base,base,alpha_over_pi,0.020742857,0.2301549522240612,0.52836306754835,0.6309790352126996,0.1,0.05,0.5,2.0,0.2,11.14059616593851,/home/dustin/work/project/bT-TMD/systematics/collins_factorization_validity/data/rowidfix_stageFT_all_qmax0p20_lam0p50/E288_400.csv,0.15,0.05,0.23211190523060718,0.15,0.05,0.15,0.4356,0.2321119,-0.0,0.9953204,0.46565542,0.46565542,0.46347633,0.46347633,0.12009861
E288_400:55,E288_400,55,1.3,8.5,8.0,9.0,0.03,0.028333792,0.031874384,0.018620396,0.017525078,0.019715713,0.319743222,0.301122827,27.39342987,400.0,0.047,0.122377622,0.384057143,0.002,0.4494713109046421,0.042553191,15%,5.00%,-0.262713386086722,0.0,-0.262713386086722,-1.461886463879013,-39.57512013271132,0.1529411764705882,0.0171713871874617,mcfm_logistic,1.0,0.0171713871874617,-0.0071389190929722,0.024310306280434,True,raw,0.024310306280434,0.0,0.0,False,-0.0,-2.40532032424429,asymptotic_damped,0.1,2.0,exp,0.0964143387679316,base,base,alpha_over_pi,0.016342857,0.4491740980415222,1.16955017301038,1.0,0.1,0.05,0.5,2.0,0.2,27.50261541813908,/home/dustin/work/project/bT-TMD/systematics/collins_factorization_validity/data/rowidfix_stageFT_all_qmax0p20_lam0p50/E288_400.csv,0.15,0.05,0.4498813277399505,0.15,0.05,0.15,0.38405713,0.44988132,0.0,0.9953204,0.42205626,0.42205626,0.4200812,0.4200812,0.08007459
E288_400:56,E288_400,56,1.5,8.5,8.0,9.0,0.03,0.028333792,0.031874384,0.018620396,0.017525078,0.019715713,0.319743222,0.301122827,27.39342987,400.0,0.039,0.106060606,0.367714286,0.002,0.5728759381074225,0.051282051,15%,5.00%,-1.1514480837057328,0.0,-1.1514480837057328,-0.3193494272156642,-80.5616402074128,0.1764705882352941,0.0174865527186052,mcfm_logistic,1.0,0.0174865527186052,-0.0078179742387712,0.0253045269573765,True,raw,0.0253045269573765,0.0,0.0,False,-0.0,-2.2367114785164035,asymptotic_damped,0.1,2.0,exp,0.0444146081525851,base,base,alpha_over_pi,0.018857143,0.5725654972318337,1.5570934256055358,1.0,0.1,0.05,0.5,2.0,0.2,30.37978436645586,/home/dustin/work/project/bT-TMD/systematics/collins_factorization_validity/data/rowidfix_stageFT_all_qmax0p20_lam0p50/E288_400.csv,0.15,0.05,0.5731708950677631,0.15,0.05,0.15,0.3677143,0.5731709,0.0,0.9953204,0.3646773,0.3646773,0.36297077,0.36297077,-0.00827592
E288_400:57,E288_400,57,1.7,8.5,8.0,9.0,0.03,0.028333792,0.031874384,0.018620396,0.017525078,0.019715713,0.319743222,0.301122827,27.39342987,400.0,0.023,0.093582888,0.245771429,0.002,0.4920072349349242,0.086956522,15%,5.00%,0.3645595429135979,0.0,0.3645595429135979,0.6741599109867461,5.558267250804704,0.1999999999999999,0.0174509006955148,mcfm_logistic,1.0,0.0174509006955148,0.000619021372236,0.0168318793232787,True,raw,0.0168318793232787,0.0,0.0,False,0.0,28.19111177450557,asymptotic_damped,0.1,2.0,exp,0.0183156388887341,base,base,alpha_over_pi,0.021371429,0.4915428579999994,1.9999999999999976,1.0,0.1,0.05,0.5,2.0,0.2,23.021728445717137,/home/dustin/work/project/bT-TMD/systematics/collins_factorization_validity/data/rowidfix_stageFT_all_qmax0p20_lam0p50/E288_400.csv,0.15,0.05,0.4921606731714669,0.15,0.05,0.15,0.24577142,0.49216068,0.0,0.9953204,0.29737505,0.29737505,0.29598346,0.29598346,0.102023676
E288_400:113,E288_400,113,0.1,11.5,11.0,12.0,0.03,0.028750352,0.031363199,0.0251923,0.024096983,0.026287617,0.432593771,0.407401471,27.39342987,400.0,0.00993,1.590909091,0.006241714,0.00214,0.001345143,0.21550856,15%,5.00%,0.1191985867590484,0.0,0.1191985867590484,0.0523639933132528,83.97387694769141,0.008695652173913,0.0001365912780017,mcfm_logistic,1.0,0.0001365912780017,-0.0102927950391431,0.0104293863171448,True,raw,0.0104293863171448,0.0,0.0,False,0.0,-0.0132705720343459,asymptotic_damped,0.1,2.0,exp,0.992467079070716,base,base,alpha_over_pi,0.001345143,0.0,0.0,0.0,0.1,0.05,0.5,2.0,0.2,1.0,/home/dustin/work/project/bT-TMD/systematics/collins_factorization_validity/data/rowidfix_stageFT_all_qmax0p20_lam0p50/E288_400.csv,0.15,0.05,0.001380871889276297,0.15,0.05,0.15,0.006241714,0.0013808719,0.0,0.9953204,0.0053508217,0.0053508217,0.0053257816,0.0053257816,-0.6633001
E288_400:114,E288_400,114,0.3,11.5,11.0,12.0,0.03,0.028750352,0.031363199,0.0251923,0.024096983,0.026287617,0.432593771,0.407401471,27.39342987,400.0,0.00699,0.53030303,0.013181143,0.00097,0.001829143,0.138769671,15%,5.00%,0.1691247962475687,0.0,0.1691247962475687,0.0779373769692833,85.25503651030496,0.0260869565217391,0.0003343665214466,mcfm_logistic,1.0,0.0003343665214466,-0.0140153991243356,0.0143497656457822,True,raw,0.0143497656457822,0.0,0.0,False,0.0,-0.0238570816628468,asymptotic_damped,0.1,2.0,exp,0.9342110244260492,base,base,alpha_over_pi,0.001829143,0.0,0.0,0.0,0.1,0.05,0.5,2.0,0.2,1.0,/home/dustin/work/project/bT-TMD/systematics/collins_factorization_validity/data/rowidfix_stageFT_all_qmax0p20_lam0p50/E288_400.csv,0.15,0.05,0.0019442531834653436,0.15,0.05,0.15,0.013181143,0.0019442532,0.0,0.9953204,0.014716854,0.014716854,0.014647985,0.014647985,0.7544498
E288_400:115,E288_400,115,0.5,11.5,11.0,12.0,0.03,0.028750352,0.031363199,0.0251923,0.024096983,0.026287617,0.432593771,0.407401471,27.39342987,400.0,0.00753,0.318181818,0.023665714,0.00086,0.002702857,0.114209827,15%,5.00%,-0.0181236659151785,-0.0,-0.0181236659151785,-1.3057906778219766,-15.461187889399444,0.0434782608695652,0.000464980807479,mcfm_logistic,1.0,0.000464980807479,0.0006263183417166,-0.0001613375342376,False,raw,-0.0001613375342376,0.0,-0.0,False,0.0,0.742403305968293,asymptotic_damped,0.1,2.0,exp,0.8277567757662239,base,base,alpha_over_pi,0.002702857,0.0,0.0,0.0,0.1,0.05,0.5,2.0,0.2,1.0,/home/dustin/work/project/bT-TMD/systematics/collins_factorization_validity/data/rowidfix_stageFT_all_qmax0p20_lam0p50/E288_400.csv,0.15,0.05,0.002950525548147904,0.15,0.05,0.15,0.023665713,0.0029505256,-0.0,0.9953204,0.020819973,0.020819973,0.020722544,0.020722544,-0.9975068
E288_400:116,E288_400,116,0.7,11.5,11.0,12.0,0.03,0.028750352,0.031363199,0.0251923,0.024096983,0.026287617,0.432593771,0.407401471,27.39342987,400.0,0.00509,0.227272727,0.022396,0.0006,0.00264,0.117878193,15%,5.00%,-0.1034383746254318,-0.0,-0.1034383746254318,-0.2165153897777276,-47.66453584296663,0.0608695652173913,0.0005483233682849,mcfm_logistic,1.0,0.0005483233682849,0.0056122688413597,-0.0050639454730748,False,raw,-0.0050639454730748,0.0,-0.0,False,0.0,0.0977008378935901,asymptotic_damped,0.1,2.0,exp,0.6903818718787685,base,base,alpha_over_pi,0.00264,0.0,0.0,0.0,0.1,0.05,0.5,2.0,0.2,1.0,/home/dustin/work/project/bT-TMD/systematics/collins_factorization_validity/data/rowidfix_stageFT_all_qmax0p20_lam0p50/E288_400.csv,0.15,0.05,0.002867673628570727,0.15,0.05,0.15,0.022396,0.0028676735,-0.0,0.9953204,0.023375617,0.023375617,0.023266228,0.023266228,0.30346125
E288_400:117,E288_400,117,0.9,11.5,11.0,12.0,0.03,0.028750352,0.031363199,0.0251923,0.024096983,0.026287617,0.432593771,0.407401471,27.39342987,400.0,0.00377,0.176767677,0.021327429,0.00047,0.002658857,0.124668435,15%,5.00%,0.0221523327093918,0.0,0.0221523327093918,0.9627622192112472,0.3102474895761045,0.0782608695652174,0.0005967729998389,mcfm_logistic,1.0,0.0005967729998389,-0.0011847615914057,0.0017815345912446,True,raw,0.0017815345912446,0.0,0.0,False,0.0,-0.503707247236866,asymptotic_damped,0.1,2.0,exp,0.5420069956565413,base,base,alpha_over_pi,0.002658857,0.0,0.0,0.0,0.1,0.05,0.5,2.0,0.2,1.0,/home/dustin/work/project/bT-TMD/systematics/collins_factorization_validity/data/rowidfix_stageFT_all_qmax0p20_lam0p50/E288_400.csv,0.15,0.05,0.002864728366848086,0.15,0.05,0.15,0.021327429,0.0028647284,0.0,0.9953204,0.02343778,0.02343778,0.0233281,0.0233281,0.69838065
E288_400:118,E288_400,118,1.1,11.5,11.0,12.0,0.03,0.028750352,0.031363199,0.0251923,0.024096983,0.026287617,0.432593771,0.407401471,27.39342987,400.0,0.00334,0.144628099,0.023093714,0.00043,0.002973143,0.128742515,15%,5.00%,0.0901684540280946,0.0,0.0901684540280946,0.2561174442760711,22.560213224891847,0.0956521739130434,0.000619053751639,mcfm_logistic,1.0,0.000619053751639,-0.0029815332770963,0.0036005870287353,True,raw,0.0036005870287353,0.0,0.0,False,0.0,-0.2076293283038402,asymptotic_damped,0.1,2.0,exp,0.4005431261771318,base,base,alpha_over_pi,0.002973143,0.0,0.0,0.0,0.1,0.05,0.5,2.0,0.2,1.0,/home/dustin/work/project/bT-TMD/systematics/collins_factorization_validity/data/rowidfix_stageFT_all_qmax0p20_lam0p50/E288_400.csv,0.15,0.05,0.003189495001443566,0.15,0.05,0.15,0.023093713,0.003189495,0.0,0.9953204,0.022350337,0.022350337,0.022245746,0.022245746,-0.26586255
E288_400:119,E288_400,119,1.3,11.5,11.0,12.0,0.03,0.028750352,0.031363199,0.0251923,0.024096983,0.026287617,0.432593771,0.407401471,27.39342987,400.0,0.00289,0.122377622,0.023615429,0.0004,0.0041423997563125,0.138408304,15%,5.00%,-0.011975394047957,0.0,-0.011975394047957,-1.971995986556176,-10.888802185406725,0.1130434782608695,0.0006216617525912,mcfm_logistic,1.0,0.0006216617525912,0.0005168195123669,0.0001048422402243,True,raw,0.0001048422402243,0.0,0.0,False,-0.0,1.2028604526639304,asymptotic_damped,0.1,2.0,exp,0.2786265852538558,base,base,alpha_over_pi,0.003268571,0.0025447827724693,0.1077593285503883,0.1686529136188032,0.1,0.05,0.5,2.0,0.2,1.2673427489604796,/home/dustin/work/project/bT-TMD/systematics/collins_factorization_validity/data/rowidfix_stageFT_all_qmax0p20_lam0p50/E288_400.csv,0.15,0.05,0.004307400255169348,0.15,0.05,0.15,0.02361543,0.0043074004,0.0,0.9953204,0.020894686,0.020894686,0.020796906,0.020796906,-0.6543443
E288_400:120,E288_400,120,1.5,11.5,11.0,12.0,0.03,0.028750352,0.031363199,0.0251923,0.024096983,0.026287617,0.432593771,0.407401471,27.39342987,400.0,0.00231,0.106060606,0.02178,0.00037,0.0127244512815107,0.16017316,15%,5.00%,-0.0656803098735789,-0.0,-0.0656803098735789,-0.3316062308768336,-25.070525975701496,0.1304347826086956,0.0006095851755777,mcfm_logistic,1.0,0.0006095851755777,0.0012904585670802,-0.0006808733915025,False,raw,-0.0006808733915025,0.0,-0.0,False,0.0,0.4723787273209073,asymptotic_damped,0.1,2.0,exp,0.1824419476889117,base,base,alpha_over_pi,0.003488571,0.0122368922849512,0.5618407844330214,0.6604750554779303,0.1,0.05,0.5,2.0,0.2,3.647468055404549,/home/dustin/work/project/bT-TMD/systematics/collins_factorization_validity/data/rowidfix_stageFT_all_qmax0p20_lam0p50/E288_400.csv,0.15,0.05,0.01277096634619085,0.15,0.05,0.15,0.02178,0.012770967,-0.0,0.9953204,0.019148225,0.019148225,0.019058619,0.019058619,-0.2130912
E288_400:121,E288_400,121,1.7,11.5,11.0,12.0,0.03,0.028750352,0.031363199,0.0251923,0.024096983,0.026287617,0.432593771,0.407401471,27.39342987,400.0,0.0012,0.093582888,0.012822857,0.00025,0.0141872375265924,0.208333333,15%,5.00%,0.0249651359185812,0.0,0.0249651359185812,0.5136305703209139,4.545237368682159,0.1478260869565217,0.0005867258884795,mcfm_logistic,1.0,0.0005867258884795,1.0728915904397858e-06,0.000585652996889,True,raw,0.000585652996889,0.0,0.0,False,0.0,546.8640948513963,asymptotic_damped,0.1,2.0,exp,0.1124490331690756,base,base,alpha_over_pi,0.002671429,0.0139334552690246,1.0866108285403673,0.994493301553382,0.1,0.05,0.5,2.0,0.2,5.310729772938904,/home/dustin/work/project/bT-TMD/systematics/collins_factorization_validity/data/rowidfix_stageFT_all_qmax0p20_lam0p50/E288_400.csv,0.15,0.05,0.014201717247926666,0.15,0.05,0.15,0.012822857,0.014201717,0.0,0.9953204,0.016869307,0.016869307,0.016790364,0.016790364,0.2793681
E288_400:122,E288_400,122,1.9,11.5,11.0,12.0,0.03,0.028750352,0.031363199,0.0251923,0.024096983,0.026287617,0.432593771,0.407401471,27.39342987,400.0,0.00091,0.083732057,0.010868,0.00022,0.0150639788652229,0.241758242,15%,5.00%,0.0685416315208015,0.0,0.0685416315208015,0.1585605676267232,21.950595628198336,0.1652173913043478,0.000556173658642,mcfm_logistic,1.0,0.000556173658642,-0.0002028385504246,0.0007590122090667,True,raw,0.0007590122090667,0.0,0.0,False,0.0,-2.7419524418694063,asymptotic_damped,0.1,2.0,exp,0.0652402519761508,base,base,alpha_over_pi,0.002627429,0.0148330737240075,1.3648393194706987,1.0,0.1,0.05,0.5,2.0,0.2,5.733353352354324,/home/dustin/work/project/bT-TMD/systematics/collins_factorization_validity/data/rowidfix_stageFT_all_qmax0p20_lam0p50/E288_400.csv,0.15,0.05,0.015073776660541386,0.15,0.05,0.15,0.010868,0.015073776,0.0,0.9953204,0.013934417,0.013934417,0.013869209,0.013869209,0.19910136
E288_400:123,E288_400,123,2.1,11.5,11.0,12.0,0.03,0.028750352,0.031363199,0.0251923,0.024096983,0.026287617,0.432593771,0.407401471,27.39342987,400.0,0.00052,0.075757576,0.006864,0.00016,0.0116375737140826,0.307692308,15%,5.00%,-0.0149089130785858,0.0,-0.0149089130785858,-0.4603957353443154,-10.309144450087985,0.1826086956521739,0.0005203920613702,mcfm_logistic,1.0,0.0005203920613702,0.0001597491617926,0.0003606428995775,True,raw,0.0003606428995775,0.0,0.0,False,-0.0,3.257557382651705,asymptotic_damped,0.1,2.0,exp,0.0356290638905411,base,base,alpha_over_pi,0.002112,0.0114443251417769,1.6672967863894137,1.0,0.1,0.05,0.5,2.0,0.2,5.510214826743683,/home/dustin/work/project/bT-TMD/systematics/collins_factorization_validity/data/rowidfix_stageFT_all_qmax0p20_lam0p50/E288_400.csv,0.15,0.05,0.01164263321550182,0.15,0.05,0.15,0.006864,0.011642633,0.0,0.9953204,0.010528052,0.010528052,0.010478785,0.010478785,0.31047833
E288_400:124,E288_400,124,2.3,11.5,11.0,12.0,0.03,0.028750352,0.031363199,0.0251923,0.024096983,0.026287617,0.432593771,0.407401471,27.39342987,400.0,0.00032,0.06916996,0.004626286,0.00013,0.0094415222279685,0.40625,15%,5.00%,-0.0513975336399714,0.0,-0.0513975336399714,-0.0900098832057999,-29.80895774193727,0.1999999999999999,0.0004813519433904,mcfm_logistic,1.0,0.0004813519433904,0.0001462001584944,0.000335151784896,True,raw,0.000335151784896,0.0,0.0,False,-0.0,3.292417384136109,asymptotic_damped,0.1,2.0,exp,0.0183156388887341,base,base,alpha_over_pi,0.001879429,0.0092525719999999,1.9999999999999976,1.0,0.1,0.05,0.5,2.0,0.2,5.023612080035257,/home/dustin/work/project/bT-TMD/systematics/collins_factorization_validity/data/rowidfix_stageFT_all_qmax0p20_lam0p50/E288_400.csv,0.15,0.05,0.009444355366387257,0.15,0.05,0.15,0.004626286,0.009444355,0.0,0.9953204,0.0070718443,0.0070718443,0.0070387507,0.0070387507,0.25543982
E288_400:131,E288_400,131,0.1,12.5,12.0,13.0,0.03,0.02884648,0.031249601,0.027382935,0.026287617,0.028478252,0.470210621,0.442827686,27.39342987,400.0,0.00225,1.590909091,0.001414286,0.00085,0.000534286,0.377777778,15%,5.00%,0.0650089140211571,0.0,0.0650089140211571,0.0217552626635129,119.02731499825398,0.008,4.8423821754993886e-05,mcfm_logistic,1.0,4.8423821754993886e-05,-0.0071367873592581,0.007185211181013,True,raw,0.007185211181013,0.0,0.0,False,0.0,-0.0067851008188126,asymptotic_damped,0.1,2.0,exp,0.993620436379149,base,base,alpha_over_pi,0.000534286,0.0,0.0,0.0,0.1,0.05,0.5,2.0,0.2,1.0,/home/dustin/work/project/bT-TMD/systematics/collins_factorization_validity/data/rowidfix_stageFT_all_qmax0p20_lam0p50/E288_400.csv,0.15,0.05,0.0005389453052216802,0.15,0.05,0.15,0.001414286,0.0005389453,0.0,0.9953204,0.0014463617,0.0014463617,0.0014395933,0.0014395933,0.046957072
E288_400:132,E288_400,132,0.3,12.5,12.0,13.0,0.03,0.02884648,0.031249601,0.027382935,0.026287617,0.028478252,0.470210621,0.442827686,27.39342987,400.0,0.00259,0.53030303,0.004884,0.00054,0.001018286,0.208494208,15%,5.00%,0.092024387930313,0.0,0.092024387930313,0.0530728876316839,85.57555336154385,0.024,0.0001164971309123,mcfm_logistic,1.0,0.0001164971309123,-0.0100168277645245,0.0101333248954368,True,raw,0.0101333248954368,0.0,0.0,False,0.0,-0.0116301421618648,asymptotic_damped,0.1,2.0,exp,0.9440274829178356,base,base,alpha_over_pi,0.001018286,0.0,0.0,0.0,0.1,0.05,0.5,2.0,0.2,1.0,/home/dustin/work/project/bT-TMD/systematics/collins_factorization_validity/data/rowidfix_stageFT_all_qmax0p20_lam0p50/E288_400.csv,0.15,0.05,0.0010471580672448645,0.15,0.05,0.15,0.004884,0.001047158,0.0,0.9953204,0.0041724686,0.0041724686,0.004152943,0.004152943,-0.69813436
E288_400:133,E288_400,133,0.5,12.5,12.0,13.0,0.03,0.02884648,0.031249601,0.027382935,0.026287617,0.028478252,0.470210621,0.442827686,27.39342987,400.0,0.00157,0.318181818,0.004934286,0.00035,0.0011,0.222929936,15%,5.00%,-0.010507813072043,0.0,-0.010507813072043,-0.4695825826144645,-14.038271883675488,0.04,0.0001596499550904,mcfm_logistic,1.0,0.0001596499550904,-9.122444275636904e-05,0.0002508743978468,True,raw,0.0002508743978468,0.0,0.0,False,-0.0,-1.7500787099009556,asymptotic_damped,0.1,2.0,exp,0.8521437889662113,base,base,alpha_over_pi,0.0011,0.0,0.0,0.0,0.1,0.05,0.5,2.0,0.2,1.0,/home/dustin/work/project/bT-TMD/systematics/collins_factorization_validity/data/rowidfix_stageFT_all_qmax0p20_lam0p50/E288_400.csv,0.15,0.05,0.0011273277898750168,0.15,0.05,0.15,0.004934286,0.0011273278,0.0,0.9953204,0.0064263083,0.0064263083,0.0063962354,0.0063962354,1.2968274
E288_400:134,E288_400,134,0.7,12.5,12.0,13.0,0.03,0.02884648,0.031249601,0.027382935,0.026287617,0.028478252,0.470210621,0.442827686,27.39342987,400.0,0.00207,0.227272727,0.009108,0.00034,0.001496,0.164251208,15%,5.00%,-0.057152592996304,-0.0,-0.057152592996304,-0.1593628481666439,-44.291840238171154,0.0559999999999999,0.0001857687047398,mcfm_logistic,1.0,0.0001857687047398,0.0035953554866014,-0.0034095867818616,False,raw,-0.0034095867818616,0.0,-0.0,False,0.0,0.05166907846307,asymptotic_damped,0.1,2.0,exp,0.7308112942200039,base,base,alpha_over_pi,0.001496,0.0,0.0,0.0,0.1,0.05,0.5,2.0,0.2,1.0,/home/dustin/work/project/bT-TMD/systematics/collins_factorization_validity/data/rowidfix_stageFT_all_qmax0p20_lam0p50/E288_400.csv,0.15,0.05,0.0015637791276264048,0.15,0.05,0.15,0.009108,0.0015637791,-0.0,0.9953204,0.007979606,0.007979606,0.007942265,0.007942265,-0.7454605
E288_400:135,E288_400,135,0.9,12.5,12.0,13.0,0.03,0.02884648,0.031249601,0.027382935,0.026287617,0.028478252,0.470210621,0.442827686,27.39342987,400.0,0.00154,0.176767677,0.008712,0.00027,0.001527429,0.175324675,15%,5.00%,0.0115929738651647,0.0,0.0115929738651647,0.7514896610073747,1.886158941047167,0.072,0.0001996670024618,mcfm_logistic,1.0,0.0001996670024618,-0.0011445459624481,0.0013442129649099,True,raw,0.0013442129649099,0.0,0.0,False,0.0,-0.1744508381600752,asymptotic_damped,0.1,2.0,exp,0.5954725422392697,base,base,alpha_over_pi,0.001527429,0.0,0.0,0.0,0.1,0.05,0.5,2.0,0.2,1.0,/home/dustin/work/project/bT-TMD/systematics/collins_factorization_validity/data/rowidfix_stageFT_all_qmax0p20_lam0p50/E288_400.csv,0.15,0.05,0.0015883282752759268,0.15,0.05,0.15,0.008712,0.0015883283,0.0,0.9953204,0.008716324,0.008716324,0.008675535,0.008675535,-0.022958104
E288_400:136,E288_400,136,1.1,12.5,12.0,13.0,0.03,0.02884648,0.031249601,0.027382935,0.026287617,0.028478252,0.470210621,0.442827686,27.39342987,400.0,0.00129,0.144628099,0.008919429,0.00024,0.001659429,0.186046512,15%,5.00%,0.0488334514040919,0.0,0.0488334514040919,0.1826499815913605,24.052865415809887,0.088,0.0002046692732583,mcfm_logistic,1.0,0.0002046692732583,-0.0024926028140887,0.002697272087347,True,raw,0.002697272087347,0.0,0.0,False,0.0,-0.0821106644434068,asymptotic_damped,0.1,2.0,exp,0.4609802862108336,base,base,alpha_over_pi,0.001659429,0.0,0.0,0.0,0.1,0.05,0.5,2.0,0.2,1.0,/home/dustin/work/project/bT-TMD/systematics/collins_factorization_validity/data/rowidfix_stageFT_all_qmax0p20_lam0p50/E288_400.csv,0.15,0.05,0.001718311712191971,0.15,0.05,0.15,0.008919429,0.0017183117,0.0,0.9953204,0.008646261,0.008646261,0.0086058,0.0086058,-0.18252183
E288_400:137,E288_400,137,1.3,12.5,12.0,13.0,0.03,0.02884648,0.031249601,0.027382935,0.026287617,0.028478252,0.470210621,0.442827686,27.39342987,400.0,0.00097,0.122377622,0.007926286,0.0002,0.0016361421149283,0.206185567,15%,5.00%,-0.0069945478683702,-0.0,-0.0069945478683702,-1.1332092008181225,-9.12987926738055,0.104,0.0002031981312571,mcfm_logistic,1.0,0.0002031981312571,0.0002978780480898,-9.467991683262682e-05,False,raw,-9.467991683262682e-05,0.0,-0.0,False,0.0,0.6821520839156269,asymptotic_damped,0.1,2.0,exp,0.3390526072544422,base,base,alpha_over_pi,0.001634286,7.791206868090838e-05,0.0098295807999999,0.0181759999999999,0.1,0.05,0.5,2.0,0.2,1.0011357344603862,/home/dustin/work/project/bT-TMD/systematics/collins_factorization_validity/data/rowidfix_stageFT_all_qmax0p20_lam0p50/E288_400.csv,0.15,0.05,0.001683456576400633,0.15,0.05,0.15,0.007926286,0.0016834566,-0.0,0.9953204,0.007895586,0.007895586,0.007858638,0.007858638,-0.04018427
E288_400:138,E288_400,138,1.5,12.5,12.0,13.0,0.03,0.02884648,0.031249601,0.027382935,0.026287617,0.028478252,0.470210621,0.442827686,27.39342987,400.0,0.00085,0.106060606,0.008014286,0.00018,0.0026468522205646,0.211764706,15%,5.00%,-0.0363103465358889,-0.0,-0.0363103465358889,-0.220716318200894,-26.11720552474893,0.12,0.000197071845317,mcfm_logistic,1.0,0.000197071845317,0.0010514465067701,-0.0008543746614531,False,raw,-0.0008543746614531,0.0,-0.0,False,0.0,0.1874292643972682,asymptotic_damped,0.1,2.0,exp,0.2369277586821217,base,base,alpha_over_pi,0.001697143,0.0020311406438399,0.2534399999999997,0.3519999999999996,0.1,0.05,0.5,2.0,0.2,1.5595929279763707,/home/dustin/work/project/bT-TMD/systematics/collins_factorization_validity/data/rowidfix_stageFT_all_qmax0p20_lam0p50/E288_400.csv,0.15,0.05,0.0026770130047745833,0.15,0.05,0.15,0.008014286,0.002677013,-0.0,0.9953204,0.0066772066,0.0066772066,0.00664596,0.00664596,-0.51113915
E288_400:139,E288_400,139,1.7,12.5,12.0,13.0,0.03,0.02884648,0.031249601,0.027382935,0.026287617,0.028478252,0.470210621,0.442827686,27.39342987,400.0,0.00052,0.093582888,0.005556571,0.00014,0.0044167709704789,0.269230769,15%,5.00%,0.0133297165513775,0.0,0.0133297165513775,0.4168559007675034,5.195952908674853,0.136,0.0001876775554256,mcfm_logistic,1.0,0.0001876775554256,-4.08837108559337e-05,0.0002285612662816,True,raw,0.0002285612662816,0.0,0.0,False,0.0,-4.590521542602183,asymptotic_damped,0.1,2.0,exp,0.1573000737608036,base,base,alpha_over_pi,0.001496,0.0041557008801964,0.7478894592000003,0.8087040000000001,0.1,0.05,0.5,2.0,0.2,2.9523870123522094,/home/dustin/work/project/bT-TMD/systematics/collins_factorization_validity/data/rowidfix_stageFT_all_qmax0p20_lam0p50/E288_400.csv,0.15,0.05,0.004425500481172748,0.15,0.05,0.15,0.005556571,0.0044255005,0.0,0.9953204,0.0052477783,0.0052477783,0.0052232207,0.0052232207,-0.07532485
E288_400:140,E288_400,140,1.9,12.5,12.0,13.0,0.03,0.02884648,0.031249601,0.027382935,0.026287617,0.028478252,0.470210621,0.442827686,27.39342987,400.0,0.00016,0.083732057,0.001910857,8e-05,0.0024053183756791,0.5,15%,5.00%,0.0372102883101379,0.0,0.0372102883101379,0.0513529211080954,36.94615854253739,0.152,0.0001760849101647,mcfm_logistic,1.0,0.0001760849101647,-0.000231037810058,0.0004071227202228,True,raw,0.0004071227202228,0.0,0.0,False,0.0,-0.7621475901304601,asymptotic_damped,0.1,2.0,exp,0.0992215549988632,base,base,alpha_over_pi,0.000955429,0.0022074220063999,1.1551999999999998,1.0,0.1,0.05,0.5,2.0,0.2,2.517527074936175,/home/dustin/work/project/bT-TMD/systematics/collins_factorization_validity/data/rowidfix_stageFT_all_qmax0p20_lam0p50/E288_400.csv,0.15,0.05,0.002407215180362085,0.15,0.05,0.15,0.001910857,0.002407215,0.0,0.9953204,0.0038603935,0.0038603935,0.0038423284,0.0038423284,0.8023676
E288_400:141,E288_400,141,2.1,12.5,12.0,13.0,0.03,0.02884648,0.031249601,0.027382935,0.026287617,0.028478252,0.470210621,0.442827686,27.39342987,400.0,0.00024,0.075757576,0.003168,0.0001,0.0046614798045876,0.416666667,15%,5.00%,-0.0083946779888291,-0.0,-0.0083946779888291,-0.3773819560697475,-8.75960453699178,0.168,0.0001631217900075,mcfm_logistic,1.0,0.0001631217900075,0.0001661232179504,-3.0014279428594603e-06,False,raw,-3.0014279428594603e-06,0.0,-0.0,False,0.0,0.9819325198494836,asymptotic_damped,0.1,2.0,exp,0.0594630599743031,base,base,alpha_over_pi,0.00132,0.0044706815999999,1.4111999999999998,1.0,0.1,0.05,0.5,2.0,0.2,3.5314240943845863,/home/dustin/work/project/bT-TMD/systematics/collins_factorization_validity/data/rowidfix_stageFT_all_qmax0p20_lam0p50/E288_400.csv,0.15,0.05,0.004664170293694051,0.15,0.05,0.15,0.003168,0.00466417,-0.0,0.9953204,0.0027222282,0.0027222282,0.002709489,0.002709489,-0.09830491
E288_400:142,E288_400,142,2.3,12.5,12.0,13.0,0.03,0.02884648,0.031249601,0.027382935,0.026287617,0.028478252,0.470210621,0.442827686,27.39342987,400.0,0.00013,0.06916996,0.001879429,8e-05,0.0033852004749369,0.615384615,15%,5.00%,-0.028308433771916,-0.0,-0.028308433771916,-0.0663911332976862,-26.10117560609424,0.184,0.0001494292995093,mcfm_logistic,1.0,0.0001494292995093,0.0001752087001816,-2.577940067230344e-05,False,raw,-2.577940067230344e-05,0.0,-0.0,False,0.0,0.8528646086320116,asymptotic_damped,0.1,2.0,exp,0.0338573218570231,base,base,alpha_over_pi,0.001156571,0.0031814974111999,1.6927999999999996,1.0,0.1,0.05,0.5,2.0,0.2,2.926928372695617,/home/dustin/work/project/bT-TMD/systematics/collins_factorization_validity/data/rowidfix_stageFT_all_qmax0p20_lam0p50/E288_400.csv,0.15,0.05,0.0033865045236833972,0.15,0.05,0.15,0.001879429,0.0033865045,-0.0,0.9953204,0.001964704,0.001964704,0.00195551,0.00195551,0.02246591
E288_400:146,E288_400,146,0.1,13.5,13.0,14.0,0.03,0.028928876,0.03115348,0.02957357,0.028478252,0.030668887,0.507827471,0.478253901,27.39342987,400.0,0.00087,1.590909091,0.000546857,0.00051,0.000320571,0.586206897,15%,5.00%,0.0396303097071407,0.0,0.0396303097071407,0.0137989585254607,121.91824184701916,0.0074074074074074,1.659464794885452e-05,mcfm_logistic,1.0,1.659464794885452e-05,-0.0034119450796973,0.0034285397276461,True,raw,0.0034285397276461,0.0,0.0,False,0.0,-0.0048636914021859,asymptotic_damped,0.1,2.0,exp,0.9945280574666489,base,base,alpha_over_pi,0.000320571,0.0,0.0,0.0,0.1,0.05,0.5,2.0,0.2,1.0,/home/dustin/work/project/bT-TMD/systematics/collins_factorization_validity/data/rowidfix_stageFT_all_qmax0p20_lam0p50/E288_400.csv,0.15,0.05,0.0003217349802043951,0.15,0.05,0.15,0.000546857,0.000321735,0.0,0.9953204,0.00047492603,0.00047492603,0.00047270354,0.00047270354,-0.23047999
E288_400:147,E288_400,147,0.3,13.5,13.0,14.0,0.03,0.028928876,0.03115348,0.02957357,0.028478252,0.030668887,0.507827471,0.478253901,27.39342987,400.0,0.00057,0.53030303,0.001074857,0.00023,0.000433714,0.403508772,15%,5.00%,0.0557738025026033,0.0,0.0557738025026033,0.0192717181144288,126.11754636143486,0.0222222222222222,3.930542116610627e-05,mcfm_logistic,1.0,3.930542116610627e-05,-0.0052250134819534,0.0052643189031195,True,raw,0.0052643189031195,0.0,0.0,False,0.0,-0.0075225492339612,asymptotic_damped,0.1,2.0,exp,0.9518167844230891,base,base,alpha_over_pi,0.000433714,0.0,0.0,0.0,0.1,0.05,0.5,2.0,0.2,1.0,/home/dustin/work/project/bT-TMD/systematics/collins_factorization_validity/data/rowidfix_stageFT_all_qmax0p20_lam0p50/E288_400.csv,0.15,0.05,0.00043703103748146135,0.15,0.05,0.15,0.001074857,0.00043703103,0.0,0.9953204,0.0013579254,0.0013579254,0.0013515708,0.0013515708,0.63316756
E288_400:148,E288_400,148,0.5,13.5,13.0,14.0,0.03,0.028928876,0.03115348,0.02957357,0.028478252,0.030668887,0.507827471,0.478253901,27.39342987,400.0,0.00062,0.318181818,0.001948571,0.0002,0.000628571,0.322580645,15%,5.00%,-0.0073557134824812,0.0,-0.0073557134824812,-0.2649057776163818,-14.802280860048034,0.037037037037037,5.316516603291246e-05,mcfm_logistic,1.0,5.316516603291246e-05,-0.0011039631417267,0.0011571283077596,True,raw,0.0011571283077596,0.0,0.0,False,-0.0,-0.048158461114704,asymptotic_damped,0.1,2.0,exp,0.8718183323417349,base,base,alpha_over_pi,0.000628571,0.0,0.0,0.0,0.1,0.05,0.5,2.0,0.2,1.0,/home/dustin/work/project/bT-TMD/systematics/collins_factorization_validity/data/rowidfix_stageFT_all_qmax0p20_lam0p50/E288_400.csv,0.15,0.05,0.0006360769013225543,0.15,0.05,0.15,0.001948571,0.0006360769,0.0,0.9953204,0.002054396,0.002054396,0.0020447823,0.0020447823,0.15125738
E288_400:149,E288_400,149,0.7,13.5,13.0,14.0,0.03,0.028928876,0.03115348,0.02957357,0.028478252,0.030668887,0.507827471,0.478253901,27.39342987,400.0,0.00085,0.227272727,0.00374,0.00021,0.000924,0.247058824,15%,5.00%,-0.0359653350662607,-0.0,-0.0359653350662607,-0.1039890214594027,-42.97114184660255,0.0518518518518518,6.113279278353955e-05,mcfm_logistic,1.0,6.113279278353955e-05,0.0007360285789257,-0.0006748957861422,False,raw,-0.0006748957861422,0.0,-0.0,False,0.0,0.0830576346271248,asymptotic_damped,0.1,2.0,exp,0.7642491319382534,base,base,alpha_over_pi,0.000924,0.0,0.0,0.0,0.1,0.05,0.5,2.0,0.2,1.0,/home/dustin/work/project/bT-TMD/systematics/collins_factorization_validity/data/rowidfix_stageFT_all_qmax0p20_lam0p50/E288_400.csv,0.15,0.05,0.0009427327298868964,0.15,0.05,0.15,0.00374,0.00094273273,-0.0,0.9953204,0.0024834722,0.0024834722,0.0024718505,0.0024718505,-1.3451847
E288_400:150,E288_400,150,0.9,13.5,13.0,14.0,0.03,0.028928876,0.03115348,0.02957357,0.028478252,0.030668887,0.507827471,0.478253901,27.39342987,400.0,0.00038,0.176767677,0.002149714,0.00013,0.000735429,0.342105263,15%,5.00%,0.0063251270534855,0.0,0.0063251270534855,0.3398689041061035,5.677520268422302,0.0666666666666666,6.498116352862469e-05,mcfm_logistic,1.0,6.498116352862469e-05,-0.0011025400736587,0.0011675212371874,True,raw,0.0011675212371874,0.0,0.0,False,0.0,-0.05893768859846,asymptotic_damped,0.1,2.0,exp,0.6411803884299546,base,base,alpha_over_pi,0.000735429,0.0,0.0,0.0,0.1,0.05,0.5,2.0,0.2,1.0,/home/dustin/work/project/bT-TMD/systematics/collins_factorization_validity/data/rowidfix_stageFT_all_qmax0p20_lam0p50/E288_400.csv,0.15,0.05,0.0007432422147224215,0.15,0.05,0.15,0.002149714,0.0007432422,0.0,0.9953204,0.0026188518,0.0026188518,0.0026065966,0.0026065966,0.6147157
E288_400:151,E288_400,151,1.1,13.5,13.0,14.0,0.03,0.028928876,0.03115348,0.02957357,0.028478252,0.030668887,0.507827471,0.478253901,27.39342987,400.0,0.00035,0.144628099,0.00242,0.00011,0.000760571,0.314285714,15%,5.00%,0.0292447405428181,0.0,0.0292447405428181,0.0827499220400604,35.26921292399813,0.0814814814814814,6.591125845621226e-05,mcfm_logistic,1.0,6.591125845621226e-05,-0.0015473422200983,0.0016132534785545,True,raw,0.0016132534785545,0.0,0.0,False,0.0,-0.0425964325151187,asymptotic_damped,0.1,2.0,exp,0.5148276047374332,base,base,alpha_over_pi,0.000760571,0.0,0.0,0.0,0.1,0.05,0.5,2.0,0.2,1.0,/home/dustin/work/project/bT-TMD/systematics/collins_factorization_validity/data/rowidfix_stageFT_all_qmax0p20_lam0p50/E288_400.csv,0.15,0.05,0.0007701358620665577,0.15,0.05,0.15,0.00242,0.00077013584,0.0,0.9953204,0.0024920066,0.0024920066,0.002480345,0.002480345,0.07835636
E288_400:152,E288_400,152,1.3,13.5,13.0,14.0,0.03,0.028928876,0.03115348,0.02957357,0.028478252,0.030668887,0.507827471,0.478253901,27.39342987,400.0,0.00029,0.122377622,0.002369714,0.0001,0.000817143,0.344827586,15%,5.00%,-0.0049809506649154,0.0,-0.0049809506649154,-0.4757553646719779,-8.995567073224015,0.0962962962962963,6.478064594984648e-05,mcfm_logistic,1.0,6.478064594984648e-05,-6.408056241388571e-05,0.0001288612083637,True,raw,0.0001288612083637,0.0,0.0,False,-0.0,-1.0109250529269551,asymptotic_damped,0.1,2.0,exp,0.3956213674058441,base,base,alpha_over_pi,0.000817143,0.0,0.0,0.0,0.1,0.05,0.5,2.0,0.2,1.0,/home/dustin/work/project/bT-TMD/systematics/collins_factorization_validity/data/rowidfix_stageFT_all_qmax0p20_lam0p50/E288_400.csv,0.15,0.05,0.0008256885269600699,0.15,0.05,0.15,0.002369714,0.00082568853,0.0,0.9953204,0.0021823961,0.0021823961,0.0021721832,0.0021721832,-0.23923153
E288_400:153,E288_400,153,1.5,13.5,13.0,14.0,0.03,0.028928876,0.03115348,0.02957357,0.028478252,0.030668887,0.507827471,0.478253901,27.39342987,400.0,0.00019,0.106060606,0.001791429,8e-05,0.0007670872971979,0.421052632,15%,5.00%,-0.0228999075649568,-0.0,-0.0228999075649568,-0.0782286563785688,-32.73471410705871,0.1111111111111111,6.221908403151807e-05,mcfm_logistic,1.0,6.221908403151807e-05,0.0004567306099701,-0.0003945115259385,False,raw,-0.0003945115259385,0.0,-0.0,False,0.0,0.1362270946446746,asymptotic_damped,0.1,2.0,exp,0.2909604588643103,base,base,alpha_over_pi,0.000754286,0.0001395548341208,0.0779014039187791,0.1262002743484222,0.1,0.05,0.5,2.0,0.2,1.0169714103111696,/home/dustin/work/project/bT-TMD/systematics/collins_factorization_validity/data/rowidfix_stageFT_all_qmax0p20_lam0p50/E288_400.csv,0.15,0.05,0.0007722991429345768,0.15,0.05,0.15,0.001791429,0.0007722991,-0.0,0.9953204,0.0017973507,0.0017973507,0.0017889398,0.0017889398,-0.0032230937
E288_400:154,E288_400,154,1.7,13.5,13.0,14.0,0.03,0.028928876,0.03115348,0.02957357,0.028478252,0.030668887,0.507827471,0.478253901,27.39342987,400.0,9e-05,0.093582888,0.000961714,5e-05,0.0006688862835576,0.555555556,15%,5.00%,0.0076656641784857,0.0,0.0076656641784857,0.1254573612419811,12.547493624174583,0.1259259259259259,5.869612968096334e-05,mcfm_logistic,1.0,5.869612968096334e-05,-3.746929059808055e-05,9.616542027904388e-05,True,raw,9.616542027904388e-05,0.0,0.0,False,0.0,-1.5665129695295108,asymptotic_damped,0.1,2.0,exp,0.2047974407914872,base,base,alpha_over_pi,0.000534286,0.0004024268014627,0.4184474817489578,0.527765076461921,0.1,0.05,0.5,2.0,0.2,1.2519255296931069,/home/dustin/work/project/bT-TMD/systematics/collins_factorization_validity/data/rowidfix_stageFT_all_qmax0p20_lam0p50/E288_400.csv,0.15,0.05,0.0006706124774234283,0.15,0.05,0.15,0.000961714,0.0006706125,0.0,0.9953204,0.0014467046,0.0014467046,0.0014399346,0.0014399346,0.71311015
E288_400:155,E288_400,155,1.9,13.5,13.0,14.0,0.03,0.028928876,0.03115348,0.02957357,0.028478252,0.030668887,0.507827471,0.478253901,27.39342987,400.0,0.00011,0.083732057,0.001313714,7e-05,0.0014492069239281,0.636363636,15%,5.00%,0.0223923424339193,0.0,0.0223923424339193,0.0586680024154159,25.21367037550157,0.1407407407407407,5.4565103514241365e-05,mcfm_logistic,1.0,5.4565103514241365e-05,-0.000120090608361,0.0001746557118752,True,raw,0.0001746557118752,0.0,0.0,False,0.0,-0.4543661178749987,asymptotic_damped,0.1,2.0,exp,0.1379594316733306,base,base,alpha_over_pi,0.000836,0.0011837671681378,0.901084382245977,0.9098206574201078,0.1,0.05,0.5,2.0,0.2,1.7335011051771765,/home/dustin/work/project/bT-TMD/systematics/collins_factorization_validity/data/rowidfix_stageFT_all_qmax0p20_lam0p50/E288_400.csv,0.15,0.05,0.0014506947713236013,0.15,0.05,0.15,0.001313714,0.0014506947,0.0,0.9953204,0.0012183096,0.0012183096,0.0012126084,0.0012126084,-0.069694564
E288_400:156,E288_400,156,2.3,13.5,13.0,14.0,0.03,0.028928876,0.03115348,0.02957357,0.028478252,0.030668887,0.507827471,0.478253901,27.39342987,400.0,5.7e-05,0.06916996,0.000824057,4.1e-05,0.0013347869760228,0.719298246,15%,5.00%,-0.0177194467950262,-0.0,-0.0177194467950262,-0.0465057972482136,-31.28422232742729,0.1703703703703703,4.547763053078521e-05,mcfm_logistic,1.0,4.547763053078521e-05,0.0001425697454458,-9.70921149150525e-05,False,raw,-9.70921149150525e-05,0.0,-0.0,False,0.0,0.3189851422443773,asymptotic_damped,0.1,2.0,exp,0.0548799992070273,base,base,alpha_over_pi,0.000592743,0.0011959565240054,1.4513031550068576,1.0,0.1,0.05,0.5,2.0,0.2,2.2518814663739137,/home/dustin/work/project/bT-TMD/systematics/collins_factorization_validity/data/rowidfix_stageFT_all_qmax0p20_lam0p50/E288_400.csv,0.15,0.05,0.0013354227593568313,0.15,0.05,0.15,0.000824057,0.0013354227,-0.0,0.9953204,0.0012726812,0.0012726812,0.0012667255,0.0012667255,0.33148193
E288_400:157,E288_400,157,2.5,13.5,13.0,14.0,0.03,0.028928876,0.03115348,0.02957357,0.028478252,0.030668887,0.507827471,0.478253901,27.39342987,400.0,3e-05,0.063636364,0.000471429,3e-05,0.0009357740264703,1.0,15%,5.00%,0.0080650422742603,0.0,0.0080650422742603,0.058453382383942,16.107649877840334,0.1851851851851851,4.087139893428018e-05,mcfm_logistic,1.0,4.087139893428018e-05,3.16877599779646e-05,9.183638956315576e-06,True,raw,9.183638956315576e-06,0.0,0.0,False,0.0,1.2898166030890728,asymptotic_damped,0.1,2.0,exp,0.032407827974729,base,base,alpha_over_pi,0.000471429,0.000808348765432,1.7146776406035644,1.0,0.1,0.05,0.5,2.0,0.2,1.9849734031431772,/home/dustin/work/project/bT-TMD/systematics/collins_factorization_validity/data/rowidfix_stageFT_all_qmax0p20_lam0p50/E288_400.csv,0.15,0.05,0.0009360708530189049,0.15,0.05,0.15,0.000471429,0.00093607086,0.0,0.9953204,0.0015131624,0.0015131624,0.0015060813,0.0015060813,1.1053141
E605:0,E605,0,0.1,7.5,7.0,8.0,-0.255865709,-0.240184026,-0.273712348,-0.1,0.0,0.0,0.149660941,0.249660941,38.8,,0.785,0.635284813,1.235666246,0.115,0.18102117,0.146496815,15%,5.00%,26.76656656421513,-0.0,26.76656656421513,0.0461645404925408,141.038201875588,0.0133333333333333,0.0527339206510746,mcfm_logistic,1.0,0.0527339206510746,1.56512651802088,-1.5123925973698054,False,raw,-1.5123925973698054,0.0,-0.0,False,-0.0,0.0336930721215798,asymptotic_damped,0.1,2.0,exp,0.9823793146181776,base,base,alpha_over_pi,0.18102117,0.0,0.0,0.0,0.1,0.05,0.5,2.0,0.2,1.0,/home/dustin/work/project/bT-TMD/systematics/collins_factorization_validity/data/rowidfix_stageFT_all_qmax0p20_lam0p50/E605.csv,0.15,0.05,0.19127425772154558,0.15,0.05,0.15,1.2356663,0.19127426,-0.0,1.0139639,1.4316835,1.4316835,1.4516755,1.4516755,1.1293169
E605:1,E605,1,0.3,7.5,7.0,8.0,-0.255865709,-0.240184026,-0.273712348,-0.1,0.0,0.0,0.149660941,0.249660941,38.8,,0.973,0.211761604,4.594789519,0.0861,0.406589288,0.088489209,15%,5.00%,38.01317402866859,-0.0,38.01317402866859,0.120873608595134,82.19199446707653,0.04,0.1498218174444322,mcfm_logistic,1.0,0.1498218174444322,1.8960542960518807,-1.7462324786074492,False,raw,-1.7462324786074492,0.0,-0.0,False,-0.0,0.0790176830676228,asymptotic_damped,0.1,2.0,exp,0.8521437889662113,base,base,alpha_over_pi,0.406589288,0.0,0.0,0.0,0.1,0.05,0.5,2.0,0.2,1.0,/home/dustin/work/project/bT-TMD/systematics/collins_factorization_validity/data/rowidfix_stageFT_all_qmax0p20_lam0p50/E605.csv,0.15,0.05,0.4670065052289182,0.15,0.05,0.15,4.5947895,0.4670065,-0.0,1.0139639,4.161646,4.161646,4.219759,4.219759,-0.803052
E605:2,E605,2,0.5,7.5,7.0,8.0,-0.255865709,-0.240184026,-0.273712348,-0.1,0.0,0.0,0.149660941,0.249660941,38.8,,0.825,0.127056963,6.493150656,0.0616,0.484821916,0.074666667,15%,5.00%,-3.959338212879116,0.0,-3.959338212879116,-1.6399585756222552,-21.55943971163035,0.0666666666666666,0.2374056888756746,mcfm_logistic,1.0,0.2374056888756746,-0.2270466171064453,0.4644523059821199,True,raw,0.4644523059821199,0.0,0.0,False,-0.0,-1.0456253077066224,asymptotic_damped,0.1,2.0,exp,0.6411803884299546,base,base,alpha_over_pi,0.484821916,0.0,0.0,0.0,0.1,0.05,0.5,2.0,0.2,1.0,/home/dustin/work/project/bT-TMD/systematics/collins_factorization_validity/data/rowidfix_stageFT_all_qmax0p20_lam0p50/E605.csv,0.15,0.05,0.5834850502263911,0.15,0.05,0.15,6.4931507,0.58348507,0.0,1.0139639,6.5080566,6.5080566,6.5989347,6.5989347,0.18129674
E605:3,E605,3,0.7,7.5,7.0,8.0,-0.255865709,-0.240184026,-0.273712348,-0.1,0.0,0.0,0.149660941,0.249660941,38.8,,0.805,0.090754973,8.870037321,0.057,0.628064754,0.070807453,15%,5.00%,-23.074812290232032,0.0,-23.074812290232032,-0.3844034443025498,-50.86235043087935,0.0933333333333333,0.316247204343007,mcfm_logistic,1.0,0.316247204343007,-0.6426413549817624,0.9588885593247696,True,raw,0.9588885593247696,0.0,0.0,False,-0.0,-0.4921052806381902,asymptotic_damped,0.1,2.0,exp,0.4184863060425646,base,base,alpha_over_pi,0.628064754,0.0,0.0,0.0,0.1,0.05,0.5,2.0,0.2,1.0,/home/dustin/work/project/bT-TMD/systematics/collins_factorization_validity/data/rowidfix_stageFT_all_qmax0p20_lam0p50/E605.csv,0.15,0.05,0.7688688057184481,0.15,0.05,0.15,8.870037,0.7688688,0.0,1.0139639,8.26814,8.26814,8.383595,8.383595,-0.6326718
E605:4,E605,4,0.9,7.5,7.0,8.0,-0.255865709,-0.240184026,-0.273712348,-0.1,0.0,0.0,0.149660941,0.249660941,38.8,,0.569,0.070587201,8.060951396,0.0422,2.12864545185767,0.074165202,15%,5.00%,5.117990800955402,0.0,5.117990800955402,1.5750226425759146,-4.922638677120572,0.12,0.3866320924559024,mcfm_logistic,1.0,0.3866320924559024,0.041108352515045,0.3455237399408574,True,raw,0.3455237399408574,0.0,0.0,False,0.0,9.405195508975954,asymptotic_damped,0.1,2.0,exp,0.2369277586821217,base,base,alpha_over_pi,0.59784209,2.042967521802238,0.2534399999999997,0.3519999999999996,0.1,0.05,0.5,2.0,0.2,3.560547989951109,/home/dustin/work/project/bT-TMD/systematics/collins_factorization_validity/data/rowidfix_stageFT_all_qmax0p20_lam0p50/E605.csv,0.15,0.05,2.1664668941010916,0.15,0.05,0.15,8.060951,2.166467,0.0,1.0139639,9.309831,9.309831,9.439833,9.439833,0.6364655
E605:5,E605,5,1.1,7.5,7.0,8.0,-0.255865709,-0.240184026,-0.273712348,-0.1,0.0,0.0,0.149660941,0.249660941,38.8,,0.537,0.057753165,9.29819174,0.0447,9.903595594944496,0.083240223,15%,5.00%,20.391490075424404,0.0,20.391490075424404,0.4559839278840185,14.332731258645683,0.1466666666666666,0.4486431253323665,mcfm_logistic,1.0,0.4486431253323665,0.1325776315155392,0.3160654938168273,True,raw,0.3160654938168273,0.0,0.0,False,0.0,3.3840031700957174,asymptotic_damped,0.1,2.0,exp,0.1163548028087039,base,base,alpha_over_pi,0.773983558,9.873305179125664,1.0618521810699575,0.9872592592592588,0.1,0.05,0.5,2.0,0.2,12.795614961816147,/home/dustin/work/project/bT-TMD/systematics/collins_factorization_validity/data/rowidfix_stageFT_all_qmax0p20_lam0p50/E605.csv,0.15,0.05,9.914501834801815,0.15,0.05,0.15,9.298192,9.914502,0.0,1.0139639,9.584445,9.584445,9.718282,9.718282,0.042371236
E605:6,E605,6,1.3,7.5,7.0,8.0,-0.255865709,-0.240184026,-0.273712348,-0.1,0.0,0.0,0.149660941,0.249660941,38.8,,0.388,0.048868063,7.939745918,0.039,11.953932750192216,0.100515464,15%,5.00%,-2.511420753300224,0.0,-2.511420753300224,-3.1614558841112093,-13.095596580205246,0.1733333333333333,0.5022863008484725,mcfm_logistic,1.0,0.5022863008484725,-0.008752096769529,0.5110383976180016,True,raw,0.5110383976180016,0.0,0.0,False,-0.0,-57.390396161661485,asymptotic_damped,0.1,2.0,exp,0.0495662835049117,base,base,alpha_over_pi,0.798067244,11.927262756817772,1.5022222222222217,1.0,0.1,0.05,0.5,2.0,0.2,14.978603419779269,/home/dustin/work/project/bT-TMD/systematics/collins_factorization_validity/data/rowidfix_stageFT_all_qmax0p20_lam0p50/E605.csv,0.15,0.05,11.960522861030116,0.15,0.05,0.15,7.939746,11.960523,0.0,1.0139639,9.127342,9.127342,9.254796,9.254796,0.109949216
E605:11,E605,11,0.1,8.5,8.0,9.0,-0.226298838,-0.213920253,-0.240184026,-0.1,0.0,0.0,0.174705615,0.274705615,38.8,,0.333,0.714972412,0.465752237,0.0246,0.034406922,0.073873874,15%,-15.00%,12.336474924394771,-0.0,12.336474924394771,0.0377540780372355,345.00972471163715,0.0117647058823529,0.0188178675412625,mcfm_logistic,1.0,0.0188178675412625,0.6095788746530552,-0.5907610071117927,False,raw,-0.5907610071117927,0.0,-0.0,False,-0.0,0.0308702750763349,asymptotic_damped,0.1,2.0,exp,0.9862545134574356,base,base,alpha_over_pi,0.034406922,0.0,0.0,0.0,0.1,0.05,0.5,2.0,0.2,1.0,/home/dustin/work/project/bT-TMD/systematics/collins_factorization_validity/data/rowidfix_stageFT_all_qmax0p20_lam0p50/E605.csv,0.15,-0.15,0.07787587606313284,0.15,-0.15,0.15,0.46575224,0.077875875,-0.0,1.0139639,0.5272259,0.5272259,0.53458804,0.53458804,0.8839168
E605:12,E605,12,0.3,8.5,8.0,9.0,-0.226298838,-0.213920253,-0.240184026,-0.1,0.0,0.0,0.174705615,0.274705615,38.8,,0.439,0.238324137,1.842029117,0.0201,0.084338919,0.045785877,15%,-15.00%,17.464745172407227,-0.0,17.464745172407227,0.105471285084093,185.23732863361963,0.0352941176470588,0.052636202263467,mcfm_logistic,1.0,0.052636202263467,0.7143736840182403,-0.6617374817547733,False,raw,-0.6617374817547733,0.0,-0.0,False,-0.0,0.0736816087168785,asymptotic_damped,0.1,2.0,exp,0.8828786879572208,base,base,alpha_over_pi,0.084338919,0.0,0.0,0.0,0.1,0.05,0.5,2.0,0.2,1.0,/home/dustin/work/project/bT-TMD/systematics/collins_factorization_validity/data/rowidfix_stageFT_all_qmax0p20_lam0p50/E605.csv,0.15,-0.15,0.2888895234952179,0.15,-0.15,0.15,1.8420291,0.28888953,-0.0,1.0139639,1.5394623,1.5394623,1.5609593,1.5609593,-0.9729316
E605:13,E605,13,0.5,8.5,8.0,9.0,-0.226298838,-0.213920253,-0.240184026,-0.1,0.0,0.0,0.174705615,0.274705615,38.8,,0.368,0.142994482,2.573525873,0.0139,0.097206548,0.037771739,15%,-15.00%,-1.986133673735711,0.0,-1.986133673735711,-1.2957465587698664,-46.90691769792824,0.0588235294117647,0.0822918460255067,mcfm_logistic,1.0,0.0822918460255067,-0.2076772784721855,0.2899691244976923,True,raw,0.2899691244976923,0.0,0.0,False,-0.0,-0.3962486730898113,asymptotic_damped,0.1,2.0,exp,0.7074977984184172,base,base,alpha_over_pi,0.097206548,0.0,0.0,0.0,0.1,0.05,0.5,2.0,0.2,1.0,/home/dustin/work/project/bT-TMD/systematics/collins_factorization_validity/data/rowidfix_stageFT_all_qmax0p20_lam0p50/E605.csv,0.15,-0.15,0.3980796527098384,0.15,-0.15,0.15,2.573526,0.39807966,0.0,1.0139639,2.429493,2.429493,2.4634182,2.4634182,-0.27659705
E605:14,E605,14,0.7,8.5,8.0,9.0,-0.226298838,-0.213920253,-0.240184026,-0.1,0.0,0.0,0.174705615,0.274705615,38.8,,0.37,0.102138916,3.622517398,0.0136,0.133151991,0.036756757,15%,-15.00%,-10.826582580681162,0.0,-10.826582580681162,-0.3345947228504016,-108.5158387055674,0.0823529411764705,0.1083002277191638,mcfm_logistic,1.0,0.1083002277191638,-0.3931747306803406,0.5014749583995044,True,raw,0.5014749583995044,0.0,0.0,False,-0.0,-0.2754506311526267,asymptotic_damped,0.1,2.0,exp,0.5075293729325072,base,base,alpha_over_pi,0.133151991,0.0,0.0,0.0,0.1,0.05,0.5,2.0,0.2,1.0,/home/dustin/work/project/bT-TMD/systematics/collins_factorization_validity/data/rowidfix_stageFT_all_qmax0p20_lam0p50/E605.csv,0.15,-0.15,0.5594539118019907,0.15,-0.15,0.15,3.6225173,0.5594539,0.0,1.0139639,3.1300907,3.1300907,3.173799,3.173799,-0.80206484
E605:15,E605,15,0.9,8.5,8.0,9.0,-0.226298838,-0.213920253,-0.240184026,-0.1,0.0,0.0,0.174705615,0.274705615,38.8,,0.259,0.079441379,3.260265658,0.00988,0.1426818543292886,0.038146718,15%,-15.00%,2.231113794955196,0.0,2.231113794955196,1.4612726905153088,-8.275024631811153,0.1058823529411764,0.1309582242122191,mcfm_logistic,1.0,0.1309582242122191,-0.0120268895419276,0.1429851137541467,True,raw,0.1429851137541467,0.0,0.0,False,0.0,-10.888785812464478,asymptotic_damped,0.1,2.0,exp,0.3259187158997798,base,base,alpha_over_pi,0.124368435,0.0699328530126944,0.0214500474343537,0.0382658253612854,0.1,0.05,0.5,2.0,0.2,1.1472513449999486,/home/dustin/work/project/bT-TMD/systematics/collins_factorization_validity/data/rowidfix_stageFT_all_qmax0p20_lam0p50/E605.csv,0.15,-0.15,0.5094291758148164,0.15,-0.15,0.15,3.2602656,0.50942916,0.0,1.0139639,3.5935187,3.5935187,3.6436985,3.6436985,0.7526716
E605:16,E605,16,1.1,8.5,8.0,9.0,-0.226298838,-0.213920253,-0.240184026,-0.1,0.0,0.0,0.174705615,0.274705615,38.8,,0.224,0.064997492,3.446286821,0.00933,1.8265398258232104,0.041651786,15%,-15.00%,9.30687744705501,0.0,9.30687744705501,0.3702946386266764,40.82783415576415,0.1294117647058823,0.1504654730223162,mcfm_logistic,1.0,0.1504654730223162,0.0726233875922283,0.0778420854300878,True,raw,0.0778420854300878,0.0,0.0,False,0.0,2.071859741205709,asymptotic_damped,0.1,2.0,exp,0.1873567951790882,base,base,alpha_over_pi,0.143544,1.820890676395012,0.52836306754835,0.6309790352126996,0.1,0.05,0.5,2.0,0.2,12.724598909207003,/home/dustin/work/project/bT-TMD/systematics/collins_factorization_validity/data/rowidfix_stageFT_all_qmax0p20_lam0p50/E605.csv,0.15,-0.15,1.8982828620892476,0.15,-0.15,0.15,3.446287,1.8982829,0.0,1.0139639,3.7958598,3.7958598,3.848865,3.848865,0.21207488
E605:17,E605,17,1.3,8.5,8.0,9.0,-0.226298838,-0.213920253,-0.240184026,-0.1,0.0,0.0,0.174705615,0.274705615,38.8,,0.18,0.054997878,3.272853556,0.00895,3.831224105750133,0.049722222,15%,-15.00%,-1.2815589115431314,0.0,-1.2815589115431314,-2.553806560526461,-27.986929625570586,0.1529411764705882,0.1669733537298795,mcfm_logistic,1.0,0.1669733537298795,-0.0135693750991974,0.180542728829077,True,raw,0.180542728829077,0.0,0.0,False,-0.0,-12.305161623821174,asymptotic_damped,0.1,2.0,exp,0.0964143387679316,base,base,alpha_over_pi,0.162733552,3.827766442657437,1.16955017301038,1.0,0.1,0.05,0.5,2.0,0.2,23.542926819111848,/home/dustin/work/project/bT-TMD/systematics/collins_factorization_validity/data/rowidfix_stageFT_all_qmax0p20_lam0p50/E605.csv,0.15,-0.15,3.862549479613031,0.15,-0.15,0.15,3.2728536,3.8625495,0.0,1.0139639,3.7384663,3.7384663,3.79067,3.79067,0.13406076
E605:18,E605,18,1.5,8.5,8.0,9.0,-0.226298838,-0.213920253,-0.240184026,-0.1,0.0,0.0,0.174705615,0.274705615,38.8,,0.131,0.047664827,2.748357794,0.00802,4.282756340673555,0.061221374,15%,-15.00%,-6.838598793297836,0.0,-6.838598793297836,-0.4018890239172279,-56.97763467821963,0.1764705882352941,0.1806109609569458,mcfm_logistic,1.0,0.1806109609569458,-0.017198427105223,0.1978093880621688,True,raw,0.1978093880621688,0.0,0.0,False,-0.0,-10.501597608428732,asymptotic_damped,0.1,2.0,exp,0.0444146081525851,base,base,alpha_over_pi,0.168258241,4.279449852249133,1.5570934256055358,1.0,0.1,0.05,0.5,2.0,0.2,25.453471492511056,/home/dustin/work/project/bT-TMD/systematics/collins_factorization_validity/data/rowidfix_stageFT_all_qmax0p20_lam0p50/E605.csv,0.15,-0.15,4.3025521450955075,0.15,-0.15,0.15,2.7483578,4.302552,0.0,1.0139639,3.446464,3.446464,3.4945903,3.4945903,0.1734395
E605:19,E605,19,1.7,8.5,8.0,9.0,-0.226298838,-0.213920253,-0.240184026,-0.1,0.0,0.0,0.174705615,0.274705615,38.8,,0.0875,0.042057201,2.080499857,0.00678,4.164121391970958,0.077485714,15%,-15.00%,2.5881859622337573,0.0,2.5881859622337573,0.8038448115236688,3.1492413680170093,0.1999999999999999,0.1915014191802372,mcfm_logistic,1.0,0.1915014191802372,0.0033731251384754,0.1881282940417618,True,raw,0.1881282940417618,0.0,0.0,False,0.0,56.77269929771724,asymptotic_damped,0.1,2.0,exp,0.0183156388887341,base,base,alpha_over_pi,0.161209017,4.160999713999996,1.9999999999999976,1.0,0.1,0.05,0.5,2.0,0.2,25.830573682928403,/home/dustin/work/project/bT-TMD/systematics/collins_factorization_validity/data/rowidfix_stageFT_all_qmax0p20_lam0p50/E605.csv,0.15,-0.15,4.175799056385152,0.15,-0.15,0.15,2.0805,4.175799,0.0,1.0139639,2.9646318,2.9646318,3.0060298,3.0060298,0.2216414
E605:25,E605,25,0.1,11.0,10.5,11.5,-0.175461928,-0.167905599,-0.183726531,-0.1,0.0,0.0,0.237880483,0.337880483,38.8,,0.0701,0.915983356,0.076529775,0.0084,0.009170472,0.119828816,15%,5.00%,1.8644590168481727,-0.0,1.8644590168481727,0.0410466383591374,194.96589072494555,0.009090909090909,0.0019268097018641,mcfm_logistic,1.0,0.0019268097018641,0.0262246327176429,-0.0242978230157787,False,raw,-0.0242978230157787,0.0,-0.0,False,-0.0,0.0734732769228797,asymptotic_damped,0.1,2.0,exp,0.9917695939779198,base,base,alpha_over_pi,0.009170472,0.0,0.0,0.0,0.1,0.05,0.5,2.0,0.2,1.0,/home/dustin/work/project/bT-TMD/systematics/collins_factorization_validity/data/rowidfix_stageFT_all_qmax0p20_lam0p50/E605.csv,0.15,0.05,0.009936778796806366,0.15,0.05,0.15,0.07652978,0.009936779,-0.0,1.0139639,0.08602658,0.08602658,0.08722785,0.08722785,1.0766138
E605:26,E605,26,0.3,11.0,10.5,11.5,-0.175461928,-0.167905599,-0.183726531,-0.1,0.0,0.0,0.237880483,0.337880483,38.8,,0.0784,0.305327785,0.256773225,0.00554,0.018144434,0.070663265,15%,5.00%,2.626055979582754,-0.0,2.626055979582754,0.097779037079323,130.57903898147245,0.0272727272727272,0.0052175176137705,mcfm_logistic,1.0,0.0052175176137705,0.0125376138262651,-0.0073200962124945,False,raw,-0.0073200962124945,0.0,-0.0,False,-0.0,0.4161491720888963,asymptotic_damped,0.1,2.0,exp,0.9283187121981096,base,base,alpha_over_pi,0.018144434,0.0,0.0,0.0,0.1,0.05,0.5,2.0,0.2,1.0,/home/dustin/work/project/bT-TMD/systematics/collins_factorization_validity/data/rowidfix_stageFT_all_qmax0p20_lam0p50/E605.csv,0.15,0.05,0.022227273964042636,0.15,0.05,0.15,0.25677323,0.022227274,-0.0,1.0139639,0.24649706,0.24649706,0.24993913,0.24993913,-0.3074648
E605:27,E605,27,0.5,11.0,10.5,11.5,-0.175461928,-0.167905599,-0.183726531,-0.1,0.0,0.0,0.237880483,0.337880483,38.8,,0.0712,0.183196671,0.38865335,0.00412,0.022489492,0.057865169,15%,5.00%,-0.3393994405352892,0.0,-0.3393994405352892,-1.145120773879383,-32.37302072164588,0.0454545454545454,0.0079327592480803,mcfm_logistic,1.0,0.0079327592480803,-0.0598768470248443,0.0678096062729246,True,raw,0.0678096062729246,0.0,0.0,False,-0.0,-0.1324845853154032,asymptotic_damped,0.1,2.0,exp,0.8133355123498387,base,base,alpha_over_pi,0.022489492,0.0,0.0,0.0,0.1,0.05,0.5,2.0,0.2,1.0,/home/dustin/work/project/bT-TMD/systematics/collins_factorization_validity/data/rowidfix_stageFT_all_qmax0p20_lam0p50/E605.csv,0.15,0.05,0.029722143539516462,0.15,0.05,0.15,0.38865334,0.029722143,0.0,1.0139639,0.37462708,0.37462708,0.37985834,0.37985834,-0.2959071
E605:28,E605,28,0.7,11.0,10.5,11.5,-0.175461928,-0.167905599,-0.183726531,-0.1,0.0,0.0,0.237880483,0.337880483,38.8,,0.0624,0.130854765,0.47686456,0.00331,0.025295219,0.053044872,15%,5.00%,-1.682525590276216,0.0,-1.682525590276216,-0.2834218764670999,-85.36752143858553,0.0636363636363636,0.0101783241121134,mcfm_logistic,1.0,0.0101783241121134,-0.068826843457881,0.0790051675699944,True,raw,0.0790051675699944,0.0,0.0,False,-0.0,-0.147883058422432,asymptotic_damped,0.1,2.0,exp,0.6670043724531671,base,base,alpha_over_pi,0.025295219,0.0,0.0,0.0,0.1,0.05,0.5,2.0,0.2,1.0,/home/dustin/work/project/bT-TMD/systematics/collins_factorization_validity/data/rowidfix_stageFT_all_qmax0p20_lam0p50/E605.csv,0.15,0.05,0.034761294937299805,0.15,0.05,0.15,0.47686455,0.034761295,0.0,1.0139639,0.4562595,0.4562595,0.46263066,0.46263066,-0.40947518
E605:29,E605,29,0.9,11.0,10.5,11.5,-0.175461928,-0.167905599,-0.183726531,-0.1,0.0,0.0,0.237880483,0.337880483,38.8,,0.0503,0.101775928,0.494222954,0.00265,0.026037591,0.052683897,15%,5.00%,0.3069733368717356,0.0,0.3069733368717356,1.6099865839700074,-7.191510809439488,0.0818181818181818,0.012022472175893,mcfm_logistic,1.0,0.012022472175893,-0.0215386475696643,0.0335611197455573,True,raw,0.0335611197455573,0.0,0.0,False,0.0,-0.5581813870628434,asymptotic_damped,0.1,2.0,exp,0.5120046931872433,base,base,alpha_over_pi,0.026037591,0.0,0.0,0.0,0.1,0.05,0.5,2.0,0.2,1.0,/home/dustin/work/project/bT-TMD/systematics/collins_factorization_validity/data/rowidfix_stageFT_all_qmax0p20_lam0p50/E605.csv,0.15,0.05,0.03589703282632836,0.15,0.05,0.15,0.49422297,0.03589703,0.0,1.0139639,0.48634747,0.48634747,0.4931388,0.4931388,-0.030202461
E605:30,E605,30,1.1,11.0,10.5,11.5,-0.175461928,-0.167905599,-0.183726531,-0.1,0.0,0.0,0.237880483,0.337880483,38.8,,0.039,0.083271214,0.468349121,0.00207,0.02485853,0.053076923,15%,5.00%,1.3854964199840558,0.0,1.3854964199840558,0.3380370488473652,36.894671526596944,0.1,0.013515937609506,mcfm_logistic,1.0,0.013515937609506,-0.0011624568928706,0.0146783945023766,True,raw,0.0146783945023766,0.0,0.0,False,0.0,-11.627044144517924,asymptotic_damped,0.1,2.0,exp,0.3678794411714423,base,base,alpha_over_pi,0.02485853,0.0,0.0,0.0,0.1,0.05,0.5,2.0,0.2,1.0,/home/dustin/work/project/bT-TMD/systematics/collins_factorization_validity/data/rowidfix_stageFT_all_qmax0p20_lam0p50/E605.csv,0.15,0.05,0.03415148256832464,0.15,0.05,0.15,0.46834913,0.034151483,0.0,1.0139639,0.4692052,0.4692052,0.47575715,0.47575715,0.21691658
E605:31,E605,31,1.3,11.0,10.5,11.5,-0.175461928,-0.167905599,-0.183726531,-0.1,0.0,0.0,0.237880483,0.337880483,38.8,,0.0312,0.070460258,0.442802806,0.00176,0.0962300507012647,0.056410256,15%,5.00%,-0.2226899701885182,0.0,-0.2226899701885182,-1.988427254380362,-26.64249570987181,0.1181818181818181,0.0146992149085411,mcfm_logistic,1.0,0.0146992149085411,-0.0076070988860644,0.0223063137946056,True,raw,0.0223063137946056,0.0,0.0,False,-0.0,-1.932302330849001,asymptotic_damped,0.1,2.0,exp,0.2474135094349774,base,base,alpha_over_pi,0.02497862,0.0929316480046684,0.2098714071939924,0.3005259203606286,0.1,0.05,0.5,2.0,0.2,3.852496683214076,/home/dustin/work/project/bT-TMD/systematics/collins_factorization_validity/data/rowidfix_stageFT_all_qmax0p20_lam0p50/E605.csv,0.15,0.05,0.09874415663962936,0.15,0.05,0.15,0.44280282,0.098744154,0.0,1.0139639,0.41656435,0.41656435,0.42238122,0.42238122,-0.2068132
E605:32,E605,32,1.5,11.0,10.5,11.5,-0.175461928,-0.167905599,-0.183726531,-0.1,0.0,0.0,0.237880483,0.337880483,38.8,,0.0234,0.061065557,0.383194736,0.0015,0.2922650246553593,0.064102564,15%,5.00%,-1.0645203508046688,0.0,-1.0645203508046688,-0.359969385000807,-58.93701909315077,0.1363636363636363,0.0156061262323545,mcfm_logistic,1.0,0.0156061262323545,-0.005718532927775,0.0213246591601295,True,raw,0.0213246591601295,0.0,0.0,False,-0.0,-2.7290436952028623,asymptotic_damped,0.1,2.0,exp,0.1557498425497832,base,base,alpha_over_pi,0.024563765,0.2912309497389015,0.7600076994244034,0.8174305033809148,0.1,0.05,0.5,2.0,0.2,11.898217746968324,/home/dustin/work/project/bT-TMD/systematics/collins_factorization_validity/data/rowidfix_stageFT_all_qmax0p20_lam0p50/E605.csv,0.15,0.05,0.29289236956780396,0.15,0.05,0.15,0.38319474,0.29289237,0.0,1.0139639,0.34409505,0.34409505,0.34889996,0.34889996,-0.117090054
E605:33,E605,33,1.7,11.0,10.5,11.5,-0.175461928,-0.167905599,-0.183726531,-0.1,0.0,0.0,0.237880483,0.337880483,38.8,,0.0147,0.053881374,0.272821551,0.00103,0.3263678702931435,0.070068027,15%,5.00%,0.3727500432232368,0.0,0.3727500432232368,0.7319155449074207,5.227460596145441,0.1545454545454545,0.0162658992579846,mcfm_logistic,1.0,0.0162658992579846,0.0013746409966132,0.0148912582613714,True,raw,0.0148912582613714,0.0,0.0,False,0.0,11.832834389531529,asymptotic_damped,0.1,2.0,exp,0.0917736782231208,base,base,alpha_over_pi,0.019116068,0.3258075547066114,1.194214876033057,1.0,0.1,0.05,0.5,2.0,0.2,17.072960312400205,/home/dustin/work/project/bT-TMD/systematics/collins_factorization_validity/data/rowidfix_stageFT_all_qmax0p20_lam0p50/E605.csv,0.15,0.05,0.3266528214425941,0.15,0.05,0.15,0.27282155,0.32665282,0.0,1.0139639,0.26742777,0.26742777,0.27116212,0.27116212,-0.005080082
E605:34,E605,34,1.9,11.0,10.5,11.5,-0.175461928,-0.167905599,-0.183726531,-0.1,0.0,0.0,0.237880483,0.337880483,38.8,,0.0131,0.04820965,0.271729828,0.00106,0.4059449301445148,0.080916031,15%,5.00%,1.0652907739501225,0.0,1.0652907739501225,0.2550757357941058,36.091788534377166,0.1727272727272727,0.0167044504653114,mcfm_logistic,1.0,0.0167044504653114,0.0023109612459743,0.0143934892193371,True,raw,0.0143934892193371,0.0,0.0,False,0.0,7.2283559468643555,asymptotic_damped,0.1,2.0,exp,0.0506168337919553,base,base,alpha_over_pi,0.021987299,0.4053490409421486,1.491735537190082,1.0,0.1,0.05,0.5,2.0,0.2,18.46270113234531,/home/dustin/work/project/bT-TMD/systematics/collins_factorization_validity/data/rowidfix_stageFT_all_qmax0p20_lam0p50/E605.csv,0.15,0.05,0.4061722283202008,0.15,0.05,0.15,0.27172983,0.40617222,0.0,1.0139639,0.19875628,0.19875628,0.2015317,0.2015317,-0.1728285
E605:35,E605,35,2.1,11.0,10.5,11.5,-0.175461928,-0.167905599,-0.183726531,-0.1,0.0,0.0,0.237880483,0.337880483,38.8,,0.00705,0.043618255,0.161629574,0.000719,0.295000744365979,0.101985816,15%,5.00%,-0.248450725438988,0.0,-0.248450725438988,-0.6505498171293982,-24.87758979227204,0.1909090909090909,0.0169452435927632,mcfm_logistic,1.0,0.0169452435927632,0.0006202473887883,0.0163249962039749,True,raw,0.0163249962039749,0.0,0.0,False,-0.0,27.320136930954146,asymptotic_damped,0.1,2.0,exp,0.0261311262344838,base,base,alpha_over_pi,0.016483924,0.2945398435289255,1.822314049586776,1.0,0.1,0.05,0.5,2.0,0.2,17.896269381366903,/home/dustin/work/project/bT-TMD/systematics/collins_factorization_validity/data/rowidfix_stageFT_all_qmax0p20_lam0p50/E605.csv,0.15,0.05,0.2951114187463106,0.15,0.05,0.15,0.16162957,0.29511142,0.0,1.0139639,0.144843,0.144843,0.14686558,0.14686558,-0.050028548
E605:41,E605,41,0.1,12.5,11.5,13.5,-0.154583607,-0.143213646,-0.167905599,-0.1,0.0,0.0,0.276021861,0.376021861,38.8,,0.0508,1.037342286,0.0489713,0.00642,0.006188893,0.126377953,15%,5.00%,1.2116362817919173,0.0,1.2116362817919173,0.0404174922259468,187.8631577233469,0.008,0.0011203584358415,mcfm_logistic,1.0,0.0011203584358415,-0.0394794525632637,0.0405998109991052,True,raw,0.0405998109991052,0.0,0.0,False,0.0,-0.0283782667463841,asymptotic_damped,0.1,2.0,exp,0.993620436379149,base,base,alpha_over_pi,0.006188893,0.0,0.0,0.0,0.1,0.05,0.5,2.0,0.2,1.0,/home/dustin/work/project/bT-TMD/systematics/collins_factorization_validity/data/rowidfix_stageFT_all_qmax0p20_lam0p50/E605.csv,0.15,0.05,0.006655664288759913,0.15,0.05,0.15,0.0489713,0.006655664,0.0,1.0139639,0.06302138,0.06302138,0.0639014,0.0639014,2.2432177
E605:42,E605,42,0.3,12.5,11.5,13.5,-0.154583607,-0.143213646,-0.167905599,-0.1,0.0,0.0,0.276021861,0.376021861,38.8,,0.0679,0.345780762,0.1963672,0.00479,0.013852708,0.070544919,15%,5.00%,1.7059463609795325,0.0,1.7059463609795325,0.1151074878387433,108.97357837756576,0.024,0.0029824816504281,mcfm_logistic,1.0,0.0029824816504281,-0.0688328161979478,0.0718152978483759,True,raw,0.0718152978483759,0.0,0.0,False,0.0,-0.0433293567685974,asymptotic_damped,0.1,2.0,exp,0.9440274829178356,base,base,alpha_over_pi,0.013852708,0.0,0.0,0.0,0.1,0.05,0.5,2.0,0.2,1.0,/home/dustin/work/project/bT-TMD/systematics/collins_factorization_validity/data/rowidfix_stageFT_all_qmax0p20_lam0p50/E605.csv,0.15,0.05,0.016979331907435696,0.15,0.05,0.15,0.1963672,0.016979331,0.0,1.0139639,0.18007006,0.18007006,0.18258454,0.18258454,-0.81173193
E605:43,E605,43,0.5,12.5,11.5,13.5,-0.154583607,-0.143213646,-0.167905599,-0.1,0.0,0.0,0.276021861,0.376021861,38.8,,0.0646,0.207468457,0.311372634,0.00387,0.018653438,0.059907121,15%,5.00%,-0.2222824056962171,0.0,-0.2222824056962171,-1.4007974811354988,-28.60893738174256,0.04,0.0044692844865643,mcfm_logistic,1.0,0.0044692844865643,-0.0355242471430919,0.0399935316296562,True,raw,0.0399935316296562,0.0,0.0,False,-0.0,-0.1258094075452753,asymptotic_damped,0.1,2.0,exp,0.8521437889662113,base,base,alpha_over_pi,0.018653438,0.0,0.0,0.0,0.1,0.05,0.5,2.0,0.2,1.0,/home/dustin/work/project/bT-TMD/systematics/collins_factorization_validity/data/rowidfix_stageFT_all_qmax0p20_lam0p50/E605.csv,0.15,0.05,0.02429677020161505,0.15,0.05,0.15,0.31137264,0.02429677,0.0,1.0139639,0.27244624,0.27244624,0.27625066,0.27625066,-1.445541
E605:44,E605,44,0.7,12.5,11.5,13.5,-0.154583607,-0.143213646,-0.167905599,-0.1,0.0,0.0,0.276021861,0.376021861,38.8,,0.0492,0.148191755,0.332002276,0.00263,0.017747276,0.053455285,15%,5.00%,-1.095149960969276,0.0,-1.095149960969276,-0.3031569080330855,-80.41528384239227,0.0559999999999999,0.0056591151331081,mcfm_logistic,1.0,0.0056591151331081,-0.0145100910167013,0.0201692061498094,True,raw,0.0201692061498094,0.0,0.0,False,-0.0,-0.390012380114945,asymptotic_damped,0.1,2.0,exp,0.7308112942200039,base,base,alpha_over_pi,0.017747276,0.0,0.0,0.0,0.1,0.05,0.5,2.0,0.2,1.0,/home/dustin/work/project/bT-TMD/systematics/collins_factorization_validity/data/rowidfix_stageFT_all_qmax0p20_lam0p50/E605.csv,0.15,0.05,0.024300814463575626,0.15,0.05,0.15,0.33200228,0.024300814,0.0,1.0139639,0.33057845,0.33057845,0.33519462,0.33519462,0.13136743
E605:45,E605,45,0.9,12.5,11.5,13.5,-0.154583607,-0.143213646,-0.167905599,-0.1,0.0,0.0,0.276021861,0.376021861,38.8,,0.0417,0.115260254,0.361789937,0.00219,0.019000479,0.052517986,15%,5.00%,0.1988995889598258,0.0,0.1988995889598258,1.8189576906218496,-8.572960083804947,0.072,0.0066025130687088,mcfm_logistic,1.0,0.0066025130687088,-0.0224651796069282,0.029067692675637,True,raw,0.029067692675637,0.0,0.0,False,0.0,-0.293899856766451,asymptotic_damped,0.1,2.0,exp,0.5954725422392697,base,base,alpha_over_pi,0.019000479,0.0,0.0,0.0,0.1,0.05,0.5,2.0,0.2,1.0,/home/dustin/work/project/bT-TMD/systematics/collins_factorization_validity/data/rowidfix_stageFT_all_qmax0p20_lam0p50/E605.csv,0.15,0.05,0.02623448300454196,0.15,0.05,0.15,0.36178994,0.026234483,0.0,1.0139639,0.3526757,0.3526757,0.35760045,0.35760045,-0.15969406
E605:46,E605,46,1.1,12.5,11.5,13.5,-0.154583607,-0.143213646,-0.167905599,-0.1,0.0,0.0,0.276021861,0.376021861,38.8,,0.0323,0.094303844,0.342509898,0.00176,0.018663078,0.054489164,15%,5.00%,0.9005019589389165,0.0,0.9005019589389165,0.3803544174446747,29.89817976107245,0.088,0.0073368825721698,mcfm_logistic,1.0,0.0073368825721698,-0.0198506551703238,0.0271875377424937,True,raw,0.0271875377424937,0.0,0.0,False,0.0,-0.3696040513130411,asymptotic_damped,0.1,2.0,exp,0.4609802862108336,base,base,alpha_over_pi,0.018663078,0.0,0.0,0.0,0.1,0.05,0.5,2.0,0.2,1.0,/home/dustin/work/project/bT-TMD/systematics/collins_factorization_validity/data/rowidfix_stageFT_all_qmax0p20_lam0p50/E605.csv,0.15,0.05,0.025329687246470493,0.15,0.05,0.15,0.3425099,0.025329687,0.0,1.0139639,0.3438481,0.3438481,0.3486496,0.3486496,0.2423913
E605:47,E605,47,1.3,12.5,11.5,13.5,-0.154583607,-0.143213646,-0.167905599,-0.1,0.0,0.0,0.276021861,0.376021861,38.8,,0.0247,0.07979556,0.30954103,0.00146,0.0185480211306231,0.059109312,15%,5.00%,-0.144827798893586,0.0,-0.144827798893586,-2.1373039731649794,-24.833298539931747,0.104,0.0078917824124531,mcfm_logistic,1.0,0.0078917824124531,-0.0039874088986738,0.0118791913111269,True,raw,0.0118791913111269,0.0,0.0,False,-0.0,-1.979175603253989,asymptotic_damped,0.1,2.0,exp,0.3390526072544422,base,base,alpha_over_pi,0.018296757,0.0030426585653002,0.0098295807999999,0.0181759999999999,0.1,0.05,0.5,2.0,0.2,1.0137327139789405,/home/dustin/work/project/bT-TMD/systematics/collins_factorization_validity/data/rowidfix_stageFT_all_qmax0p20_lam0p50/E605.csv,0.15,0.05,0.024157156517183333,0.15,0.05,0.15,0.30954102,0.024157157,0.0,1.0139639,0.3132567,0.3132567,0.317631,0.317631,0.33488995
E605:48,E605,48,1.5,12.5,11.5,13.5,-0.154583607,-0.143213646,-0.167905599,-0.1,0.0,0.0,0.276021861,0.376021861,38.8,,0.0194,0.069156152,0.280524571,0.00119,0.0731488754289472,0.061340206,15%,5.00%,-0.6918594562326297,0.0,-0.6918594562326297,-0.4054646770711722,-56.50952784262324,0.12,0.0082915169753443,mcfm_logistic,1.0,0.0082915169753443,0.0025820469724349,0.0057094700029094,True,raw,0.0057094700029094,0.0,0.0,False,-0.0,3.2112184882234294,asymptotic_damped,0.1,2.0,exp,0.2369277586821217,base,base,alpha_over_pi,0.017207435,0.0710961472742399,0.2534399999999997,0.3519999999999996,0.1,0.05,0.5,2.0,0.2,4.25100402407141,/home/dustin/work/project/bT-TMD/systematics/collins_factorization_validity/data/rowidfix_stageFT_all_qmax0p20_lam0p50/E605.csv,0.15,0.05,0.07448149477458459,0.15,0.05,0.15,0.28052458,0.074481495,0.0,1.0139639,0.2705865,0.2705865,0.27436495,0.27436495,-0.082700185
E605:49,E605,49,1.7,12.5,11.5,13.5,-0.154583607,-0.143213646,-0.167905599,-0.1,0.0,0.0,0.276021861,0.376021861,38.8,,0.0137,0.061020134,0.224516057,0.000976,0.1686732678852945,0.071240876,15%,5.00%,0.2429132456130706,0.0,0.2429132456130706,0.9242643662076172,1.1502037836777934,0.136,0.0085566143773162,mcfm_logistic,1.0,0.0085566143773162,0.0004999576851791,0.0080566566921371,True,raw,0.0080566566921371,0.0,0.0,False,0.0,17.11467716362933,asymptotic_damped,0.1,2.0,exp,0.1573000737608036,base,base,alpha_over_pi,0.015994721,0.1679131924514464,0.7478894592000003,0.8087040000000001,0.1,0.05,0.5,2.0,0.2,10.54555861807746,/home/dustin/work/project/bT-TMD/systematics/collins_factorization_validity/data/rowidfix_stageFT_all_qmax0p20_lam0p50/E605.csv,0.15,0.05,0.16904641359322412,0.15,0.05,0.15,0.22451606,0.16904642,0.0,1.0139639,0.22325158,0.22325158,0.22636905,0.22636905,0.010961423
E605:50,E605,50,1.9,12.5,11.5,13.5,-0.154583607,-0.143213646,-0.167905599,-0.1,0.0,0.0,0.276021861,0.376021861,38.8,,0.00866,0.054596962,0.158616883,0.000731,0.183722743567167,0.084411085,15%,5.00%,0.693354865771377,0.0,0.693354865771377,0.2287672457934426,39.93853642430646,0.152,0.008704771595172,mcfm_logistic,1.0,0.008704771595172,0.0003609948998801,0.0083437766952918,True,raw,0.0083437766952918,0.0,0.0,False,0.0,24.1132813733962,asymptotic_damped,0.1,2.0,exp,0.0992215549988632,base,base,alpha_over_pi,0.013389023,0.1832342232415999,1.1551999999999998,1.0,0.1,0.05,0.5,2.0,0.2,13.7218931931902,/home/dustin/work/project/bT-TMD/systematics/collins_factorization_validity/data/rowidfix_stageFT_all_qmax0p20_lam0p50/E605.csv,0.15,0.05,0.1838938410952868,0.15,0.05,0.15,0.15861689,0.18389384,0.0,1.0139639,0.17525724,0.17525724,0.17770451,0.17770451,0.10379699
E605:51,E605,51,2.1,12.5,11.5,13.5,-0.154583607,-0.143213646,-0.167905599,-0.1,0.0,0.0,0.276021861,0.376021861,38.8,,0.00679,0.049397252,0.13745704,0.000636,0.1944061956290616,0.093667158,15%,5.00%,-0.1607411939034383,0.0,-0.1607411939034383,-0.8551450730332026,-23.16065011005167,0.168,0.0087514940401758,mcfm_logistic,1.0,0.0087514940401758,0.0017428154439573,0.0070086785962184,True,raw,0.0070086785962184,0.0,0.0,False,-0.0,5.021469181099453,asymptotic_damped,0.1,2.0,exp,0.0594630599743031,base,base,alpha_over_pi,0.01287521,0.1939793748479999,1.4111999999999998,1.0,0.1,0.05,0.5,2.0,0.2,15.099264060862826,/home/dustin/work/project/bT-TMD/systematics/collins_factorization_validity/data/rowidfix_stageFT_all_qmax0p20_lam0p50/E605.csv,0.15,0.05,0.19452764583364207,0.15,0.05,0.15,0.13745704,0.19452764,0.0,1.0139639,0.12781557,0.12781557,0.12960038,0.12960038,-0.040388435
E605:52,E605,52,2.3,12.5,11.5,13.5,-0.154583607,-0.143213646,-0.167905599,-0.1,0.0,0.0,0.276021861,0.376021861,38.8,,0.0044,0.045101839,0.097556999,0.00055,0.1655941145241036,0.125,15%,5.00%,-0.5324279791659459,0.0,-0.5324279791659459,-0.1832304139102984,-51.66087339019821,0.184,0.0087105289057811,mcfm_logistic,1.0,0.0087105289057811,0.0015016968504685,0.0072088320553125,True,raw,0.0072088320553125,0.0,0.0,False,-0.0,5.800457597725591,asymptotic_damped,0.1,2.0,exp,0.0338573218570231,base,base,alpha_over_pi,0.012194625,0.1651444879071999,1.6927999999999996,1.0,0.1,0.05,0.5,2.0,0.2,13.579270746259406,/home/dustin/work/project/bT-TMD/systematics/collins_factorization_validity/data/rowidfix_stageFT_all_qmax0p20_lam0p50/E605.csv,0.15,0.05,0.16566594153644454,0.15,0.05,0.15,0.097557,0.16566594,0.0,1.0139639,0.08103994,0.08103994,0.08217158,0.08217158,-0.09287014
E605:59,E605,59,0.1,15.75,13.5,18.0,-0.122865244,-0.107570202,-0.143213646,-0.1,0.0,0.0,0.358995608,0.458995608,38.8,,0.024,1.301349661,0.018442392,0.00546,0.004195644,0.2275,15%,5.00%,0.3037448448301666,0.0,0.3037448448301666,0.0607167242963801,67.9996808190034,0.0063492063492063,0.0001950292310706,mcfm_logistic,1.0,0.0001950292310706,-0.0656636583284618,0.0658586875595325,True,raw,0.0658586875595325,0.0,0.0,False,0.0,-0.0029701243585169,asymptotic_damped,0.1,2.0,exp,0.995976872422495,base,base,alpha_over_pi,0.004195644,0.0,0.0,0.0,0.1,0.05,0.5,2.0,0.2,1.0,/home/dustin/work/project/bT-TMD/systematics/collins_factorization_validity/data/rowidfix_stageFT_all_qmax0p20_lam0p50/E605.csv,0.15,0.05,0.004295780852352708,0.15,0.05,0.15,0.018442392,0.004295781,0.0,1.0139639,0.016333237,0.016333237,0.016561314,0.016561314,-0.43788964
E605:60,E605,60,0.3,15.75,13.5,18.0,-0.122865244,-0.107570202,-0.143213646,-0.1,0.0,0.0,0.358995608,0.458995608,38.8,,0.0206,0.43378322,0.047489158,0.0029,0.006685367,0.140776699,15%,5.00%,0.4294110350805821,0.0,0.4294110350805821,0.1105913777718551,57.12803456872032,0.019047619047619,0.0005026113262463,mcfm_logistic,1.0,0.0005026113262463,-0.0926507133129328,0.0931533246391792,True,raw,0.0931533246391792,0.0,0.0,False,0.0,-0.005424797157781,asymptotic_damped,0.1,2.0,exp,0.9643690948860916,base,base,alpha_over_pi,0.006685367,0.0,0.0,0.0,0.1,0.05,0.5,2.0,0.2,1.0,/home/dustin/work/project/bT-TMD/systematics/collins_factorization_validity/data/rowidfix_stageFT_all_qmax0p20_lam0p50/E605.csv,0.15,0.05,0.007094517759760801,0.15,0.05,0.15,0.04748916,0.007094518,0.0,1.0139639,0.046296522,0.046296522,0.046943005,0.046943005,-0.07698249
E605:61,E605,61,0.5,15.75,13.5,18.0,-0.122865244,-0.107570202,-0.143213646,-0.1,0.0,0.0,0.358995608,0.458995608,38.8,,0.0188,0.260269932,0.0722327,0.00213,0.008183811,0.113297872,15%,5.00%,-0.0505729505337071,-0.0,-0.0505729505337071,-1.428287241256696,-15.005924566648371,0.0317460317460317,0.0007327793388673,mcfm_logistic,1.0,0.0007327793388673,0.0026178799773242,-0.0018851006384568,False,raw,-0.0018851006384568,0.0,-0.0,False,0.0,0.2799132676878216,asymptotic_damped,0.1,2.0,exp,0.9041309678329978,base,base,alpha_over_pi,0.008183811,0.0,0.0,0.0,0.1,0.05,0.5,2.0,0.2,1.0,/home/dustin/work/project/bT-TMD/systematics/collins_factorization_validity/data/rowidfix_stageFT_all_qmax0p20_lam0p50/E605.csv,0.15,0.05,0.00894531552584625,0.15,0.05,0.15,0.0722327,0.008945315,-0.0,1.0139639,0.069030285,0.069030285,0.06999422,0.06999422,-0.25024074
E605:62,E605,62,0.7,15.75,13.5,18.0,-0.122865244,-0.107570202,-0.143213646,-0.1,0.0,0.0,0.358995608,0.458995608,38.8,,0.0171,0.185907094,0.091981428,0.00172,0.009251933,0.100584795,15%,5.00%,-0.2682826498360939,-0.0,-0.2682826498360939,-0.3428526893416165,-38.9393306064899,0.0444444444444444,0.0009049182280009,mcfm_logistic,1.0,0.0009049182280009,0.0408174975738635,-0.0399125793458626,False,raw,-0.0399125793458626,0.0,-0.0,False,0.0,0.0221698605203174,asymptotic_damped,0.1,2.0,exp,0.8207548082982681,base,base,alpha_over_pi,0.009251933,0.0,0.0,0.0,0.1,0.05,0.5,2.0,0.2,1.0,/home/dustin/work/project/bT-TMD/systematics/collins_factorization_validity/data/rowidfix_stageFT_all_qmax0p20_lam0p50/E605.csv,0.15,0.05,0.010331975705487648,0.15,0.05,0.15,0.091981426,0.010331975,-0.0,1.0139639,0.08217275,0.08217275,0.08332021,0.08332021,-0.83829254
E605:63,E605,63,0.9,15.75,13.5,18.0,-0.122865244,-0.107570202,-0.143213646,-0.1,0.0,0.0,0.358995608,0.458995608,38.8,,0.00973,0.144594407,0.067291676,0.00116,0.00802244,0.119218911,15%,5.00%,0.0543244125789674,0.0,0.0543244125789674,1.2387004811544533,-1.6163739985631007,0.0571428571428571,0.0010312666437069,mcfm_logistic,1.0,0.0010312666437069,-0.0107565455821842,0.0117878122258912,True,raw,0.0117878122258912,0.0,0.0,False,0.0,-0.0958734043218326,asymptotic_damped,0.1,2.0,exp,0.7214222903547561,base,base,alpha_over_pi,0.00802244,0.0,0.0,0.0,0.1,0.05,0.5,2.0,0.2,1.0,/home/dustin/work/project/bT-TMD/systematics/collins_factorization_validity/data/rowidfix_stageFT_all_qmax0p20_lam0p50/E605.csv,0.15,0.05,0.008699423411975212,0.15,0.05,0.15,0.06729168,0.008699424,0.0,1.0139639,0.085757226,0.085757226,0.086954735,0.086954735,2.2602713
E605:64,E605,64,1.1,15.75,13.5,18.0,-0.122865244,-0.107570202,-0.143213646,-0.1,0.0,0.0,0.358995608,0.458995608,38.8,,0.0107,0.118304515,0.090444562,0.00109,0.009213511,0.101869159,15%,5.00%,0.2292525846655579,0.0,0.2292525846655579,0.3945192684825946,15.065703255312538,0.0698412698412698,0.0011206649834757,mcfm_logistic,1.0,0.0011206649834757,-0.029815130456755,0.0309357954402308,True,raw,0.0309357954402308,0.0,0.0,False,0.0,-0.0375871232594863,asymptotic_damped,0.1,2.0,exp,0.6139877529901079,base,base,alpha_over_pi,0.009213511,0.0,0.0,0.0,0.1,0.05,0.5,2.0,0.2,1.0,/home/dustin/work/project/bT-TMD/systematics/collins_factorization_validity/data/rowidfix_stageFT_all_qmax0p20_lam0p50/E605.csv,0.15,0.05,0.010263495113047534,0.15,0.05,0.15,0.090444565,0.010263495,0.0,1.0139639,0.081553936,0.081553936,0.08269275,0.08269275,-0.75528026
E605:65,E605,65,1.3,15.75,13.5,18.0,-0.122865244,-0.107570202,-0.143213646,-0.1,0.0,0.0,0.358995608,0.458995608,38.8,,0.00791,0.10010382,0.079017963,0.000879,0.008780884,0.111125158,15%,5.00%,-0.0316332829075678,-0.0,-0.0316332829075678,-2.497937480307997,-12.601378848367412,0.0825396825396825,0.0011799060633686,mcfm_logistic,1.0,0.0011799060633686,0.0044490675961559,-0.0032691615327872,False,raw,-0.0032691615327872,0.0,-0.0,False,0.0,0.2652029976771146,asymptotic_damped,0.1,2.0,exp,0.5059689782526505,base,base,alpha_over_pi,0.008780884,0.0,0.0,0.0,0.1,0.05,0.5,2.0,0.2,1.0,/home/dustin/work/project/bT-TMD/systematics/collins_factorization_validity/data/rowidfix_stageFT_all_qmax0p20_lam0p50/E605.csv,0.15,0.05,0.009628786009312358,0.15,0.05,0.15,0.07901796,0.009628786,-0.0,1.0139639,0.07212168,0.07212168,0.07312878,0.07312878,-0.61162204
E605:66,E605,66,1.5,15.75,13.5,18.0,-0.122865244,-0.107570202,-0.143213646,-0.1,0.0,0.0,0.358995608,0.458995608,38.8,,0.00605,0.086756644,0.069735293,0.000697,0.008033967,0.115206612,15%,5.00%,-0.1683769723360705,-0.0,-0.1683769723360705,-0.4141616993849519,-29.638193103863948,0.0952380952380952,0.0012144012762387,mcfm_logistic,1.0,0.0012144012762387,0.0163598594225636,-0.0151454581463249,False,raw,-0.0151454581463249,0.0,-0.0,False,0.0,0.0742305447052806,asymptotic_damped,0.1,2.0,exp,0.4037217086085977,base,base,alpha_over_pi,0.008033967,0.0,0.0,0.0,0.1,0.05,0.5,2.0,0.2,1.0,/home/dustin/work/project/bT-TMD/systematics/collins_factorization_validity/data/rowidfix_stageFT_all_qmax0p20_lam0p50/E605.csv,0.15,0.05,0.008757976563201035,0.15,0.05,0.15,0.069735296,0.008757977,-0.0,1.0139639,0.060046263,0.060046263,0.060884744,0.060884744,-1.0105704
E605:67,E605,67,1.7,15.75,13.5,18.0,-0.122865244,-0.107570202,-0.143213646,-0.1,0.0,0.0,0.358995608,0.458995608,38.8,,0.0035,0.07654998,0.045721762,0.000509,0.0068886044105477,0.145428571,15%,5.00%,0.0644786670749717,0.0,0.0644786670749717,0.7090990566978935,2.820904952297899,0.1079365079365079,0.0012285628738291,mcfm_logistic,1.0,0.0012285628738291,-0.0015182371104531,0.0027467999842823,True,raw,0.0027467999842823,0.0,0.0,False,0.0,-0.809203559424582,asymptotic_damped,0.1,2.0,exp,0.3119136243439433,base,base,alpha_over_pi,0.006649251,0.0018000921820888,0.0393705776712814,0.0675872935888046,0.1,0.05,0.5,2.0,0.2,1.035997048471743,/home/dustin/work/project/bT-TMD/systematics/collins_factorization_validity/data/rowidfix_stageFT_all_qmax0p20_lam0p50/E605.csv,0.15,0.05,0.007258034825348997,0.15,0.05,0.15,0.045721762,0.007258035,0.0,1.0139639,0.047489017,0.047489017,0.048152152,0.048152152,0.33485517
E605:68,E605,68,1.9,15.75,13.5,18.0,-0.122865244,-0.107570202,-0.143213646,-0.1,0.0,0.0,0.358995608,0.458995608,38.8,,0.00194,0.068492087,0.02832444,0.000359,0.0092597659113676,0.185051546,15%,5.00%,0.1765880429070481,0.0,0.1765880429070481,0.1603984025968809,28.28658596817353,0.1206349206349206,0.0012260471927746,mcfm_logistic,1.0,0.0012260471927746,-0.0059674980557645,0.0071935452485392,True,raw,0.0071935452485392,0.0,0.0,False,0.0,-0.2054541419733372,asymptotic_damped,0.1,2.0,exp,0.2333353924968319,base,base,alpha_over_pi,0.005241481,0.0076334881712075,0.2695018214378658,0.3703783688666517,0.1,0.05,0.5,2.0,0.2,1.7666315896914742,/home/dustin/work/project/bT-TMD/systematics/collins_factorization_validity/data/rowidfix_stageFT_all_qmax0p20_lam0p50/E605.csv,0.15,0.05,0.009367440925173184,0.15,0.05,0.15,0.02832444,0.009367441,0.0,1.0139639,0.035965554,0.035965554,0.036467776,0.036467776,0.86932343
E605:69,E605,69,2.1,15.75,13.5,18.0,-0.122865244,-0.107570202,-0.143213646,-0.1,0.0,0.0,0.358995608,0.458995608,38.8,,0.002,0.061969031,0.032274185,0.000366,0.0220559817936243,0.183,15%,5.00%,-0.0367187880288377,-0.0,-0.0367187880288377,-0.8789556173437115,-11.681496289449854,0.1333333333333333,0.001209920376001,mcfm_logistic,1.0,0.001209920376001,0.0035574461886945,-0.0023475258126934,False,raw,-0.0023475258126934,0.0,-0.0,False,0.0,0.3401092558606097,asymptotic_damped,0.1,2.0,exp,0.1690133154060661,base,base,alpha_over_pi,0.005906176,0.0212504921810699,0.6584362139917684,0.7407407407407398,0.1,0.05,0.5,2.0,0.2,3.734392912372469,/home/dustin/work/project/bT-TMD/systematics/collins_factorization_validity/data/rowidfix_stageFT_all_qmax0p20_lam0p50/E605.csv,0.15,0.05,0.022114935912731518,0.15,0.05,0.15,0.032274187,0.022114936,-0.0,1.0139639,0.026280196,0.026280196,0.026647171,0.026647171,-0.25444412
E605:70,E605,70,2.3,15.75,13.5,18.0,-0.122865244,-0.107570202,-0.143213646,-0.1,0.0,0.0,0.358995608,0.458995608,38.8,,0.00136,0.05658042,0.024036584,0.000294,0.0257013959535879,0.216176471,15%,5.00%,-0.1297653801576072,-0.0,-0.1297653801576072,-0.185231099163785,-29.599249781685653,0.146031746031746,0.0011827765774668,mcfm_logistic,1.0,0.0011827765774668,0.0050094791748894,-0.0038267025974225,False,raw,-0.0038267025974225,0.0,-0.0,False,0.0,0.236107694268028,asymptotic_damped,0.1,2.0,exp,0.1185373610580405,base,base,alpha_over_pi,0.005196144,0.0251706543715965,1.047181012559711,0.9821033645674612,0.1,0.05,0.5,2.0,0.2,4.94624397506843,/home/dustin/work/project/bT-TMD/systematics/collins_factorization_validity/data/rowidfix_stageFT_all_qmax0p20_lam0p50/E605.csv,0.15,0.05,0.025729480122790613,0.15,0.05,0.15,0.024036584,0.02572948,-0.0,1.0139639,0.018595748,0.018595748,0.018855417,0.018855417,-0.20137085
E605:71,E605,71,2.5,15.75,13.5,18.0,-0.122865244,-0.107570202,-0.143213646,-0.1,0.0,0.0,0.358995608,0.458995608,38.8,,0.00136,0.052053986,0.026126721,0.000288,0.0333752628585616,0.211764706,15%,5.00%,0.0664844945665008,0.0,0.0664844945665008,0.3929746502602477,7.294386025256817,0.1587301587301587,0.0011468247816577,mcfm_logistic,1.0,0.0011468247816577,0.0002207267258736,0.000926098055784,True,raw,0.000926098055784,0.0,0.0,False,0.0,5.195677039643963,asymptotic_damped,0.1,2.0,exp,0.0804977271554387,base,base,alpha_over_pi,0.005532717,0.0329134807256235,1.2597631645250684,1.0,0.1,0.05,0.5,2.0,0.2,6.032345926705019,/home/dustin/work/project/bT-TMD/systematics/collins_factorization_validity/data/rowidfix_stageFT_all_qmax0p20_lam0p50/E605.csv,0.15,0.05,0.03340081862400398,0.15,0.05,0.15,0.026126722,0.03340082,0.0,1.0139639,0.012617985,0.012617985,0.012794182,0.012794182,-0.39916807
E605:72,E605,72,2.7,15.75,13.5,18.0,-0.122865244,-0.107570202,-0.143213646,-0.1,0.0,0.0,0.358995608,0.458995608,38.8,,0.0006,0.048198136,0.012448614,0.000191,0.0187161775369105,0.318333333,15%,5.00%,0.1383773725652828,0.0,0.1383773725652828,0.0899613409997871,31.777650289298023,0.1714285714285714,0.0011039557555709,mcfm_logistic,1.0,0.0011039557555709,-0.0006073658873834,0.0017113216429543,True,raw,0.0017113216429543,0.0,0.0,False,0.0,-1.8176123791325844,asymptotic_damped,0.1,2.0,exp,0.0529305019327087,base,base,alpha_over_pi,0.003962809,0.0182918409795918,1.4693877551020402,1.0,0.1,0.05,0.5,2.0,0.2,4.72295726009267,/home/dustin/work/project/bT-TMD/systematics/collins_factorization_validity/data/rowidfix_stageFT_all_qmax0p20_lam0p50/E605.csv,0.15,0.05,0.018726524545933654,0.15,0.05,0.15,0.012448614,0.018726524,0.0,1.0139639,0.007840857,0.007840857,0.007950346,0.007950346,-0.2402084
E605:73,E605,73,2.9,15.75,13.5,18.0,-0.122865244,-0.107570202,-0.143213646,-0.1,0.0,0.0,0.358995608,0.458995608,38.8,,0.000435,0.044874126,0.009693782,0.000166,0.0168435315085012,0.381609195,15%,5.00%,-0.0516273135949466,0.0,-0.0516273135949466,-0.187764602203684,-16.576691942592095,0.1841269841269841,0.0010557932730086,mcfm_logistic,1.0,0.0010557932730086,0.0009550929797625,0.000100700293246,True,raw,0.000100700293246,0.0,0.0,False,-0.0,1.1054350679774836,asymptotic_damped,0.1,2.0,exp,0.0336994208116355,base,base,alpha_over_pi,0.003699236,0.0164322915837742,1.6951373141849326,1.0,0.1,0.05,0.5,2.0,0.2,4.553245996876446,/home/dustin/work/project/bT-TMD/systematics/collins_factorization_validity/data/rowidfix_stageFT_all_qmax0p20_lam0p50/E605.csv,0.15,0.05,0.01685050376699556,0.15,0.05,0.15,0.009693782,0.016850503,0.0,1.0139639,0.0037766849,0.0037766849,0.0038294222,0.0038294222,-0.34802282
E772:0,E772,0,0.125,5.5,5.0,6.0,0.657129378,0.608427374,0.713817525,0.2,0.1,0.3,0.273475627,0.073475627,38.8,,6.75,0.232687924,29.00881096,0.305,1.310768495,0.045185185,15%,5.00%,307.3539220828271,-0.0,307.3539220828271,0.0943824330056298,212.3526100791941,0.0227272727272727,1.28185612841459,mcfm_logistic,1.0,1.28185612841459,25.39300688724056,-24.111150758825968,False,raw,-24.111150758825968,0.0,-0.0,False,-0.0,0.0504806750183923,asymptotic_damped,0.1,2.0,exp,0.9496584431495791,base,base,alpha_over_pi,1.310768495,0.0,0.0,0.0,0.1,0.05,0.5,2.0,0.2,1.0,/home/dustin/work/project/bT-TMD/systematics/collins_factorization_validity/data/rowidfix_stageFT_all_qmax0p20_lam0p50/E772.csv,0.15,0.05,1.9549659410759836,0.15,0.05,0.15,29.00881,1.954966,-0.0,0.99789864,27.991833,27.991833,27.933012,27.933012,-0.5502899
E772:1,E772,1,0.375,5.5,5.0,6.0,0.657129378,0.608427374,0.713817525,0.2,0.1,0.3,0.273475627,0.073475627,38.8,,5.59,0.077562641,72.07077923,0.156,2.01127756,0.027906977,15%,5.00%,246.00222917101905,-0.0,246.00222917101905,0.2929679924969171,86.47809402349175,0.0681818181818181,3.718666984843814,mcfm_logistic,1.0,3.718666984843814,15.231625246059084,-11.51295826121527,False,raw,-11.51295826121527,0.0,-0.0,False,-0.0,0.2441411815725937,asymptotic_damped,0.1,2.0,exp,0.6282129780046152,base,base,alpha_over_pi,2.01127756,0.0,0.0,0.0,0.1,0.05,0.5,2.0,0.2,1.0,/home/dustin/work/project/bT-TMD/systematics/collins_factorization_validity/data/rowidfix_stageFT_all_qmax0p20_lam0p50/E772.csv,0.15,0.05,4.126830559934349,0.15,0.05,0.15,72.07078,4.1268306,-0.0,0.99789864,74.71497,74.71497,74.55797,74.55797,0.6026878
E772:2,E772,2,0.625,5.5,5.0,6.0,0.657129378,0.608427374,0.713817525,0.2,0.1,0.3,0.273475627,0.073475627,38.8,,4.84,0.046537585,104.0019593,0.122,12.536703411454353,0.025206612,15%,5.00%,-208.0609411695541,0.0,-208.0609411695541,-0.4998629666643975,-119.03814500458982,0.1136363636363636,5.967124898668001,mcfm_logistic,1.0,5.967124898668001,-3.466344299049397,9.4334691977174,True,raw,9.4334691977174,0.0,0.0,False,-0.0,-1.7214461068695377,asymptotic_damped,0.1,2.0,exp,0.2749070292172626,base,base,alpha_over_pi,2.621536991,12.259546330578056,0.1178780324245108,0.1825694966190825,0.1,0.05,0.5,2.0,0.2,4.782195885274217,/home/dustin/work/project/bT-TMD/systematics/collins_factorization_validity/data/rowidfix_stageFT_all_qmax0p20_lam0p50/E772.csv,0.15,0.05,13.57239666648335,0.15,0.05,0.15,104.00196,13.572396,0.0,0.99789864,98.11854,98.11854,97.91235,97.91235,-0.4486759
E772:3,E772,3,0.875,5.5,5.0,6.0,0.657129378,0.608427374,0.713817525,0.2,0.1,0.3,0.273475627,0.073475627,38.8,,3.5,0.033241132,105.2912398,0.0903,133.27331714800067,0.0258,15%,5.00%,15.149470274254057,0.0,15.149470274254057,6.950159833571107,-33.18288438429043,0.1590909090909091,7.9888423567317774,mcfm_logistic,1.0,7.9888423567317774,0.3239275244204904,7.664914832311287,True,raw,7.664914832311287,0.0,0.0,False,0.0,24.662437596261377,asymptotic_damped,0.1,2.0,exp,0.0795800587655674,base,base,alpha_over_pi,2.716513986,133.24562887913223,1.265495867768595,1.0,0.1,0.05,0.5,2.0,0.2,49.06042002170671,/home/dustin/work/project/bT-TMD/systematics/collins_factorization_validity/data/rowidfix_stageFT_all_qmax0p20_lam0p50/E772.csv,0.15,0.05,133.37725696901296,0.15,0.05,0.15,105.29124,133.37726,0.0,0.99789864,94.95662,94.95662,94.75708,94.75708,-0.078980155
E772:11,E772,11,0.125,6.5,6.0,7.0,0.566184669,0.529232258,0.608427374,0.2,0.1,0.3,0.295102242,0.095102242,38.8,,2.87,0.19665093,14.59438813,0.153,0.778028357,0.053310105,15%,5.00%,177.5885120059525,-0.0,177.5885120059525,0.082180924684536,209.4963794178938,0.0192307692307692,0.4956750145013026,mcfm_logistic,1.0,0.4956750145013026,12.142618371120683,-11.646943356619383,False,raw,-11.646943356619383,0.0,-0.0,False,-0.0,0.0408210979997681,asymptotic_damped,0.1,2.0,exp,0.9636932421778476,base,base,alpha_over_pi,0.778028357,0.0,0.0,0.0,0.1,0.05,0.5,2.0,0.2,1.0,/home/dustin/work/project/bT-TMD/systematics/collins_factorization_validity/data/rowidfix_stageFT_all_qmax0p20_lam0p50/E772.csv,0.15,0.05,1.0666857721554328,0.15,0.05,0.15,14.594388,1.0666858,-0.0,0.99789864,13.607857,13.607857,13.579262,13.579262,-0.9516638
E772:12,E772,12,0.375,6.5,6.0,7.0,0.566184669,0.529232258,0.608427374,0.2,0.1,0.3,0.295102242,0.095102242,38.8,,2.28,0.06555031,34.78244419,0.0765,1.167042535,0.033552632,15%,5.00%,140.78334396777194,-0.0,140.78334396777194,0.2470636313196423,90.82865156904666,0.0576923076923076,1.3975579017417146,mcfm_logistic,1.0,1.3975579017417146,7.688756251020536,-6.291198349278822,False,raw,-6.291198349278822,0.0,-0.0,False,-0.0,0.1817664464985758,asymptotic_damped,0.1,2.0,exp,0.7168847168850356,base,base,alpha_over_pi,1.167042535,0.0,0.0,0.0,0.1,0.05,0.5,2.0,0.2,1.0,/home/dustin/work/project/bT-TMD/systematics/collins_factorization_validity/data/rowidfix_stageFT_all_qmax0p20_lam0p50/E772.csv,0.15,0.05,2.09440548559141,0.15,0.05,0.15,34.782444,2.0944054,-0.0,0.99789864,37.13813,37.13813,37.06009,37.06009,1.0874901
E772:13,E772,13,0.625,6.5,6.0,7.0,0.566184669,0.529232258,0.608427374,0.2,0.1,0.3,0.295102242,0.095102242,38.8,,2.08,0.039330186,52.88558766,0.0625,1.589110206,0.030048077,15%,5.00%,-123.06102304811844,0.0,-123.06102304811844,-0.4297509182848338,-110.72020684518743,0.0961538461538461,2.192867670198636,mcfm_logistic,1.0,2.192867670198636,-2.926787201935245,5.11965487213388,True,raw,5.11965487213388,0.0,0.0,False,-0.0,-0.7492405559067196,asymptotic_damped,0.1,2.0,exp,0.3967074336104218,base,base,alpha_over_pi,1.589110206,0.0,0.0,0.0,0.1,0.05,0.5,2.0,0.2,1.0,/home/dustin/work/project/bT-TMD/systematics/collins_factorization_validity/data/rowidfix_stageFT_all_qmax0p20_lam0p50/E772.csv,0.15,0.05,3.085042090826675,0.15,0.05,0.15,52.885586,3.085042,0.0,0.99789864,51.464172,51.464172,51.356026,51.356026,-0.4957988
E772:14,E772,14,0.875,6.5,6.0,7.0,0.566184669,0.529232258,0.608427374,0.2,0.1,0.3,0.295102242,0.095102242,38.8,,1.35,0.02809299,48.05469263,0.0413,33.74287136763444,0.030592593,15%,5.00%,6.761025499728177,0.0,6.761025499728177,7.107604110046917,-28.08868227634077,0.1346153846153846,2.883931527323341,mcfm_logistic,1.0,2.883931527323341,0.1677794561324958,2.716152071190846,True,raw,2.716152071190846,0.0,0.0,False,0.0,17.188823910871985,asymptotic_damped,0.1,2.0,exp,0.1633058954798852,base,base,alpha_over_pi,1.470117634,33.71083093421055,0.7015096567939603,0.7742375967228036,0.1,0.05,0.5,2.0,0.2,22.952497533020168,/home/dustin/work/project/bT-TMD/systematics/collins_factorization_validity/data/rowidfix_stageFT_all_qmax0p20_lam0p50/E772.csv,0.15,0.05,33.82830917799667,0.15,0.05,0.15,48.05469,33.82831,0.0,0.99789864,55.30893,55.30893,55.192707,55.192707,0.21100718
E772:15,E772,15,1.125,6.5,6.0,7.0,0.566184669,0.529232258,0.608427374,0.2,0.1,0.3,0.295102242,0.095102242,38.8,,1.05,0.021850103,48.05469263,0.0356,71.99384711043552,0.033904762,15%,5.00%,107.35367893509232,0.0,107.35367893509232,0.447629677032816,36.39575783207645,0.173076923076923,3.468365797802321,mcfm_logistic,1.0,3.468365797802321,0.3913359651749511,3.07702983262737,True,raw,3.07702983262737,0.0,0.0,False,0.0,8.862885363096515,asymptotic_damped,0.1,2.0,exp,0.0500085078925841,base,base,alpha_over_pi,1.629282912,71.97540870987417,1.4977810650887555,1.0,0.1,0.05,0.5,2.0,0.2,44.1874438013105,/home/dustin/work/project/bT-TMD/systematics/collins_factorization_validity/data/rowidfix_stageFT_all_qmax0p20_lam0p50/E772.csv,0.15,0.05,72.03393058462224,0.15,0.05,0.15,48.05469,72.03393,0.0,0.99789864,51.1808,51.1808,51.073254,51.073254,0.04190473
E772:24,E772,24,0.125,7.5,7.0,8.0,0.496661243,0.467755333,0.529232258,0.2,0.1,0.3,0.317633847,0.117633847,38.8,,1.68,0.170284035,9.865869112,0.12,0.704704937,0.071428571,15%,5.00%,106.2939491516155,-0.0,106.2939491516155,0.0928168460269316,136.83468779163027,0.0166666666666666,0.2077672594035069,mcfm_logistic,1.0,0.2077672594035069,5.975387478624516,-5.767620219221008,False,raw,-5.767620219221008,0.0,-0.0,False,-0.0,0.0347705082133574,asymptotic_damped,0.1,2.0,exp,0.9726044771163485,base,base,alpha_over_pi,0.704704937,0.0,0.0,0.0,0.1,0.05,0.5,2.0,0.2,1.0,/home/dustin/work/project/bT-TMD/systematics/collins_factorization_validity/data/rowidfix_stageFT_all_qmax0p20_lam0p50/E772.csv,0.15,0.05,0.8602020004452229,0.15,0.05,0.15,9.8658695,0.860202,-0.0,0.99789864,8.546337,8.546337,8.5283785,8.5283785,-1.5548569
E772:25,E772,25,0.375,7.5,7.0,8.0,0.496661243,0.467755333,0.529232258,0.2,0.1,0.3,0.317633847,0.117633847,38.8,,1.16,0.056761345,20.43644316,0.051,0.898498794,0.043965517,15%,5.00%,83.48617254376163,-0.0,83.48617254376163,0.2447883588062162,70.1723027396313,0.05,0.573743692120499,mcfm_logistic,1.0,0.573743692120499,3.6340511862783913,-3.0603074941578923,False,raw,-3.0603074941578923,0.0,-0.0,False,-0.0,0.1578799149243867,asymptotic_damped,0.1,2.0,exp,0.7788007830714049,base,base,alpha_over_pi,0.898498794,0.0,0.0,0.0,0.1,0.05,0.5,2.0,0.2,1.0,/home/dustin/work/project/bT-TMD/systematics/collins_factorization_validity/data/rowidfix_stageFT_all_qmax0p20_lam0p50/E772.csv,0.15,0.05,1.3606691755894345,0.15,0.05,0.15,20.436443,1.3606691,-0.0,0.99789864,22.180283,22.180283,22.133675,22.133675,1.2473505
E772:26,E772,26,0.625,7.5,7.0,8.0,0.496661243,0.467755333,0.529232258,0.2,0.1,0.3,0.317633847,0.117633847,38.8,,0.97,0.034056807,28.48182452,0.0362,1.062929946,0.037319588,15%,5.00%,-75.28829463448358,0.0,-75.28829463448358,-0.3783034887199416,-97.62648944550818,0.0833333333333333,0.8851312542353392,mcfm_logistic,1.0,0.8851312542353392,-2.371960841039223,3.257092095274562,True,raw,3.257092095274562,0.0,0.0,False,-0.0,-0.3731643621264583,asymptotic_damped,0.1,2.0,exp,0.4993517885992762,base,base,alpha_over_pi,1.062929946,0.0,0.0,0.0,0.1,0.05,0.5,2.0,0.2,1.0,/home/dustin/work/project/bT-TMD/systematics/collins_factorization_validity/data/rowidfix_stageFT_all_qmax0p20_lam0p50/E772.csv,0.15,0.05,1.7770357030948325,0.15,0.05,0.15,28.481825,1.7770357,0.0,0.99789864,28.190342,28.190342,28.131104,28.131104,-0.19736315
E772:27,E772,27,0.875,7.5,7.0,8.0,0.496661243,0.467755333,0.529232258,0.2,0.1,0.3,0.317633847,0.117633847,38.8,,0.73,0.024326291,30.00868521,0.0278,5.416666858182613,0.038082192,15%,5.00%,2.905708700499324,0.0,2.905708700499324,10.327492637112329,-23.71636279155463,0.1166666666666666,1.1476613152261363,mcfm_logistic,1.0,1.1476613152261363,-0.0542487512130128,1.201910066439149,True,raw,1.201910066439149,0.0,0.0,False,0.0,-21.15553426694996,asymptotic_damped,0.1,2.0,exp,0.2563757566864124,base,base,alpha_over_pi,1.142796505,5.29474229785489,0.1764403292181054,0.2592592592592573,0.1,0.05,0.5,2.0,0.2,4.739834987667042,/home/dustin/work/project/bT-TMD/systematics/collins_factorization_validity/data/rowidfix_stageFT_all_qmax0p20_lam0p50/E772.csv,0.15,0.05,5.620639004829974,0.15,0.05,0.15,30.008686,5.620639,0.0,0.99789864,27.648405,27.648405,27.590305,27.590305,-0.43026796
E772:28,E772,28,1.125,7.5,7.0,8.0,0.496661243,0.467755333,0.529232258,0.2,0.1,0.3,0.317633847,0.117633847,38.8,,0.534,0.018920448,28.22343271,0.0224,31.773426089266867,0.041947566,15%,5.00%,63.48747482282715,0.0,63.48747482282715,0.444551193582079,29.78622708045806,0.15,1.3641493782672087,mcfm_logistic,1.0,1.3641493782672087,0.3681418744236765,0.9960075038435322,True,raw,0.9960075038435322,0.0,0.0,False,0.0,3.705499083479093,asymptotic_damped,0.1,2.0,exp,0.1053992245618643,base,base,alpha_over_pi,1.183904293,31.751361798749997,1.1249999999999998,1.0,0.1,0.05,0.5,2.0,0.2,26.83783332582853,/home/dustin/work/project/bT-TMD/systematics/collins_factorization_validity/data/rowidfix_stageFT_all_qmax0p20_lam0p50/E772.csv,0.15,0.05,31.804748243539738,0.15,0.05,0.15,28.223433,31.804749,0.0,0.99789864,24.232994,24.232994,24.182072,24.182072,-0.12706785
E772:29,E772,29,1.375,7.5,7.0,8.0,0.496661243,0.467755333,0.529232258,0.2,0.1,0.3,0.317633847,0.117633847,38.8,,0.357,0.015480367,23.06146905,0.0177,38.77294234463086,0.049579832,15%,5.00%,-37.2295040595049,0.0,-37.2295040595049,-0.6194406729979599,-52.730303874094645,0.1833333333333333,1.53637613492786,mcfm_logistic,1.0,1.53637613492786,-0.0730439995201463,1.6094201344480064,True,raw,1.6094201344480064,0.0,0.0,False,-0.0,-21.033570793232776,asymptotic_damped,0.1,2.0,exp,0.0346966856461565,base,base,alpha_over_pi,1.14338376,38.75607993124998,1.6805555555555547,1.0,0.1,0.05,0.5,2.0,0.2,33.91069884063323,/home/dustin/work/project/bT-TMD/systematics/collins_factorization_validity/data/rowidfix_stageFT_all_qmax0p20_lam0p50/E772.csv,0.15,0.05,38.79008425418704,0.15,0.05,0.15,23.061468,38.790085,0.0,0.99789864,20.410229,20.410229,20.36734,20.36734,-0.06945404
E772:38,E772,38,0.125,8.5,8.0,9.0,0.441943177,0.418764037,0.467755333,0.2,0.1,0.3,0.340816556,0.140816556,38.8,,0.755,0.150155282,5.028128137,0.0752,0.500814882,0.099602649,15%,5.00%,64.80399055719191,-0.0,64.80399055719191,0.0775897918286759,119.35720077142577,0.0147058823529411,0.0925299897061875,mcfm_logistic,1.0,0.0925299897061875,3.0136966230318145,-2.921166633325627,False,raw,-2.921166633325627,0.0,-0.0,False,-0.0,0.0307031533960778,asymptotic_damped,0.1,2.0,exp,0.9786058741123348,base,base,alpha_over_pi,0.500814882,0.0,0.0,0.0,0.1,0.05,0.5,2.0,0.2,1.0,/home/dustin/work/project/bT-TMD/systematics/collins_factorization_validity/data/rowidfix_stageFT_all_qmax0p20_lam0p50/E772.csv,0.15,0.05,0.5603755235892282,0.15,0.05,0.15,5.028128,0.5603755,-0.0,0.99789864,4.7032747,4.7032747,4.6933913,4.6933913,-0.5973438
E772:39,E772,39,0.375,8.5,8.0,9.0,0.441943177,0.418764037,0.467755333,0.2,0.1,0.3,0.340816556,0.140816556,38.8,,0.639,0.050051761,12.76678363,0.0367,0.733240938,0.05743349,15%,5.00%,50.451661510816216,-0.0,50.451661510816216,0.2530498153616399,51.39494527352238,0.0441176470588235,0.2513398106939202,mcfm_logistic,1.0,0.2513398106939202,1.576657241294234,-1.325317430600314,False,raw,-1.325317430600314,0.0,-0.0,False,-0.0,0.1594130950666248,asymptotic_damped,0.1,2.0,exp,0.8231336661393045,base,base,alpha_over_pi,0.733240938,0.0,0.0,0.0,0.1,0.05,0.5,2.0,0.2,1.0,/home/dustin/work/project/bT-TMD/systematics/collins_factorization_validity/data/rowidfix_stageFT_all_qmax0p20_lam0p50/E772.csv,0.15,0.05,0.9721724043590262,0.15,0.05,0.15,12.766784,0.9721724,-0.0,0.99789864,12.447054,12.447054,12.420898,12.420898,-0.35578597
E772:40,E772,40,0.625,8.5,8.0,9.0,0.441943177,0.418764037,0.467755333,0.2,0.1,0.3,0.340816556,0.140816556,38.8,,0.453,0.030031056,15.08438441,0.0229,0.762543936,0.050551876,15%,5.00%,-46.83726638516332,0.0,-46.83726638516332,-0.3220594533838613,-81.2040432974649,0.0735294117647058,0.3824677908919622,mcfm_logistic,1.0,0.3824677908919622,-1.8905118815147608,2.2729796724067235,True,raw,2.2729796724067235,0.0,0.0,False,-0.0,-0.2023091177747649,asymptotic_damped,0.1,2.0,exp,0.5823652565976384,base,base,alpha_over_pi,0.762543936,0.0,0.0,0.0,0.1,0.05,0.5,2.0,0.2,1.0,/home/dustin/work/project/bT-TMD/systematics/collins_factorization_validity/data/rowidfix_stageFT_all_qmax0p20_lam0p50/E772.csv,0.15,0.05,1.0725296671430584,0.15,0.05,0.15,15.084384,1.0725297,0.0,0.99789864,16.464157,16.464157,16.42956,16.42956,1.2542084
E772:41,E772,41,0.875,8.5,8.0,9.0,0.441943177,0.418764037,0.467755333,0.2,0.1,0.3,0.340816556,0.140816556,38.8,,0.387,0.021450755,18.04132334,0.0192,0.9001365081772164,0.049612403,15%,5.00%,1.1181067999933647,0.0,1.1181067999933647,16.13559933640245,-18.90707111457475,0.1029411764705882,0.4900373415414785,mcfm_logistic,1.0,0.4900373415414785,-0.2215519053501283,0.7115892468916067,True,raw,0.7115892468916067,0.0,0.0,False,0.0,-2.2118398881158376,asymptotic_damped,0.1,2.0,exp,0.3465637199446261,base,base,alpha_over_pi,0.895073406,0.095337984167021,0.0052844230087958,0.0099735395888456,0.1,0.05,0.5,2.0,0.2,1.0056566334596433,/home/dustin/work/project/bT-TMD/systematics/collins_factorization_validity/data/rowidfix_stageFT_all_qmax0p20_lam0p50/E772.csv,0.15,0.05,1.2743504631770428,0.15,0.05,0.15,18.041323,1.2743504,0.0,0.99789864,17.079817,17.079817,17.043926,17.043926,-0.7826705
E772:42,E772,42,1.125,8.5,8.0,9.0,0.441943177,0.418764037,0.467755333,0.2,0.1,0.3,0.340816556,0.140816556,38.8,,0.239,0.01668392,14.32517036,0.0131,8.995686243372472,0.054811715,15%,5.00%,38.26755946423044,0.0,38.26755946423044,0.3743424080490438,30.49258859918858,0.1323529411764706,0.576496302722066,mcfm_logistic,1.0,0.576496302722066,0.2610494374438302,0.3154468652782357,True,raw,0.3154468652782357,0.0,0.0,False,0.0,2.208379793371936,asymptotic_damped,0.1,2.0,exp,0.1734735564147631,base,base,alpha_over_pi,0.785187162,8.961353252150655,0.6255669585035675,0.714227559535925,0.1,0.05,0.5,2.0,0.2,11.456741371648242,/home/dustin/work/project/bT-TMD/systematics/collins_factorization_validity/data/rowidfix_stageFT_all_qmax0p20_lam0p50/E772.csv,0.15,0.05,9.024156318116852,0.15,0.05,0.15,14.3251705,9.024157,0.0,0.99789864,15.820161,15.820161,15.786917,15.786917,0.16198148
E772:43,E772,43,1.375,8.5,8.0,9.0,0.441943177,0.418764037,0.467755333,0.2,0.1,0.3,0.340816556,0.140816556,38.8,,0.172,0.01365048,12.60028932,0.0105,16.504040068740267,0.061046512,15%,5.00%,-23.349003557266272,0.0,-23.349003557266272,-0.5396499807409878,-46.7357248845533,0.1617647058823529,0.6436003223647064,mcfm_logistic,1.0,0.6436003223647064,-0.1035622863390458,0.7471626087037522,True,raw,0.7471626087037522,0.0,0.0,False,-0.0,-6.214620641510998,asymptotic_damped,0.1,2.0,exp,0.0730375192951344,base,base,alpha_over_pi,0.769203708,16.486105187283723,1.3083910034602066,1.0,0.1,0.05,0.5,2.0,0.2,21.456006903102796,/home/dustin/work/project/bT-TMD/systematics/collins_factorization_validity/data/rowidfix_stageFT_all_qmax0p20_lam0p50/E772.csv,0.15,0.05,16.51606057199941,0.15,0.05,0.15,12.600289,16.51606,0.0,0.99789864,13.750595,13.750595,13.7217,13.7217,0.06789818
E772:44,E772,44,1.625,8.5,8.0,9.0,0.441943177,0.418764037,0.467755333,0.2,0.1,0.3,0.340816556,0.140816556,38.8,,0.12,0.011550406,10.38924489,0.00867,19.00036891860803,0.07225,15%,5.00%,-7.568699741201031,0.0,-7.568699741201031,-1.3726591416283869,-23.92405507807804,0.1911764705882352,0.6928136181253753,mcfm_logistic,1.0,0.6928136181253753,-0.0072786269300042,0.7000922450553796,True,raw,0.7000922450553796,0.0,0.0,False,-0.0,-95.18465842361375,asymptotic_damped,0.1,2.0,exp,0.0258655246734638,base,base,alpha_over_pi,0.750622943,18.98553618522922,1.8274221453287176,1.0,0.1,0.05,0.5,2.0,0.2,25.312800648844583,/home/dustin/work/project/bT-TMD/systematics/collins_factorization_validity/data/rowidfix_stageFT_all_qmax0p20_lam0p50/E772.csv,0.15,0.05,19.007468533886016,0.15,0.05,0.15,10.389245,19.00747,0.0,0.99789864,11.083091,11.083091,11.059801,11.059801,0.035278555
E772:52,E772,52,0.125,11.5,11.0,12.0,0.33129753,0.317949187,0.345794618,0.2,0.1,0.3,0.412806763,0.212806763,38.8,,0.0868,0.110857587,0.782986556,0.0294,0.265205124,0.338709677,15%,5.00%,14.525056914469642,-0.0,14.525056914469642,0.0539059199981516,51.81676036723047,0.0108695652173913,0.010386936621029,mcfm_logistic,1.0,0.010386936621029,0.3453735908370936,-0.3349866542160646,False,raw,-0.3349866542160646,0.0,-0.0,False,-0.0,0.030074495840443,asymptotic_damped,0.1,2.0,exp,0.9882547752393218,base,base,alpha_over_pi,0.265205124,0.0,0.0,0.0,0.1,0.05,0.5,2.0,0.2,1.0,/home/dustin/work/project/bT-TMD/systematics/collins_factorization_validity/data/rowidfix_stageFT_all_qmax0p20_lam0p50/E772.csv,0.15,0.05,0.2680791444015129,0.15,0.05,0.15,0.7829866,0.26807913,-0.0,0.99789864,0.68431056,0.68431056,0.6828726,0.6828726,-0.3734494
E772:53,E772,53,0.375,11.5,11.0,12.0,0.33129753,0.317949187,0.345794618,0.2,0.1,0.3,0.412806763,0.212806763,38.8,,0.0916,0.036952529,2.478856055,0.0169,0.45734353,0.184497817,15%,5.00%,11.063980680597254,0.0,11.063980680597254,0.2240473954683538,18.77171986142945,0.0326086956521739,0.0271213543760203,mcfm_logistic,1.0,0.0271213543760203,-0.0804170578985918,0.1075384122746121,True,raw,0.1075384122746121,0.0,0.0,False,0.0,-0.337258724513661,asymptotic_damped,0.1,2.0,exp,0.8991254563788881,base,base,alpha_over_pi,0.45734353,0.0,0.0,0.0,0.1,0.05,0.5,2.0,0.2,1.0,/home/dustin/work/project/bT-TMD/systematics/collins_factorization_validity/data/rowidfix_stageFT_all_qmax0p20_lam0p50/E772.csv,0.15,0.05,0.4738406090515948,0.15,0.05,0.15,2.478856,0.4738406,0.0,0.99789864,1.7856901,1.7856901,1.7819377,1.7819377,-1.4707866
E772:54,E772,54,0.625,11.5,11.0,12.0,0.33129753,0.317949187,0.345794618,0.2,0.1,0.3,0.412806763,0.212806763,38.8,,0.0378,0.022171517,1.704890082,0.00769,0.346841395,0.203439153,15%,5.00%,-11.008656224634075,0.0,-11.008656224634075,-0.1548681371469268,-36.65521615905759,0.0543478260869565,0.0399166992038151,mcfm_logistic,1.0,0.0399166992038151,-0.7397935553696521,0.7797102545734672,True,raw,0.7797102545734672,0.0,0.0,False,-0.0,-0.0539565381640422,asymptotic_damped,0.1,2.0,exp,0.7442571887815229,base,base,alpha_over_pi,0.346841395,0.0,0.0,0.0,0.1,0.05,0.5,2.0,0.2,1.0,/home/dustin/work/project/bT-TMD/systematics/collins_factorization_validity/data/rowidfix_stageFT_all_qmax0p20_lam0p50/E772.csv,0.15,0.05,0.3571632382606039,0.15,0.05,0.15,1.7048901,0.35716325,0.0,0.99789864,2.3044071,2.3044071,2.2995648,2.2995648,1.6649941
E772:55,E772,55,0.875,11.5,11.0,12.0,0.33129753,0.317949187,0.345794618,0.2,0.1,0.3,0.412806763,0.212806763,38.8,,0.0373,0.015836798,2.355274076,0.00644,0.406647857,0.172654155,15%,5.00%,-0.1041404075890325,0.0,-0.1041404075890325,-22.616332416275696,-6.048020274182909,0.0760869565217391,0.0496353641050617,mcfm_logistic,1.0,0.0496353641050617,-0.2554582274823034,0.3050935915873651,True,raw,0.3050935915873651,0.0,0.0,False,-0.0,-0.1942993365069839,asymptotic_damped,0.1,2.0,exp,0.5605019848437717,base,base,alpha_over_pi,0.406647857,0.0,0.0,0.0,0.1,0.05,0.5,2.0,0.2,1.0,/home/dustin/work/project/bT-TMD/systematics/collins_factorization_validity/data/rowidfix_stageFT_all_qmax0p20_lam0p50/E772.csv,0.15,0.05,0.42335655130798033,0.15,0.05,0.15,2.355274,0.42335656,0.0,0.99789864,2.340117,2.340117,2.3351996,2.3351996,-0.047417164
E772:56,E772,56,1.125,11.5,11.0,12.0,0.33129753,0.317949187,0.345794618,0.2,0.1,0.3,0.412806763,0.212806763,38.8,,0.0359,0.01231751,2.914550187,0.00541,0.439212159,0.150696379,15%,5.00%,8.339995755568703,0.0,8.339995755568703,0.3494666271327445,12.352676166619291,0.0978260869565217,0.0568262152178761,mcfm_logistic,1.0,0.0568262152178761,-0.0019828762326812,0.0588090914505573,True,raw,0.0588090914505573,0.0,0.0,False,0.0,-28.658478164840727,asymptotic_damped,0.1,2.0,exp,0.3840454673207701,base,base,alpha_over_pi,0.439212159,0.0,0.0,0.0,0.1,0.05,0.5,2.0,0.2,1.0,/home/dustin/work/project/bT-TMD/systematics/collins_factorization_validity/data/rowidfix_stageFT_all_qmax0p20_lam0p50/E772.csv,0.15,0.05,0.4627567693667977,0.15,0.05,0.15,2.9145503,0.46275678,0.0,0.99789864,2.1917148,2.1917148,2.1871092,2.1871092,-1.5719728
E772:57,E772,57,1.375,11.5,11.0,12.0,0.33129753,0.317949187,0.345794618,0.2,0.1,0.3,0.412806763,0.212806763,38.8,,0.0155,0.010077962,1.538009307,0.00342,0.5044637577666518,0.220645161,15%,5.00%,-5.587511301020203,0.0,-5.587511301020203,-0.2752583796509155,-20.997289134255062,0.1195652173913043,0.0618937969039878,mcfm_logistic,1.0,0.0618937969039878,-0.1016433787270605,0.1635371756310484,True,raw,0.1635371756310484,0.0,0.0,False,-0.0,-0.6089309277113778,asymptotic_damped,0.1,2.0,exp,0.2394084665008489,base,base,alpha_over_pi,0.339354312,0.373259070656103,0.2426897346831874,0.3395249445220663,0.1,0.05,0.5,2.0,0.2,1.4865399964820596,/home/dustin/work/project/bT-TMD/systematics/collins_factorization_validity/data/rowidfix_stageFT_all_qmax0p20_lam0p50/E772.csv,0.15,0.05,0.5102914505173466,0.15,0.05,0.15,1.5380093,0.51029146,0.0,0.99789864,2.0432138,2.0432138,2.0389204,2.0389204,0.9816177
E772:58,E772,58,1.625,11.5,11.0,12.0,0.33129753,0.317949187,0.345794618,0.2,0.1,0.3,0.412806763,0.212806763,38.8,,0.0111,0.008527507,1.301670047,0.0025,1.230701901481747,0.225225225,15%,5.00%,-1.9666460193493989,0.0,-1.9666460193493989,-0.6618730743576393,-11.148234833403505,0.1413043478260869,0.0651599969201509,mcfm_logistic,1.0,0.0651599969201509,-0.0172084452046433,0.0823684421247943,True,raw,0.0823684421247943,0.0,0.0,False,-0.0,-3.7865127351870673,asymptotic_damped,0.1,2.0,exp,0.135783731102775,base,base,alpha_over_pi,0.293168929,1.1952736713321266,0.918261639412316,0.9197830196432962,0.1,0.05,0.5,2.0,0.2,4.197927473691276,/home/dustin/work/project/bT-TMD/systematics/collins_factorization_validity/data/rowidfix_stageFT_all_qmax0p20_lam0p50/E772.csv,0.15,0.05,1.2324216131620422,0.15,0.05,0.15,1.3016701,1.2324216,0.0,0.99789864,1.8793786,1.8793786,1.8754293,1.8754293,0.4655543
E772:59,E772,59,1.875,11.5,11.0,12.0,0.33129753,0.317949187,0.345794618,0.2,0.1,0.3,0.412806763,0.212806763,38.8,,0.00945,0.007390506,1.278667561,0.00246,1.7318409911140733,0.26031746,15%,5.00%,7.213821218675067,0.0,7.213821218675067,0.1772524605530559,17.830807894386464,0.1630434782608695,0.0668939670528072,mcfm_logistic,1.0,0.0668939670528072,0.0260080510537181,0.040885915999089,True,raw,0.040885915999089,0.0,0.0,False,0.0,2.572048436641462,asymptotic_damped,0.1,2.0,exp,0.0700660030590995,base,base,alpha_over_pi,0.332859492,1.6995522284085527,1.3291587901701314,1.0,0.1,0.05,0.5,2.0,0.2,5.202919047638495,/home/dustin/work/project/bT-TMD/systematics/collins_factorization_validity/data/rowidfix_stageFT_all_qmax0p20_lam0p50/E772.csv,0.15,0.05,1.7330206852002257,0.15,0.05,0.15,1.2786676,1.7330207,0.0,0.99789864,1.6152754,1.6152754,1.6118811,1.6118811,0.19227327
E772:60,E772,60,2.125,11.5,11.0,12.0,0.33129753,0.317949187,0.345794618,0.2,0.1,0.3,0.412806763,0.212806763,38.8,,0.00506,0.006521035,0.775950502,0.00158,1.346701902786814,0.312252964,15%,5.00%,-2.8679578189615023,0.0,-2.8679578189615023,-0.2705585475734,-15.039273388369253,0.1847826086956521,0.0673287902581367,mcfm_logistic,1.0,0.0673287902581367,0.0026355934869818,0.0646931967711549,True,raw,0.0646931967711549,0.0,0.0,False,-0.0,25.54596928194642,asymptotic_damped,0.1,2.0,exp,0.0328941237154222,base,base,alpha_over_pi,0.242292844,1.3247264595817572,1.7072306238185242,1.0,0.1,0.05,0.5,2.0,0.2,5.558157973443136,/home/dustin/work/project/bT-TMD/systematics/collins_factorization_validity/data/rowidfix_stageFT_all_qmax0p20_lam0p50/E772.csv,0.15,0.05,1.347260651441847,0.15,0.05,0.15,0.7759505,1.3472606,0.0,0.99789864,1.2309073,1.2309073,1.2283207,1.2283207,0.3357704
E772:63,E772,63,0.125,12.5,12.0,13.0,0.305620061,0.294199157,0.317949187,0.2,0.1,0.3,0.43732811,0.23732811,38.8,,0.0292,0.101965218,0.286372162,0.0215,0.210856215,0.73630137,15%,5.00%,8.556944385024881,-0.0,8.556944385024881,0.0334666382197326,39.22375360396601,0.01,0.0052571905349143,mcfm_logistic,1.0,0.0052571905349143,0.1146484905933903,-0.1093913000584759,False,raw,-0.1093913000584759,0.0,-0.0,False,-0.0,0.0458548604321308,asymptotic_damped,0.1,2.0,exp,0.990049833749168,base,base,alpha_over_pi,0.210856215,0.0,0.0,0.0,0.1,0.05,0.5,2.0,0.2,1.0,/home/dustin/work/project/bT-TMD/systematics/collins_factorization_validity/data/rowidfix_stageFT_all_qmax0p20_lam0p50/E772.csv,0.15,0.05,0.21134182251047146,0.15,0.05,0.15,0.28637215,0.21134183,-0.0,0.99789864,0.30574802,0.30574802,0.30510554,0.30510554,0.0886402
E772:64,E772,64,0.375,12.5,12.0,13.0,0.305620061,0.294199157,0.317949187,0.2,0.1,0.3,0.43732811,0.23732811,38.8,,0.0184,0.033988406,0.541361074,0.00683,0.200950877,0.371195652,15%,5.00%,6.485502050931672,0.0,6.485502050931672,0.0834725006250257,29.580069844291703,0.03,0.0135630314332124,mcfm_logistic,1.0,0.0135630314332124,-0.1479913869337021,0.1615544183669146,True,raw,0.1615544183669146,0.0,0.0,False,0.0,-0.0916474378288547,asymptotic_damped,0.1,2.0,exp,0.9139311852712282,base,base,alpha_over_pi,0.200950877,0.0,0.0,0.0,0.1,0.05,0.5,2.0,0.2,1.0,/home/dustin/work/project/bT-TMD/systematics/collins_factorization_validity/data/rowidfix_stageFT_all_qmax0p20_lam0p50/E772.csv,0.15,0.05,0.20276571332001675,0.15,0.05,0.15,0.5413611,0.20276572,0.0,0.99789864,0.8510436,0.8510436,0.8492552,0.8492552,1.5184722
E772:65,E772,65,0.625,12.5,12.0,13.0,0.305620061,0.294199157,0.317949187,0.2,0.1,0.3,0.43732811,0.23732811,38.8,,0.0291,0.020393044,1.426957179,0.00777,0.381012278,0.267010309,15%,5.00%,-6.553055980538328,0.0,-6.553055980538328,-0.2177544619240039,-20.94424148593534,0.05,0.0197601439831428,mcfm_logistic,1.0,0.0197601439831428,-0.4666271430294548,0.4863872870125977,True,raw,0.4863872870125977,0.0,0.0,False,-0.0,-0.0423467521731703,asymptotic_damped,0.1,2.0,exp,0.7788007830714049,base,base,alpha_over_pi,0.381012278,0.0,0.0,0.0,0.1,0.05,0.5,2.0,0.2,1.0,/home/dustin/work/project/bT-TMD/systematics/collins_factorization_validity/data/rowidfix_stageFT_all_qmax0p20_lam0p50/E772.csv,0.15,0.05,0.38763497386523105,0.15,0.05,0.15,1.4269571,0.38763496,0.0,0.99789864,1.2183113,1.2183113,1.2157512,1.2157512,-0.54485786
E772:66,E772,66,0.875,12.5,12.0,13.0,0.305620061,0.294199157,0.317949187,0.2,0.1,0.3,0.43732811,0.23732811,38.8,,0.0272,0.01456646,1.867303415,0.00603,0.413964691,0.221691176,15%,5.00%,-0.107822784116691,0.0,-0.107822784116691,-17.318263763056926,-4.771243156863084,0.07,0.0243459210199359,mcfm_logistic,1.0,0.0243459210199359,-0.1935164146067215,0.2178623356266575,True,raw,0.2178623356266575,0.0,0.0,False,-0.0,-0.1258080409840869,asymptotic_damped,0.1,2.0,exp,0.612626394184416,base,base,alpha_over_pi,0.413964691,0.0,0.0,0.0,0.1,0.05,0.5,2.0,0.2,1.0,/home/dustin/work/project/bT-TMD/systematics/collins_factorization_validity/data/rowidfix_stageFT_all_qmax0p20_lam0p50/E772.csv,0.15,0.05,0.4243628406256869,0.15,0.05,0.15,1.8673034,0.42436284,0.0,0.99789864,1.3499297,1.3499297,1.347093,1.347093,-1.2258623
E772:67,E772,67,1.125,12.5,12.0,13.0,0.305620061,0.294199157,0.317949187,0.2,0.1,0.3,0.43732811,0.23732811,38.8,,0.0209,0.011329469,1.844746704,0.00456,0.40249019,0.218181818,15%,5.00%,4.882670385990001,0.0,4.882670385990001,0.3778151212691296,7.547820437536628,0.09,0.0276360376157216,mcfm_logistic,1.0,0.0276360376157216,-0.033593628085816,0.0612296657015376,True,raw,0.0612296657015376,0.0,0.0,False,0.0,-0.8226571284627106,asymptotic_damped,0.1,2.0,exp,0.4448580662229412,base,base,alpha_over_pi,0.40249019,0.0,0.0,0.0,0.1,0.05,0.5,2.0,0.2,1.0,/home/dustin/work/project/bT-TMD/systematics/collins_factorization_validity/data/rowidfix_stageFT_all_qmax0p20_lam0p50/E772.csv,0.15,0.05,0.4129238174906278,0.15,0.05,0.15,1.8447467,0.4129238,0.0,0.99789864,1.2565961,1.2565961,1.2539555,1.2539555,-1.4307512
E772:68,E772,68,1.375,12.5,12.0,13.0,0.305620061,0.294199157,0.317949187,0.2,0.1,0.3,0.43732811,0.23732811,38.8,,0.00726,0.009269565,0.78320825,0.00208,0.229737777013832,0.286501377,15%,5.00%,-3.337746629068888,0.0,-3.337746629068888,-0.234651798665283,-18.365125160250454,0.11,0.0298615507131083,mcfm_logistic,1.0,0.0298615507131083,-0.0744915075802035,0.1043530582933118,True,raw,0.1043530582933118,0.0,0.0,False,-0.0,-0.4008718803409505,asymptotic_damped,0.1,2.0,exp,0.2981972794298874,base,base,alpha_over_pi,0.224390242,0.0492794630899999,0.0629199999999999,0.1039999999999999,0.1,0.05,0.5,2.0,0.2,1.023831406241953,/home/dustin/work/project/bT-TMD/systematics/collins_factorization_validity/data/rowidfix_stageFT_all_qmax0p20_lam0p50/E772.csv,0.15,0.05,0.233051462330592,0.15,0.05,0.15,0.78320825,0.23305146,0.0,0.99789864,1.0076836,1.0076836,1.0055661,1.0055661,0.95411485
E772:69,E772,69,1.625,12.5,12.0,13.0,0.305620061,0.294199157,0.317949187,0.2,0.1,0.3,0.43732811,0.23732811,38.8,,0.007,0.007843478,0.892461191,0.00255,0.5869423772260309,0.364285714,15%,5.00%,-1.193352069671678,0.0,-1.193352069671678,-0.7478607643807407,-6.4156984723311945,0.13,0.0312040464550624,mcfm_logistic,1.0,0.0312040464550624,-0.0140188695165788,0.0452229159716413,True,raw,0.0452229159716413,0.0,0.0,False,-0.0,-2.225860396101144,asymptotic_damped,0.1,2.0,exp,0.1845195239929892,base,base,alpha_over_pi,0.325110862,0.48867604974396,0.54756,0.648,0.1,0.05,0.5,2.0,0.2,1.805360711774776,/home/dustin/work/project/bT-TMD/systematics/collins_factorization_validity/data/rowidfix_stageFT_all_qmax0p20_lam0p50/E772.csv,0.15,0.05,0.5886361963278739,0.15,0.05,0.15,0.8924612,0.5886362,0.0,0.99789864,0.70279044,0.70279044,0.7013136,0.7013136,-0.32472953
E772:70,E772,70,1.875,12.5,12.0,13.0,0.305620061,0.294199157,0.317949187,0.2,0.1,0.3,0.43732811,0.23732811,38.8,,0.00187,0.006797681,0.275093807,0.00088,0.3354653970286805,0.470588235,15%,5.00%,4.232787501505304,0.0,4.232787501505304,0.0649911687988514,30.57175006592633,0.15,0.0318126249182294,mcfm_logistic,1.0,0.0318126249182294,0.0198886645635292,0.0119239603547001,True,raw,0.0119239603547001,0.0,0.0,False,0.0,1.5995354950359848,asymptotic_damped,0.1,2.0,exp,0.1053992245618643,base,base,alpha_over_pi,0.129455909,0.309480532875,1.1249999999999998,1.0,0.1,0.05,0.5,2.0,0.2,2.591348665503407,/home/dustin/work/project/bT-TMD/systematics/collins_factorization_validity/data/rowidfix_stageFT_all_qmax0p20_lam0p50/E772.csv,0.15,0.05,0.3357472622527764,0.15,0.05,0.15,0.2750938,0.33574727,0.0,0.99789864,0.43620342,0.43620342,0.4352868,0.4352868,0.47712374
E772:71,E772,71,2.125,12.5,12.0,13.0,0.305620061,0.294199157,0.317949187,0.2,0.1,0.3,0.43732811,0.23732811,38.8,,0.00209,0.005997954,0.348452155,0.00147,0.5599925583932943,0.703349282,15%,5.00%,-1.71727794449062,0.0,-1.71727794449062,-0.2029095849730709,-8.428676284601988,0.17,0.0318133680952754,mcfm_logistic,1.0,0.0318133680952754,0.0038762765005943,0.027937091594681,True,raw,0.027937091594681,0.0,0.0,False,-0.0,8.207197832868038,asymptotic_damped,0.1,2.0,exp,0.055576212611483,base,base,alpha_over_pi,0.245083573,0.5035133639749999,1.4449999999999998,1.0,0.1,0.05,0.5,2.0,0.2,2.2849044982435207,/home/dustin/work/project/bT-TMD/systematics/collins_factorization_validity/data/rowidfix_stageFT_all_qmax0p20_lam0p50/E772.csv,0.15,0.05,0.5602635207798893,0.15,0.05,0.15,0.34845215,0.5602635,0.0,0.99789864,0.26771352,0.26771352,0.26715097,0.26715097,-0.1451124
E772:72,E772,72,2.375,12.5,12.0,13.0,0.305620061,0.294199157,0.317949187,0.2,0.1,0.3,0.43732811,0.23732811,38.8,,0.00181,0.00536659,0.337271872,0.00127,0.6531544925924762,0.701657459,15%,5.00%,-1.8994625590532503,0.0,-1.8994625590532503,-0.17756173734117,-9.451683122498874,0.19,0.0313151221410778,mcfm_logistic,1.0,0.0313151221410778,0.0035283192294667,0.027786802911611,True,raw,0.027786802911611,0.0,0.0,False,-0.0,8.875365323961969,asymptotic_damped,0.1,2.0,exp,0.0270518468663504,base,base,alpha_over_pi,0.236649325,0.60877572896,1.805,1.0,0.1,0.05,0.5,2.0,0.2,2.760009953937017,/home/dustin/work/project/bT-TMD/systematics/collins_factorization_validity/data/rowidfix_stageFT_all_qmax0p20_lam0p50/E772.csv,0.15,0.05,0.6533721542756784,0.15,0.05,0.15,0.33727187,0.65337217,0.0,0.99789864,0.20952407,0.20952407,0.20908378,0.20908378,-0.19619459
E772:74,E772,74,0.125,13.5,13.0,14.0,0.283590852,0.273712348,0.294199157,0.2,0.1,0.3,0.462023414,0.262023414,38.8,,0.0228,0.094394423,0.241539694,0.0178,0.188570463,0.780701754,15%,5.00%,4.929234159548622,0.0,4.929234159548622,0.0490014647675244,24.859113092110416,0.0092592592592592,0.0026896639260463,mcfm_logistic,1.0,0.0026896639260463,-0.0104501425867141,0.0131398065127605,True,raw,0.0131398065127605,0.0,0.0,False,0.0,-0.2573805958844909,asymptotic_damped,0.1,2.0,exp,0.9914632584860774,base,base,alpha_over_pi,0.188570463,0.0,0.0,0.0,0.1,0.05,0.5,2.0,0.2,1.0,/home/dustin/work/project/bT-TMD/systematics/collins_factorization_validity/data/rowidfix_stageFT_all_qmax0p20_lam0p50/E772.csv,0.15,0.05,0.18895680214133176,0.15,0.05,0.15,0.24153969,0.1889568,0.0,0.99789864,0.08311041,0.08311041,0.082935765,0.082935765,-0.8393661
E772:75,E772,75,0.375,13.5,13.0,14.0,0.283590852,0.273712348,0.294199157,0.2,0.1,0.3,0.462023414,0.262023414,38.8,,0.00669,0.031464808,0.212618494,0.00368,0.116956062,0.550074738,15%,5.00%,3.7234305949941744,0.0,3.7234305949941744,0.0571028487239286,30.01821402805247,0.0277777777777777,0.006858348064411,mcfm_logistic,1.0,0.006858348064411,-0.1579300911218151,0.1647884391862262,True,raw,0.1647884391862262,0.0,0.0,False,0.0,-0.0434264807656008,asymptotic_damped,0.1,2.0,exp,0.9257412659243828,base,base,alpha_over_pi,0.116956062,0.0,0.0,0.0,0.1,0.05,0.5,2.0,0.2,1.0,/home/dustin/work/project/bT-TMD/systematics/collins_factorization_validity/data/rowidfix_stageFT_all_qmax0p20_lam0p50/E772.csv,0.15,0.05,0.11743822630866371,0.15,0.05,0.15,0.2126185,0.11743823,0.0,0.99789864,0.23109321,0.23109321,0.2306076,0.2306076,0.15317924
E772:76,E772,76,0.625,13.5,13.0,14.0,0.283590852,0.273712348,0.294199157,0.2,0.1,0.3,0.462023414,0.262023414,38.8,,0.00449,0.018878885,0.237831848,0.00235,0.124477693,0.523385301,15%,5.00%,-3.800940537479216,0.0,-3.800940537479216,-0.0625718412731944,-32.44575223192171,0.0462962962962962,0.0098938402441882,mcfm_logistic,1.0,0.0098938402441882,-0.2611442987835295,0.2710381390277178,True,raw,0.2710381390277178,0.0,0.0,False,-0.0,-0.0378864876249493,asymptotic_damped,0.1,2.0,exp,0.807078206638122,base,base,alpha_over_pi,0.124477693,0.0,0.0,0.0,0.1,0.05,0.5,2.0,0.2,1.0,/home/dustin/work/project/bT-TMD/systematics/collins_factorization_validity/data/rowidfix_stageFT_all_qmax0p20_lam0p50/E772.csv,0.15,0.05,0.12504441620644235,0.15,0.05,0.15,0.23783185,0.12504442,0.0,0.99789864,0.3307086,0.3307086,0.33001366,0.33001366,0.7371926
E772:77,E772,77,0.875,13.5,13.0,14.0,0.283590852,0.273712348,0.294199157,0.2,0.1,0.3,0.462023414,0.262023414,38.8,,0.00991,0.013484918,0.734895114,0.00434,0.321841049,0.437941473,15%,5.00%,-0.0797078661977997,0.0,-0.0797078661977997,-9.21985682286758,-2.531072349934454,0.0648148148148148,0.0120811011226363,mcfm_logistic,1.0,0.0120811011226363,-0.1329018661129193,0.1449829672355557,True,raw,0.1449829672355557,0.0,0.0,False,-0.0,-0.090902419025266,asymptotic_damped,0.1,2.0,exp,0.6569837319285333,base,base,alpha_over_pi,0.321841049,0.0,0.0,0.0,0.1,0.05,0.5,2.0,0.2,1.0,/home/dustin/work/project/bT-TMD/systematics/collins_factorization_validity/data/rowidfix_stageFT_all_qmax0p20_lam0p50/E772.csv,0.15,0.05,0.3239318414309916,0.15,0.05,0.15,0.7348951,0.32393184,0.0,0.99789864,0.36824456,0.36824456,0.36747074,0.36747074,-1.1342645
E772:78,E772,78,1.125,13.5,13.0,14.0,0.283590852,0.273712348,0.294199157,0.2,0.1,0.3,0.462023414,0.262023414,38.8,,0.00656,0.010488269,0.625460682,0.00335,0.319404464,0.510670732,15%,5.00%,2.801413022004696,0.0,2.801413022004696,0.2232661435807917,6.8125295205789484,0.0833333333333333,0.0135998596273138,mcfm_logistic,1.0,0.0135998596273138,-0.0477505680973267,0.0613504277246406,True,raw,0.0613504277246406,0.0,0.0,False,0.0,-0.2848104257020387,asymptotic_damped,0.1,2.0,exp,0.4993517885992762,base,base,alpha_over_pi,0.319404464,0.0,0.0,0.0,0.1,0.05,0.5,2.0,0.2,1.0,/home/dustin/work/project/bT-TMD/systematics/collins_factorization_validity/data/rowidfix_stageFT_all_qmax0p20_lam0p50/E772.csv,0.15,0.05,0.32093179070473377,0.15,0.05,0.15,0.6254607,0.3209318,0.0,0.99789864,0.34980905,0.34980905,0.34907398,0.34907398,-0.86120075
E772:79,E772,79,1.375,13.5,13.0,14.0,0.283590852,0.273712348,0.294199157,0.2,0.1,0.3,0.462023414,0.262023414,38.8,,0.0054,0.008581311,0.629274467,0.00228,0.2656968936370071,0.422222222,15%,5.00%,-1.939870607324813,0.0,-1.939870607324813,-0.3243899178759162,-9.669575990810278,0.1018518518518518,0.0145805055587137,mcfm_logistic,1.0,0.0145805055587137,-0.0452188156729092,0.0597993212316229,True,raw,0.0597993212316229,0.0,0.0,False,-0.0,-0.3224433312049117,asymptotic_damped,0.1,2.0,exp,0.3543819571352433,base,base,alpha_over_pi,0.265693664,0.0013100376369374,0.0020818223297424,0.0040136158105977,0.1,0.05,0.5,2.0,0.2,1.0000121554912471,/home/dustin/work/project/bT-TMD/systematics/collins_factorization_validity/data/rowidfix_stageFT_all_qmax0p20_lam0p50/E772.csv,0.15,0.05,0.2675533688358276,0.15,0.05,0.15,0.6292745,0.26755336,0.0,0.99789864,0.29702783,0.29702783,0.29640368,0.29640368,-1.2441287
E772:80,E772,80,1.625,13.5,13.0,14.0,0.283590852,0.273712348,0.294199157,0.2,0.1,0.3,0.462023414,0.262023414,38.8,,0.000931,0.007261109,0.128217321,0.000623,0.0921769269580645,0.669172932,15%,5.00%,-0.700113757112846,0.0,-0.700113757112846,-0.1831378396687235,-9.654257766107287,0.1203703703703703,0.0151241976830368,mcfm_logistic,1.0,0.0151241976830368,-0.0086037434721467,0.0237279411551836,True,raw,0.0237279411551836,0.0,0.0,False,-0.0,-1.757862462078169,asymptotic_damped,0.1,2.0,exp,0.2348278453428126,base,base,alpha_over_pi,0.085799561,0.033690075625318,0.2627576006311819,0.3626987755931491,0.1,0.05,0.5,2.0,0.2,1.0743286548758049,/home/dustin/work/project/bT-TMD/systematics/collins_factorization_validity/data/rowidfix_stageFT_all_qmax0p20_lam0p50/E772.csv,0.15,0.05,0.0923995945172023,0.15,0.05,0.15,0.12821732,0.0923996,0.0,0.99789864,0.23735212,0.23735212,0.23685336,0.23685336,1.1757199
E772:81,E772,81,0.125,14.5,14.0,15.0,0.264491615,0.255865709,0.273712348,0.2,0.1,0.3,0.486859362,0.286859362,38.8,,0.0153,0.087870862,0.174119152,0.0207,0.23557297,1.352941176,15%,5.00%,2.7773700057532613,0.0,2.7773700057532613,0.0626920977901093,11.050719671926968,0.0086206896551724,0.0013820432215969,mcfm_logistic,1.0,0.0013820432215969,-0.0737332222454305,0.0751152654670274,True,raw,0.0751152654670274,0.0,0.0,False,0.0,-0.0187438332343138,asymptotic_damped,0.1,2.0,exp,0.9925959172616772,base,base,alpha_over_pi,0.23557297,0.0,0.0,0.0,0.1,0.05,0.5,2.0,0.2,1.0,/home/dustin/work/project/bT-TMD/systematics/collins_factorization_validity/data/rowidfix_stageFT_all_qmax0p20_lam0p50/E772.csv,0.15,0.05,0.235733786064607,0.15,0.05,0.15,0.17411914,0.23573379,0.0,0.99789864,0.10155299,0.10155299,0.10133959,0.10133959,-0.30873618
E772:82,E772,82,0.375,14.5,14.0,15.0,0.264491615,0.255865709,0.273712348,0.2,0.1,0.3,0.486859362,0.286859362,38.8,,0.00793,0.029290287,0.27073821,0.00509,0.173777741,0.64186633,15%,5.00%,2.0953531378253945,0.0,2.0953531378253945,0.1292088694323756,10.49970449221914,0.0258620689655172,0.0034843223773987,mcfm_logistic,1.0,0.0034843223773987,-0.1447710586034135,0.1482553809808123,True,raw,0.1482553809808123,0.0,0.0,False,0.0,-0.0240678103138261,asymptotic_damped,0.1,2.0,exp,0.9353030719267322,base,base,alpha_over_pi,0.173777741,0.0,0.0,0.0,0.1,0.05,0.5,2.0,0.2,1.0,/home/dustin/work/project/bT-TMD/systematics/collins_factorization_validity/data/rowidfix_stageFT_all_qmax0p20_lam0p50/E772.csv,0.15,0.05,0.1743041916103801,0.15,0.05,0.15,0.2707382,0.17430419,0.0,0.99789864,0.28205204,0.28205204,0.28145936,0.28145936,0.061508257
E772:83,E772,83,0.875,14.5,14.0,15.0,0.264491615,0.255865709,0.273712348,0.2,0.1,0.3,0.486859362,0.286859362,38.8,,0.00756,0.01255298,0.602247418,0.00388,0.309089945,0.513227513,15%,5.00%,-0.0481839445148133,0.0,-0.0481839445148133,-12.498923117737874,-2.104343324771737,0.0603448275862069,0.0060265265121853,mcfm_logistic,1.0,0.0060265265121853,-0.0833353210734523,0.0893618475856377,True,raw,0.0893618475856377,0.0,0.0,False,-0.0,-0.0723165931871021,asymptotic_damped,0.1,2.0,exp,0.6947870928024212,base,base,alpha_over_pi,0.309089945,0.0,0.0,0.0,0.1,0.05,0.5,2.0,0.2,1.0,/home/dustin/work/project/bT-TMD/systematics/collins_factorization_validity/data/rowidfix_stageFT_all_qmax0p20_lam0p50/E772.csv,0.15,0.05,0.31055329491300226,0.15,0.05,0.15,0.6022474,0.31055328,0.0,0.99789864,0.4400975,0.4400975,0.43917271,0.43917271,-0.52511024
E772:84,E772,84,1.125,14.5,14.0,15.0,0.264491615,0.255865709,0.273712348,0.2,0.1,0.3,0.486859362,0.286859362,38.8,,0.00292,0.009763429,0.299075249,0.00172,0.176167612,0.589041096,15%,5.00%,1.5767161086959964,0.0,1.5767161086959964,0.1896823704346792,7.252416293728251,0.0775862068965517,0.0067293096177619,mcfm_logistic,1.0,0.0067293096177619,-0.051569190796177,0.058298500413939,True,raw,0.058298500413939,0.0,0.0,False,0.0,-0.1304908902751452,asymptotic_damped,0.1,2.0,exp,0.5477359506375842,base,base,alpha_over_pi,0.176167612,0.0,0.0,0.0,0.1,0.05,0.5,2.0,0.2,1.0,/home/dustin/work/project/bT-TMD/systematics/collins_factorization_validity/data/rowidfix_stageFT_all_qmax0p20_lam0p50/E772.csv,0.15,0.05,0.17680113837075137,0.15,0.05,0.15,0.29907525,0.17680115,0.0,0.99789864,0.40061873,0.40061873,0.39977688,0.39977688,0.56957567
E772:85,E772,85,1.375,14.5,14.0,15.0,0.264491615,0.255865709,0.273712348,0.2,0.1,0.3,0.486859362,0.286859362,38.8,,0.00698,0.00798826,0.873782252,0.0071,0.888804297,1.017191977,15%,5.00%,-1.095870316514343,0.0,-1.095870316514343,-0.7973409251372525,-2.216070033822466,0.0948275862068965,0.0071596168364107,mcfm_logistic,1.0,0.0071596168364107,-0.0195601815285116,0.0267197983649223,True,raw,0.0267197983649223,0.0,0.0,False,-0.0,-0.3660301836143305,asymptotic_damped,0.1,2.0,exp,0.4068840145931534,base,base,alpha_over_pi,0.888804297,0.0,0.0,0.0,0.1,0.05,0.5,2.0,0.2,1.0,/home/dustin/work/project/bT-TMD/systematics/collins_factorization_validity/data/rowidfix_stageFT_all_qmax0p20_lam0p50/E772.csv,0.15,0.05,0.8898774167970775,0.15,0.05,0.15,0.8737823,0.88987744,0.0,0.99789864,0.3066757,0.3066757,0.30603126,0.30603126,-0.6380104
E772:86,E772,86,1.625,14.5,14.0,15.0,0.264491615,0.255865709,0.273712348,0.2,0.1,0.3,0.486859362,0.286859362,38.8,,0.00273,0.006759297,0.40388815,0.00183,0.2732817509934047,0.67032967,15%,5.00%,-0.3962602837073177,0.0,-0.3962602837073177,-1.0192496361768022,-2.9554322373163275,0.1120689655172413,0.0073730889528393,mcfm_logistic,1.0,0.0073730889528393,-0.002738612348229,0.0101117013010683,True,raw,0.0101117013010683,0.0,0.0,False,-0.0,-2.692271857171478,asymptotic_damped,0.1,2.0,exp,0.2848064924414026,base,base,alpha_over_pi,0.27073821,0.037198616533645,0.092101282331866,0.1466644798884724,0.1,0.05,0.5,2.0,0.2,1.009394835673194,/home/dustin/work/project/bT-TMD/systematics/collins_factorization_validity/data/rowidfix_stageFT_all_qmax0p20_lam0p50/E772.csv,0.15,0.05,0.2740268773684386,0.15,0.05,0.15,0.40388814,0.27402687,0.0,0.99789864,0.19295432,0.19295432,0.19254886,0.19254886,-0.7712356
CDF_RUN_1:0,CDF_RUN_1,0,0.25,91.0,66.0,116.0,0.0,,,,,,0.050555556,0.050555556,1800.0,,3.35,1.0,3.35,0.54,0.54,,3.9%,,92.28677372245548,0.0,92.28677372245548,0.0362998928760348,164.6977291156583,0.0027472527472527,0.1593153398405021,mcfm_logistic,1.0,0.1593153398405021,-612.0498970117189,612.2092123515595,True,raw,612.2092123515595,0.0,0.0,False,0.0,-0.000260297960376,asymptotic_damped,0.1,2.0,exp,0.9992455449786876,base,base,alpha_over_pi,0.54,0.0,0.0,0.0,0.1,0.05,0.5,2.0,0.2,1.0,/home/dustin/work/project/bT-TMD/systematics/collins_factorization_validity/data/rowidfix_stageFT_all_qmax0p20_lam0p50/CDF_RUN_1.csv,0.039,0.0,0.54,0.039,0.0,0.039,3.35,0.54,0.0,1.0322545,3.2357028,3.2357028,3.3400686,3.3400686,-0.018391343
CDF_RUN_1:1,CDF_RUN_1,1,0.75,91.0,66.0,116.0,0.0,,,,,,0.050555556,0.050555556,1800.0,,10.1,1.0,10.1,1.0,1.0,,3.9%,,-20.848152878915503,-0.0,-20.848152878915503,-0.4844553883818885,-30.948152878915508,0.0082417582417582,0.4886907798714013,mcfm_logistic,1.0,0.4886907798714013,316.2809273658144,-315.792236585943,False,raw,-315.792236585943,0.0,-0.0,False,0.0,0.0015451161849736,asymptotic_damped,0.1,2.0,exp,0.9932303600618744,base,base,alpha_over_pi,1.0,0.0,0.0,0.0,0.1,0.05,0.5,2.0,0.2,1.0,/home/dustin/work/project/bT-TMD/systematics/collins_factorization_validity/data/rowidfix_stageFT_all_qmax0p20_lam0p50/CDF_RUN_1.csv,0.039,0.0,1.0,0.039,0.0,0.039,10.1,1.0,-0.0,1.0322545,9.380169,9.380169,9.682721,9.682721,-0.41727924
CDF_RUN_1:2,CDF_RUN_1,2,1.25,91.0,66.0,116.0,0.0,,,,,,0.050555556,0.050555556,1800.0,,14.8,1.0,14.8,1.2,1.2,,3.9%,,30.88894112685944,0.0,30.88894112685944,0.4791358803533307,13.407450939049532,0.0137362637362637,0.8314246644923928,mcfm_logistic,1.0,0.8314246644923928,-35.451591027963865,36.28301569245626,True,raw,36.28301569245626,0.0,0.0,False,0.0,-0.0234523935424103,asymptotic_damped,0.1,2.0,exp,0.9813084015600202,base,base,alpha_over_pi,1.2,0.0,0.0,0.0,0.1,0.05,0.5,2.0,0.2,1.0,/home/dustin/work/project/bT-TMD/systematics/collins_factorization_validity/data/rowidfix_stageFT_all_qmax0p20_lam0p50/CDF_RUN_1.csv,0.039,0.0,1.2,0.039,0.0,0.039,14.8,1.2,0.0,1.0322545,14.61216,14.61216,15.0834675,15.0834675,0.23622273
CDF_RUN_1:3,CDF_RUN_1,3,1.75,91.0,66.0,116.0,0.0,,,,,,0.050555556,0.050555556,1800.0,,19.4,1.0,19.4,1.4,1.4,,3.9%,,46.72340644054027,0.0,46.72340644054027,0.4152094523477914,19.5167188861002,0.0192307692307692,1.1869104840479894,mcfm_logistic,1.0,1.1869104840479894,-131.45322104846858,132.64013153251656,True,raw,132.64013153251656,0.0,0.0,False,0.0,-0.0090291472097922,asymptotic_damped,0.1,2.0,exp,0.9636932421778476,base,base,alpha_over_pi,1.4,0.0,0.0,0.0,0.1,0.05,0.5,2.0,0.2,1.0,/home/dustin/work/project/bT-TMD/systematics/collins_factorization_validity/data/rowidfix_stageFT_all_qmax0p20_lam0p50/CDF_RUN_1.csv,0.039,0.0,1.4,0.039,0.0,0.039,19.4,1.4,0.0,1.0322545,18.531357,18.531357,19.129076,19.129076,-0.19351687
CDF_RUN_1:4,CDF_RUN_1,4,2.25,91.0,66.0,116.0,0.0,,,,,,0.050555556,0.050555556,1800.0,,20.2,1.0,20.2,1.4,1.4,,3.9%,,1.273123537591805,-0.0,1.273123537591805,15.86648852491534,-13.519197473148711,0.0247252747252747,1.5547275074293625,mcfm_logistic,1.0,1.5547275074293625,203.5837612019152,-202.02903369448583,False,raw,-202.02903369448583,0.0,-0.0,False,-0.0,0.0076367952839194,asymptotic_damped,0.1,2.0,exp,0.9406972522006876,base,base,alpha_over_pi,1.4,0.0,0.0,0.0,0.1,0.05,0.5,2.0,0.2,1.0,/home/dustin/work/project/bT-TMD/systematics/collins_factorization_validity/data/rowidfix_stageFT_all_qmax0p20_lam0p50/CDF_RUN_1.csv,0.039,0.0,1.4,0.039,0.0,0.039,20.2,1.4,-0.0,1.0322545,20.986906,20.986906,21.663828,21.663828,1.0455909
CDF_RUN_1:5,CDF_RUN_1,5,2.75,91.0,66.0,116.0,0.0,,,,,,0.050555556,0.050555556,1800.0,,23.6,1.0,23.6,1.5,1.5,,3.9%,,43.97945805696181,0.0,43.97945805696181,0.5366141613076152,13.586305371307873,0.0302197802197802,1.9345333459342555,mcfm_logistic,1.0,1.9345333459342555,-101.87990546817588,103.81443881411016,True,raw,103.81443881411016,0.0,0.0,False,0.0,-0.0189883700524098,asymptotic_damped,0.1,2.0,exp,0.9127223868031974,base,base,alpha_over_pi,1.5,0.0,0.0,0.0,0.1,0.05,0.5,2.0,0.2,1.0,/home/dustin/work/project/bT-TMD/systematics/collins_factorization_validity/data/rowidfix_stageFT_all_qmax0p20_lam0p50/CDF_RUN_1.csv,0.039,0.0,1.5,0.039,0.0,0.039,23.6,1.5,0.0,1.0322545,22.0742,22.0742,22.786192,22.786192,-0.54253894
CDF_RUN_1:6,CDF_RUN_1,6,3.25,91.0,66.0,116.0,0.0,,,,,,0.050555556,0.050555556,1800.0,,23.6,1.0,23.6,1.4,1.4,,3.9%,,26.66456085421486,-0.0,26.66456085421486,0.885069892169987,2.188972038724898,0.0357142857142857,2.3260276220313783,mcfm_logistic,1.0,2.3260276220313783,3.7299398255355367,-1.4039122035041585,False,raw,-1.4039122035041585,0.0,-0.0,False,-0.0,0.6236099590956302,asymptotic_damped,0.1,2.0,exp,0.8802485040505603,base,base,alpha_over_pi,1.4,0.0,0.0,0.0,0.1,0.05,0.5,2.0,0.2,1.0,/home/dustin/work/project/bT-TMD/systematics/collins_factorization_validity/data/rowidfix_stageFT_all_qmax0p20_lam0p50/CDF_RUN_1.csv,0.039,0.0,1.4,0.039,0.0,0.039,23.6,1.4,-0.0,1.0322545,22.071564,22.071564,22.78347,22.78347,-0.58323586
CDF_RUN_1:7,CDF_RUN_1,7,3.75,91.0,66.0,116.0,0.0,,,,,,0.050555556,0.050555556,1800.0,,23.0,1.0,23.0,1.4,1.4,,3.9%,,4.115115947932827,-0.0,4.115115947932827,5.589149927003573,-13.489202894333694,0.0412087912087912,2.7289293778049166,mcfm_logistic,1.0,2.7289293778049166,129.63123295870346,-126.90230358089856,False,raw,-126.90230358089856,0.0,-0.0,False,-0.0,0.021051480538446,asymptotic_damped,0.1,2.0,exp,0.8438196877737439,base,base,alpha_over_pi,1.4,0.0,0.0,0.0,0.1,0.05,0.5,2.0,0.2,1.0,/home/dustin/work/project/bT-TMD/systematics/collins_factorization_validity/data/rowidfix_stageFT_all_qmax0p20_lam0p50/CDF_RUN_1.csv,0.039,0.0,1.4,0.039,0.0,0.039,23.0,1.4,-0.0,1.0322545,21.342144,21.342144,22.030523,22.030523,-0.69248337
CDF_RUN_1:8,CDF_RUN_1,8,4.25,91.0,66.0,116.0,0.0,,,,,,0.050555556,0.050555556,1800.0,,19.9,1.0,19.9,1.3,1.3,,3.9%,,36.69928684856406,0.0,36.69928684856406,0.5422448692835738,12.922528345049276,0.0467032967032967,3.142974549763868,mcfm_logistic,1.0,3.142974549763868,-95.25467256242052,98.39764711218436,True,raw,98.39764711218436,0.0,0.0,False,0.0,-0.0329954895147455,asymptotic_damped,0.1,2.0,exp,0.8040291194033865,base,base,alpha_over_pi,1.3,0.0,0.0,0.0,0.1,0.05,0.5,2.0,0.2,1.0,/home/dustin/work/project/bT-TMD/systematics/collins_factorization_validity/data/rowidfix_stageFT_all_qmax0p20_lam0p50/CDF_RUN_1.csv,0.039,0.0,1.3,0.039,0.0,0.039,19.9,1.3,0.0,1.0322545,20.234352,20.234352,20.887001,20.887001,0.75923187
CDF_RUN_1:9,CDF_RUN_1,9,4.75,91.0,66.0,116.0,0.0,,,,,,0.050555556,0.050555556,1800.0,,19.3,1.0,19.3,1.2,1.2,,3.9%,,5.902694610263971,-0.0,5.902694610263971,3.2696931273455965,-11.164421158113358,0.0521978021978022,3.5679073279312403,mcfm_logistic,1.0,3.5679073279312403,68.25266492578751,-64.68475759785628,False,raw,-64.68475759785628,0.0,-0.0,False,-0.0,0.0522749892888533,asymptotic_damped,0.1,2.0,exp,0.7615030850093897,base,base,alpha_over_pi,1.2,0.0,0.0,0.0,0.1,0.05,0.5,2.0,0.2,1.0,/home/dustin/work/project/bT-TMD/systematics/collins_factorization_validity/data/rowidfix_stageFT_all_qmax0p20_lam0p50/CDF_RUN_1.csv,0.039,0.0,1.2,0.039,0.0,0.039,19.3,1.2,-0.0,1.0322545,19.009703,19.009703,19.62285,19.62285,0.26904264
CDF_RUN_1:10,CDF_RUN_1,10,5.25,91.0,66.0,116.0,0.0,,,,,,0.050555556,0.050555556,1800.0,,17.9,1.0,17.9,1.2,1.2,,3.9%,,5.182922505816887,-0.0,5.182922505816887,3.4536499397609184,-10.597564578485928,0.0576923076923076,4.003466654756267,mcfm_logistic,1.0,4.003466654756267,52.17406232688467,-48.17059567212841,False,raw,-48.17059567212841,0.0,-0.0,False,-0.0,0.0767328913296699,asymptotic_damped,0.1,2.0,exp,0.7168847168850356,base,base,alpha_over_pi,1.2,0.0,0.0,0.0,0.1,0.05,0.5,2.0,0.2,1.0,/home/dustin/work/project/bT-TMD/systematics/collins_factorization_validity/data/rowidfix_stageFT_all_qmax0p20_lam0p50/CDF_RUN_1.csv,0.039,0.0,1.2,0.039,0.0,0.039,17.9,1.2,-0.0,1.0322545,17.813496,17.813496,18.38806,18.38806,0.40671664
CDF_RUN_1:11,CDF_RUN_1,11,5.75,91.0,66.0,116.0,0.0,,,,,,0.050555556,0.050555556,1800.0,,18.0,1.0,18.0,1.2,1.2,,3.9%,,25.764258772188448,0.0,25.764258772188448,0.6986422609382548,6.4702156434903735,0.0631868131868131,4.449404203910759,mcfm_logistic,1.0,4.449404203910759,-68.30723398521445,72.75663818912521,True,raw,72.75663818912521,0.0,0.0,False,0.0,-0.0651381112119671,asymptotic_damped,0.1,2.0,exp,0.6708180534582204,base,base,alpha_over_pi,1.2,0.0,0.0,0.0,0.1,0.05,0.5,2.0,0.2,1.0,/home/dustin/work/project/bT-TMD/systematics/collins_factorization_validity/data/rowidfix_stageFT_all_qmax0p20_lam0p50/CDF_RUN_1.csv,0.039,0.0,1.2,0.039,0.0,0.039,18.0,1.2,0.0,1.0322545,16.687021,16.687021,17.225252,17.225252,-0.6456232
CDF_RUN_1:12,CDF_RUN_1,12,6.25,91.0,66.0,116.0,0.0,,,,,,0.050555556,0.050555556,1800.0,,14.6,1.0,14.6,1.0,1.0,,3.9%,,-5.30235778999446,-0.0,-5.30235778999446,-2.753492046038496,-19.90235778999446,0.0686813186813186,4.905464619365762,mcfm_logistic,1.0,4.905464619365762,74.58213131343103,-69.67666669406528,False,raw,-69.67666669406528,0.0,-0.0,False,0.0,0.0657726526847372,asymptotic_damped,0.1,2.0,exp,0.623932959189704,base,base,alpha_over_pi,1.0,0.0,0.0,0.0,0.1,0.05,0.5,2.0,0.2,1.0,/home/dustin/work/project/bT-TMD/systematics/collins_factorization_validity/data/rowidfix_stageFT_all_qmax0p20_lam0p50/CDF_RUN_1.csv,0.039,0.0,1.0,0.039,0.0,0.039,14.6,1.0,-0.0,1.0322545,15.606703,15.606703,16.110088,16.110088,1.510088
CDF_RUN_1:13,CDF_RUN_1,13,6.75,91.0,66.0,116.0,0.0,,,,,,0.050555556,0.050555556,1800.0,,14.5,1.0,14.5,1.0,1.0,,3.9%,,10.805412731472346,0.0,10.805412731472346,1.341920050658188,-3.6945872685276537,0.0741758241758241,5.371389590732198,mcfm_logistic,1.0,5.371389590732198,-7.042704630935458,12.414094221667655,True,raw,12.414094221667655,0.0,0.0,False,0.0,-0.7626884658967638,asymptotic_damped,0.1,2.0,exp,0.576831380962639,base,base,alpha_over_pi,1.0,0.0,0.0,0.0,0.1,0.05,0.5,2.0,0.2,1.0,/home/dustin/work/project/bT-TMD/systematics/collins_factorization_validity/data/rowidfix_stageFT_all_qmax0p20_lam0p50/CDF_RUN_1.csv,0.039,0.0,1.0,0.039,0.0,0.039,14.5,1.0,0.0,1.0322545,14.529808,14.529808,14.998459,14.998459,0.49845886
CDF_RUN_1:14,CDF_RUN_1,14,7.25,91.0,66.0,116.0,0.0,,,,,,0.050555556,0.050555556,1800.0,,13.5,1.0,13.5,1.0,1.0,,3.9%,,16.903482003931877,0.0,16.903482003931877,0.7986520171914756,3.4034820039318774,0.0796703296703296,5.846919061645414,mcfm_logistic,1.0,5.846919061645414,-34.48155029386163,40.328469355507046,True,raw,40.328469355507046,0.0,0.0,False,0.0,-0.1695665946518151,asymptotic_damped,0.1,2.0,exp,0.5300753339662373,base,base,alpha_over_pi,1.0,0.0,0.0,0.0,0.1,0.05,0.5,2.0,0.2,1.0,/home/dustin/work/project/bT-TMD/systematics/collins_factorization_validity/data/rowidfix_stageFT_all_qmax0p20_lam0p50/CDF_RUN_1.csv,0.039,0.0,1.0,0.039,0.0,0.039,13.5,1.0,0.0,1.0322545,13.42924,13.42924,13.862393,13.862393,0.36239338
CDF_RUN_1:15,CDF_RUN_1,15,7.75,91.0,66.0,116.0,0.0,,,,,,0.050555556,0.050555556,1800.0,,13.7,1.0,13.7,1.0,1.0,,3.9%,,-6.961076597528265,-0.0,-6.961076597528265,-1.9680863740049328,-20.661076597528265,0.0851648351648351,6.331796908799496,mcfm_logistic,1.0,6.331796908799496,54.02118204620493,-47.68938513740543,False,raw,-47.68938513740543,0.0,-0.0,False,0.0,0.1172095216906553,asymptotic_damped,0.1,2.0,exp,0.4841769137069157,base,base,alpha_over_pi,1.0,0.0,0.0,0.0,0.1,0.05,0.5,2.0,0.2,1.0,/home/dustin/work/project/bT-TMD/systematics/collins_factorization_validity/data/rowidfix_stageFT_all_qmax0p20_lam0p50/CDF_RUN_1.csv,0.039,0.0,1.0,0.039,0.0,0.039,13.7,1.0,-0.0,1.0322545,12.308302,12.308302,12.705299,12.705299,-0.99470043
CDF_RUN_1:16,CDF_RUN_1,16,8.25,91.0,66.0,116.0,0.0,,,,,,0.050555556,0.050555556,1800.0,,11.9,1.0,11.9,0.9,0.9,,3.9%,,16.78617536125678,0.0,16.78617536125678,0.7089166974548422,5.4290837347297565,0.0906593406593406,6.825751929711903,mcfm_logistic,1.0,6.825751929711903,-31.38250624377336,38.20825817348526,True,raw,38.20825817348526,0.0,0.0,False,0.0,-0.2175018106167416,asymptotic_damped,0.1,2.0,exp,0.4395905274140049,base,base,alpha_over_pi,0.9,0.0,0.0,0.0,0.1,0.05,0.5,2.0,0.2,1.0,/home/dustin/work/project/bT-TMD/systematics/collins_factorization_validity/data/rowidfix_stageFT_all_qmax0p20_lam0p50/CDF_RUN_1.csv,0.039,0.0,0.9,0.039,0.0,0.039,11.9,0.9,0.0,1.0322545,11.196217,11.196217,11.557344,11.557344,-0.38072798
CDF_RUN_1:17,CDF_RUN_1,17,8.75,91.0,66.0,116.0,0.0,,,,,,0.050555556,0.050555556,1800.0,,10.4,1.0,10.4,0.9,0.9,,3.9%,,8.365620195214381,0.0,8.365620195214381,1.2431833811854622,-2.2604220053173543,0.0961538461538461,7.328512372703951,mcfm_logistic,1.0,7.328512372703951,-4.154897496533262,11.483409869237214,True,raw,11.483409869237214,0.0,0.0,False,0.0,-1.7638250712126282,asymptotic_damped,0.1,2.0,exp,0.3967074336104218,base,base,alpha_over_pi,0.9,0.0,0.0,0.0,0.1,0.05,0.5,2.0,0.2,1.0,/home/dustin/work/project/bT-TMD/systematics/collins_factorization_validity/data/rowidfix_stageFT_all_qmax0p20_lam0p50/CDF_RUN_1.csv,0.039,0.0,0.9,0.039,0.0,0.039,10.4,0.9,0.0,1.0322545,10.132279,10.132279,10.45909,10.45909,0.06565624
CDF_RUN_1:18,CDF_RUN_1,18,9.25,91.0,66.0,116.0,0.0,,,,,,0.050555556,0.050555556,1800.0,,11.1,1.0,11.1,0.9,0.9001857501597729,,3.9%,,-4.270785741827628,-0.0,-4.270785741827628,-2.599053352475111,-17.07865082425292,0.1016483516483516,7.83980422851625,mcfm_logistic,1.0,7.83980422851625,29.284998992923427,-21.445194764407177,False,raw,-21.445194764407177,0.0,-0.0,False,0.0,0.2677071708423381,asymptotic_damped,0.1,2.0,exp,0.3558525784821302,base,base,alpha_over_pi,0.9,0.0182861912576967,0.0016474046178105,0.0031888169794217,0.1,0.05,0.5,2.0,0.2,1.0002063890664143,/home/dustin/work/project/bT-TMD/systematics/collins_factorization_validity/data/rowidfix_stageFT_all_qmax0p20_lam0p50/CDF_RUN_1.csv,0.039,0.0,0.9001857501597729,0.039,0.0,0.039,11.1,0.90018576,-0.0,1.0322545,9.148882,9.148882,9.4439745,9.4439745,-1.8396491
CDF_RUN_1:19,CDF_RUN_1,19,9.75,91.0,66.0,116.0,0.0,,,,,,0.050555556,0.050555556,1800.0,,9.56,1.0,9.56,0.82,0.8745230531216311,,3.9%,,18.2410282315063,0.0,18.2410282315063,0.5240932626532402,10.586619794519876,0.1071428571428571,8.359352399078393,mcfm_logistic,1.0,8.359352399078393,-29.1543370710978,37.51368947017619,True,raw,37.51368947017619,0.0,0.0,False,0.0,-0.2867275760272886,asymptotic_damped,0.1,2.0,exp,0.3172836267015646,base,base,alpha_over_pi,0.82,0.3039581721901543,0.0317947878859994,0.0553935860058301,0.1,0.05,0.5,2.0,0.2,1.0664915281971112,/home/dustin/work/project/bT-TMD/systematics/collins_factorization_validity/data/rowidfix_stageFT_all_qmax0p20_lam0p50/CDF_RUN_1.csv,0.039,0.0,0.8745230531216311,0.039,0.0,0.039,9.56,0.87452304,0.0,1.0322545,8.261139,8.261139,8.527597,8.527597,-1.1805326
CDF_RUN_1:20,CDF_RUN_1,20,10.25,91.0,66.0,116.0,0.0,,,,,,0.050555556,0.050555556,1800.0,,8.35,1.0,8.35,0.76,1.1358059663466311,,3.9%,,-0.350009448297079,-0.0,-0.350009448297079,-23.85649884774749,-11.447380853022471,0.1126373626373626,8.886878366846142,mcfm_logistic,1.0,8.886878366846142,12.59361083869948,-3.7067324718533374,False,raw,-3.7067324718533374,0.0,-0.0,False,0.0,0.7056656332064232,asymptotic_damped,0.1,2.0,exp,0.2811920064005997,base,base,alpha_over_pi,0.76,0.844070609124974,0.1010863004940088,0.1593519389679263,0.1,0.05,0.5,2.0,0.2,1.4944815346666198,/home/dustin/work/project/bT-TMD/systematics/collins_factorization_validity/data/rowidfix_stageFT_all_qmax0p20_lam0p50/CDF_RUN_1.csv,0.039,0.0,1.1358059663466311,0.039,0.0,0.039,8.35,1.135806,-0.0,1.0322545,7.466018,7.466018,7.7068305,7.7068305,-0.5662674
CDF_RUN_1:21,CDF_RUN_1,21,10.75,91.0,66.0,116.0,0.0,,,,,,0.050555556,0.050555556,1800.0,,7.82,1.0,7.82,0.74,1.7921548103024818,,3.9%,,-0.2182593056762249,-0.0,-0.2182593056762249,-35.82894198151861,-10.862512575238142,0.1181318681318681,9.422091173125793,mcfm_logistic,1.0,9.422091173125793,9.761936333959754,-0.3398451608339616,False,raw,-0.3398451608339616,0.0,-0.0,False,0.0,0.9651867058739452,asymptotic_damped,0.1,2.0,exp,0.2477057258137517,base,base,alpha_over_pi,0.74,1.6322435063710083,0.2087267910960368,0.2991396961931911,0.1,0.05,0.5,2.0,0.2,2.4218308247330835,/home/dustin/work/project/bT-TMD/systematics/collins_factorization_validity/data/rowidfix_stageFT_all_qmax0p20_lam0p50/CDF_RUN_1.csv,0.039,0.0,1.7921548103024818,0.039,0.0,0.039,7.82,1.7921548,-0.0,1.0322545,6.7490044,6.7490044,6.96669,6.96669,-0.4761364
CDF_RUN_1:22,CDF_RUN_1,22,11.25,91.0,66.0,116.0,0.0,,,,,,0.050555556,0.050555556,1800.0,,8.18,1.0,8.18,0.76,2.9671215834840545,,3.9%,,14.943944150469488,0.0,14.943944150469488,0.5473789193559728,8.899926513775641,0.1236263736263736,9.96469583688146,mcfm_logistic,1.0,9.96469583688146,-17.35230205799558,27.31699789487704,True,raw,27.31699789487704,0.0,0.0,False,0.0,-0.5742578594803758,asymptotic_damped,0.1,2.0,exp,0.2168936743227202,base,base,alpha_over_pi,0.76,2.868137111641792,0.3506280087581653,0.4588326780091051,0.1,0.05,0.5,2.0,0.2,3.904107346689545,/home/dustin/work/project/bT-TMD/systematics/collins_factorization_validity/data/rowidfix_stageFT_all_qmax0p20_lam0p50/CDF_RUN_1.csv,0.039,0.0,2.9671215834840545,0.039,0.0,0.039,8.18,2.9671216,0.0,1.0322545,6.093592,6.093592,6.290138,6.290138,-0.63693464
CDF_RUN_1:23,CDF_RUN_1,23,11.75,91.0,66.0,116.0,0.0,,,,,,0.050555556,0.050555556,1800.0,,7.48,1.0,7.48,0.72,3.9477925804501015,,3.9%,,-6.718990763438017,-0.0,-6.718990763438017,-1.1132624323139546,-19.720820504775023,0.1291208791208791,10.514398119485648,mcfm_logistic,1.0,10.514398119485648,15.087097702533676,-4.572699583048028,False,raw,-4.572699583048028,0.0,-0.0,False,0.0,0.6969132385031148,asymptotic_damped,0.1,2.0,exp,0.1887710936811681,base,base,alpha_over_pi,0.72,3.881580381527204,0.5189278584929417,0.6225067047431491,0.1,0.05,0.5,2.0,0.2,5.483045250625141,/home/dustin/work/project/bT-TMD/systematics/collins_factorization_validity/data/rowidfix_stageFT_all_qmax0p20_lam0p50/CDF_RUN_1.csv,0.039,0.0,3.9477925804501015,0.039,0.0,0.039,7.48,3.9477925,-0.0,1.0322545,5.4887524,5.4887524,5.665789,5.665789,-0.4595507
CDF_RUN_1:24,CDF_RUN_1,24,12.5,91.0,66.0,116.0,0.0,,,,,,0.050555556,0.050555556,1800.0,,7.21,1.0,7.21,0.53,5.742675113139362,,3.9%,,-8.25362984530917,-0.0,-8.25362984530917,-0.8735550460986202,-29.176660085489,0.1373626373626373,11.351626009262018,mcfm_logistic,1.0,11.351626009262018,13.081439406555276,-1.729813397293258,False,raw,-1.729813397293258,0.0,-0.0,False,0.0,0.8677658212118136,asymptotic_damped,0.1,2.0,exp,0.1515485240854367,base,base,alpha_over_pi,0.53,5.718165567301299,0.7930881508046185,0.8406480610320709,0.1,0.05,0.5,2.0,0.2,10.835236062527098,/home/dustin/work/project/bT-TMD/systematics/collins_factorization_validity/data/rowidfix_stageFT_all_qmax0p20_lam0p50/CDF_RUN_1.csv,0.039,0.0,5.742675113139362,0.039,0.0,0.039,7.21,5.7426753,-0.0,1.0322545,4.6721354,4.6721354,4.8228326,4.8228326,-0.41568908
CDF_RUN_1:25,CDF_RUN_1,25,13.5,91.0,66.0,116.0,0.0,,,,,,0.050555556,0.050555556,1800.0,,6.05,1.0,6.05,0.47,6.652877107587863,,3.9%,,6.274470312019426,0.0,6.274470312019426,0.9642248188521302,0.4775964085519712,0.1483516483516483,12.490001128373065,mcfm_logistic,1.0,12.490001128373065,-3.1347531701583344,15.6247542985314,True,raw,15.6247542985314,0.0,0.0,False,0.0,-3.984365100025468,asymptotic_damped,0.1,2.0,exp,0.1107122089351523,base,base,alpha_over_pi,0.47,6.636254501499069,1.096901570495714,0.9968111830205776,0.1,0.05,0.5,2.0,0.2,14.155057675718858,/home/dustin/work/project/bT-TMD/systematics/collins_factorization_validity/data/rowidfix_stageFT_all_qmax0p20_lam0p50/CDF_RUN_1.csv,0.039,0.0,6.652877107587863,0.039,0.0,0.039,6.05,6.6528773,0.0,1.0322545,3.7747803,3.7747803,3.8965337,3.8965337,-0.3236895
CDF_RUN_1:26,CDF_RUN_1,26,14.5,91.0,66.0,116.0,0.0,,,,,,0.050555556,0.050555556,1800.0,,4.73,1.0,4.73,0.41,6.018585228013497,,3.9%,,10.728474012974976,0.0,10.728474012974976,0.4408828314520365,14.630424421890185,0.1593406593406593,13.651320052302646,mcfm_logistic,1.0,13.651320052302646,-5.076545402783983,18.72786545508663,True,raw,18.72786545508663,0.0,0.0,False,0.0,-2.689096416790884,asymptotic_damped,0.1,2.0,exp,0.0789496815454654,base,base,alpha_over_pi,0.41,6.004603912570943,1.2694722859558016,1.0,0.1,0.05,0.5,2.0,0.2,14.679476165886578,/home/dustin/work/project/bT-TMD/systematics/collins_factorization_validity/data/rowidfix_stageFT_all_qmax0p20_lam0p50/CDF_RUN_1.csv,0.039,0.0,6.018585228013497,0.039,0.0,0.039,4.73,6.018585,0.0,1.0322545,3.1030598,3.1030598,3.2031472,3.2031472,-0.25368968
CDF_RUN_1:27,CDF_RUN_1,27,15.5,91.0,66.0,116.0,0.0,,,,,,0.050555556,0.050555556,1800.0,,5.21,1.0,5.21,0.44,7.570474546178887,,3.9%,,-4.268262958662685,0.0,-4.268262958662685,-1.2206370719090784,-21.54150672423338,0.1703296703296703,14.83312215262713,mcfm_logistic,1.0,14.83312215262713,2.632915306100638,12.200206846526491,True,raw,12.200206846526491,0.0,0.0,False,-0.0,5.63372552024663,asymptotic_damped,0.1,2.0,exp,0.0549561513742582,base,base,alpha_over_pi,0.44,7.557677212896991,1.4506098297307084,1.0,0.1,0.05,0.5,2.0,0.2,17.20562396858838,/home/dustin/work/project/bT-TMD/systematics/collins_factorization_validity/data/rowidfix_stageFT_all_qmax0p20_lam0p50/CDF_RUN_1.csv,0.039,0.0,7.570474546178887,0.039,0.0,0.039,5.21,7.5704746,0.0,1.0322545,2.5915947,2.5915947,2.6751852,2.6751852,-0.33482906
CDF_RUN_1:28,CDF_RUN_1,28,16.5,91.0,66.0,116.0,0.0,,,,,,0.050555556,0.050555556,1800.0,,4.46,1.0,4.46,0.4,7.342355298157607,,3.9%,,-4.48381179304289,0.0,-4.48381179304289,-0.9946893861424252,-22.359529482607226,0.1813186813186813,16.032898016167398,mcfm_logistic,1.0,16.032898016167398,1.781988020166159,14.25090999600124,True,raw,14.25090999600124,0.0,0.0,False,-0.0,8.997197419246639,asymptotic_damped,0.1,2.0,exp,0.037341632591048,base,base,alpha_over_pi,0.4,7.331451515517448,1.6438232097572754,1.0,0.1,0.05,0.5,2.0,0.2,18.355888245394016,/home/dustin/work/project/bT-TMD/systematics/collins_factorization_validity/data/rowidfix_stageFT_all_qmax0p20_lam0p50/CDF_RUN_1.csv,0.039,0.0,7.342355298157607,0.039,0.0,0.039,4.46,7.3423553,0.0,1.0322545,2.1495361,2.1495361,2.2188683,2.2188683,-0.30523336
CDF_RUN_1:29,CDF_RUN_1,29,17.5,91.0,66.0,116.0,0.0,,,,,,0.050555556,0.050555556,1800.0,,4.28,1.0,4.28,0.39,7.923804665174154,,3.9%,,8.954673158736838,0.0,8.954673158736838,0.477962726738286,11.98634143265856,0.1923076923076923,17.248082661802083,mcfm_logistic,1.0,17.248082661802083,-1.4035483173954264,18.65163097919751,True,raw,18.65163097919751,0.0,0.0,False,0.0,-12.288912642358804,asymptotic_damped,0.1,2.0,exp,0.0247674533639827,base,base,alpha_over_pi,0.39,7.914201183431952,1.8491124260355023,1.0,0.1,0.05,0.5,2.0,0.2,20.31744785942091,/home/dustin/work/project/bT-TMD/systematics/collins_factorization_validity/data/rowidfix_stageFT_all_qmax0p20_lam0p50/CDF_RUN_1.csv,0.039,0.0,7.923804665174154,0.039,0.0,0.039,4.28,7.9238048,0.0,1.0322545,1.7308083,1.7308083,1.7866346,1.7866346,-0.31466773
CDF_RUN_2:0,CDF_RUN_2,0,0.25,91.0,66.0,116.0,0.0,,,,,,0.046428571,0.046428571,1960.0,,3.613,1.0,3.613,0.171607109,0.171607109,,5.8%,,93.36578965733838,0.0,93.36578965733838,0.0386972574565059,523.013237507185,0.0027472527472527,0.1867550000195548,mcfm_logistic,1.0,0.1867550000195548,-621.8599212595575,622.046676259577,True,raw,622.046676259577,0.0,0.0,False,0.0,-0.0003003168296186,asymptotic_damped,0.1,2.0,exp,0.9992455449786876,base,base,alpha_over_pi,0.171607109,0.0,0.0,0.0,0.1,0.05,0.5,2.0,0.2,1.0,/home/dustin/work/project/bT-TMD/systematics/collins_factorization_validity/data/rowidfix_stageFT_all_qmax0p20_lam0p50/CDF_RUN_2.csv,0.057999999999999996,0.0,0.171607109,0.057999999999999996,0.0,0.057999999999999996,3.613,0.1716071,0.0,0.9845828,3.4372911,3.4372911,3.3842976,3.3842976,-1.3327088
CDF_RUN_2:1,CDF_RUN_2,1,0.75,91.0,66.0,116.0,0.0,,,,,,0.046428571,0.046428571,1960.0,,10.08,1.0,10.08,0.287923601,0.287923601,,5.8%,,-20.22670667842532,-0.0,-20.22670667842532,-0.49835102472474,-105.25954306338828,0.0082417582417582,0.5730909761758252,mcfm_logistic,1.0,0.5730909761758252,322.3325523340366,-321.7594613578608,False,raw,-321.7594613578608,0.0,-0.0,False,0.0,0.0017779494252939,asymptotic_damped,0.1,2.0,exp,0.9932303600618744,base,base,alpha_over_pi,0.287923601,0.0,0.0,0.0,0.1,0.05,0.5,2.0,0.2,1.0,/home/dustin/work/project/bT-TMD/systematics/collins_factorization_validity/data/rowidfix_stageFT_all_qmax0p20_lam0p50/CDF_RUN_2.csv,0.057999999999999996,0.0,0.287923601,0.057999999999999996,0.0,0.057999999999999996,10.08,0.2879236,-0.0,0.9845828,9.962732,9.962732,9.8091345,9.8091345,-0.94075453
CDF_RUN_2:2,CDF_RUN_2,2,1.25,91.0,66.0,116.0,0.0,,,,,,0.046428571,0.046428571,1960.0,,15.51,1.0,15.51,0.362491379,0.362491379,,5.8%,,32.13386997870015,0.0,32.13386997870015,0.482668287706422,45.86004231206875,0.0137362637362637,0.9754824875171204,mcfm_logistic,1.0,0.9754824875171204,-35.85844408434598,36.8339265718631,True,raw,36.8339265718631,0.0,0.0,False,0.0,-0.0272037036861554,asymptotic_damped,0.1,2.0,exp,0.9813084015600202,base,base,alpha_over_pi,0.362491379,0.0,0.0,0.0,0.1,0.05,0.5,2.0,0.2,1.0,/home/dustin/work/project/bT-TMD/systematics/collins_factorization_validity/data/rowidfix_stageFT_all_qmax0p20_lam0p50/CDF_RUN_2.csv,0.057999999999999996,0.0,0.362491379,0.057999999999999996,0.0,0.057999999999999996,15.51,0.36249137,0.0,0.9845828,15.514149,15.514149,15.274963,15.274963,-0.648393
CDF_RUN_2:3,CDF_RUN_2,3,1.75,91.0,66.0,116.0,0.0,,,,,,0.046428571,0.046428571,1960.0,,19.47,1.0,19.47,0.415932687,0.415932687,,5.8%,,48.2353180342603,0.0,48.2353180342603,0.4036461413226499,69.15858967886383,0.0192307692307692,1.3932715197026737,mcfm_logistic,1.0,1.3932715197026737,-133.92990477092889,135.32317629063155,True,raw,135.32317629063155,0.0,0.0,False,0.0,-0.0104029904455296,asymptotic_damped,0.1,2.0,exp,0.9636932421778476,base,base,alpha_over_pi,0.415932687,0.0,0.0,0.0,0.1,0.05,0.5,2.0,0.2,1.0,/home/dustin/work/project/bT-TMD/systematics/collins_factorization_validity/data/rowidfix_stageFT_all_qmax0p20_lam0p50/CDF_RUN_2.csv,0.057999999999999996,0.0,0.415932687,0.057999999999999996,0.0,0.057999999999999996,19.47,0.4159327,0.0,0.9845828,19.665478,19.665478,19.362291,19.362291,-0.2589553
CDF_RUN_2:4,CDF_RUN_2,4,2.25,91.0,66.0,116.0,0.0,,,,,,0.046428571,0.046428571,1960.0,,21.58,1.0,21.58,0.442944692,0.442944692,,5.8%,,2.536053982841147,-0.0,2.536053982841147,8.509282588623716,-42.993959203283225,0.0247252747252747,1.82599812592258,mcfm_logistic,1.0,1.82599812592258,206.5866673920848,-204.76066926616224,False,raw,-204.76066926616224,0.0,-0.0,False,-0.0,0.0088388962800633,asymptotic_damped,0.1,2.0,exp,0.9406972522006876,base,base,alpha_over_pi,0.442944692,0.0,0.0,0.0,0.1,0.05,0.5,2.0,0.2,1.0,/home/dustin/work/project/bT-TMD/systematics/collins_factorization_validity/data/rowidfix_stageFT_all_qmax0p20_lam0p50/CDF_RUN_2.csv,0.057999999999999996,0.0,0.442944692,0.057999999999999996,0.0,0.057999999999999996,21.58,0.4429447,-0.0,0.9845828,22.258171,22.258171,21.915012,21.915012,0.75633013
CDF_RUN_2:5,CDF_RUN_2,5,2.75,91.0,66.0,116.0,0.0,,,,,,0.046428571,0.046428571,1960.0,,22.95,1.0,22.95,0.46141088,0.46141088,,5.8%,,45.60340880019658,0.0,45.60340880019658,0.5032518533987544,49.09595716554534,0.0302197802197802,2.273284411806668,mcfm_logistic,1.0,2.273284411806668,-104.2296099233964,106.50289433520308,True,raw,106.50289433520308,0.0,0.0,False,0.0,-0.0218103513337277,asymptotic_damped,0.1,2.0,exp,0.9127223868031974,base,base,alpha_over_pi,0.46141088,0.0,0.0,0.0,0.1,0.05,0.5,2.0,0.2,1.0,/home/dustin/work/project/bT-TMD/systematics/collins_factorization_validity/data/rowidfix_stageFT_all_qmax0p20_lam0p50/CDF_RUN_2.csv,0.057999999999999996,0.0,0.46141088,0.057999999999999996,0.0,0.057999999999999996,22.95,0.46141088,0.0,0.9845828,23.397253,23.397253,23.036533,23.036533,0.18753913
CDF_RUN_2:6,CDF_RUN_2,6,3.25,91.0,66.0,116.0,0.0,,,,,,0.046428571,0.046428571,1960.0,,22.58,1.0,22.58,0.447772264,0.447772264,,5.8%,,28.147537050904468,-0.0,28.147537050904468,0.8022016263506235,12.433858678894122,0.0357142857142857,2.734799078456139,mcfm_logistic,1.0,2.734799078456139,3.1875491527162816,-0.4527500742601424,False,raw,-0.4527500742601424,0.0,-0.0,False,-0.0,0.8579629512930554,asymptotic_damped,0.1,2.0,exp,0.8802485040505603,base,base,alpha_over_pi,0.447772264,0.0,0.0,0.0,0.1,0.05,0.5,2.0,0.2,1.0,/home/dustin/work/project/bT-TMD/systematics/collins_factorization_validity/data/rowidfix_stageFT_all_qmax0p20_lam0p50/CDF_RUN_2.csv,0.057999999999999996,0.0,0.447772264,0.057999999999999996,0.0,0.057999999999999996,22.58,0.44777226,-0.0,0.9845828,23.382734,23.382734,23.022238,23.022238,0.98764014
CDF_RUN_2:7,CDF_RUN_2,7,3.75,91.0,66.0,116.0,0.0,,,,,,0.046428571,0.046428571,1960.0,,22.35,1.0,22.35,0.447772264,0.447772264,,5.8%,,5.383176817070002,-0.0,5.383176817070002,4.1518234974426935,-37.89163498284477,0.0412087912087912,3.210227716767354,mcfm_logistic,1.0,3.210227716767354,131.34372020858498,-128.13349249181763,False,raw,-128.13349249181763,0.0,-0.0,False,-0.0,0.0244414252289278,asymptotic_damped,0.1,2.0,exp,0.8438196877737439,base,base,alpha_over_pi,0.447772264,0.0,0.0,0.0,0.1,0.05,0.5,2.0,0.2,1.0,/home/dustin/work/project/bT-TMD/systematics/collins_factorization_validity/data/rowidfix_stageFT_all_qmax0p20_lam0p50/CDF_RUN_2.csv,0.057999999999999996,0.0,0.447772264,0.057999999999999996,0.0,0.057999999999999996,22.35,0.44777226,-0.0,0.9845828,22.603914,22.603914,22.255424,22.255424,-0.21121424
CDF_RUN_2:8,CDF_RUN_2,8,4.25,91.0,66.0,116.0,0.0,,,,,,0.046428571,0.046428571,1960.0,,20.61,1.0,20.61,0.425440948,0.425440948,,5.8%,,38.1409515165019,0.0,38.1409515165019,0.5403640753714014,41.20654487753234,0.0467032967032967,3.699274279185762,mcfm_logistic,1.0,3.699274279185762,-97.25137245051756,100.95064672970332,True,raw,100.95064672970332,0.0,0.0,False,0.0,-0.0380382732497475,asymptotic_damped,0.1,2.0,exp,0.8040291194033865,base,base,alpha_over_pi,0.425440948,0.0,0.0,0.0,0.1,0.05,0.5,2.0,0.2,1.0,/home/dustin/work/project/bT-TMD/systematics/collins_factorization_validity/data/rowidfix_stageFT_all_qmax0p20_lam0p50/CDF_RUN_2.csv,0.057999999999999996,0.0,0.425440948,0.057999999999999996,0.0,0.057999999999999996,20.61,0.42544094,0.0,0.9845828,21.432442,21.432442,21.102013,21.102013,1.1564755
CDF_RUN_2:9,CDF_RUN_2,9,4.75,91.0,66.0,116.0,0.0,,,,,,0.046428571,0.046428571,1960.0,,19.87,1.0,19.87,0.411825206,0.411825206,,5.8%,,7.024299059358515,-0.0,7.024299059358515,2.82875199818366,-31.19211926198001,0.0521978021978022,4.2016469312872,mcfm_logistic,1.0,4.2016469312872,69.21614920631905,-65.01450227503184,False,raw,-65.01450227503184,0.0,-0.0,False,-0.0,0.0607032748782796,asymptotic_damped,0.1,2.0,exp,0.7615030850093897,base,base,alpha_over_pi,0.411825206,0.0,0.0,0.0,0.1,0.05,0.5,2.0,0.2,1.0,/home/dustin/work/project/bT-TMD/systematics/collins_factorization_validity/data/rowidfix_stageFT_all_qmax0p20_lam0p50/CDF_RUN_2.csv,0.057999999999999996,0.0,0.411825206,0.057999999999999996,0.0,0.057999999999999996,19.87,0.4118252,-0.0,0.9845828,20.145302,20.145302,19.834717,19.834717,-0.08567723
CDF_RUN_2:10,CDF_RUN_2,10,5.25,91.0,66.0,116.0,0.0,,,,,,0.046428571,0.046428571,1960.0,,18.76,1.0,18.76,0.398246155,0.398246155,,5.8%,,6.2077901110391975,-0.0,6.2077901110391975,3.022009388919165,-31.51872210532906,0.0576923076923076,4.717054124665334,mcfm_logistic,1.0,4.717054124665334,53.01378367222987,-48.29672954756454,False,raw,-48.29672954756454,0.0,-0.0,False,-0.0,0.0889778808060489,asymptotic_damped,0.1,2.0,exp,0.7168847168850356,base,base,alpha_over_pi,0.398246155,0.0,0.0,0.0,0.1,0.05,0.5,2.0,0.2,1.0,/home/dustin/work/project/bT-TMD/systematics/collins_factorization_validity/data/rowidfix_stageFT_all_qmax0p20_lam0p50/CDF_RUN_2.csv,0.057999999999999996,0.0,0.398246155,0.057999999999999996,0.0,0.057999999999999996,18.76,0.39824617,-0.0,0.9845828,18.894142,18.894142,18.602846,18.602846,-0.39461544
CDF_RUN_2:11,CDF_RUN_2,11,5.75,91.0,66.0,116.0,0.0,,,,,,0.046428571,0.046428571,1960.0,,17.29,1.0,17.29,0.380131556,0.380131556,,5.8%,,26.85445581299238,0.0,26.85445581299238,0.6438410117264403,25.160909853514983,0.0631868131868131,5.245211607880719,mcfm_logistic,1.0,5.245211607880719,-69.41335198157422,74.65856358945494,True,raw,74.65856358945494,0.0,0.0,False,0.0,-0.0755648799279,asymptotic_damped,0.1,2.0,exp,0.6708180534582204,base,base,alpha_over_pi,0.380131556,0.0,0.0,0.0,0.1,0.05,0.5,2.0,0.2,1.0,/home/dustin/work/project/bT-TMD/systematics/collins_factorization_validity/data/rowidfix_stageFT_all_qmax0p20_lam0p50/CDF_RUN_2.csv,0.057999999999999996,0.0,0.380131556,0.057999999999999996,0.0,0.057999999999999996,17.29,0.38013154,0.0,0.9845828,17.719286,17.719286,17.446104,17.446104,0.41065556
CDF_RUN_2:12,CDF_RUN_2,12,6.25,91.0,66.0,116.0,0.0,,,,,,0.046428571,0.046428571,1960.0,,15.63,1.0,15.63,0.357770876,0.357770876,,5.8%,,-4.528626790598438,-0.0,-4.528626790598438,-3.451377365087434,-56.34507485902357,0.0686813186813186,5.785824024006788,mcfm_logistic,1.0,5.785824024006788,76.00552162065961,-70.21969759665282,False,raw,-70.21969759665282,0.0,-0.0,False,0.0,0.0761237328635621,asymptotic_damped,0.1,2.0,exp,0.623932959189704,base,base,alpha_over_pi,0.357770876,0.0,0.0,0.0,0.1,0.05,0.5,2.0,0.2,1.0,/home/dustin/work/project/bT-TMD/systematics/collins_factorization_validity/data/rowidfix_stageFT_all_qmax0p20_lam0p50/CDF_RUN_2.csv,0.057999999999999996,0.0,0.357770876,0.057999999999999996,0.0,0.057999999999999996,15.63,0.3577709,-0.0,0.9845828,16.592518,16.592518,16.336708,16.336708,1.9753087
CDF_RUN_2:13,CDF_RUN_2,13,6.75,91.0,66.0,116.0,0.0,,,,,,0.046428571,0.046428571,1960.0,,14.68,1.0,14.68,0.344383507,0.344383507,,5.8%,,11.629536443639807,0.0,11.629536443639807,1.2623031082230702,-8.857751589016114,0.0741758241758241,6.338593960727142,mcfm_logistic,1.0,6.338593960727142,-6.973427710293287,13.312021671020428,True,raw,13.312021671020428,0.0,0.0,False,0.0,-0.90896388749695,asymptotic_damped,0.1,2.0,exp,0.576831380962639,base,base,alpha_over_pi,0.344383507,0.0,0.0,0.0,0.1,0.05,0.5,2.0,0.2,1.0,/home/dustin/work/project/bT-TMD/systematics/collins_factorization_validity/data/rowidfix_stageFT_all_qmax0p20_lam0p50/CDF_RUN_2.csv,0.057999999999999996,0.0,0.344383507,0.057999999999999996,0.0,0.057999999999999996,14.68,0.3443835,0.0,0.9845828,15.466475,15.466475,15.2280245,15.2280245,1.5913194
CDF_RUN_2:14,CDF_RUN_2,14,7.25,91.0,66.0,116.0,0.0,,,,,,0.046428571,0.046428571,1960.0,,13.74,1.0,13.74,0.331058907,0.331058907,,5.8%,,17.712256303262198,0.0,17.712256303262198,0.7757340321159085,11.998638971106724,0.0796703296703296,6.90322449867957,mcfm_logistic,1.0,6.90322449867957,-34.873247206522514,41.77647170520208,True,raw,41.77647170520208,0.0,0.0,False,0.0,-0.1979518700337267,asymptotic_damped,0.1,2.0,exp,0.5300753339662373,base,base,alpha_over_pi,0.331058907,0.0,0.0,0.0,0.1,0.05,0.5,2.0,0.2,1.0,/home/dustin/work/project/bT-TMD/systematics/collins_factorization_validity/data/rowidfix_stageFT_all_qmax0p20_lam0p50/CDF_RUN_2.csv,0.057999999999999996,0.0,0.331058907,0.057999999999999996,0.0,0.057999999999999996,13.74,0.33105892,0.0,0.9845828,14.311907,14.311907,14.091257,14.091257,1.0610116
CDF_RUN_2:15,CDF_RUN_2,15,7.75,91.0,66.0,116.0,0.0,,,,,,0.046428571,0.046428571,1960.0,,13.07,1.0,13.07,0.326955654,0.326955654,,5.8%,,-6.383378952683275,-0.0,-6.383378952683275,-2.0475049494760107,-59.49852438607248,0.0851648351648351,7.479418521455655,mcfm_logistic,1.0,7.479418521455655,55.1320882940769,-47.652669772621245,False,raw,-47.652669772621245,0.0,-0.0,False,0.0,0.1356636171944026,asymptotic_damped,0.1,2.0,exp,0.4841769137069157,base,base,alpha_over_pi,0.326955654,0.0,0.0,0.0,0.1,0.05,0.5,2.0,0.2,1.0,/home/dustin/work/project/bT-TMD/systematics/collins_factorization_validity/data/rowidfix_stageFT_all_qmax0p20_lam0p50/CDF_RUN_2.csv,0.057999999999999996,0.0,0.326955654,0.057999999999999996,0.0,0.057999999999999996,13.07,0.32695565,-0.0,0.9845828,13.133024,13.133024,12.93055,12.93055,-0.42651066
CDF_RUN_2:16,CDF_RUN_2,16,8.25,91.0,66.0,116.0,0.0,,,,,,0.046428571,0.046428571,1960.0,,11.83,1.0,11.83,0.304630924,0.304630924,,5.8%,,17.50017289786654,0.0,17.50017289786654,0.6759933212683975,18.61325443724991,0.0906593406593406,8.066863780173911,mcfm_logistic,1.0,8.066863780173911,-31.763127942792888,39.8299917229668,True,raw,39.8299917229668,0.0,0.0,False,0.0,-0.2539694388632873,asymptotic_damped,0.1,2.0,exp,0.4395905274140049,base,base,alpha_over_pi,0.304630924,0.0,0.0,0.0,0.1,0.05,0.5,2.0,0.2,1.0,/home/dustin/work/project/bT-TMD/systematics/collins_factorization_validity/data/rowidfix_stageFT_all_qmax0p20_lam0p50/CDF_RUN_2.csv,0.057999999999999996,0.0,0.304630924,0.057999999999999996,0.0,0.057999999999999996,11.83,0.30463094,0.0,0.9845828,11.962073,11.962073,11.777652,11.777652,-0.17184117
CDF_RUN_2:17,CDF_RUN_2,17,8.75,91.0,66.0,116.0,0.0,,,,,,0.046428571,0.046428571,1960.0,,11.12,1.0,11.12,0.291547595,0.291547595,,5.8%,,8.978461495869405,0.0,8.978461495869405,1.2385195398026512,-7.345416463238512,0.0961538461538461,8.66524125742803,mcfm_logistic,1.0,8.66524125742803,-4.104272012617519,12.76951327004555,True,raw,12.76951327004555,0.0,0.0,False,0.0,-2.111273626793984,asymptotic_damped,0.1,2.0,exp,0.3967074336104218,base,base,alpha_over_pi,0.291547595,0.0,0.0,0.0,0.1,0.05,0.5,2.0,0.2,1.0,/home/dustin/work/project/bT-TMD/systematics/collins_factorization_validity/data/rowidfix_stageFT_all_qmax0p20_lam0p50/CDF_RUN_2.csv,0.057999999999999996,0.0,0.291547595,0.057999999999999996,0.0,0.057999999999999996,11.12,0.2915476,0.0,0.9845828,10.841848,10.841848,10.674697,10.674697,-1.5273765
CDF_RUN_2:18,CDF_RUN_2,18,9.25,91.0,66.0,116.0,0.0,,,,,,0.046428571,0.046428571,1960.0,,10.33,1.0,10.33,0.282311884,0.2828243299478007,,5.8%,,-3.7863208078480577,-0.0,-3.7863208078480577,-2.728242144349892,-50.00257377705027,0.1016483516483516,9.274231845371776,mcfm_logistic,1.0,9.274231845371776,29.87512790016048,-20.600896054788706,False,raw,-20.600896054788706,0.0,-0.0,False,0.0,0.3104332097377215,asymptotic_damped,0.1,2.0,exp,0.3558525784821302,base,base,alpha_over_pi,0.282311884,0.0170176897019826,0.0016474046178105,0.0031888169794217,0.1,0.05,0.5,2.0,0.2,1.0018151766781476,/home/dustin/work/project/bT-TMD/systematics/collins_factorization_validity/data/rowidfix_stageFT_all_qmax0p20_lam0p50/CDF_RUN_2.csv,0.057999999999999996,0.0,0.2828243299478007,0.057999999999999996,0.0,0.057999999999999996,10.33,0.28282434,-0.0,0.9845828,9.80719,9.80719,9.655991,9.655991,-2.3831377
CDF_RUN_2:19,CDF_RUN_2,19,9.75,91.0,66.0,116.0,0.0,,,,,,0.046428571,0.046428571,1960.0,,10.24,1.0,10.24,0.291547595,0.4370371187093879,,5.8%,,18.864564323562973,0.0,18.864564323562973,0.5428166706829071,29.58201155308097,0.1071428571428571,9.89351406561586,mcfm_logistic,1.0,9.89351406561586,-29.59427407680353,39.48778814241938,True,raw,39.48778814241938,0.0,0.0,False,0.0,-0.3343050091358908,asymptotic_damped,0.1,2.0,exp,0.3172836267015646,base,base,alpha_over_pi,0.291547595,0.3255786279526339,0.0317947878859994,0.0553935860058301,0.1,0.05,0.5,2.0,0.2,1.4990249489432006,/home/dustin/work/project/bT-TMD/systematics/collins_factorization_validity/data/rowidfix_stageFT_all_qmax0p20_lam0p50/CDF_RUN_2.csv,0.057999999999999996,0.0,0.4370371187093879,0.057999999999999996,0.0,0.057999999999999996,10.24,0.4370371,0.0,0.9845828,8.87392,8.87392,8.737109,8.737109,-3.4388168
CDF_RUN_2:20,CDF_RUN_2,20,10.25,91.0,66.0,116.0,0.0,,,,,,0.046428571,0.046428571,1960.0,,9.043,1.0,9.043,0.261480401,0.950785790086252,,5.8%,,0.1035908171154944,-0.0,0.1035908171154944,87.2953824653962,-34.187683469571034,0.1126373626373626,10.522763502864256,mcfm_logistic,1.0,10.522763502864256,12.846835282060471,-2.324071779196215,False,raw,-2.324071779196215,0.0,-0.0,False,-0.0,0.8190938290894423,asymptotic_damped,0.1,2.0,exp,0.2811920064005997,base,base,alpha_over_pi,0.261480401,0.914123415367322,0.1010863004940088,0.1593519389679263,0.1,0.05,0.5,2.0,0.2,3.6361646473314537,/home/dustin/work/project/bT-TMD/systematics/collins_factorization_validity/data/rowidfix_stageFT_all_qmax0p20_lam0p50/CDF_RUN_2.csv,0.057999999999999996,0.0,0.950785790086252,0.057999999999999996,0.0,0.057999999999999996,9.043,0.9507858,-0.0,0.9845828,8.038158,8.038158,7.9142323,7.9142323,-1.1871948
CDF_RUN_2:21,CDF_RUN_2,21,10.75,91.0,66.0,116.0,0.0,,,,,,0.046428571,0.046428571,1960.0,,8.295,1.0,8.295,0.245798698,1.7487492506718856,,5.8%,,0.2081587628698242,0.0,0.2081587628698242,39.84939132823067,-32.90026067237417,0.1181318681318681,11.16164056921633,mcfm_logistic,1.0,11.16164056921633,9.952242480110735,1.2093980891055924,True,raw,1.2093980891055924,0.0,0.0,False,0.0,1.1215201590518458,asymptotic_damped,0.1,2.0,exp,0.2477057258137517,base,base,alpha_over_pi,0.245798698,1.7313887321416257,0.2087267910960368,0.2991396961931911,0.1,0.05,0.5,2.0,0.2,7.114558640468818,/home/dustin/work/project/bT-TMD/systematics/collins_factorization_validity/data/rowidfix_stageFT_all_qmax0p20_lam0p50/CDF_RUN_2.csv,0.057999999999999996,0.0,1.7487492506718856,0.057999999999999996,0.0,0.057999999999999996,8.295,1.7487493,0.0,0.9845828,7.283788,7.283788,7.1714926,7.1714926,-0.64246345
CDF_RUN_2:22,CDF_RUN_2,22,11.25,91.0,66.0,116.0,0.0,,,,,,0.046428571,0.046428571,1960.0,,8.319,1.0,8.319,0.253665134,2.92788358613006,,5.8%,,15.45707119093351,0.0,15.45707119093351,0.538200277221961,28.13974107664914,0.1236263736263736,11.809795562410349,mcfm_logistic,1.0,11.809795562410349,-17.635294102390713,29.44508966480106,True,raw,29.44508966480106,0.0,0.0,False,0.0,-0.6696681945785845,asymptotic_damped,0.1,2.0,exp,0.2168936743227202,base,base,alpha_over_pi,0.253665134,2.9168744048591773,0.3506280087581653,0.4588326780091051,0.1,0.05,0.5,2.0,0.2,11.54231777919491,/home/dustin/work/project/bT-TMD/systematics/collins_factorization_validity/data/rowidfix_stageFT_all_qmax0p20_lam0p50/CDF_RUN_2.csv,0.057999999999999996,0.0,2.92788358613006,0.057999999999999996,0.0,0.057999999999999996,8.319,2.9278836,0.0,0.9845828,6.5928326,6.5928326,6.4911895,6.4911895,-0.6242771
CDF_RUN_2:23,CDF_RUN_2,23,11.75,91.0,66.0,116.0,0.0,,,,,,0.046428571,0.046428571,1960.0,,7.78,1.0,7.78,0.242243679,4.044519764601677,,5.8%,,-6.395995870241107,-0.0,-6.395995870241107,-1.2163860261696386,-58.519569752080535,0.1291208791208791,12.46688100219729,mcfm_logistic,1.0,12.46688100219729,15.355686098102524,-2.8888050959052336,False,raw,-2.8888050959052336,0.0,-0.0,False,0.0,0.8118739157957782,asymptotic_damped,0.1,2.0,exp,0.1887710936811681,base,base,alpha_over_pi,0.242243679,4.037258739075086,0.5189278584929417,0.6225067047431491,0.1,0.05,0.5,2.0,0.2,16.696079671914482,/home/dustin/work/project/bT-TMD/systematics/collins_factorization_validity/data/rowidfix_stageFT_all_qmax0p20_lam0p50/CDF_RUN_2.csv,0.057999999999999996,0.0,4.044519764601677,0.057999999999999996,0.0,0.057999999999999996,7.78,4.04452,-0.0,0.9845828,5.953553,5.953553,5.861766,5.861766,-0.47427985
CDF_RUN_2:24,CDF_RUN_2,24,12.25,91.0,66.0,116.0,0.0,,,,,,0.046428571,0.046428571,1960.0,,7.465,1.0,7.465,0.239384628,5.242238140105603,,5.8%,,4.961802028052021,0.0,4.961802028052021,1.5044937217962164,-10.456803316326472,0.1346153846153846,13.132565842586152,mcfm_logistic,1.0,13.132565842586152,-1.5330514728050255,14.665617315391176,True,raw,14.665617315391176,0.0,0.0,False,0.0,-8.566291527418505,asymptotic_damped,0.1,2.0,exp,0.1633058954798852,base,base,alpha_over_pi,0.239384628,5.236769587966913,0.7015096567939603,0.7742375967228036,0.1,0.05,0.5,2.0,0.2,21.89880855718774,/home/dustin/work/project/bT-TMD/systematics/collins_factorization_validity/data/rowidfix_stageFT_all_qmax0p20_lam0p50/CDF_RUN_2.csv,0.057999999999999996,0.0,5.242238140105603,0.057999999999999996,0.0,0.057999999999999996,7.465,5.242238,0.0,0.9845828,5.363367,5.363367,5.2806787,5.2806787,-0.41667727
CDF_RUN_2:25,CDF_RUN_2,25,12.75,91.0,66.0,116.0,0.0,,,,,,0.046428571,0.046428571,1960.0,,6.839,1.0,6.839,0.225800797,6.032951874038193,,5.8%,,9.707614903724073,0.0,9.707614903724073,0.7044984857584737,12.704184138570913,0.1401098901098901,13.806496268222949,mcfm_logistic,1.0,13.806496268222949,-6.873920274379709,20.680416542602657,True,raw,20.680416542602657,0.0,0.0,False,0.0,-2.0085330811417976,asymptotic_damped,0.1,2.0,exp,0.1404255069215567,base,base,alpha_over_pi,0.225800797,6.0287247668586685,0.8815213871704443,0.8981011742755494,0.1,0.05,0.5,2.0,0.2,26.718027368336493,/home/dustin/work/project/bT-TMD/systematics/collins_factorization_validity/data/rowidfix_stageFT_all_qmax0p20_lam0p50/CDF_RUN_2.csv,0.057999999999999996,0.0,6.032951874038193,0.057999999999999996,0.0,0.057999999999999996,6.839,6.032952,0.0,0.9845828,4.82656,4.82656,4.7521477,4.7521477,-0.34590903
CDF_RUN_2:26,CDF_RUN_2,26,13.25,91.0,66.0,116.0,0.0,,,,,,0.046428571,0.046428571,1960.0,,6.411,1.0,6.411,0.21791971,6.651104528045078,,5.8%,,-8.351945012082908,0.0,-8.351945012082908,-0.7676056284763718,-67.74488187453493,0.1456043956043956,14.488299264225937,mcfm_logistic,1.0,14.488299264225937,10.412812833581343,4.07548643064459,True,raw,4.07548643064459,0.0,0.0,False,-0.0,1.391391499662909,asymptotic_damped,0.1,2.0,exp,0.1200239465011492,base,base,alpha_over_pi,0.21791971,6.647533560876188,1.0368949556818263,0.9781732577288668,0.1,0.05,0.5,2.0,0.2,30.520894727902668,/home/dustin/work/project/bT-TMD/systematics/collins_factorization_validity/data/rowidfix_stageFT_all_qmax0p20_lam0p50/CDF_RUN_2.csv,0.057999999999999996,0.0,6.651104528045078,0.057999999999999996,0.0,0.057999999999999996,6.411,6.6511045,0.0,0.9845828,4.3491936,4.3491936,4.282141,4.282141,-0.32007596
CDF_RUN_2:27,CDF_RUN_2,27,13.75,91.0,66.0,116.0,0.0,,,,,,0.046428571,0.046428571,1960.0,,6.22,1.0,6.22,0.217623528,7.103737270132441,,5.8%,,9.486705604950153,0.0,9.486705604950153,0.655654371392574,15.010810802360265,0.1510989010989011,15.177610283087652,mcfm_logistic,1.0,15.177610283087652,-5.245559543333562,20.423169826421216,True,raw,20.423169826421216,0.0,0.0,False,0.0,-2.8934206461113305,asymptotic_damped,0.1,2.0,exp,0.1019688615394953,base,base,alpha_over_pi,0.217623528,7.100403031034896,1.1415438956647743,1.0,0.1,0.05,0.5,2.0,0.2,32.642321974177534,/home/dustin/work/project/bT-TMD/systematics/collins_factorization_validity/data/rowidfix_stageFT_all_qmax0p20_lam0p50/CDF_RUN_2.csv,0.057999999999999996,0.0,7.103737270132441,0.057999999999999996,0.0,0.057999999999999996,6.22,7.1037374,0.0,0.9845828,3.933878,3.933878,3.8732285,3.8732285,-0.33035725
CDF_RUN_2:28,CDF_RUN_2,28,14.25,91.0,66.0,116.0,0.0,,,,,,0.046428571,0.046428571,1960.0,,5.89,1.0,5.89,0.212640542,7.224710212574796,,5.8%,,3.57007195252,0.0,3.57007195252,1.649826692104185,-10.91009280572658,0.1565934065934066,15.874067069915172,mcfm_logistic,1.0,15.874067069915172,-0.6461151703575164,16.52018224027269,True,raw,16.52018224027269,0.0,0.0,False,0.0,-24.568479116705365,asymptotic_damped,0.1,2.0,exp,0.086108297744511,base,base,alpha_over_pi,0.212640542,7.221580274121482,1.2260747494263975,1.0,0.1,0.05,0.5,2.0,0.2,33.97616533809811,/home/dustin/work/project/bT-TMD/systematics/collins_factorization_validity/data/rowidfix_stageFT_all_qmax0p20_lam0p50/CDF_RUN_2.csv,0.057999999999999996,0.0,7.224710212574796,0.057999999999999996,0.0,0.057999999999999996,5.89,7.22471,0.0,0.9845828,3.5770435,3.5770435,3.5218954,3.5218954,-0.3277785
CDF_RUN_2:29,CDF_RUN_2,29,14.75,91.0,66.0,116.0,0.0,,,,,,0.046428571,0.046428571,1960.0,,5.363,1.0,5.363,0.197800404,7.047744784766225,,5.8%,,-6.131017065946052,0.0,-6.131017065946052,-0.874732518653079,-58.10916880607611,0.1620879120879121,16.577305786508933,mcfm_logistic,1.0,16.577305786508933,4.756031371575318,11.821274414933615,True,raw,11.821274414933615,0.0,0.0,False,-0.0,3.4855333136749493,asymptotic_damped,0.1,2.0,exp,0.0722770140849771,base,base,alpha_over_pi,0.197800404,7.04496852735177,1.313624562250936,1.0,0.1,0.05,0.5,2.0,0.2,35.63058842269212,/home/dustin/work/project/bT-TMD/systematics/collins_factorization_validity/data/rowidfix_stageFT_all_qmax0p20_lam0p50/CDF_RUN_2.csv,0.057999999999999996,0.0,7.047744784766225,0.057999999999999996,0.0,0.057999999999999996,5.363,7.0477448,0.0,0.9845828,3.2690964,3.2690964,3.218696,3.218696,-0.3042539
CDF_RUN_2:30,CDF_RUN_2,30,15.25,91.0,66.0,116.0,0.0,,,,,,0.046428571,0.046428571,1960.0,,5.186,1.0,5.186,0.197253644,7.28481767466764,,5.8%,,11.88692993307654,0.0,11.88692993307654,0.4362774937849553,33.971133801089834,0.1675824175824175,17.28696067337872,mcfm_logistic,1.0,17.28696067337872,-4.391894528281895,21.67885520166061,True,raw,21.67885520166061,0.0,0.0,False,0.0,-3.936105605919767,asymptotic_damped,0.1,2.0,exp,0.060302201410608,base,base,alpha_over_pi,0.197253644,7.282146630841676,1.4041933341383872,1.0,0.1,0.05,0.5,2.0,0.2,36.93121975818931,/home/dustin/work/project/bT-TMD/systematics/collins_factorization_validity/data/rowidfix_stageFT_all_qmax0p20_lam0p50/CDF_RUN_2.csv,0.057999999999999996,0.0,7.28481767466764,0.057999999999999996,0.0,0.057999999999999996,5.186,7.2848177,0.0,0.9845828,2.9969788,2.9969788,2.9507737,2.9507737,-0.3068335
CDF_RUN_2:31,CDF_RUN_2,31,15.75,91.0,66.0,116.0,0.0,,,,,,0.046428571,0.046428571,1960.0,,4.792,1.0,4.792,0.187515333,7.179815951624118,,5.8%,,-2.0034835143857617,0.0,-2.0034835143857617,-2.3918340059160186,-36.2396152126171,0.173076923076923,18.00265476707488,mcfm_logistic,1.0,18.00265476707488,1.6266216339771848,16.376033133097696,True,raw,16.376033133097696,0.0,0.0,False,-0.0,11.067512192775489,asymptotic_damped,0.1,2.0,exp,0.0500085078925841,base,base,alpha_over_pi,0.187515333,7.177366863905316,1.4977810650887555,1.0,0.1,0.05,0.5,2.0,0.2,38.28922060269129,/home/dustin/work/project/bT-TMD/systematics/collins_factorization_validity/data/rowidfix_stageFT_all_qmax0p20_lam0p50/CDF_RUN_2.csv,0.057999999999999996,0.0,7.179815951624118,0.057999999999999996,0.0,0.057999999999999996,4.792,7.179816,0.0,0.9845828,2.747572,2.747572,2.705212,2.705212,-0.2906464
CDF_RUN_2:32,CDF_RUN_2,32,16.25,91.0,66.0,116.0,0.0,,,,,,0.046428571,0.046428571,1960.0,,4.431,1.0,4.431,0.177789201,7.066968887034314,,5.8%,,-1.7525938937073038,0.0,-1.7525938937073038,-2.5282525609095896,-34.7804808105713,0.1785714285714285,18.72401093265533,mcfm_logistic,1.0,18.72401093265533,1.2220147848724905,17.50199614778284,True,raw,17.50199614778284,0.0,0.0,False,-0.0,15.32224582258967,asymptotic_damped,0.1,2.0,exp,0.041222316353556,base,base,alpha_over_pi,0.177789201,7.064732142857136,1.5943877551020391,1.0,0.1,0.05,0.5,2.0,0.2,39.749145883356064,/home/dustin/work/project/bT-TMD/systematics/collins_factorization_validity/data/rowidfix_stageFT_all_qmax0p20_lam0p50/CDF_RUN_2.csv,0.057999999999999996,0.0,7.066968887034314,0.057999999999999996,0.0,0.057999999999999996,4.431,7.066969,0.0,0.9845828,2.5106258,2.5106258,2.471919,2.471919,-0.2772166
CDF_RUN_2:33,CDF_RUN_2,33,16.75,91.0,66.0,116.0,0.0,,,,,,0.046428571,0.046428571,1960.0,,4.149,1.0,4.149,0.170261563,7.030523569294121,,5.8%,,10.89409542715039,0.0,10.89409542715039,0.3808485089693463,39.61607839316258,0.184065934065934,19.450651252624684,mcfm_logistic,1.0,19.450651252624684,-2.3080036489233544,21.75865490154804,True,raw,21.75865490154804,0.0,0.0,False,0.0,-8.427478553466798,asymptotic_damped,0.1,2.0,exp,0.0337752562444461,base,base,alpha_over_pi,0.170261563,7.02846161393551,1.694013404178238,1.0,0.1,0.05,0.5,2.0,0.2,41.29248813071286,/home/dustin/work/project/bT-TMD/systematics/collins_factorization_validity/data/rowidfix_stageFT_all_qmax0p20_lam0p50/CDF_RUN_2.csv,0.057999999999999996,0.0,7.030523569294121,0.057999999999999996,0.0,0.057999999999999996,4.149,7.030524,0.0,0.9845828,2.2801418,2.2801418,2.2449884,2.2449884,-0.27082074
CDF_RUN_2:34,CDF_RUN_2,34,17.25,91.0,66.0,116.0,0.0,,,,,,0.046428571,0.046428571,1960.0,,4.346,1.0,4.346,0.184328511,7.81045112291353,,5.8%,,-6.137318825421588,0.0,-6.137318825421588,-0.7081268097069183,-56.87301855013405,0.1895604395604395,20.182191816218943,mcfm_logistic,1.0,20.182191816218943,1.6642798442686118,18.51791197195033,True,raw,18.51791197195033,0.0,0.0,False,-0.0,12.126681630929836,asymptotic_damped,0.1,2.0,exp,0.027506965247996,base,base,alpha_over_pi,0.184328511,7.808275721531211,1.7966580123173517,1.0,0.1,0.05,0.5,2.0,0.2,42.37245275047836,/home/dustin/work/project/bT-TMD/systematics/collins_factorization_validity/data/rowidfix_stageFT_all_qmax0p20_lam0p50/CDF_RUN_2.csv,0.057999999999999996,0.0,7.81045112291353,0.057999999999999996,0.0,0.057999999999999996,4.346,7.810451,0.0,0.9845828,2.0543928,2.0543928,2.0227199,2.0227199,-0.2974579
CDF_RUN_2:35,CDF_RUN_2,35,17.75,91.0,66.0,116.0,0.0,,,,,,0.046428571,0.046428571,1960.0,,3.931,1.0,3.931,0.170751281,7.479975319967717,,5.8%,,2.8298444409847088,0.0,2.8298444409847088,1.389122293461516,-6.448886079017417,0.195054945054945,20.91825346984032,mcfm_logistic,1.0,20.91825346984032,-0.2142893934782862,21.132542863318605,True,raw,21.132542863318605,0.0,0.0,False,0.0,-97.61684015387328,asymptotic_damped,0.1,2.0,exp,0.0222671415767315,base,base,alpha_over_pi,0.170751281,7.478026129090685,1.9023215795193804,1.0,0.1,0.05,0.5,2.0,0.2,43.80626181052028,/home/dustin/work/project/bT-TMD/systematics/collins_factorization_validity/data/rowidfix_stageFT_all_qmax0p20_lam0p50/CDF_RUN_2.csv,0.057999999999999996,0.0,7.479975319967717,0.057999999999999996,0.0,0.057999999999999996,3.931,7.479975,0.0,0.9845828,1.8347101,1.8347101,1.806424,1.806424,-0.28403518
D0_RUN_1:0,D0_RUN_1,0,0.5,90.0,75.0,105.0,0.0,,,,,,0.05,0.05,1800.0,,6.04,1.0,6.04,0.53,0.53,,4.4%,,5.756624587934123,-0.0,5.756624587934123,1.049225967011959,-0.5346705888035413,0.0055555555555555,0.32379715246642,mcfm_logistic,1.0,0.32379715246642,89.82845175079522,-89.5046545983288,False,raw,-89.5046545983288,0.0,-0.0,False,-0.0,0.0036046168686588,asymptotic_damped,0.1,2.0,exp,0.9969183383439394,base,base,alpha_over_pi,0.53,0.0,0.0,0.0,0.1,0.05,0.5,2.0,0.2,1.0,/home/dustin/work/project/bT-TMD/systematics/collins_factorization_validity/data/rowidfix_stageFT_all_qmax0p20_lam0p50/D0_RUN_1.csv,0.044000000000000004,0.0,0.53,0.044000000000000004,0.0,0.044000000000000004,6.04,0.53,-0.0,0.9410351,6.26967,6.26967,5.8999796,5.8999796,-0.2641894
D0_RUN_1:1,D0_RUN_1,1,1.5,90.0,75.0,105.0,0.0,,,,,,0.05,0.05,1800.0,,16.2,1.0,16.2,0.96,0.96,,4.4%,,-5.63714060118355,-0.0,-5.63714060118355,-2.8737973994472865,-22.7470214595662,0.0166666666666666,1.0127308160978463,mcfm_logistic,1.0,1.0127308160978463,238.09136697196183,-237.078636155864,False,raw,-237.078636155864,0.0,-0.0,False,0.0,0.0042535385846942,asymptotic_damped,0.1,2.0,exp,0.9726044771163485,base,base,alpha_over_pi,0.96,0.0,0.0,0.0,0.1,0.05,0.5,2.0,0.2,1.0,/home/dustin/work/project/bT-TMD/systematics/collins_factorization_validity/data/rowidfix_stageFT_all_qmax0p20_lam0p50/D0_RUN_1.csv,0.044000000000000004,0.0,0.96,0.044000000000000004,0.0,0.044000000000000004,16.2,0.96,-0.0,0.9410351,16.436193,16.436193,15.467035,15.467035,-0.7635057
D0_RUN_1:2,D0_RUN_1,2,2.5,90.0,75.0,105.0,0.0,,,,,,0.05,0.05,1800.0,,20.4,1.0,20.4,1.1,1.1,,4.4%,,36.72622575756109,0.0,36.72622575756109,0.5554613788703868,14.842023415964626,0.0277777777777777,1.7526614427520075,mcfm_logistic,1.0,1.7526614427520075,-53.13471232125283,54.88737376400484,True,raw,54.88737376400484,0.0,0.0,False,0.0,-0.0329852438487933,asymptotic_damped,0.1,2.0,exp,0.9257412659243828,base,base,alpha_over_pi,1.1,0.0,0.0,0.0,0.1,0.05,0.5,2.0,0.2,1.0,/home/dustin/work/project/bT-TMD/systematics/collins_factorization_validity/data/rowidfix_stageFT_all_qmax0p20_lam0p50/D0_RUN_1.csv,0.044000000000000004,0.0,1.1,0.044000000000000004,0.0,0.044000000000000004,20.4,1.1,0.0,0.9410351,21.269585,21.269585,20.015425,20.015425,-0.34961352
D0_RUN_1:3,D0_RUN_1,3,3.5,90.0,75.0,105.0,0.0,,,,,,0.05,0.05,1800.0,,19.7,1.0,19.7,1.1,1.1,,4.4%,,40.77172787374552,0.0,40.77172787374552,0.4831779526490361,19.15611624885956,0.0388888888888888,2.5407114190762523,mcfm_logistic,1.0,2.5407114190762523,-99.11031488344254,101.6510263025188,True,raw,101.6510263025188,0.0,0.0,False,0.0,-0.0256351866308186,asymptotic_damped,0.1,2.0,exp,0.8596460296426133,base,base,alpha_over_pi,1.1,0.0,0.0,0.0,0.1,0.05,0.5,2.0,0.2,1.0,/home/dustin/work/project/bT-TMD/systematics/collins_factorization_validity/data/rowidfix_stageFT_all_qmax0p20_lam0p50/D0_RUN_1.csv,0.044000000000000004,0.0,1.1,0.044000000000000004,0.0,0.044000000000000004,19.7,1.1,0.0,0.9410351,21.340172,21.340172,20.08185,20.08185,0.34713572
D0_RUN_1:4,D0_RUN_1,4,4.5,90.0,75.0,105.0,0.0,,,,,,0.05,0.05,1800.0,,16.2,1.0,16.2,0.92,0.92,,4.4%,,4.074290653909179,-0.0,4.074290653909179,3.976152262101504,-13.180118854446544,0.05,3.3745935326546563,mcfm_logistic,1.0,3.3745935326546563,86.928301887413,-83.55370835475834,False,raw,-83.55370835475834,0.0,-0.0,False,-0.0,0.038820423951515,asymptotic_damped,0.1,2.0,exp,0.7788007830714049,base,base,alpha_over_pi,0.92,0.0,0.0,0.0,0.1,0.05,0.5,2.0,0.2,1.0,/home/dustin/work/project/bT-TMD/systematics/collins_factorization_validity/data/rowidfix_stageFT_all_qmax0p20_lam0p50/D0_RUN_1.csv,0.044000000000000004,0.0,0.92,0.044000000000000004,0.0,0.044000000000000004,16.2,0.92,-0.0,0.9410351,19.21852,19.21852,18.0853,18.0853,2.0492387
D0_RUN_1:5,D0_RUN_1,5,5.5,90.0,75.0,105.0,0.0,,,,,,0.05,0.05,1800.0,,15.0,1.0,15.0,0.87,0.87,,4.4%,,-1.1017567829249066,-0.0,-1.1017567829249066,-13.614620061769449,-18.507766417155064,0.0611111111111111,4.252195657902532,mcfm_logistic,1.0,4.252195657902532,73.61085297847163,-69.3586573205691,False,raw,-69.3586573205691,0.0,-0.0,False,0.0,0.0577658794301179,asymptotic_damped,0.1,2.0,exp,0.6883507292037716,base,base,alpha_over_pi,0.87,0.0,0.0,0.0,0.1,0.05,0.5,2.0,0.2,1.0,/home/dustin/work/project/bT-TMD/systematics/collins_factorization_validity/data/rowidfix_stageFT_all_qmax0p20_lam0p50/D0_RUN_1.csv,0.044000000000000004,0.0,0.87,0.044000000000000004,0.0,0.044000000000000004,15.0,0.87,-0.0,0.9410351,16.87611,16.87611,15.881012,15.881012,1.0126574
D0_RUN_1:6,D0_RUN_1,6,6.5,90.0,75.0,105.0,0.0,,,,,,0.05,0.05,1800.0,,14.1,1.0,14.1,0.84,0.84,,4.4%,,20.67719620926717,0.0,20.67719620926717,0.6819106351411717,7.829995487222817,0.0722222222222222,5.171444831540697,mcfm_logistic,1.0,5.171444831540697,-49.39599275843786,54.56743758997856,True,raw,54.56743758997856,0.0,0.0,False,0.0,-0.1046936106098871,asymptotic_damped,0.1,2.0,exp,0.5935671444710338,base,base,alpha_over_pi,0.84,0.0,0.0,0.0,0.1,0.05,0.5,2.0,0.2,1.0,/home/dustin/work/project/bT-TMD/systematics/collins_factorization_validity/data/rowidfix_stageFT_all_qmax0p20_lam0p50/D0_RUN_1.csv,0.044000000000000004,0.0,0.84,0.044000000000000004,0.0,0.044000000000000004,14.1,0.84,0.0,0.9410351,14.747425,14.747425,13.877845,13.877845,-0.26447093
D0_RUN_1:7,D0_RUN_1,7,7.5,90.0,75.0,105.0,0.0,,,,,,0.05,0.05,1800.0,,11.1,1.0,11.1,0.73,0.73,,4.4%,,13.844633422035477,0.0,13.844633422035477,0.8017547060749874,3.759771811007501,0.0833333333333333,6.1302336624608,mcfm_logistic,1.0,6.1302336624608,-22.36883525471356,28.49906891717436,True,raw,28.49906891717436,0.0,0.0,False,0.0,-0.274052430207292,asymptotic_damped,0.1,2.0,exp,0.4993517885992762,base,base,alpha_over_pi,0.73,0.0,0.0,0.0,0.1,0.05,0.5,2.0,0.2,1.0,/home/dustin/work/project/bT-TMD/systematics/collins_factorization_validity/data/rowidfix_stageFT_all_qmax0p20_lam0p50/D0_RUN_1.csv,0.044000000000000004,0.0,0.73,0.044000000000000004,0.0,0.044000000000000004,11.1,0.73,0.0,0.9410351,12.593106,12.593106,11.850554,11.850554,1.0281563
D0_RUN_1:8,D0_RUN_1,8,8.5,90.0,75.0,105.0,0.0,,,,,,0.05,0.05,1800.0,,10.0,1.0,10.0,0.69,0.69,,4.4%,,-5.7570729255361,-0.0,-5.7570729255361,-1.7369938038554198,-22.836337573240726,0.0944444444444444,7.126418426366963,mcfm_logistic,1.0,7.126418426366963,39.22102033886638,-32.09460191249942,False,raw,-32.09460191249942,0.0,-0.0,False,0.0,0.1816989554273523,asymptotic_damped,0.1,2.0,exp,0.4098453815251962,base,base,alpha_over_pi,0.69,0.0,0.0,0.0,0.1,0.05,0.5,2.0,0.2,1.0,/home/dustin/work/project/bT-TMD/systematics/collins_factorization_validity/data/rowidfix_stageFT_all_qmax0p20_lam0p50/D0_RUN_1.csv,0.044000000000000004,0.0,0.69,0.044000000000000004,0.0,0.044000000000000004,10.0,0.69,-0.0,0.9410351,10.424319,10.424319,9.80965,9.80965,-0.27586895
D0_RUN_1:9,D0_RUN_1,9,9.5,90.0,75.0,105.0,0.0,,,,,,0.05,0.05,1800.0,,9.29,1.0,9.29,0.67,0.6931094731612939,,4.4%,,3.8257008548096287,0.0,3.8257008548096287,2.4283132300636403,-8.155670365955777,0.1055555555555555,8.157769640105956,mcfm_logistic,1.0,8.157769640105956,5.875710004375371,2.282059635730585,True,raw,2.282059635730585,0.0,0.0,False,0.0,1.38838874519526,asymptotic_damped,0.1,2.0,exp,0.3281785263999339,base,base,alpha_over_pi,0.67,0.1774844832257915,0.0191048959338849,0.0342935528120706,0.1,0.05,0.5,2.0,0.2,1.0344917509870055,/home/dustin/work/project/bT-TMD/systematics/collins_factorization_validity/data/rowidfix_stageFT_all_qmax0p20_lam0p50/D0_RUN_1.csv,0.044000000000000004,0.0,0.6931094731612939,0.044000000000000004,0.0,0.044000000000000004,9.29,0.69310945,0.0,0.9410351,8.5012045,8.5012045,7.999932,7.999932,-1.8612763
D0_RUN_1:10,D0_RUN_1,10,11.0,90.0,75.0,105.0,0.0,,,,,,0.05,0.05,1800.0,,7.25,1.0,7.25,0.54,2.321826805395905,,4.4%,,-3.926347814957587,-0.0,-3.926347814957587,-1.8464996841035888,-20.696940398069604,0.1222222222222222,9.765740391319504,mcfm_logistic,1.0,9.765740391319504,14.28422551511807,-4.518485123798566,False,raw,-4.518485123798566,0.0,-0.0,False,0.0,0.6836730756584378,asymptotic_damped,0.1,2.0,exp,0.2245117666465472,base,base,alpha_over_pi,0.54,2.2581584785517057,0.3114701349726491,0.4170096021947866,0.1,0.05,0.5,2.0,0.2,4.299679269251676,/home/dustin/work/project/bT-TMD/systematics/collins_factorization_validity/data/rowidfix_stageFT_all_qmax0p20_lam0p50/D0_RUN_1.csv,0.044000000000000004,0.0,2.321826805395905,0.044000000000000004,0.0,0.044000000000000004,7.25,2.3218267,-0.0,0.9410351,6.270966,6.270966,5.9011993,5.9011993,-0.5809222
D0_RUN_1:11,D0_RUN_1,11,13.0,90.0,75.0,105.0,0.0,,,,,,0.05,0.05,1800.0,,5.45,1.0,5.45,0.44,5.508120223377463,,4.4%,,6.843775036508623,0.0,6.843775036508623,0.7963441186956867,3.1676705375195966,0.1444444444444444,12.010913581982754,mcfm_logistic,1.0,12.010913581982754,-3.816552830811743,15.827466412794497,True,raw,15.827466412794497,0.0,0.0,False,0.0,-3.1470581214064186,asymptotic_damped,0.1,2.0,exp,0.124130759971849,base,base,alpha_over_pi,0.44,5.490518044336053,1.0074345035478995,0.965706447187928,0.1,0.05,0.5,2.0,0.2,12.518455053130598,/home/dustin/work/project/bT-TMD/systematics/collins_factorization_validity/data/rowidfix_stageFT_all_qmax0p20_lam0p50/D0_RUN_1.csv,0.044000000000000004,0.0,5.508120223377463,0.044000000000000004,0.0,0.044000000000000004,5.45,5.50812,0.0,0.9410351,4.0989466,4.0989466,3.8572526,3.8572526,-0.2891635
D0_RUN_1:12,D0_RUN_1,12,15.0,90.0,75.0,105.0,0.0,,,,,,0.05,0.05,1800.0,,4.45,1.0,4.45,0.39,6.192848050397214,,4.4%,,0.4096379666700738,0.0,0.4096379666700738,10.863250875337128,-10.359902649563914,0.1666666666666666,14.353628855703024,mcfm_logistic,1.0,14.353628855703024,0.7832699050548719,13.570358950648153,True,raw,13.570358950648153,0.0,0.0,False,0.0,18.32526535625989,asymptotic_damped,0.1,2.0,exp,0.0621765240221163,base,base,alpha_over_pi,0.39,6.18055555555555,1.3888888888888875,1.0,0.1,0.05,0.5,2.0,0.2,15.87909756512106,/home/dustin/work/project/bT-TMD/systematics/collins_factorization_validity/data/rowidfix_stageFT_all_qmax0p20_lam0p50/D0_RUN_1.csv,0.044000000000000004,0.0,6.192848050397214,0.044000000000000004,0.0,0.044000000000000004,4.45,6.192848,0.0,0.9410351,2.7679443,2.7679443,2.6047328,2.6047328,-0.29796743
D0_RUN_1:13,D0_RUN_1,13,17.0,90.0,75.0,105.0,0.0,,,,,,0.05,0.05,1800.0,,3.54,1.0,3.54,0.33,6.323801382331862,,4.4%,,0.4028736529817536,0.0,0.4028736529817536,8.78687393379961,-9.506443475812867,0.1888888888888888,16.773482848396398,mcfm_logistic,1.0,16.773482848396398,0.2578216482108281,16.51566120018557,True,raw,16.51566120018557,0.0,0.0,False,0.0,65.05847342454442,asymptotic_damped,0.1,2.0,exp,0.0282150082668024,base,base,alpha_over_pi,0.33,6.315185185185179,1.7839506172839488,1.0,0.1,0.05,0.5,2.0,0.2,19.163034491914733,/home/dustin/work/project/bT-TMD/systematics/collins_factorization_validity/data/rowidfix_stageFT_all_qmax0p20_lam0p50/D0_RUN_1.csv,0.044000000000000004,0.0,6.323801382331862,0.044000000000000004,0.0,0.044000000000000004,3.54,6.3238015,0.0,0.9410351,1.892458,1.892458,1.7808694,1.7808694,-0.27817613
LHCb_7:0,LHCb_7,0,1.1,90.0,60.0,120.0,3.125,2.0,4.25,,,,0.292627223,0.000564903,7000.0,,2.933636364,1.0,2.933636364,0.098068116,0.098068116,,,,11.88607125900077,0.0,11.88607125900077,0.2468129544300429,91.28792578212445,0.0122222222222222,,,,,,,,,,,,,,,,,,,,,,,0.098068116,0.0,0.0,0.0,0.1,0.05,0.5,2.0,0.1,1.0,/home/dustin/work/project/bT-TMD/systematics/collins_factorization_validity/data/rowidfix_stageFT_all_qmax0p20_lam0p50/LHCb_7.csv,0.0,0.0,0.098068116,0.0,0.0,0.0,2.9336364,0.09806812,0.0,1.0,2.9433959,2.9433959,2.9433959,2.9433959,0.09951681
LHCb_7:1,LHCb_7,1,2.8,90.0,60.0,120.0,3.125,2.0,4.25,,,,0.292627223,0.000564903,7000.0,,5.433333333,1.0,5.433333333,0.191559753,0.191559753,,,,8.413893939856612,0.0,8.413893939856612,0.6457572881044177,15.559430204822888,0.0311111111111111,,,,,,,,,,,,,,,,,,,,,,,0.191559753,0.0,0.0,0.0,0.1,0.05,0.5,2.0,0.1,1.0,/home/dustin/work/project/bT-TMD/systematics/collins_factorization_validity/data/rowidfix_stageFT_all_qmax0p20_lam0p50/LHCb_7.csv,0.0,0.0,0.191559753,0.0,0.0,0.0,5.4333334,0.19155975,0.0,1.0,5.3972926,5.3972926,5.3972926,5.3972926,-0.18814382
LHCb_7:2,LHCb_7,2,4.0,90.0,60.0,120.0,3.125,2.0,4.25,,,,0.292627223,0.000564903,7000.0,,5.174166667,1.0,5.174166667,0.230907028,0.230907028,,,,5.00220286786458,0.0,5.00220286786458,1.0343776139588738,-0.7447317676940519,0.0444444444444444,,,,,,,,,,,,,,,,,,,,,,,0.230907028,0.0,0.0,0.0,0.1,0.05,0.5,2.0,0.1,1.0,/home/dustin/work/project/bT-TMD/systematics/collins_factorization_validity/data/rowidfix_stageFT_all_qmax0p20_lam0p50/LHCb_7.csv,0.0,0.0,0.230907028,0.0,0.0,0.0,5.1741667,0.23090702,0.0,1.0,5.5193863,5.5193863,5.5193863,5.5193863,1.4950589
LHCb_7:3,LHCb_7,3,5.2,90.0,60.0,120.0,3.125,2.0,4.25,,,,0.292627223,0.000564903,7000.0,,4.89,1.0,4.89,0.218255393,0.218255393,,,,4.291743479863051,0.0,4.291743479863051,1.1393970825479156,-2.741084707753126,0.0577777777777777,,,,,,,,,,,,,,,,,,,,,,,0.218255393,0.0,0.0,0.0,0.1,0.05,0.5,2.0,0.1,1.0,/home/dustin/work/project/bT-TMD/systematics/collins_factorization_validity/data/rowidfix_stageFT_all_qmax0p20_lam0p50/LHCb_7.csv,0.0,0.0,0.218255393,0.0,0.0,0.0,4.89,0.21825539,0.0,1.0,5.0800476,5.0800476,5.0800476,5.0800476,0.87075853
LHCb_7:4,LHCb_7,4,6.5,90.0,60.0,120.0,3.125,2.0,4.25,,,,0.292627223,0.000564903,7000.0,,4.106428571,1.0,4.106428571,0.156988561,0.156988561,,,,5.575141724002142,0.0,5.575141724002142,0.7365603915181157,9.35554249078149,0.0722222222222222,,,,,,,,,,,,,,,,,,,,,,,0.156988561,0.0,0.0,0.0,0.1,0.05,0.5,2.0,0.1,1.0,/home/dustin/work/project/bT-TMD/systematics/collins_factorization_validity/data/rowidfix_stageFT_all_qmax0p20_lam0p50/LHCb_7.csv,0.0,0.0,0.156988561,0.0,0.0,0.0,4.1064286,0.15698856,0.0,1.0,4.422413,4.422413,4.422413,4.422413,2.0127852
LHCb_7:5,LHCb_7,5,7.95,90.0,60.0,120.0,3.125,2.0,4.25,,,,0.292627223,0.000564903,7000.0,,3.738,1.0,3.738,0.116636186,0.116636186,,,,2.6306354608674978,0.0,2.6306354608674978,1.4209494457158005,-9.494176525392405,0.0883333333333333,,,,,,,,,,,,,,,,,,,,,,,0.116636186,0.0,0.0,0.0,0.1,0.05,0.5,2.0,0.1,1.0,/home/dustin/work/project/bT-TMD/systematics/collins_factorization_validity/data/rowidfix_stageFT_all_qmax0p20_lam0p50/LHCb_7.csv,0.0,0.0,0.116636186,0.0,0.0,0.0,3.738,0.11663619,0.0,1.0,3.6261995,3.6261995,3.6261995,3.6261995,-0.95853984
